INTERNVL_SHARD_START 2026-08-12T09:29:49+00:00 dataset=seed29_strict65 gpu=7
`torch_dtype` is deprecated! Use `dtype` instead!
FlashAttention2 is not installed.
Loading checkpoint shards:   0%|          | 0/4 [00:00<?, ?it/s]Loading checkpoint shards: 100%|██████████| 4/4 [00:00<00:00, 71.20it/s]
Setting `pad_token_id` to `eos_token_id`:151645 for open-end generation.
{"cell": "internvl35_8b_budget54_seed29_strict65_p0_correct_letterbox54", "latency_seconds": 4.895569431595504, "peak_allocated_bytes": 82493095936, "progress": "1/260", "status": "ok"}
Setting `pad_token_id` to `eos_token_id`:151645 for open-end generation.
{"cell": "internvl35_8b_budget54_seed29_strict65_p0_correct_letterbox54", "latency_seconds": 4.431548242457211, "peak_allocated_bytes": 82345777152, "progress": "2/260", "status": "ok"}
Setting `pad_token_id` to `eos_token_id`:151645 for open-end generation.
{"cell": "internvl35_8b_budget54_seed29_strict65_p0_correct_letterbox54", "latency_seconds": 3.874539523385465, "peak_allocated_bytes": 82446537728, "progress": "3/260", "status": "ok"}
Setting `pad_token_id` to `eos_token_id`:151645 for open-end generation.
{"cell": "internvl35_8b_budget54_seed29_strict65_p0_correct_letterbox54", "latency_seconds": 4.850700814276934, "peak_allocated_bytes": 82382408704, "progress": "4/260", "status": "ok"}
Setting `pad_token_id` to `eos_token_id`:151645 for open-end generation.
{"cell": "internvl35_8b_budget54_seed29_strict65_p0_correct_letterbox54", "latency_seconds": 4.421932072378695, "peak_allocated_bytes": 82530451968, "progress": "5/260", "status": "ok"}
Setting `pad_token_id` to `eos_token_id`:151645 for open-end generation.
{"cell": "internvl35_8b_budget54_seed29_strict65_p0_correct_letterbox54", "latency_seconds": 4.412332338280976, "peak_allocated_bytes": 82382408704, "progress": "6/260", "status": "ok"}
Setting `pad_token_id` to `eos_token_id`:151645 for open-end generation.
{"cell": "internvl35_8b_budget54_seed29_strict65_p0_correct_letterbox54", "latency_seconds": 4.389379986561835, "peak_allocated_bytes": 82419050496, "progress": "7/260", "status": "ok"}
Setting `pad_token_id` to `eos_token_id`:151645 for open-end generation.
{"cell": "internvl35_8b_budget54_seed29_strict65_p0_correct_letterbox54", "latency_seconds": 4.589294319041073, "peak_allocated_bytes": 82364091904, "progress": "8/260", "status": "ok"}
Setting `pad_token_id` to `eos_token_id`:151645 for open-end generation.
{"cell": "internvl35_8b_budget54_seed29_strict65_p0_correct_letterbox54", "latency_seconds": 4.4523551212623715, "peak_allocated_bytes": 82530451968, "progress": "9/260", "status": "ok"}
Setting `pad_token_id` to `eos_token_id`:151645 for open-end generation.
{"cell": "internvl35_8b_budget54_seed29_strict65_p0_correct_letterbox54", "latency_seconds": 3.8702485850080848, "peak_allocated_bytes": 82373249024, "progress": "10/260", "status": "ok"}
Setting `pad_token_id` to `eos_token_id`:151645 for open-end generation.
{"cell": "internvl35_8b_budget54_seed29_strict65_p0_correct_letterbox54", "latency_seconds": 4.418697169050574, "peak_allocated_bytes": 82437375488, "progress": "11/260", "status": "ok"}
Setting `pad_token_id` to `eos_token_id`:151645 for open-end generation.
{"cell": "internvl35_8b_budget54_seed29_strict65_p0_correct_letterbox54", "latency_seconds": 3.772569887340069, "peak_allocated_bytes": 82409887744, "progress": "12/260", "status": "ok"}
Setting `pad_token_id` to `eos_token_id`:151645 for open-end generation.
{"cell": "internvl35_8b_budget54_seed29_strict65_p0_correct_letterbox54", "latency_seconds": 7.02126176096499, "peak_allocated_bytes": 82548198912, "progress": "13/260", "status": "ok"}
Setting `pad_token_id` to `eos_token_id`:151645 for open-end generation.
{"cell": "internvl35_8b_budget54_seed29_strict65_p0_correct_letterbox54", "latency_seconds": 3.879362979903817, "peak_allocated_bytes": 82391567360, "progress": "14/260", "status": "ok"}
Setting `pad_token_id` to `eos_token_id`:151645 for open-end generation.
{"cell": "internvl35_8b_budget54_seed29_strict65_p0_correct_letterbox54", "latency_seconds": 3.431674411520362, "peak_allocated_bytes": 82409887744, "progress": "15/260", "status": "ok"}
Setting `pad_token_id` to `eos_token_id`:151645 for open-end generation.
{"cell": "internvl35_8b_budget54_seed29_strict65_p0_correct_letterbox54", "latency_seconds": 4.5435096537694335, "peak_allocated_bytes": 82464866304, "progress": "16/260", "status": "ok"}
Setting `pad_token_id` to `eos_token_id`:151645 for open-end generation.
{"cell": "internvl35_8b_budget54_seed29_strict65_p0_correct_letterbox54", "latency_seconds": 3.871946563012898, "peak_allocated_bytes": 82446537728, "progress": "17/260", "status": "ok"}
Setting `pad_token_id` to `eos_token_id`:151645 for open-end generation.
{"cell": "internvl35_8b_budget54_seed29_strict65_p0_correct_letterbox54", "latency_seconds": 4.4157977141439915, "peak_allocated_bytes": 82382408704, "progress": "18/260", "status": "ok"}
Setting `pad_token_id` to `eos_token_id`:151645 for open-end generation.
{"cell": "internvl35_8b_budget54_seed29_strict65_p0_correct_letterbox54", "latency_seconds": 4.392427712678909, "peak_allocated_bytes": 82419050496, "progress": "19/260", "status": "ok"}
Setting `pad_token_id` to `eos_token_id`:151645 for open-end generation.
{"cell": "internvl35_8b_budget54_seed29_strict65_p0_correct_letterbox54", "latency_seconds": 4.543032523244619, "peak_allocated_bytes": 82419050496, "progress": "20/260", "status": "ok"}
Setting `pad_token_id` to `eos_token_id`:151645 for open-end generation.
{"cell": "internvl35_8b_budget54_seed29_strict65_p0_correct_letterbox54", "latency_seconds": 5.040168161503971, "peak_allocated_bytes": 82539185664, "progress": "21/260", "status": "ok"}
Setting `pad_token_id` to `eos_token_id`:151645 for open-end generation.
{"cell": "internvl35_8b_budget54_seed29_strict65_p0_correct_letterbox54", "latency_seconds": 4.974786354228854, "peak_allocated_bytes": 82364091904, "progress": "22/260", "status": "ok"}
Setting `pad_token_id` to `eos_token_id`:151645 for open-end generation.
{"cell": "internvl35_8b_budget54_seed29_strict65_p0_correct_letterbox54", "latency_seconds": 3.8777375677600503, "peak_allocated_bytes": 82428211712, "progress": "23/260", "status": "ok"}
Setting `pad_token_id` to `eos_token_id`:151645 for open-end generation.
{"cell": "internvl35_8b_budget54_seed29_strict65_p0_correct_letterbox54", "latency_seconds": 4.76649833470583, "peak_allocated_bytes": 82400728576, "progress": "24/260", "status": "ok"}
Setting `pad_token_id` to `eos_token_id`:151645 for open-end generation.
{"cell": "internvl35_8b_budget54_seed29_strict65_p0_correct_letterbox54", "latency_seconds": 4.454193215817213, "peak_allocated_bytes": 82474032640, "progress": "25/260", "status": "ok"}
Setting `pad_token_id` to `eos_token_id`:151645 for open-end generation.
{"cell": "internvl35_8b_budget54_seed29_strict65_p0_correct_letterbox54", "latency_seconds": 4.416067680343986, "peak_allocated_bytes": 82382408704, "progress": "26/260", "status": "ok"}
Setting `pad_token_id` to `eos_token_id`:151645 for open-end generation.
{"cell": "internvl35_8b_budget54_seed29_strict65_p0_correct_letterbox54", "latency_seconds": 4.421312807127833, "peak_allocated_bytes": 82455702528, "progress": "27/260", "status": "ok"}
Setting `pad_token_id` to `eos_token_id`:151645 for open-end generation.
{"cell": "internvl35_8b_budget54_seed29_strict65_p0_correct_letterbox54", "latency_seconds": 4.255366717465222, "peak_allocated_bytes": 82354933248, "progress": "28/260", "status": "ok"}
Setting `pad_token_id` to `eos_token_id`:151645 for open-end generation.
{"cell": "internvl35_8b_budget54_seed29_strict65_p0_correct_letterbox54", "latency_seconds": 3.8763811448588967, "peak_allocated_bytes": 82519867392, "progress": "29/260", "status": "ok"}
Setting `pad_token_id` to `eos_token_id`:151645 for open-end generation.
{"cell": "internvl35_8b_budget54_seed29_strict65_p0_correct_letterbox54", "latency_seconds": 4.4147622883319855, "peak_allocated_bytes": 82382408704, "progress": "30/260", "status": "ok"}
Setting `pad_token_id` to `eos_token_id`:151645 for open-end generation.
{"cell": "internvl35_8b_budget54_seed29_strict65_p0_correct_letterbox54", "latency_seconds": 3.8862302508205175, "peak_allocated_bytes": 82464866304, "progress": "31/260", "status": "ok"}
Setting `pad_token_id` to `eos_token_id`:151645 for open-end generation.
{"cell": "internvl35_8b_budget54_seed29_strict65_p0_correct_letterbox54", "latency_seconds": 4.483911697752774, "peak_allocated_bytes": 82354933248, "progress": "32/260", "status": "ok"}
Setting `pad_token_id` to `eos_token_id`:151645 for open-end generation.
{"cell": "internvl35_8b_budget54_seed29_strict65_p0_correct_letterbox54", "latency_seconds": 3.869470656849444, "peak_allocated_bytes": 82446537728, "progress": "33/260", "status": "ok"}
Setting `pad_token_id` to `eos_token_id`:151645 for open-end generation.
{"cell": "internvl35_8b_budget54_seed29_strict65_p0_correct_letterbox54", "latency_seconds": 4.416318528354168, "peak_allocated_bytes": 82382408704, "progress": "34/260", "status": "ok"}
Setting `pad_token_id` to `eos_token_id`:151645 for open-end generation.
{"cell": "internvl35_8b_budget54_seed29_strict65_p0_correct_letterbox54", "latency_seconds": 3.421140174381435, "peak_allocated_bytes": 82409887744, "progress": "35/260", "status": "ok"}
Setting `pad_token_id` to `eos_token_id`:151645 for open-end generation.
{"cell": "internvl35_8b_budget54_seed29_strict65_p0_correct_letterbox54", "latency_seconds": 4.821194247342646, "peak_allocated_bytes": 82437375488, "progress": "36/260", "status": "ok"}
Setting `pad_token_id` to `eos_token_id`:151645 for open-end generation.
{"cell": "internvl35_8b_budget54_seed29_strict65_p0_correct_letterbox54", "latency_seconds": 4.420803779736161, "peak_allocated_bytes": 82455702528, "progress": "37/260", "status": "ok"}
Setting `pad_token_id` to `eos_token_id`:151645 for open-end generation.
{"cell": "internvl35_8b_budget54_seed29_strict65_p0_correct_letterbox54", "latency_seconds": 4.4254951467737556, "peak_allocated_bytes": 82364091904, "progress": "38/260", "status": "ok"}
Setting `pad_token_id` to `eos_token_id`:151645 for open-end generation.
{"cell": "internvl35_8b_budget54_seed29_strict65_p0_correct_letterbox54", "latency_seconds": 4.387088707648218, "peak_allocated_bytes": 82400728576, "progress": "39/260", "status": "ok"}
Setting `pad_token_id` to `eos_token_id`:151645 for open-end generation.
{"cell": "internvl35_8b_budget54_seed29_strict65_p0_correct_letterbox54", "latency_seconds": 4.587775443680584, "peak_allocated_bytes": 82419050496, "progress": "40/260", "status": "ok"}
Setting `pad_token_id` to `eos_token_id`:151645 for open-end generation.
{"cell": "internvl35_8b_budget54_seed29_strict65_p0_correct_letterbox54", "latency_seconds": 4.419670905917883, "peak_allocated_bytes": 82455702528, "progress": "41/260", "status": "ok"}
Setting `pad_token_id` to `eos_token_id`:151645 for open-end generation.
{"cell": "internvl35_8b_budget54_seed29_strict65_p0_correct_letterbox54", "latency_seconds": 3.8648826237767935, "peak_allocated_bytes": 82373249024, "progress": "42/260", "status": "ok"}
Setting `pad_token_id` to `eos_token_id`:151645 for open-end generation.
{"cell": "internvl35_8b_budget54_seed29_strict65_p0_correct_letterbox54", "latency_seconds": 3.880822421051562, "peak_allocated_bytes": 82428211712, "progress": "43/260", "status": "ok"}
Setting `pad_token_id` to `eos_token_id`:151645 for open-end generation.
{"cell": "internvl35_8b_budget54_seed29_strict65_p0_correct_letterbox54", "latency_seconds": 6.729522689245641, "peak_allocated_bytes": 82400728576, "progress": "44/260", "status": "ok"}
Setting `pad_token_id` to `eos_token_id`:151645 for open-end generation.
{"cell": "internvl35_8b_budget54_seed29_strict65_p0_correct_letterbox54", "latency_seconds": 3.8957457756623626, "peak_allocated_bytes": 82464866304, "progress": "45/260", "status": "ok"}
Setting `pad_token_id` to `eos_token_id`:151645 for open-end generation.
{"cell": "internvl35_8b_budget54_seed29_strict65_p0_correct_letterbox54", "latency_seconds": 4.431078744120896, "peak_allocated_bytes": 82382408704, "progress": "46/260", "status": "ok"}
Setting `pad_token_id` to `eos_token_id`:151645 for open-end generation.
{"cell": "internvl35_8b_budget54_seed29_strict65_p0_correct_letterbox54", "latency_seconds": 3.8710498325526714, "peak_allocated_bytes": 82446537728, "progress": "47/260", "status": "ok"}
Setting `pad_token_id` to `eos_token_id`:151645 for open-end generation.
{"cell": "internvl35_8b_budget54_seed29_strict65_p0_correct_letterbox54", "latency_seconds": 3.415728031657636, "peak_allocated_bytes": 82409887744, "progress": "48/260", "status": "ok"}
Setting `pad_token_id` to `eos_token_id`:151645 for open-end generation.
{"cell": "internvl35_8b_budget54_seed29_strict65_p0_correct_letterbox54", "latency_seconds": 4.41172834020108, "peak_allocated_bytes": 82437375488, "progress": "49/260", "status": "ok"}
Setting `pad_token_id` to `eos_token_id`:151645 for open-end generation.
{"cell": "internvl35_8b_budget54_seed29_strict65_p0_correct_letterbox54", "latency_seconds": 4.391083292663097, "peak_allocated_bytes": 82400728576, "progress": "50/260", "status": "ok"}
Setting `pad_token_id` to `eos_token_id`:151645 for open-end generation.
{"cell": "internvl35_8b_budget54_seed29_strict65_p0_correct_letterbox54", "latency_seconds": 4.42064908053726, "peak_allocated_bytes": 82455702528, "progress": "51/260", "status": "ok"}
Setting `pad_token_id` to `eos_token_id`:151645 for open-end generation.
{"cell": "internvl35_8b_budget54_seed29_strict65_p0_correct_letterbox54", "latency_seconds": 4.813323363661766, "peak_allocated_bytes": 82400728576, "progress": "52/260", "status": "ok"}
Setting `pad_token_id` to `eos_token_id`:151645 for open-end generation.
{"cell": "internvl35_8b_budget54_seed29_strict65_p0_correct_letterbox54", "latency_seconds": 4.632736253552139, "peak_allocated_bytes": 82492657152, "progress": "53/260", "status": "ok"}
Setting `pad_token_id` to `eos_token_id`:151645 for open-end generation.
{"cell": "internvl35_8b_budget54_seed29_strict65_p0_correct_letterbox54", "latency_seconds": 3.8802177803590894, "peak_allocated_bytes": 82354933248, "progress": "54/260", "status": "ok"}
Setting `pad_token_id` to `eos_token_id`:151645 for open-end generation.
{"cell": "internvl35_8b_budget54_seed29_strict65_p0_correct_letterbox54", "latency_seconds": 3.877770582213998, "peak_allocated_bytes": 82428211712, "progress": "55/260", "status": "ok"}
Setting `pad_token_id` to `eos_token_id`:151645 for open-end generation.
{"cell": "internvl35_8b_budget54_seed29_strict65_p0_correct_letterbox54", "latency_seconds": 5.043609623797238, "peak_allocated_bytes": 82382408704, "progress": "56/260", "status": "ok"}
Setting `pad_token_id` to `eos_token_id`:151645 for open-end generation.
{"cell": "internvl35_8b_budget54_seed29_strict65_p0_correct_letterbox54", "latency_seconds": 4.579647829756141, "peak_allocated_bytes": 82501531136, "progress": "57/260", "status": "ok"}
Setting `pad_token_id` to `eos_token_id`:151645 for open-end generation.
{"cell": "internvl35_8b_budget54_seed29_strict65_p0_correct_letterbox54", "latency_seconds": 4.411331942304969, "peak_allocated_bytes": 82382408704, "progress": "58/260", "status": "ok"}
Setting `pad_token_id` to `eos_token_id`:151645 for open-end generation.
{"cell": "internvl35_8b_budget54_seed29_strict65_p0_correct_letterbox54", "latency_seconds": 4.430159102194011, "peak_allocated_bytes": 82474032640, "progress": "59/260", "status": "ok"}
Setting `pad_token_id` to `eos_token_id`:151645 for open-end generation.
{"cell": "internvl35_8b_budget54_seed29_strict65_p0_correct_letterbox54", "latency_seconds": 4.351220171898603, "peak_allocated_bytes": 82428211712, "progress": "60/260", "status": "ok"}
Setting `pad_token_id` to `eos_token_id`:151645 for open-end generation.
{"cell": "internvl35_8b_budget54_seed29_strict65_p0_correct_letterbox54", "latency_seconds": 3.497773237526417, "peak_allocated_bytes": 82483197440, "progress": "61/260", "status": "ok"}
Setting `pad_token_id` to `eos_token_id`:151645 for open-end generation.
{"cell": "internvl35_8b_budget54_seed29_strict65_p0_correct_letterbox54", "latency_seconds": 4.412722937762737, "peak_allocated_bytes": 82382408704, "progress": "62/260", "status": "ok"}
Setting `pad_token_id` to `eos_token_id`:151645 for open-end generation.
{"cell": "internvl35_8b_budget54_seed29_strict65_p0_correct_letterbox54", "latency_seconds": 4.417533444240689, "peak_allocated_bytes": 82437375488, "progress": "63/260", "status": "ok"}
Setting `pad_token_id` to `eos_token_id`:151645 for open-end generation.
{"cell": "internvl35_8b_budget54_seed29_strict65_p0_correct_letterbox54", "latency_seconds": 4.37583065405488, "peak_allocated_bytes": 82391567360, "progress": "64/260", "status": "ok"}
Setting `pad_token_id` to `eos_token_id`:151645 for open-end generation.
{"cell": "internvl35_8b_budget54_seed29_strict65_p0_correct_letterbox54", "latency_seconds": 4.596084576100111, "peak_allocated_bytes": 82474032640, "progress": "65/260", "status": "ok"}
Setting `pad_token_id` to `eos_token_id`:151645 for open-end generation.
{"cell": "internvl35_8b_budget54_seed29_strict65_p0_correct_letterbox54", "latency_seconds": 4.416031967848539, "peak_allocated_bytes": 82382408704, "progress": "66/260", "status": "ok"}
Setting `pad_token_id` to `eos_token_id`:151645 for open-end generation.
{"cell": "internvl35_8b_budget54_seed29_strict65_p0_correct_letterbox54", "latency_seconds": 4.42754889652133, "peak_allocated_bytes": 82437375488, "progress": "67/260", "status": "ok"}
Setting `pad_token_id` to `eos_token_id`:151645 for open-end generation.
{"cell": "internvl35_8b_budget54_seed29_strict65_p0_correct_letterbox54", "latency_seconds": 4.23599161580205, "peak_allocated_bytes": 82428211712, "progress": "68/260", "status": "ok"}
Setting `pad_token_id` to `eos_token_id`:151645 for open-end generation.
{"cell": "internvl35_8b_budget54_seed29_strict65_p0_correct_letterbox54", "latency_seconds": 4.429214587435126, "peak_allocated_bytes": 82548198912, "progress": "69/260", "status": "ok"}
Setting `pad_token_id` to `eos_token_id`:151645 for open-end generation.
{"cell": "internvl35_8b_budget54_seed29_strict65_p0_correct_letterbox54", "latency_seconds": 3.877843693830073, "peak_allocated_bytes": 82391567360, "progress": "70/260", "status": "ok"}
Setting `pad_token_id` to `eos_token_id`:151645 for open-end generation.
{"cell": "internvl35_8b_budget54_seed29_strict65_p0_correct_letterbox54", "latency_seconds": 3.871309763751924, "peak_allocated_bytes": 82446537728, "progress": "71/260", "status": "ok"}
Setting `pad_token_id` to `eos_token_id`:151645 for open-end generation.
{"cell": "internvl35_8b_budget54_seed29_strict65_p0_correct_letterbox54", "latency_seconds": 4.288185758516192, "peak_allocated_bytes": 82409887744, "progress": "72/260", "status": "ok"}
Setting `pad_token_id` to `eos_token_id`:151645 for open-end generation.
{"cell": "internvl35_8b_budget54_seed29_strict65_p0_correct_letterbox54", "latency_seconds": 3.885421353392303, "peak_allocated_bytes": 82464866304, "progress": "73/260", "status": "ok"}
Setting `pad_token_id` to `eos_token_id`:151645 for open-end generation.
{"cell": "internvl35_8b_budget54_seed29_strict65_p0_correct_letterbox54", "latency_seconds": 3.8770004250109196, "peak_allocated_bytes": 82391567360, "progress": "74/260", "status": "ok"}
Setting `pad_token_id` to `eos_token_id`:151645 for open-end generation.
{"cell": "internvl35_8b_budget54_seed29_strict65_p0_correct_letterbox54", "latency_seconds": 4.42444018740207, "peak_allocated_bytes": 82474032640, "progress": "75/260", "status": "ok"}
Setting `pad_token_id` to `eos_token_id`:151645 for open-end generation.
{"cell": "internvl35_8b_budget54_seed29_strict65_p0_correct_letterbox54", "latency_seconds": 5.246690929867327, "peak_allocated_bytes": 82400728576, "progress": "76/260", "status": "ok"}
Setting `pad_token_id` to `eos_token_id`:151645 for open-end generation.
{"cell": "internvl35_8b_budget54_seed29_strict65_p0_correct_letterbox54", "latency_seconds": 5.005896403454244, "peak_allocated_bytes": 82492657152, "progress": "77/260", "status": "ok"}
Setting `pad_token_id` to `eos_token_id`:151645 for open-end generation.
{"cell": "internvl35_8b_budget54_seed29_strict65_p0_correct_letterbox54", "latency_seconds": 3.8797844126820564, "peak_allocated_bytes": 82391567360, "progress": "78/260", "status": "ok"}
Setting `pad_token_id` to `eos_token_id`:151645 for open-end generation.
{"cell": "internvl35_8b_budget54_seed29_strict65_p0_correct_letterbox54", "latency_seconds": 4.429975599050522, "peak_allocated_bytes": 82474032640, "progress": "79/260", "status": "ok"}
Setting `pad_token_id` to `eos_token_id`:151645 for open-end generation.
{"cell": "internvl35_8b_budget54_seed29_strict65_p0_correct_letterbox54", "latency_seconds": 4.041303273290396, "peak_allocated_bytes": 82373249024, "progress": "80/260", "status": "ok"}
Setting `pad_token_id` to `eos_token_id`:151645 for open-end generation.
{"cell": "internvl35_8b_budget54_seed29_strict65_p0_correct_letterbox54", "latency_seconds": 4.469117033295333, "peak_allocated_bytes": 82474032640, "progress": "81/260", "status": "ok"}
Setting `pad_token_id` to `eos_token_id`:151645 for open-end generation.
{"cell": "internvl35_8b_budget54_seed29_strict65_p0_correct_letterbox54", "latency_seconds": 3.877549764700234, "peak_allocated_bytes": 82391567360, "progress": "82/260", "status": "ok"}
Setting `pad_token_id` to `eos_token_id`:151645 for open-end generation.
{"cell": "internvl35_8b_budget54_seed29_strict65_p0_correct_letterbox54", "latency_seconds": 3.886577906087041, "peak_allocated_bytes": 82464866304, "progress": "83/260", "status": "ok"}
Setting `pad_token_id` to `eos_token_id`:151645 for open-end generation.
{"cell": "internvl35_8b_budget54_seed29_strict65_p0_correct_letterbox54", "latency_seconds": 4.839968943037093, "peak_allocated_bytes": 82382408704, "progress": "84/260", "status": "ok"}
Setting `pad_token_id` to `eos_token_id`:151645 for open-end generation.
{"cell": "internvl35_8b_budget54_seed29_strict65_p0_correct_letterbox54", "latency_seconds": 4.4244368532672524, "peak_allocated_bytes": 82492657152, "progress": "85/260", "status": "ok"}
Setting `pad_token_id` to `eos_token_id`:151645 for open-end generation.
{"cell": "internvl35_8b_budget54_seed29_strict65_p0_correct_letterbox54", "latency_seconds": 3.8816117672249675, "peak_allocated_bytes": 82354933248, "progress": "86/260", "status": "ok"}
Setting `pad_token_id` to `eos_token_id`:151645 for open-end generation.
{"cell": "internvl35_8b_budget54_seed29_strict65_p0_correct_letterbox54", "latency_seconds": 3.887461152859032, "peak_allocated_bytes": 82464866304, "progress": "87/260", "status": "ok"}
Setting `pad_token_id` to `eos_token_id`:151645 for open-end generation.
{"cell": "internvl35_8b_budget54_seed29_strict65_p0_correct_letterbox54", "latency_seconds": 4.281425436958671, "peak_allocated_bytes": 82428211712, "progress": "88/260", "status": "ok"}
Setting `pad_token_id` to `eos_token_id`:151645 for open-end generation.
{"cell": "internvl35_8b_budget54_seed29_strict65_p0_correct_letterbox54", "latency_seconds": 4.026607098989189, "peak_allocated_bytes": 82558193664, "progress": "89/260", "status": "ok"}
Setting `pad_token_id` to `eos_token_id`:151645 for open-end generation.
{"cell": "internvl35_8b_budget54_seed29_strict65_p0_correct_letterbox54", "latency_seconds": 6.171707478351891, "peak_allocated_bytes": 82382408704, "progress": "90/260", "status": "ok"}
Setting `pad_token_id` to `eos_token_id`:151645 for open-end generation.
{"cell": "internvl35_8b_budget54_seed29_strict65_p0_correct_letterbox54", "latency_seconds": 4.392067284323275, "peak_allocated_bytes": 82419050496, "progress": "91/260", "status": "ok"}
Setting `pad_token_id` to `eos_token_id`:151645 for open-end generation.
{"cell": "internvl35_8b_budget54_seed29_strict65_p0_correct_letterbox54", "latency_seconds": 4.7575862957164645, "peak_allocated_bytes": 82400728576, "progress": "92/260", "status": "ok"}
Setting `pad_token_id` to `eos_token_id`:151645 for open-end generation.
{"cell": "internvl35_8b_budget54_seed29_strict65_p0_correct_letterbox54", "latency_seconds": 5.193843039683998, "peak_allocated_bytes": 82455702528, "progress": "93/260", "status": "ok"}
Setting `pad_token_id` to `eos_token_id`:151645 for open-end generation.
{"cell": "internvl35_8b_budget54_seed29_strict65_p0_correct_letterbox54", "latency_seconds": 4.412286349572241, "peak_allocated_bytes": 82382408704, "progress": "94/260", "status": "ok"}
Setting `pad_token_id` to `eos_token_id`:151645 for open-end generation.
{"cell": "internvl35_8b_budget54_seed29_strict65_p0_correct_letterbox54", "latency_seconds": 3.8863576212897897, "peak_allocated_bytes": 82464866304, "progress": "95/260", "status": "ok"}
Setting `pad_token_id` to `eos_token_id`:151645 for open-end generation.
{"cell": "internvl35_8b_budget54_seed29_strict65_p0_correct_letterbox54", "latency_seconds": 5.057464390993118, "peak_allocated_bytes": 82474032640, "progress": "96/260", "status": "ok"}
Setting `pad_token_id` to `eos_token_id`:151645 for open-end generation.
{"cell": "internvl35_8b_budget54_seed29_strict65_p0_correct_letterbox54", "latency_seconds": 4.566648591309786, "peak_allocated_bytes": 82501531136, "progress": "97/260", "status": "ok"}
Setting `pad_token_id` to `eos_token_id`:151645 for open-end generation.
{"cell": "internvl35_8b_budget54_seed29_strict65_p0_correct_letterbox54", "latency_seconds": 4.419721414335072, "peak_allocated_bytes": 82364091904, "progress": "98/260", "status": "ok"}
Setting `pad_token_id` to `eos_token_id`:151645 for open-end generation.
{"cell": "internvl35_8b_budget54_seed29_strict65_p0_correct_letterbox54", "latency_seconds": 4.427035862579942, "peak_allocated_bytes": 82455702528, "progress": "99/260", "status": "ok"}
Setting `pad_token_id` to `eos_token_id`:151645 for open-end generation.
{"cell": "internvl35_8b_budget54_seed29_strict65_p0_correct_letterbox54", "latency_seconds": 4.566313629038632, "peak_allocated_bytes": 82400728576, "progress": "100/260", "status": "ok"}
Setting `pad_token_id` to `eos_token_id`:151645 for open-end generation.
{"cell": "internvl35_8b_budget54_seed29_strict65_p0_correct_letterbox54", "latency_seconds": 4.42195481993258, "peak_allocated_bytes": 82529037824, "progress": "101/260", "status": "ok"}
Setting `pad_token_id` to `eos_token_id`:151645 for open-end generation.
{"cell": "internvl35_8b_budget54_seed29_strict65_p0_correct_letterbox54", "latency_seconds": 3.8670662380754948, "peak_allocated_bytes": 82373249024, "progress": "102/260", "status": "ok"}
Setting `pad_token_id` to `eos_token_id`:151645 for open-end generation.
{"cell": "internvl35_8b_budget54_seed29_strict65_p0_correct_letterbox54", "latency_seconds": 4.394693877547979, "peak_allocated_bytes": 82419050496, "progress": "103/260", "status": "ok"}
Setting `pad_token_id` to `eos_token_id`:151645 for open-end generation.
{"cell": "internvl35_8b_budget54_seed29_strict65_p0_correct_letterbox54", "latency_seconds": 4.561228252016008, "peak_allocated_bytes": 82437375488, "progress": "104/260", "status": "ok"}
Setting `pad_token_id` to `eos_token_id`:151645 for open-end generation.
{"cell": "internvl35_8b_budget54_seed29_strict65_p0_correct_letterbox54", "latency_seconds": 4.4494606126099825, "peak_allocated_bytes": 82455702528, "progress": "105/260", "status": "ok"}
Setting `pad_token_id` to `eos_token_id`:151645 for open-end generation.
{"cell": "internvl35_8b_budget54_seed29_strict65_p0_correct_letterbox54", "latency_seconds": 4.413531331345439, "peak_allocated_bytes": 82382408704, "progress": "106/260", "status": "ok"}
Setting `pad_token_id` to `eos_token_id`:151645 for open-end generation.
{"cell": "internvl35_8b_budget54_seed29_strict65_p0_correct_letterbox54", "latency_seconds": 3.885352856479585, "peak_allocated_bytes": 82464866304, "progress": "107/260", "status": "ok"}
Setting `pad_token_id` to `eos_token_id`:151645 for open-end generation.
{"cell": "internvl35_8b_budget54_seed29_strict65_p0_correct_letterbox54", "latency_seconds": 5.0812256978824735, "peak_allocated_bytes": 82382408704, "progress": "108/260", "status": "ok"}
Setting `pad_token_id` to `eos_token_id`:151645 for open-end generation.
{"cell": "internvl35_8b_budget54_seed29_strict65_p0_correct_letterbox54", "latency_seconds": 5.295927873812616, "peak_allocated_bytes": 82548198912, "progress": "109/260", "status": "ok"}
Setting `pad_token_id` to `eos_token_id`:151645 for open-end generation.
{"cell": "internvl35_8b_budget54_seed29_strict65_p0_correct_letterbox54", "latency_seconds": 3.8826109506189823, "peak_allocated_bytes": 82354933248, "progress": "110/260", "status": "ok"}
Setting `pad_token_id` to `eos_token_id`:151645 for open-end generation.
{"cell": "internvl35_8b_budget54_seed29_strict65_p0_correct_letterbox54", "latency_seconds": 3.8892914103344083, "peak_allocated_bytes": 82428211712, "progress": "111/260", "status": "ok"}
Setting `pad_token_id` to `eos_token_id`:151645 for open-end generation.
{"cell": "internvl35_8b_budget54_seed29_strict65_p0_correct_letterbox54", "latency_seconds": 4.554959597997367, "peak_allocated_bytes": 82391567360, "progress": "112/260", "status": "ok"}
Setting `pad_token_id` to `eos_token_id`:151645 for open-end generation.
{"cell": "internvl35_8b_budget54_seed29_strict65_p0_correct_letterbox54", "latency_seconds": 5.342283838428557, "peak_allocated_bytes": 82529037824, "progress": "113/260", "status": "ok"}
Setting `pad_token_id` to `eos_token_id`:151645 for open-end generation.
{"cell": "internvl35_8b_budget54_seed29_strict65_p0_correct_letterbox54", "latency_seconds": 3.8684463277459145, "peak_allocated_bytes": 82373249024, "progress": "114/260", "status": "ok"}
Setting `pad_token_id` to `eos_token_id`:151645 for open-end generation.
{"cell": "internvl35_8b_budget54_seed29_strict65_p0_correct_letterbox54", "latency_seconds": 4.416042174212635, "peak_allocated_bytes": 82437375488, "progress": "115/260", "status": "ok"}
Setting `pad_token_id` to `eos_token_id`:151645 for open-end generation.
{"cell": "internvl35_8b_budget54_seed29_strict65_p0_correct_letterbox54", "latency_seconds": 4.832451398484409, "peak_allocated_bytes": 82382408704, "progress": "116/260", "status": "ok"}
Setting `pad_token_id` to `eos_token_id`:151645 for open-end generation.
{"cell": "internvl35_8b_budget54_seed29_strict65_p0_correct_letterbox54", "latency_seconds": 5.097224752418697, "peak_allocated_bytes": 82510700032, "progress": "117/260", "status": "ok"}
Setting `pad_token_id` to `eos_token_id`:151645 for open-end generation.
{"cell": "internvl35_8b_budget54_seed29_strict65_p0_correct_letterbox54", "latency_seconds": 3.889521239325404, "peak_allocated_bytes": 82391567360, "progress": "118/260", "status": "ok"}
Setting `pad_token_id` to `eos_token_id`:151645 for open-end generation.
{"cell": "internvl35_8b_budget54_seed29_strict65_p0_correct_letterbox54", "latency_seconds": 4.400615660473704, "peak_allocated_bytes": 82419050496, "progress": "119/260", "status": "ok"}
Setting `pad_token_id` to `eos_token_id`:151645 for open-end generation.
{"cell": "internvl35_8b_budget54_seed29_strict65_p0_correct_letterbox54", "latency_seconds": 4.850696908310056, "peak_allocated_bytes": 82400728576, "progress": "120/260", "status": "ok"}
Setting `pad_token_id` to `eos_token_id`:151645 for open-end generation.
{"cell": "internvl35_8b_budget54_seed29_strict65_p0_correct_letterbox54", "latency_seconds": 4.477141442708671, "peak_allocated_bytes": 82474032640, "progress": "121/260", "status": "ok"}
Setting `pad_token_id` to `eos_token_id`:151645 for open-end generation.
{"cell": "internvl35_8b_budget54_seed29_strict65_p0_correct_letterbox54", "latency_seconds": 4.414777284488082, "peak_allocated_bytes": 82382408704, "progress": "122/260", "status": "ok"}
Setting `pad_token_id` to `eos_token_id`:151645 for open-end generation.
{"cell": "internvl35_8b_budget54_seed29_strict65_p0_correct_letterbox54", "latency_seconds": 4.402237620204687, "peak_allocated_bytes": 82419050496, "progress": "123/260", "status": "ok"}
Setting `pad_token_id` to `eos_token_id`:151645 for open-end generation.
{"cell": "internvl35_8b_budget54_seed29_strict65_p0_correct_letterbox54", "latency_seconds": 3.534789875149727, "peak_allocated_bytes": 82409887744, "progress": "124/260", "status": "ok"}
Setting `pad_token_id` to `eos_token_id`:151645 for open-end generation.
{"cell": "internvl35_8b_budget54_seed29_strict65_p0_correct_letterbox54", "latency_seconds": 3.9005087772384286, "peak_allocated_bytes": 82519867392, "progress": "125/260", "status": "ok"}
Setting `pad_token_id` to `eos_token_id`:151645 for open-end generation.
{"cell": "internvl35_8b_budget54_seed29_strict65_p0_correct_letterbox54", "latency_seconds": 3.8789361650124192, "peak_allocated_bytes": 82391567360, "progress": "126/260", "status": "ok"}
Setting `pad_token_id` to `eos_token_id`:151645 for open-end generation.
{"cell": "internvl35_8b_budget54_seed29_strict65_p0_correct_letterbox54", "latency_seconds": 3.870015839114785, "peak_allocated_bytes": 82446537728, "progress": "127/260", "status": "ok"}
Setting `pad_token_id` to `eos_token_id`:151645 for open-end generation.
{"cell": "internvl35_8b_budget54_seed29_strict65_p0_correct_letterbox54", "latency_seconds": 4.548458201810718, "peak_allocated_bytes": 82409887744, "progress": "128/260", "status": "ok"}
Setting `pad_token_id` to `eos_token_id`:151645 for open-end generation.
{"cell": "internvl35_8b_budget54_seed29_strict65_p0_correct_letterbox54", "latency_seconds": 4.222833150997758, "peak_allocated_bytes": 82483197440, "progress": "129/260", "status": "ok"}
Setting `pad_token_id` to `eos_token_id`:151645 for open-end generation.
{"cell": "internvl35_8b_budget54_seed29_strict65_p0_correct_letterbox54", "latency_seconds": 4.423588559962809, "peak_allocated_bytes": 82382408704, "progress": "130/260", "status": "ok"}
Setting `pad_token_id` to `eos_token_id`:151645 for open-end generation.
{"cell": "internvl35_8b_budget54_seed29_strict65_p0_correct_letterbox54", "latency_seconds": 4.42475670017302, "peak_allocated_bytes": 82455702528, "progress": "131/260", "status": "ok"}
Setting `pad_token_id` to `eos_token_id`:151645 for open-end generation.
{"cell": "internvl35_8b_budget54_seed29_strict65_p0_correct_letterbox54", "latency_seconds": 4.298399547114968, "peak_allocated_bytes": 82391567360, "progress": "132/260", "status": "ok"}
Setting `pad_token_id` to `eos_token_id`:151645 for open-end generation.
{"cell": "internvl35_8b_budget54_seed29_strict65_p0_correct_letterbox54", "latency_seconds": 3.87311209179461, "peak_allocated_bytes": 82519867392, "progress": "133/260", "status": "ok"}
Setting `pad_token_id` to `eos_token_id`:151645 for open-end generation.
{"cell": "internvl35_8b_budget54_seed29_strict65_p0_correct_letterbox54", "latency_seconds": 3.869854179210961, "peak_allocated_bytes": 82373249024, "progress": "134/260", "status": "ok"}
Setting `pad_token_id` to `eos_token_id`:151645 for open-end generation.
{"cell": "internvl35_8b_budget54_seed29_strict65_p0_correct_letterbox54", "latency_seconds": 4.433647321537137, "peak_allocated_bytes": 82455702528, "progress": "135/260", "status": "ok"}
Setting `pad_token_id` to `eos_token_id`:151645 for open-end generation.
{"cell": "internvl35_8b_budget54_seed29_strict65_p0_correct_letterbox54", "latency_seconds": 4.5241758190095425, "peak_allocated_bytes": 82428211712, "progress": "136/260", "status": "ok"}
Setting `pad_token_id` to `eos_token_id`:151645 for open-end generation.
{"cell": "internvl35_8b_budget54_seed29_strict65_p0_correct_letterbox54", "latency_seconds": 5.072096862830222, "peak_allocated_bytes": 82510700032, "progress": "137/260", "status": "ok"}
Setting `pad_token_id` to `eos_token_id`:151645 for open-end generation.
{"cell": "internvl35_8b_budget54_seed29_strict65_p0_correct_letterbox54", "latency_seconds": 4.43267825897783, "peak_allocated_bytes": 82345777152, "progress": "138/260", "status": "ok"}
Setting `pad_token_id` to `eos_token_id`:151645 for open-end generation.
{"cell": "internvl35_8b_budget54_seed29_strict65_p0_correct_letterbox54", "latency_seconds": 3.880635492503643, "peak_allocated_bytes": 82428211712, "progress": "139/260", "status": "ok"}
Setting `pad_token_id` to `eos_token_id`:151645 for open-end generation.
{"cell": "internvl35_8b_budget54_seed29_strict65_p0_correct_letterbox54", "latency_seconds": 3.883691703900695, "peak_allocated_bytes": 82409887744, "progress": "140/260", "status": "ok"}
Setting `pad_token_id` to `eos_token_id`:151645 for open-end generation.
{"cell": "internvl35_8b_budget54_seed29_strict65_p0_correct_letterbox54", "latency_seconds": 5.325413446873426, "peak_allocated_bytes": 82474032640, "progress": "141/260", "status": "ok"}
Setting `pad_token_id` to `eos_token_id`:151645 for open-end generation.
{"cell": "internvl35_8b_budget54_seed29_strict65_p0_correct_letterbox54", "latency_seconds": 4.417006933130324, "peak_allocated_bytes": 82345777152, "progress": "142/260", "status": "ok"}
Setting `pad_token_id` to `eos_token_id`:151645 for open-end generation.
{"cell": "internvl35_8b_budget54_seed29_strict65_p0_correct_letterbox54", "latency_seconds": 4.418607792817056, "peak_allocated_bytes": 82437375488, "progress": "143/260", "status": "ok"}
Setting `pad_token_id` to `eos_token_id`:151645 for open-end generation.
{"cell": "internvl35_8b_budget54_seed29_strict65_p0_correct_letterbox54", "latency_seconds": 4.043190057389438, "peak_allocated_bytes": 82373249024, "progress": "144/260", "status": "ok"}
Setting `pad_token_id` to `eos_token_id`:151645 for open-end generation.
{"cell": "internvl35_8b_budget54_seed29_strict65_p0_correct_letterbox54", "latency_seconds": 4.428328457288444, "peak_allocated_bytes": 82474032640, "progress": "145/260", "status": "ok"}
Setting `pad_token_id` to `eos_token_id`:151645 for open-end generation.
{"cell": "internvl35_8b_budget54_seed29_strict65_p0_correct_letterbox54", "latency_seconds": 3.88141383882612, "peak_allocated_bytes": 82354933248, "progress": "146/260", "status": "ok"}
Setting `pad_token_id` to `eos_token_id`:151645 for open-end generation.
{"cell": "internvl35_8b_budget54_seed29_strict65_p0_correct_letterbox54", "latency_seconds": 3.8862860640510917, "peak_allocated_bytes": 82428211712, "progress": "147/260", "status": "ok"}
Setting `pad_token_id` to `eos_token_id`:151645 for open-end generation.
{"cell": "internvl35_8b_budget54_seed29_strict65_p0_correct_letterbox54", "latency_seconds": 4.7447479804977775, "peak_allocated_bytes": 82391567360, "progress": "148/260", "status": "ok"}
Setting `pad_token_id` to `eos_token_id`:151645 for open-end generation.
{"cell": "internvl35_8b_budget54_seed29_strict65_p0_correct_letterbox54", "latency_seconds": 5.045378404669464, "peak_allocated_bytes": 82455702528, "progress": "149/260", "status": "ok"}
Setting `pad_token_id` to `eos_token_id`:151645 for open-end generation.
{"cell": "internvl35_8b_budget54_seed29_strict65_p0_correct_letterbox54", "latency_seconds": 4.418015385977924, "peak_allocated_bytes": 82345777152, "progress": "150/260", "status": "ok"}
Setting `pad_token_id` to `eos_token_id`:151645 for open-end generation.
{"cell": "internvl35_8b_budget54_seed29_strict65_p0_correct_letterbox54", "latency_seconds": 4.44170359801501, "peak_allocated_bytes": 82455702528, "progress": "151/260", "status": "ok"}
Setting `pad_token_id` to `eos_token_id`:151645 for open-end generation.
{"cell": "internvl35_8b_budget54_seed29_strict65_p0_correct_letterbox54", "latency_seconds": 4.094759871251881, "peak_allocated_bytes": 82409887744, "progress": "152/260", "status": "ok"}
Setting `pad_token_id` to `eos_token_id`:151645 for open-end generation.
{"cell": "internvl35_8b_budget54_seed29_strict65_p0_correct_letterbox54", "latency_seconds": 5.8978046625852585, "peak_allocated_bytes": 82548198912, "progress": "153/260", "status": "ok"}
Setting `pad_token_id` to `eos_token_id`:151645 for open-end generation.
{"cell": "internvl35_8b_budget54_seed29_strict65_p0_correct_letterbox54", "latency_seconds": 4.423752790316939, "peak_allocated_bytes": 82382408704, "progress": "154/260", "status": "ok"}
Setting `pad_token_id` to `eos_token_id`:151645 for open-end generation.
{"cell": "internvl35_8b_budget54_seed29_strict65_p0_correct_letterbox54", "latency_seconds": 4.416428533382714, "peak_allocated_bytes": 82437375488, "progress": "155/260", "status": "ok"}
Setting `pad_token_id` to `eos_token_id`:151645 for open-end generation.
{"cell": "internvl35_8b_budget54_seed29_strict65_p0_correct_letterbox54", "latency_seconds": 5.2033176720142365, "peak_allocated_bytes": 82419050496, "progress": "156/260", "status": "ok"}
Setting `pad_token_id` to `eos_token_id`:151645 for open-end generation.
{"cell": "internvl35_8b_budget54_seed29_strict65_p0_correct_letterbox54", "latency_seconds": 3.5216190116479993, "peak_allocated_bytes": 82483197440, "progress": "157/260", "status": "ok"}
Setting `pad_token_id` to `eos_token_id`:151645 for open-end generation.
{"cell": "internvl35_8b_budget54_seed29_strict65_p0_correct_letterbox54", "latency_seconds": 3.868490810506046, "peak_allocated_bytes": 82373249024, "progress": "158/260", "status": "ok"}
Setting `pad_token_id` to `eos_token_id`:151645 for open-end generation.
{"cell": "internvl35_8b_budget54_seed29_strict65_p0_correct_letterbox54", "latency_seconds": 4.393052897416055, "peak_allocated_bytes": 82419050496, "progress": "159/260", "status": "ok"}
Setting `pad_token_id` to `eos_token_id`:151645 for open-end generation.
{"cell": "internvl35_8b_budget54_seed29_strict65_p0_correct_letterbox54", "latency_seconds": 4.934153400361538, "peak_allocated_bytes": 82437375488, "progress": "160/260", "status": "ok"}
Setting `pad_token_id` to `eos_token_id`:151645 for open-end generation.
{"cell": "internvl35_8b_budget54_seed29_strict65_p0_correct_letterbox54", "latency_seconds": 5.069842539727688, "peak_allocated_bytes": 82510700032, "progress": "161/260", "status": "ok"}
Setting `pad_token_id` to `eos_token_id`:151645 for open-end generation.
{"cell": "internvl35_8b_budget54_seed29_strict65_p0_correct_letterbox54", "latency_seconds": 3.8926382288336754, "peak_allocated_bytes": 82318309376, "progress": "162/260", "status": "ok"}
Setting `pad_token_id` to `eos_token_id`:151645 for open-end generation.
{"cell": "internvl35_8b_budget54_seed29_strict65_p0_correct_letterbox54", "latency_seconds": 3.8729722686111927, "peak_allocated_bytes": 82446537728, "progress": "163/260", "status": "ok"}
Setting `pad_token_id` to `eos_token_id`:151645 for open-end generation.
{"cell": "internvl35_8b_budget54_seed29_strict65_p0_correct_letterbox54", "latency_seconds": 5.057590109296143, "peak_allocated_bytes": 82364091904, "progress": "164/260", "status": "ok"}
Setting `pad_token_id` to `eos_token_id`:151645 for open-end generation.
{"cell": "internvl35_8b_budget54_seed29_strict65_p0_correct_letterbox54", "latency_seconds": 3.89730070438236, "peak_allocated_bytes": 82501531136, "progress": "165/260", "status": "ok"}
Setting `pad_token_id` to `eos_token_id`:151645 for open-end generation.
{"cell": "internvl35_8b_budget54_seed29_strict65_p0_correct_letterbox54", "latency_seconds": 4.417178804054856, "peak_allocated_bytes": 82382408704, "progress": "166/260", "status": "ok"}
Setting `pad_token_id` to `eos_token_id`:151645 for open-end generation.
{"cell": "internvl35_8b_budget54_seed29_strict65_p0_correct_letterbox54", "latency_seconds": 3.4943370996043086, "peak_allocated_bytes": 82483197440, "progress": "167/260", "status": "ok"}
Setting `pad_token_id` to `eos_token_id`:151645 for open-end generation.
{"cell": "internvl35_8b_budget54_seed29_strict65_p0_correct_letterbox54", "latency_seconds": 5.089109697379172, "peak_allocated_bytes": 82437375488, "progress": "168/260", "status": "ok"}
Setting `pad_token_id` to `eos_token_id`:151645 for open-end generation.
{"cell": "internvl35_8b_budget54_seed29_strict65_p0_correct_letterbox54", "latency_seconds": 3.882354797795415, "peak_allocated_bytes": 82446537728, "progress": "169/260", "status": "ok"}
Setting `pad_token_id` to `eos_token_id`:151645 for open-end generation.
{"cell": "internvl35_8b_budget54_seed29_strict65_p0_correct_letterbox54", "latency_seconds": 4.419238140806556, "peak_allocated_bytes": 82364091904, "progress": "170/260", "status": "ok"}
Setting `pad_token_id` to `eos_token_id`:151645 for open-end generation.
{"cell": "internvl35_8b_budget54_seed29_strict65_p0_correct_letterbox54", "latency_seconds": 4.424172590486705, "peak_allocated_bytes": 82474032640, "progress": "171/260", "status": "ok"}
Setting `pad_token_id` to `eos_token_id`:151645 for open-end generation.
{"cell": "internvl35_8b_budget54_seed29_strict65_p0_correct_letterbox54", "latency_seconds": 4.427988266572356, "peak_allocated_bytes": 82428211712, "progress": "172/260", "status": "ok"}
Setting `pad_token_id` to `eos_token_id`:151645 for open-end generation.
{"cell": "internvl35_8b_budget54_seed29_strict65_p0_correct_letterbox54", "latency_seconds": 4.423958256840706, "peak_allocated_bytes": 82492657152, "progress": "173/260", "status": "ok"}
Setting `pad_token_id` to `eos_token_id`:151645 for open-end generation.
{"cell": "internvl35_8b_budget54_seed29_strict65_p0_correct_letterbox54", "latency_seconds": 4.4185793828219175, "peak_allocated_bytes": 82345777152, "progress": "174/260", "status": "ok"}
Setting `pad_token_id` to `eos_token_id`:151645 for open-end generation.
{"cell": "internvl35_8b_budget54_seed29_strict65_p0_correct_letterbox54", "latency_seconds": 4.425249183550477, "peak_allocated_bytes": 82474032640, "progress": "175/260", "status": "ok"}
Setting `pad_token_id` to `eos_token_id`:151645 for open-end generation.
{"cell": "internvl35_8b_budget54_seed29_strict65_p0_correct_letterbox54", "latency_seconds": 4.835541481152177, "peak_allocated_bytes": 82474032640, "progress": "176/260", "status": "ok"}
Setting `pad_token_id` to `eos_token_id`:151645 for open-end generation.
{"cell": "internvl35_8b_budget54_seed29_strict65_p0_correct_letterbox54", "latency_seconds": 3.889313037507236, "peak_allocated_bytes": 82464866304, "progress": "177/260", "status": "ok"}
Setting `pad_token_id` to `eos_token_id`:151645 for open-end generation.
{"cell": "internvl35_8b_budget54_seed29_strict65_p0_correct_letterbox54", "latency_seconds": 3.8881791727617383, "peak_allocated_bytes": 82354933248, "progress": "178/260", "status": "ok"}
Setting `pad_token_id` to `eos_token_id`:151645 for open-end generation.
{"cell": "internvl35_8b_budget54_seed29_strict65_p0_correct_letterbox54", "latency_seconds": 3.4967054780572653, "peak_allocated_bytes": 82483197440, "progress": "179/260", "status": "ok"}
Setting `pad_token_id` to `eos_token_id`:151645 for open-end generation.
{"cell": "internvl35_8b_budget54_seed29_strict65_p0_correct_letterbox54", "latency_seconds": 4.589628585614264, "peak_allocated_bytes": 82382408704, "progress": "180/260", "status": "ok"}
Setting `pad_token_id` to `eos_token_id`:151645 for open-end generation.
{"cell": "internvl35_8b_budget54_seed29_strict65_p0_correct_letterbox54", "latency_seconds": 4.912653218954802, "peak_allocated_bytes": 82566225408, "progress": "181/260", "status": "ok"}
Setting `pad_token_id` to `eos_token_id`:151645 for open-end generation.
{"cell": "internvl35_8b_budget54_seed29_strict65_p0_correct_letterbox54", "latency_seconds": 3.423383646644652, "peak_allocated_bytes": 82409887744, "progress": "182/260", "status": "ok"}
Setting `pad_token_id` to `eos_token_id`:151645 for open-end generation.
{"cell": "internvl35_8b_budget54_seed29_strict65_p0_correct_letterbox54", "latency_seconds": 3.888622086495161, "peak_allocated_bytes": 82428211712, "progress": "183/260", "status": "ok"}
Setting `pad_token_id` to `eos_token_id`:151645 for open-end generation.
{"cell": "internvl35_8b_budget54_seed29_strict65_p0_correct_letterbox54", "latency_seconds": 4.627411854453385, "peak_allocated_bytes": 82400728576, "progress": "184/260", "status": "ok"}
Setting `pad_token_id` to `eos_token_id`:151645 for open-end generation.
{"cell": "internvl35_8b_budget54_seed29_strict65_p0_correct_letterbox54", "latency_seconds": 3.88887704256922, "peak_allocated_bytes": 82501531136, "progress": "185/260", "status": "ok"}
Setting `pad_token_id` to `eos_token_id`:151645 for open-end generation.
{"cell": "internvl35_8b_budget54_seed29_strict65_p0_correct_letterbox54", "latency_seconds": 3.870391208678484, "peak_allocated_bytes": 82373249024, "progress": "186/260", "status": "ok"}
Setting `pad_token_id` to `eos_token_id`:151645 for open-end generation.
{"cell": "internvl35_8b_budget54_seed29_strict65_p0_correct_letterbox54", "latency_seconds": 3.8872900838032365, "peak_allocated_bytes": 82464866304, "progress": "187/260", "status": "ok"}
Setting `pad_token_id` to `eos_token_id`:151645 for open-end generation.
{"cell": "internvl35_8b_budget54_seed29_strict65_p0_correct_letterbox54", "latency_seconds": 7.779438837431371, "peak_allocated_bytes": 82400728576, "progress": "188/260", "status": "ok"}
Setting `pad_token_id` to `eos_token_id`:151645 for open-end generation.
{"cell": "internvl35_8b_budget54_seed29_strict65_p0_correct_letterbox54", "latency_seconds": 4.4478701977059245, "peak_allocated_bytes": 82529037824, "progress": "189/260", "status": "ok"}
Setting `pad_token_id` to `eos_token_id`:151645 for open-end generation.
{"cell": "internvl35_8b_budget54_seed29_strict65_p0_correct_letterbox54", "latency_seconds": 4.413409067317843, "peak_allocated_bytes": 82382408704, "progress": "190/260", "status": "ok"}
Setting `pad_token_id` to `eos_token_id`:151645 for open-end generation.
{"cell": "internvl35_8b_budget54_seed29_strict65_p0_correct_letterbox54", "latency_seconds": 3.8874167893081903, "peak_allocated_bytes": 82464866304, "progress": "191/260", "status": "ok"}
Setting `pad_token_id` to `eos_token_id`:151645 for open-end generation.
{"cell": "internvl35_8b_budget54_seed29_strict65_p0_correct_letterbox54", "latency_seconds": 6.816514269448817, "peak_allocated_bytes": 82382408704, "progress": "192/260", "status": "ok"}
Setting `pad_token_id` to `eos_token_id`:151645 for open-end generation.
{"cell": "internvl35_8b_budget54_seed29_strict65_p0_correct_letterbox54", "latency_seconds": 5.385008153505623, "peak_allocated_bytes": 82539185664, "progress": "193/260", "status": "ok"}
Setting `pad_token_id` to `eos_token_id`:151645 for open-end generation.
{"cell": "internvl35_8b_budget54_seed29_strict65_p0_correct_letterbox54", "latency_seconds": 4.4179375832900405, "peak_allocated_bytes": 82382408704, "progress": "194/260", "status": "ok"}
Setting `pad_token_id` to `eos_token_id`:151645 for open-end generation.
{"cell": "internvl35_8b_budget54_seed29_strict65_p0_correct_letterbox54", "latency_seconds": 3.8800068367272615, "peak_allocated_bytes": 82428211712, "progress": "195/260", "status": "ok"}
Setting `pad_token_id` to `eos_token_id`:151645 for open-end generation.
{"cell": "internvl35_8b_budget54_seed29_strict65_p0_correct_letterbox54", "latency_seconds": 4.294105644337833, "peak_allocated_bytes": 82428211712, "progress": "196/260", "status": "ok"}
Setting `pad_token_id` to `eos_token_id`:151645 for open-end generation.
{"cell": "internvl35_8b_budget54_seed29_strict65_p0_correct_letterbox54", "latency_seconds": 4.425854369997978, "peak_allocated_bytes": 82455702528, "progress": "197/260", "status": "ok"}
Setting `pad_token_id` to `eos_token_id`:151645 for open-end generation.
{"cell": "internvl35_8b_budget54_seed29_strict65_p0_correct_letterbox54", "latency_seconds": 4.414549483917654, "peak_allocated_bytes": 82382408704, "progress": "198/260", "status": "ok"}
Setting `pad_token_id` to `eos_token_id`:151645 for open-end generation.
{"cell": "internvl35_8b_budget54_seed29_strict65_p0_correct_letterbox54", "latency_seconds": 4.394780867733061, "peak_allocated_bytes": 82419050496, "progress": "199/260", "status": "ok"}
Setting `pad_token_id` to `eos_token_id`:151645 for open-end generation.
{"cell": "internvl35_8b_budget54_seed29_strict65_p0_correct_letterbox54", "latency_seconds": 5.455004777759314, "peak_allocated_bytes": 82428211712, "progress": "200/260", "status": "ok"}
Setting `pad_token_id` to `eos_token_id`:151645 for open-end generation.
{"cell": "internvl35_8b_budget54_seed29_strict65_p0_correct_letterbox54", "latency_seconds": 4.421093611977994, "peak_allocated_bytes": 82455702528, "progress": "201/260", "status": "ok"}
Setting `pad_token_id` to `eos_token_id`:151645 for open-end generation.
{"cell": "internvl35_8b_budget54_seed29_strict65_p0_correct_letterbox54", "latency_seconds": 3.9064121656119823, "peak_allocated_bytes": 82391567360, "progress": "202/260", "status": "ok"}
Setting `pad_token_id` to `eos_token_id`:151645 for open-end generation.
{"cell": "internvl35_8b_budget54_seed29_strict65_p0_correct_letterbox54", "latency_seconds": 4.422619028016925, "peak_allocated_bytes": 82474032640, "progress": "203/260", "status": "ok"}
Setting `pad_token_id` to `eos_token_id`:151645 for open-end generation.
{"cell": "internvl35_8b_budget54_seed29_strict65_p0_correct_letterbox54", "latency_seconds": 4.708088674582541, "peak_allocated_bytes": 82400728576, "progress": "204/260", "status": "ok"}
Setting `pad_token_id` to `eos_token_id`:151645 for open-end generation.
{"cell": "internvl35_8b_budget54_seed29_strict65_p0_correct_letterbox54", "latency_seconds": 4.630015721544623, "peak_allocated_bytes": 82492657152, "progress": "205/260", "status": "ok"}
Setting `pad_token_id` to `eos_token_id`:151645 for open-end generation.
{"cell": "internvl35_8b_budget54_seed29_strict65_p0_correct_letterbox54", "latency_seconds": 3.8827276984229684, "peak_allocated_bytes": 82391567360, "progress": "206/260", "status": "ok"}
Setting `pad_token_id` to `eos_token_id`:151645 for open-end generation.
{"cell": "internvl35_8b_budget54_seed29_strict65_p0_correct_letterbox54", "latency_seconds": 3.498455137014389, "peak_allocated_bytes": 82483197440, "progress": "207/260", "status": "ok"}
Setting `pad_token_id` to `eos_token_id`:151645 for open-end generation.
{"cell": "internvl35_8b_budget54_seed29_strict65_p0_correct_letterbox54", "latency_seconds": 4.843328423798084, "peak_allocated_bytes": 82437375488, "progress": "208/260", "status": "ok"}
Setting `pad_token_id` to `eos_token_id`:151645 for open-end generation.
{"cell": "internvl35_8b_budget54_seed29_strict65_p0_correct_letterbox54", "latency_seconds": 4.4571998454630375, "peak_allocated_bytes": 82474032640, "progress": "209/260", "status": "ok"}
Setting `pad_token_id` to `eos_token_id`:151645 for open-end generation.
{"cell": "internvl35_8b_budget54_seed29_strict65_p0_correct_letterbox54", "latency_seconds": 4.415514077059925, "peak_allocated_bytes": 82345777152, "progress": "210/260", "status": "ok"}
Setting `pad_token_id` to `eos_token_id`:151645 for open-end generation.
{"cell": "internvl35_8b_budget54_seed29_strict65_p0_correct_letterbox54", "latency_seconds": 3.8794015860185027, "peak_allocated_bytes": 82428211712, "progress": "211/260", "status": "ok"}
Setting `pad_token_id` to `eos_token_id`:151645 for open-end generation.
{"cell": "internvl35_8b_budget54_seed29_strict65_p0_correct_letterbox54", "latency_seconds": 4.016281626187265, "peak_allocated_bytes": 82446537728, "progress": "212/260", "status": "ok"}
Setting `pad_token_id` to `eos_token_id`:151645 for open-end generation.
{"cell": "internvl35_8b_budget54_seed29_strict65_p0_correct_letterbox54", "latency_seconds": 4.42094047088176, "peak_allocated_bytes": 82492657152, "progress": "213/260", "status": "ok"}
Setting `pad_token_id` to `eos_token_id`:151645 for open-end generation.
{"cell": "internvl35_8b_budget54_seed29_strict65_p0_correct_letterbox54", "latency_seconds": 4.41823607776314, "peak_allocated_bytes": 82364091904, "progress": "214/260", "status": "ok"}
Setting `pad_token_id` to `eos_token_id`:151645 for open-end generation.
{"cell": "internvl35_8b_budget54_seed29_strict65_p0_correct_letterbox54", "latency_seconds": 3.8728502383455634, "peak_allocated_bytes": 82446537728, "progress": "215/260", "status": "ok"}
Setting `pad_token_id` to `eos_token_id`:151645 for open-end generation.
{"cell": "internvl35_8b_budget54_seed29_strict65_p0_correct_letterbox54", "latency_seconds": 5.644442623481154, "peak_allocated_bytes": 82382408704, "progress": "216/260", "status": "ok"}
Setting `pad_token_id` to `eos_token_id`:151645 for open-end generation.
{"cell": "internvl35_8b_budget54_seed29_strict65_p0_correct_letterbox54", "latency_seconds": 4.429202756844461, "peak_allocated_bytes": 82566225408, "progress": "217/260", "status": "ok"}
Setting `pad_token_id` to `eos_token_id`:151645 for open-end generation.
{"cell": "internvl35_8b_budget54_seed29_strict65_p0_correct_letterbox54", "latency_seconds": 4.8213730826973915, "peak_allocated_bytes": 82364091904, "progress": "218/260", "status": "ok"}
Setting `pad_token_id` to `eos_token_id`:151645 for open-end generation.
{"cell": "internvl35_8b_budget54_seed29_strict65_p0_correct_letterbox54", "latency_seconds": 4.390555775724351, "peak_allocated_bytes": 82400728576, "progress": "219/260", "status": "ok"}
Setting `pad_token_id` to `eos_token_id`:151645 for open-end generation.
{"cell": "internvl35_8b_budget54_seed29_strict65_p0_correct_letterbox54", "latency_seconds": 4.20651438087225, "peak_allocated_bytes": 82428211712, "progress": "220/260", "status": "ok"}
Setting `pad_token_id` to `eos_token_id`:151645 for open-end generation.
{"cell": "internvl35_8b_budget54_seed29_strict65_p0_correct_letterbox54", "latency_seconds": 4.602658731862903, "peak_allocated_bytes": 82492657152, "progress": "221/260", "status": "ok"}
Setting `pad_token_id` to `eos_token_id`:151645 for open-end generation.
{"cell": "internvl35_8b_budget54_seed29_strict65_p0_correct_letterbox54", "latency_seconds": 4.4145654095336795, "peak_allocated_bytes": 82345777152, "progress": "222/260", "status": "ok"}
Setting `pad_token_id` to `eos_token_id`:151645 for open-end generation.
{"cell": "internvl35_8b_budget54_seed29_strict65_p0_correct_letterbox54", "latency_seconds": 3.886371646076441, "peak_allocated_bytes": 82464866304, "progress": "223/260", "status": "ok"}
Setting `pad_token_id` to `eos_token_id`:151645 for open-end generation.
{"cell": "internvl35_8b_budget54_seed29_strict65_p0_correct_letterbox54", "latency_seconds": 4.9754113256931305, "peak_allocated_bytes": 82373249024, "progress": "224/260", "status": "ok"}
Setting `pad_token_id` to `eos_token_id`:151645 for open-end generation.
{"cell": "internvl35_8b_budget54_seed29_strict65_p0_correct_letterbox54", "latency_seconds": 4.424941501580179, "peak_allocated_bytes": 82492657152, "progress": "225/260", "status": "ok"}
Setting `pad_token_id` to `eos_token_id`:151645 for open-end generation.
{"cell": "internvl35_8b_budget54_seed29_strict65_p0_correct_letterbox54", "latency_seconds": 3.8773269476369023, "peak_allocated_bytes": 82391567360, "progress": "226/260", "status": "ok"}
Setting `pad_token_id` to `eos_token_id`:151645 for open-end generation.
{"cell": "internvl35_8b_budget54_seed29_strict65_p0_correct_letterbox54", "latency_seconds": 3.416943202726543, "peak_allocated_bytes": 82409887744, "progress": "227/260", "status": "ok"}
Setting `pad_token_id` to `eos_token_id`:151645 for open-end generation.
{"cell": "internvl35_8b_budget54_seed29_strict65_p0_correct_letterbox54", "latency_seconds": 4.536068726330996, "peak_allocated_bytes": 82419050496, "progress": "228/260", "status": "ok"}
Setting `pad_token_id` to `eos_token_id`:151645 for open-end generation.
{"cell": "internvl35_8b_budget54_seed29_strict65_p0_correct_letterbox54", "latency_seconds": 4.423168574459851, "peak_allocated_bytes": 82529037824, "progress": "229/260", "status": "ok"}
Setting `pad_token_id` to `eos_token_id`:151645 for open-end generation.
{"cell": "internvl35_8b_budget54_seed29_strict65_p0_correct_letterbox54", "latency_seconds": 3.8792471988126636, "peak_allocated_bytes": 82391567360, "progress": "230/260", "status": "ok"}
Setting `pad_token_id` to `eos_token_id`:151645 for open-end generation.
{"cell": "internvl35_8b_budget54_seed29_strict65_p0_correct_letterbox54", "latency_seconds": 3.8819443359971046, "peak_allocated_bytes": 82428211712, "progress": "231/260", "status": "ok"}
Setting `pad_token_id` to `eos_token_id`:151645 for open-end generation.
{"cell": "internvl35_8b_budget54_seed29_strict65_p0_correct_letterbox54", "latency_seconds": 5.033520944416523, "peak_allocated_bytes": 82382408704, "progress": "232/260", "status": "ok"}
Setting `pad_token_id` to `eos_token_id`:151645 for open-end generation.
{"cell": "internvl35_8b_budget54_seed29_strict65_p0_correct_letterbox54", "latency_seconds": 4.618362836539745, "peak_allocated_bytes": 82501531136, "progress": "233/260", "status": "ok"}
Setting `pad_token_id` to `eos_token_id`:151645 for open-end generation.
{"cell": "internvl35_8b_budget54_seed29_strict65_p0_correct_letterbox54", "latency_seconds": 4.427731643430889, "peak_allocated_bytes": 82382408704, "progress": "234/260", "status": "ok"}
Setting `pad_token_id` to `eos_token_id`:151645 for open-end generation.
{"cell": "internvl35_8b_budget54_seed29_strict65_p0_correct_letterbox54", "latency_seconds": 3.4172143964096904, "peak_allocated_bytes": 82409887744, "progress": "235/260", "status": "ok"}
Setting `pad_token_id` to `eos_token_id`:151645 for open-end generation.
{"cell": "internvl35_8b_budget54_seed29_strict65_p0_correct_letterbox54", "latency_seconds": 5.398598358035088, "peak_allocated_bytes": 82437375488, "progress": "236/260", "status": "ok"}
Setting `pad_token_id` to `eos_token_id`:151645 for open-end generation.
{"cell": "internvl35_8b_budget54_seed29_strict65_p0_correct_letterbox54", "latency_seconds": 5.739353842101991, "peak_allocated_bytes": 82492657152, "progress": "237/260", "status": "ok"}
Setting `pad_token_id` to `eos_token_id`:151645 for open-end generation.
{"cell": "internvl35_8b_budget54_seed29_strict65_p0_correct_letterbox54", "latency_seconds": 4.566368754953146, "peak_allocated_bytes": 82364091904, "progress": "238/260", "status": "ok"}
Setting `pad_token_id` to `eos_token_id`:151645 for open-end generation.
{"cell": "internvl35_8b_budget54_seed29_strict65_p0_correct_letterbox54", "latency_seconds": 4.4262820072472095, "peak_allocated_bytes": 82474032640, "progress": "239/260", "status": "ok"}
Setting `pad_token_id` to `eos_token_id`:151645 for open-end generation.
{"cell": "internvl35_8b_budget54_seed29_strict65_p0_correct_letterbox54", "latency_seconds": 4.280199251137674, "peak_allocated_bytes": 82391567360, "progress": "240/260", "status": "ok"}
Setting `pad_token_id` to `eos_token_id`:151645 for open-end generation.
{"cell": "internvl35_8b_budget54_seed29_strict65_p0_correct_letterbox54", "latency_seconds": 3.8871189188212156, "peak_allocated_bytes": 82501531136, "progress": "241/260", "status": "ok"}
Setting `pad_token_id` to `eos_token_id`:151645 for open-end generation.
{"cell": "internvl35_8b_budget54_seed29_strict65_p0_correct_letterbox54", "latency_seconds": 3.4190170112997293, "peak_allocated_bytes": 82409887744, "progress": "242/260", "status": "ok"}
Setting `pad_token_id` to `eos_token_id`:151645 for open-end generation.
{"cell": "internvl35_8b_budget54_seed29_strict65_p0_correct_letterbox54", "latency_seconds": 4.401542853564024, "peak_allocated_bytes": 82419050496, "progress": "243/260", "status": "ok"}
Setting `pad_token_id` to `eos_token_id`:151645 for open-end generation.
{"cell": "internvl35_8b_budget54_seed29_strict65_p0_correct_letterbox54", "latency_seconds": 5.059543902054429, "peak_allocated_bytes": 82382408704, "progress": "244/260", "status": "ok"}
Setting `pad_token_id` to `eos_token_id`:151645 for open-end generation.
{"cell": "internvl35_8b_budget54_seed29_strict65_p0_correct_letterbox54", "latency_seconds": 3.9153058482334018, "peak_allocated_bytes": 82464866304, "progress": "245/260", "status": "ok"}
Setting `pad_token_id` to `eos_token_id`:151645 for open-end generation.
{"cell": "internvl35_8b_budget54_seed29_strict65_p0_correct_letterbox54", "latency_seconds": 3.885566821321845, "peak_allocated_bytes": 82391567360, "progress": "246/260", "status": "ok"}
Setting `pad_token_id` to `eos_token_id`:151645 for open-end generation.
{"cell": "internvl35_8b_budget54_seed29_strict65_p0_correct_letterbox54", "latency_seconds": 6.086463134735823, "peak_allocated_bytes": 82428211712, "progress": "247/260", "status": "ok"}
Setting `pad_token_id` to `eos_token_id`:151645 for open-end generation.
{"cell": "internvl35_8b_budget54_seed29_strict65_p0_correct_letterbox54", "latency_seconds": 4.79466278385371, "peak_allocated_bytes": 82400728576, "progress": "248/260", "status": "ok"}
Setting `pad_token_id` to `eos_token_id`:151645 for open-end generation.
{"cell": "internvl35_8b_budget54_seed29_strict65_p0_correct_letterbox54", "latency_seconds": 3.8856427362188697, "peak_allocated_bytes": 82464866304, "progress": "249/260", "status": "ok"}
Setting `pad_token_id` to `eos_token_id`:151645 for open-end generation.
{"cell": "internvl35_8b_budget54_seed29_strict65_p0_correct_letterbox54", "latency_seconds": 3.9109789663925767, "peak_allocated_bytes": 82354933248, "progress": "250/260", "status": "ok"}
Setting `pad_token_id` to `eos_token_id`:151645 for open-end generation.
{"cell": "internvl35_8b_budget54_seed29_strict65_p0_correct_letterbox54", "latency_seconds": 4.4231493743136525, "peak_allocated_bytes": 82455702528, "progress": "251/260", "status": "ok"}
Setting `pad_token_id` to `eos_token_id`:151645 for open-end generation.
{"cell": "internvl35_8b_budget54_seed29_strict65_p0_correct_letterbox54", "latency_seconds": 4.564562506973743, "peak_allocated_bytes": 82400728576, "progress": "252/260", "status": "ok"}
Setting `pad_token_id` to `eos_token_id`:151645 for open-end generation.
{"cell": "internvl35_8b_budget54_seed29_strict65_p0_correct_letterbox54", "latency_seconds": 3.8865781920030713, "peak_allocated_bytes": 82501531136, "progress": "253/260", "status": "ok"}
Setting `pad_token_id` to `eos_token_id`:151645 for open-end generation.
{"cell": "internvl35_8b_budget54_seed29_strict65_p0_correct_letterbox54", "latency_seconds": 3.8809478636831045, "peak_allocated_bytes": 82354933248, "progress": "254/260", "status": "ok"}
Setting `pad_token_id` to `eos_token_id`:151645 for open-end generation.
{"cell": "internvl35_8b_budget54_seed29_strict65_p0_correct_letterbox54", "latency_seconds": 3.886438623070717, "peak_allocated_bytes": 82464866304, "progress": "255/260", "status": "ok"}
Setting `pad_token_id` to `eos_token_id`:151645 for open-end generation.
{"cell": "internvl35_8b_budget54_seed29_strict65_p0_correct_letterbox54", "latency_seconds": 4.792766980826855, "peak_allocated_bytes": 82400728576, "progress": "256/260", "status": "ok"}
Setting `pad_token_id` to `eos_token_id`:151645 for open-end generation.
{"cell": "internvl35_8b_budget54_seed29_strict65_p0_correct_letterbox54", "latency_seconds": 3.8719711722806096, "peak_allocated_bytes": 82519867392, "progress": "257/260", "status": "ok"}
Setting `pad_token_id` to `eos_token_id`:151645 for open-end generation.
{"cell": "internvl35_8b_budget54_seed29_strict65_p0_correct_letterbox54", "latency_seconds": 3.8808638881891966, "peak_allocated_bytes": 82354933248, "progress": "258/260", "status": "ok"}
Setting `pad_token_id` to `eos_token_id`:151645 for open-end generation.
{"cell": "internvl35_8b_budget54_seed29_strict65_p0_correct_letterbox54", "latency_seconds": 3.494424375705421, "peak_allocated_bytes": 82483197440, "progress": "259/260", "status": "ok"}
Setting `pad_token_id` to `eos_token_id`:151645 for open-end generation.
{"cell": "internvl35_8b_budget54_seed29_strict65_p0_correct_letterbox54", "latency_seconds": 4.707885755226016, "peak_allocated_bytes": 82464866304, "progress": "260/260", "status": "ok"}
Setting `pad_token_id` to `eos_token_id`:151645 for open-end generation.
{"cell": "internvl35_8b_budget54_seed29_strict65_p0_shuffled_letterbox54", "latency_seconds": 4.437596969306469, "peak_allocated_bytes": 82492657152, "progress": "1/260", "status": "ok"}
Setting `pad_token_id` to `eos_token_id`:151645 for open-end generation.
{"cell": "internvl35_8b_budget54_seed29_strict65_p0_shuffled_letterbox54", "latency_seconds": 4.419633876532316, "peak_allocated_bytes": 82345777152, "progress": "2/260", "status": "ok"}
Setting `pad_token_id` to `eos_token_id`:151645 for open-end generation.
{"cell": "internvl35_8b_budget54_seed29_strict65_p0_shuffled_letterbox54", "latency_seconds": 3.873558926396072, "peak_allocated_bytes": 82446537728, "progress": "3/260", "status": "ok"}
Setting `pad_token_id` to `eos_token_id`:151645 for open-end generation.
{"cell": "internvl35_8b_budget54_seed29_strict65_p0_shuffled_letterbox54", "latency_seconds": 4.82226715516299, "peak_allocated_bytes": 82382408704, "progress": "4/260", "status": "ok"}
Setting `pad_token_id` to `eos_token_id`:151645 for open-end generation.
{"cell": "internvl35_8b_budget54_seed29_strict65_p0_shuffled_letterbox54", "latency_seconds": 5.054918237030506, "peak_allocated_bytes": 82529037824, "progress": "5/260", "status": "ok"}
Setting `pad_token_id` to `eos_token_id`:151645 for open-end generation.
{"cell": "internvl35_8b_budget54_seed29_strict65_p0_shuffled_letterbox54", "latency_seconds": 4.411223508417606, "peak_allocated_bytes": 82382408704, "progress": "6/260", "status": "ok"}
Setting `pad_token_id` to `eos_token_id`:151645 for open-end generation.
{"cell": "internvl35_8b_budget54_seed29_strict65_p0_shuffled_letterbox54", "latency_seconds": 4.38791190367192, "peak_allocated_bytes": 82419050496, "progress": "7/260", "status": "ok"}
Setting `pad_token_id` to `eos_token_id`:151645 for open-end generation.
{"cell": "internvl35_8b_budget54_seed29_strict65_p0_shuffled_letterbox54", "latency_seconds": 4.600205900147557, "peak_allocated_bytes": 82364091904, "progress": "8/260", "status": "ok"}
Setting `pad_token_id` to `eos_token_id`:151645 for open-end generation.
{"cell": "internvl35_8b_budget54_seed29_strict65_p0_shuffled_letterbox54", "latency_seconds": 4.45291842892766, "peak_allocated_bytes": 82529037824, "progress": "9/260", "status": "ok"}
Setting `pad_token_id` to `eos_token_id`:151645 for open-end generation.
{"cell": "internvl35_8b_budget54_seed29_strict65_p0_shuffled_letterbox54", "latency_seconds": 3.879073726013303, "peak_allocated_bytes": 82373249024, "progress": "10/260", "status": "ok"}
Setting `pad_token_id` to `eos_token_id`:151645 for open-end generation.
{"cell": "internvl35_8b_budget54_seed29_strict65_p0_shuffled_letterbox54", "latency_seconds": 4.418256064876914, "peak_allocated_bytes": 82437375488, "progress": "11/260", "status": "ok"}
Setting `pad_token_id` to `eos_token_id`:151645 for open-end generation.
{"cell": "internvl35_8b_budget54_seed29_strict65_p0_shuffled_letterbox54", "latency_seconds": 4.061130713671446, "peak_allocated_bytes": 82409887744, "progress": "12/260", "status": "ok"}
Setting `pad_token_id` to `eos_token_id`:151645 for open-end generation.
{"cell": "internvl35_8b_budget54_seed29_strict65_p0_shuffled_letterbox54", "latency_seconds": 5.894909182563424, "peak_allocated_bytes": 82548198912, "progress": "13/260", "status": "ok"}
Setting `pad_token_id` to `eos_token_id`:151645 for open-end generation.
{"cell": "internvl35_8b_budget54_seed29_strict65_p0_shuffled_letterbox54", "latency_seconds": 3.8775401320308447, "peak_allocated_bytes": 82391567360, "progress": "14/260", "status": "ok"}
Setting `pad_token_id` to `eos_token_id`:151645 for open-end generation.
{"cell": "internvl35_8b_budget54_seed29_strict65_p0_shuffled_letterbox54", "latency_seconds": 3.417245691642165, "peak_allocated_bytes": 82409887744, "progress": "15/260", "status": "ok"}
Setting `pad_token_id` to `eos_token_id`:151645 for open-end generation.
{"cell": "internvl35_8b_budget54_seed29_strict65_p0_shuffled_letterbox54", "latency_seconds": 4.290407254360616, "peak_allocated_bytes": 82464866304, "progress": "16/260", "status": "ok"}
Setting `pad_token_id` to `eos_token_id`:151645 for open-end generation.
{"cell": "internvl35_8b_budget54_seed29_strict65_p0_shuffled_letterbox54", "latency_seconds": 3.8714807769283652, "peak_allocated_bytes": 82446537728, "progress": "17/260", "status": "ok"}
Setting `pad_token_id` to `eos_token_id`:151645 for open-end generation.
{"cell": "internvl35_8b_budget54_seed29_strict65_p0_shuffled_letterbox54", "latency_seconds": 4.415628096088767, "peak_allocated_bytes": 82382408704, "progress": "18/260", "status": "ok"}
Setting `pad_token_id` to `eos_token_id`:151645 for open-end generation.
{"cell": "internvl35_8b_budget54_seed29_strict65_p0_shuffled_letterbox54", "latency_seconds": 4.392034633085132, "peak_allocated_bytes": 82419050496, "progress": "19/260", "status": "ok"}
Setting `pad_token_id` to `eos_token_id`:151645 for open-end generation.
{"cell": "internvl35_8b_budget54_seed29_strict65_p0_shuffled_letterbox54", "latency_seconds": 4.689740311354399, "peak_allocated_bytes": 82419050496, "progress": "20/260", "status": "ok"}
Setting `pad_token_id` to `eos_token_id`:151645 for open-end generation.
{"cell": "internvl35_8b_budget54_seed29_strict65_p0_shuffled_letterbox54", "latency_seconds": 4.80638156645, "peak_allocated_bytes": 82539185664, "progress": "21/260", "status": "ok"}
Setting `pad_token_id` to `eos_token_id`:151645 for open-end generation.
{"cell": "internvl35_8b_budget54_seed29_strict65_p0_shuffled_letterbox54", "latency_seconds": 6.393643844872713, "peak_allocated_bytes": 82364091904, "progress": "22/260", "status": "ok"}
Setting `pad_token_id` to `eos_token_id`:151645 for open-end generation.
{"cell": "internvl35_8b_budget54_seed29_strict65_p0_shuffled_letterbox54", "latency_seconds": 3.8796306848526, "peak_allocated_bytes": 82428211712, "progress": "23/260", "status": "ok"}
Setting `pad_token_id` to `eos_token_id`:151645 for open-end generation.
{"cell": "internvl35_8b_budget54_seed29_strict65_p0_shuffled_letterbox54", "latency_seconds": 4.473836918361485, "peak_allocated_bytes": 82400728576, "progress": "24/260", "status": "ok"}
Setting `pad_token_id` to `eos_token_id`:151645 for open-end generation.
{"cell": "internvl35_8b_budget54_seed29_strict65_p0_shuffled_letterbox54", "latency_seconds": 4.473013827577233, "peak_allocated_bytes": 82474032640, "progress": "25/260", "status": "ok"}
Setting `pad_token_id` to `eos_token_id`:151645 for open-end generation.
{"cell": "internvl35_8b_budget54_seed29_strict65_p0_shuffled_letterbox54", "latency_seconds": 4.413270111195743, "peak_allocated_bytes": 82382408704, "progress": "26/260", "status": "ok"}
Setting `pad_token_id` to `eos_token_id`:151645 for open-end generation.
{"cell": "internvl35_8b_budget54_seed29_strict65_p0_shuffled_letterbox54", "latency_seconds": 4.422655803151429, "peak_allocated_bytes": 82455702528, "progress": "27/260", "status": "ok"}
Setting `pad_token_id` to `eos_token_id`:151645 for open-end generation.
{"cell": "internvl35_8b_budget54_seed29_strict65_p0_shuffled_letterbox54", "latency_seconds": 4.256689535453916, "peak_allocated_bytes": 82354933248, "progress": "28/260", "status": "ok"}
Setting `pad_token_id` to `eos_token_id`:151645 for open-end generation.
{"cell": "internvl35_8b_budget54_seed29_strict65_p0_shuffled_letterbox54", "latency_seconds": 3.9007263286039233, "peak_allocated_bytes": 82519867392, "progress": "29/260", "status": "ok"}
Setting `pad_token_id` to `eos_token_id`:151645 for open-end generation.
{"cell": "internvl35_8b_budget54_seed29_strict65_p0_shuffled_letterbox54", "latency_seconds": 4.414084330201149, "peak_allocated_bytes": 82382408704, "progress": "30/260", "status": "ok"}
Setting `pad_token_id` to `eos_token_id`:151645 for open-end generation.
{"cell": "internvl35_8b_budget54_seed29_strict65_p0_shuffled_letterbox54", "latency_seconds": 3.886195740662515, "peak_allocated_bytes": 82464866304, "progress": "31/260", "status": "ok"}
Setting `pad_token_id` to `eos_token_id`:151645 for open-end generation.
{"cell": "internvl35_8b_budget54_seed29_strict65_p0_shuffled_letterbox54", "latency_seconds": 5.014084315858781, "peak_allocated_bytes": 82354933248, "progress": "32/260", "status": "ok"}
Setting `pad_token_id` to `eos_token_id`:151645 for open-end generation.
{"cell": "internvl35_8b_budget54_seed29_strict65_p0_shuffled_letterbox54", "latency_seconds": 3.8748361133038998, "peak_allocated_bytes": 82446537728, "progress": "33/260", "status": "ok"}
Setting `pad_token_id` to `eos_token_id`:151645 for open-end generation.
{"cell": "internvl35_8b_budget54_seed29_strict65_p0_shuffled_letterbox54", "latency_seconds": 4.41388086322695, "peak_allocated_bytes": 82382408704, "progress": "34/260", "status": "ok"}
Setting `pad_token_id` to `eos_token_id`:151645 for open-end generation.
{"cell": "internvl35_8b_budget54_seed29_strict65_p0_shuffled_letterbox54", "latency_seconds": 3.4178739646449685, "peak_allocated_bytes": 82409887744, "progress": "35/260", "status": "ok"}
Setting `pad_token_id` to `eos_token_id`:151645 for open-end generation.
{"cell": "internvl35_8b_budget54_seed29_strict65_p0_shuffled_letterbox54", "latency_seconds": 4.589598226360977, "peak_allocated_bytes": 82437375488, "progress": "36/260", "status": "ok"}
Setting `pad_token_id` to `eos_token_id`:151645 for open-end generation.
{"cell": "internvl35_8b_budget54_seed29_strict65_p0_shuffled_letterbox54", "latency_seconds": 4.425127451308072, "peak_allocated_bytes": 82455702528, "progress": "37/260", "status": "ok"}
Setting `pad_token_id` to `eos_token_id`:151645 for open-end generation.
{"cell": "internvl35_8b_budget54_seed29_strict65_p0_shuffled_letterbox54", "latency_seconds": 4.413999171927571, "peak_allocated_bytes": 82364091904, "progress": "38/260", "status": "ok"}
Setting `pad_token_id` to `eos_token_id`:151645 for open-end generation.
{"cell": "internvl35_8b_budget54_seed29_strict65_p0_shuffled_letterbox54", "latency_seconds": 4.389681679196656, "peak_allocated_bytes": 82400728576, "progress": "39/260", "status": "ok"}
Setting `pad_token_id` to `eos_token_id`:151645 for open-end generation.
{"cell": "internvl35_8b_budget54_seed29_strict65_p0_shuffled_letterbox54", "latency_seconds": 5.265757468529046, "peak_allocated_bytes": 82419050496, "progress": "40/260", "status": "ok"}
Setting `pad_token_id` to `eos_token_id`:151645 for open-end generation.
{"cell": "internvl35_8b_budget54_seed29_strict65_p0_shuffled_letterbox54", "latency_seconds": 4.418459950014949, "peak_allocated_bytes": 82455702528, "progress": "41/260", "status": "ok"}
Setting `pad_token_id` to `eos_token_id`:151645 for open-end generation.
{"cell": "internvl35_8b_budget54_seed29_strict65_p0_shuffled_letterbox54", "latency_seconds": 3.8664999110624194, "peak_allocated_bytes": 82373249024, "progress": "42/260", "status": "ok"}
Setting `pad_token_id` to `eos_token_id`:151645 for open-end generation.
{"cell": "internvl35_8b_budget54_seed29_strict65_p0_shuffled_letterbox54", "latency_seconds": 3.8771027186885476, "peak_allocated_bytes": 82428211712, "progress": "43/260", "status": "ok"}
Setting `pad_token_id` to `eos_token_id`:151645 for open-end generation.
{"cell": "internvl35_8b_budget54_seed29_strict65_p0_shuffled_letterbox54", "latency_seconds": 6.6608470641076565, "peak_allocated_bytes": 82400728576, "progress": "44/260", "status": "ok"}
Setting `pad_token_id` to `eos_token_id`:151645 for open-end generation.
{"cell": "internvl35_8b_budget54_seed29_strict65_p0_shuffled_letterbox54", "latency_seconds": 3.88661384396255, "peak_allocated_bytes": 82464866304, "progress": "45/260", "status": "ok"}
Setting `pad_token_id` to `eos_token_id`:151645 for open-end generation.
{"cell": "internvl35_8b_budget54_seed29_strict65_p0_shuffled_letterbox54", "latency_seconds": 4.4110700879246, "peak_allocated_bytes": 82382408704, "progress": "46/260", "status": "ok"}
Setting `pad_token_id` to `eos_token_id`:151645 for open-end generation.
{"cell": "internvl35_8b_budget54_seed29_strict65_p0_shuffled_letterbox54", "latency_seconds": 3.87038991227746, "peak_allocated_bytes": 82446537728, "progress": "47/260", "status": "ok"}
Setting `pad_token_id` to `eos_token_id`:151645 for open-end generation.
{"cell": "internvl35_8b_budget54_seed29_strict65_p0_shuffled_letterbox54", "latency_seconds": 3.591143736615777, "peak_allocated_bytes": 82409887744, "progress": "48/260", "status": "ok"}
Setting `pad_token_id` to `eos_token_id`:151645 for open-end generation.
{"cell": "internvl35_8b_budget54_seed29_strict65_p0_shuffled_letterbox54", "latency_seconds": 4.414302739314735, "peak_allocated_bytes": 82437375488, "progress": "49/260", "status": "ok"}
Setting `pad_token_id` to `eos_token_id`:151645 for open-end generation.
{"cell": "internvl35_8b_budget54_seed29_strict65_p0_shuffled_letterbox54", "latency_seconds": 4.3877816665917635, "peak_allocated_bytes": 82400728576, "progress": "50/260", "status": "ok"}
Setting `pad_token_id` to `eos_token_id`:151645 for open-end generation.
{"cell": "internvl35_8b_budget54_seed29_strict65_p0_shuffled_letterbox54", "latency_seconds": 4.4275807701051235, "peak_allocated_bytes": 82455702528, "progress": "51/260", "status": "ok"}
Setting `pad_token_id` to `eos_token_id`:151645 for open-end generation.
{"cell": "internvl35_8b_budget54_seed29_strict65_p0_shuffled_letterbox54", "latency_seconds": 4.788906657136977, "peak_allocated_bytes": 82400728576, "progress": "52/260", "status": "ok"}
Setting `pad_token_id` to `eos_token_id`:151645 for open-end generation.
{"cell": "internvl35_8b_budget54_seed29_strict65_p0_shuffled_letterbox54", "latency_seconds": 4.606513634324074, "peak_allocated_bytes": 82492657152, "progress": "53/260", "status": "ok"}
Setting `pad_token_id` to `eos_token_id`:151645 for open-end generation.
{"cell": "internvl35_8b_budget54_seed29_strict65_p0_shuffled_letterbox54", "latency_seconds": 3.8811578117311, "peak_allocated_bytes": 82354933248, "progress": "54/260", "status": "ok"}
Setting `pad_token_id` to `eos_token_id`:151645 for open-end generation.
{"cell": "internvl35_8b_budget54_seed29_strict65_p0_shuffled_letterbox54", "latency_seconds": 3.8793180473148823, "peak_allocated_bytes": 82428211712, "progress": "55/260", "status": "ok"}
Setting `pad_token_id` to `eos_token_id`:151645 for open-end generation.
{"cell": "internvl35_8b_budget54_seed29_strict65_p0_shuffled_letterbox54", "latency_seconds": 4.600944229401648, "peak_allocated_bytes": 82382408704, "progress": "56/260", "status": "ok"}
Setting `pad_token_id` to `eos_token_id`:151645 for open-end generation.
{"cell": "internvl35_8b_budget54_seed29_strict65_p0_shuffled_letterbox54", "latency_seconds": 4.556153462268412, "peak_allocated_bytes": 82501531136, "progress": "57/260", "status": "ok"}
Setting `pad_token_id` to `eos_token_id`:151645 for open-end generation.
{"cell": "internvl35_8b_budget54_seed29_strict65_p0_shuffled_letterbox54", "latency_seconds": 4.41349377669394, "peak_allocated_bytes": 82382408704, "progress": "58/260", "status": "ok"}
Setting `pad_token_id` to `eos_token_id`:151645 for open-end generation.
{"cell": "internvl35_8b_budget54_seed29_strict65_p0_shuffled_letterbox54", "latency_seconds": 4.4259882140904665, "peak_allocated_bytes": 82474032640, "progress": "59/260", "status": "ok"}
Setting `pad_token_id` to `eos_token_id`:151645 for open-end generation.
{"cell": "internvl35_8b_budget54_seed29_strict65_p0_shuffled_letterbox54", "latency_seconds": 4.052149757742882, "peak_allocated_bytes": 82428211712, "progress": "60/260", "status": "ok"}
Setting `pad_token_id` to `eos_token_id`:151645 for open-end generation.
{"cell": "internvl35_8b_budget54_seed29_strict65_p0_shuffled_letterbox54", "latency_seconds": 3.49867095798254, "peak_allocated_bytes": 82483197440, "progress": "61/260", "status": "ok"}
Setting `pad_token_id` to `eos_token_id`:151645 for open-end generation.
{"cell": "internvl35_8b_budget54_seed29_strict65_p0_shuffled_letterbox54", "latency_seconds": 4.4230530839413404, "peak_allocated_bytes": 82382408704, "progress": "62/260", "status": "ok"}
Setting `pad_token_id` to `eos_token_id`:151645 for open-end generation.
{"cell": "internvl35_8b_budget54_seed29_strict65_p0_shuffled_letterbox54", "latency_seconds": 4.417590166442096, "peak_allocated_bytes": 82437375488, "progress": "63/260", "status": "ok"}
Setting `pad_token_id` to `eos_token_id`:151645 for open-end generation.
{"cell": "internvl35_8b_budget54_seed29_strict65_p0_shuffled_letterbox54", "latency_seconds": 4.341986820101738, "peak_allocated_bytes": 82391567360, "progress": "64/260", "status": "ok"}
Setting `pad_token_id` to `eos_token_id`:151645 for open-end generation.
{"cell": "internvl35_8b_budget54_seed29_strict65_p0_shuffled_letterbox54", "latency_seconds": 4.597572063095868, "peak_allocated_bytes": 82474032640, "progress": "65/260", "status": "ok"}
Setting `pad_token_id` to `eos_token_id`:151645 for open-end generation.
{"cell": "internvl35_8b_budget54_seed29_strict65_p0_shuffled_letterbox54", "latency_seconds": 4.416477985680103, "peak_allocated_bytes": 82382408704, "progress": "66/260", "status": "ok"}
Setting `pad_token_id` to `eos_token_id`:151645 for open-end generation.
{"cell": "internvl35_8b_budget54_seed29_strict65_p0_shuffled_letterbox54", "latency_seconds": 4.4200820764526725, "peak_allocated_bytes": 82437375488, "progress": "67/260", "status": "ok"}
Setting `pad_token_id` to `eos_token_id`:151645 for open-end generation.
{"cell": "internvl35_8b_budget54_seed29_strict65_p0_shuffled_letterbox54", "latency_seconds": 4.645914410240948, "peak_allocated_bytes": 82428211712, "progress": "68/260", "status": "ok"}
Setting `pad_token_id` to `eos_token_id`:151645 for open-end generation.
{"cell": "internvl35_8b_budget54_seed29_strict65_p0_shuffled_letterbox54", "latency_seconds": 4.427822237834334, "peak_allocated_bytes": 82548198912, "progress": "69/260", "status": "ok"}
Setting `pad_token_id` to `eos_token_id`:151645 for open-end generation.
{"cell": "internvl35_8b_budget54_seed29_strict65_p0_shuffled_letterbox54", "latency_seconds": 3.8804819928482175, "peak_allocated_bytes": 82391567360, "progress": "70/260", "status": "ok"}
Setting `pad_token_id` to `eos_token_id`:151645 for open-end generation.
{"cell": "internvl35_8b_budget54_seed29_strict65_p0_shuffled_letterbox54", "latency_seconds": 3.871418833732605, "peak_allocated_bytes": 82446537728, "progress": "71/260", "status": "ok"}
Setting `pad_token_id` to `eos_token_id`:151645 for open-end generation.
{"cell": "internvl35_8b_budget54_seed29_strict65_p0_shuffled_letterbox54", "latency_seconds": 4.074966488406062, "peak_allocated_bytes": 82409887744, "progress": "72/260", "status": "ok"}
Setting `pad_token_id` to `eos_token_id`:151645 for open-end generation.
{"cell": "internvl35_8b_budget54_seed29_strict65_p0_shuffled_letterbox54", "latency_seconds": 3.8858848130330443, "peak_allocated_bytes": 82464866304, "progress": "73/260", "status": "ok"}
Setting `pad_token_id` to `eos_token_id`:151645 for open-end generation.
{"cell": "internvl35_8b_budget54_seed29_strict65_p0_shuffled_letterbox54", "latency_seconds": 3.875781969167292, "peak_allocated_bytes": 82391567360, "progress": "74/260", "status": "ok"}
Setting `pad_token_id` to `eos_token_id`:151645 for open-end generation.
{"cell": "internvl35_8b_budget54_seed29_strict65_p0_shuffled_letterbox54", "latency_seconds": 4.425123353488743, "peak_allocated_bytes": 82474032640, "progress": "75/260", "status": "ok"}
Setting `pad_token_id` to `eos_token_id`:151645 for open-end generation.
{"cell": "internvl35_8b_budget54_seed29_strict65_p0_shuffled_letterbox54", "latency_seconds": 4.559371259994805, "peak_allocated_bytes": 82400728576, "progress": "76/260", "status": "ok"}
Setting `pad_token_id` to `eos_token_id`:151645 for open-end generation.
{"cell": "internvl35_8b_budget54_seed29_strict65_p0_shuffled_letterbox54", "latency_seconds": 5.001462611369789, "peak_allocated_bytes": 82492657152, "progress": "77/260", "status": "ok"}
Setting `pad_token_id` to `eos_token_id`:151645 for open-end generation.
{"cell": "internvl35_8b_budget54_seed29_strict65_p0_shuffled_letterbox54", "latency_seconds": 3.880409389734268, "peak_allocated_bytes": 82391567360, "progress": "78/260", "status": "ok"}
Setting `pad_token_id` to `eos_token_id`:151645 for open-end generation.
{"cell": "internvl35_8b_budget54_seed29_strict65_p0_shuffled_letterbox54", "latency_seconds": 4.425298507325351, "peak_allocated_bytes": 82474032640, "progress": "79/260", "status": "ok"}
Setting `pad_token_id` to `eos_token_id`:151645 for open-end generation.
{"cell": "internvl35_8b_budget54_seed29_strict65_p0_shuffled_letterbox54", "latency_seconds": 4.043405489064753, "peak_allocated_bytes": 82373249024, "progress": "80/260", "status": "ok"}
Setting `pad_token_id` to `eos_token_id`:151645 for open-end generation.
{"cell": "internvl35_8b_budget54_seed29_strict65_p0_shuffled_letterbox54", "latency_seconds": 4.453229291364551, "peak_allocated_bytes": 82474032640, "progress": "81/260", "status": "ok"}
Setting `pad_token_id` to `eos_token_id`:151645 for open-end generation.
{"cell": "internvl35_8b_budget54_seed29_strict65_p0_shuffled_letterbox54", "latency_seconds": 3.8932806057855487, "peak_allocated_bytes": 82391567360, "progress": "82/260", "status": "ok"}
Setting `pad_token_id` to `eos_token_id`:151645 for open-end generation.
{"cell": "internvl35_8b_budget54_seed29_strict65_p0_shuffled_letterbox54", "latency_seconds": 3.883965608663857, "peak_allocated_bytes": 82464866304, "progress": "83/260", "status": "ok"}
Setting `pad_token_id` to `eos_token_id`:151645 for open-end generation.
{"cell": "internvl35_8b_budget54_seed29_strict65_p0_shuffled_letterbox54", "latency_seconds": 5.506483443081379, "peak_allocated_bytes": 82382408704, "progress": "84/260", "status": "ok"}
Setting `pad_token_id` to `eos_token_id`:151645 for open-end generation.
{"cell": "internvl35_8b_budget54_seed29_strict65_p0_shuffled_letterbox54", "latency_seconds": 4.44137376639992, "peak_allocated_bytes": 82492657152, "progress": "85/260", "status": "ok"}
Setting `pad_token_id` to `eos_token_id`:151645 for open-end generation.
{"cell": "internvl35_8b_budget54_seed29_strict65_p0_shuffled_letterbox54", "latency_seconds": 3.8804134717211127, "peak_allocated_bytes": 82354933248, "progress": "86/260", "status": "ok"}
Setting `pad_token_id` to `eos_token_id`:151645 for open-end generation.
{"cell": "internvl35_8b_budget54_seed29_strict65_p0_shuffled_letterbox54", "latency_seconds": 3.8869615867733955, "peak_allocated_bytes": 82464866304, "progress": "87/260", "status": "ok"}
Setting `pad_token_id` to `eos_token_id`:151645 for open-end generation.
{"cell": "internvl35_8b_budget54_seed29_strict65_p0_shuffled_letterbox54", "latency_seconds": 4.287242139689624, "peak_allocated_bytes": 82428211712, "progress": "88/260", "status": "ok"}
Setting `pad_token_id` to `eos_token_id`:151645 for open-end generation.
{"cell": "internvl35_8b_budget54_seed29_strict65_p0_shuffled_letterbox54", "latency_seconds": 3.5021231565624475, "peak_allocated_bytes": 82557210624, "progress": "89/260", "status": "ok"}
Setting `pad_token_id` to `eos_token_id`:151645 for open-end generation.
{"cell": "internvl35_8b_budget54_seed29_strict65_p0_shuffled_letterbox54", "latency_seconds": 4.411122605204582, "peak_allocated_bytes": 82382408704, "progress": "90/260", "status": "ok"}
Setting `pad_token_id` to `eos_token_id`:151645 for open-end generation.
{"cell": "internvl35_8b_budget54_seed29_strict65_p0_shuffled_letterbox54", "latency_seconds": 4.3925272189080715, "peak_allocated_bytes": 82419050496, "progress": "91/260", "status": "ok"}
Setting `pad_token_id` to `eos_token_id`:151645 for open-end generation.
{"cell": "internvl35_8b_budget54_seed29_strict65_p0_shuffled_letterbox54", "latency_seconds": 4.791774870827794, "peak_allocated_bytes": 82400728576, "progress": "92/260", "status": "ok"}
Setting `pad_token_id` to `eos_token_id`:151645 for open-end generation.
{"cell": "internvl35_8b_budget54_seed29_strict65_p0_shuffled_letterbox54", "latency_seconds": 5.14638346619904, "peak_allocated_bytes": 82455702528, "progress": "93/260", "status": "ok"}
Setting `pad_token_id` to `eos_token_id`:151645 for open-end generation.
{"cell": "internvl35_8b_budget54_seed29_strict65_p0_shuffled_letterbox54", "latency_seconds": 4.414031883701682, "peak_allocated_bytes": 82382408704, "progress": "94/260", "status": "ok"}
Setting `pad_token_id` to `eos_token_id`:151645 for open-end generation.
{"cell": "internvl35_8b_budget54_seed29_strict65_p0_shuffled_letterbox54", "latency_seconds": 3.886739755049348, "peak_allocated_bytes": 82464866304, "progress": "95/260", "status": "ok"}
Setting `pad_token_id` to `eos_token_id`:151645 for open-end generation.
{"cell": "internvl35_8b_budget54_seed29_strict65_p0_shuffled_letterbox54", "latency_seconds": 5.050954558886588, "peak_allocated_bytes": 82474032640, "progress": "96/260", "status": "ok"}
Setting `pad_token_id` to `eos_token_id`:151645 for open-end generation.
{"cell": "internvl35_8b_budget54_seed29_strict65_p0_shuffled_letterbox54", "latency_seconds": 3.950495855882764, "peak_allocated_bytes": 82501531136, "progress": "97/260", "status": "ok"}
Setting `pad_token_id` to `eos_token_id`:151645 for open-end generation.
{"cell": "internvl35_8b_budget54_seed29_strict65_p0_shuffled_letterbox54", "latency_seconds": 4.414863841608167, "peak_allocated_bytes": 82364091904, "progress": "98/260", "status": "ok"}
Setting `pad_token_id` to `eos_token_id`:151645 for open-end generation.
{"cell": "internvl35_8b_budget54_seed29_strict65_p0_shuffled_letterbox54", "latency_seconds": 4.4249165980145335, "peak_allocated_bytes": 82455702528, "progress": "99/260", "status": "ok"}
Setting `pad_token_id` to `eos_token_id`:151645 for open-end generation.
{"cell": "internvl35_8b_budget54_seed29_strict65_p0_shuffled_letterbox54", "latency_seconds": 5.484837627969682, "peak_allocated_bytes": 82400728576, "progress": "100/260", "status": "ok"}
Setting `pad_token_id` to `eos_token_id`:151645 for open-end generation.
{"cell": "internvl35_8b_budget54_seed29_strict65_p0_shuffled_letterbox54", "latency_seconds": 4.418905890546739, "peak_allocated_bytes": 82529037824, "progress": "101/260", "status": "ok"}
Setting `pad_token_id` to `eos_token_id`:151645 for open-end generation.
{"cell": "internvl35_8b_budget54_seed29_strict65_p0_shuffled_letterbox54", "latency_seconds": 3.8680978380143642, "peak_allocated_bytes": 82373249024, "progress": "102/260", "status": "ok"}
Setting `pad_token_id` to `eos_token_id`:151645 for open-end generation.
{"cell": "internvl35_8b_budget54_seed29_strict65_p0_shuffled_letterbox54", "latency_seconds": 4.404014210216701, "peak_allocated_bytes": 82419050496, "progress": "103/260", "status": "ok"}
Setting `pad_token_id` to `eos_token_id`:151645 for open-end generation.
{"cell": "internvl35_8b_budget54_seed29_strict65_p0_shuffled_letterbox54", "latency_seconds": 5.136161641217768, "peak_allocated_bytes": 82437375488, "progress": "104/260", "status": "ok"}
Setting `pad_token_id` to `eos_token_id`:151645 for open-end generation.
{"cell": "internvl35_8b_budget54_seed29_strict65_p0_shuffled_letterbox54", "latency_seconds": 4.4526358572766185, "peak_allocated_bytes": 82455702528, "progress": "105/260", "status": "ok"}
Setting `pad_token_id` to `eos_token_id`:151645 for open-end generation.
{"cell": "internvl35_8b_budget54_seed29_strict65_p0_shuffled_letterbox54", "latency_seconds": 4.414301283657551, "peak_allocated_bytes": 82382408704, "progress": "106/260", "status": "ok"}
Setting `pad_token_id` to `eos_token_id`:151645 for open-end generation.
{"cell": "internvl35_8b_budget54_seed29_strict65_p0_shuffled_letterbox54", "latency_seconds": 3.8850453877821565, "peak_allocated_bytes": 82464866304, "progress": "107/260", "status": "ok"}
Setting `pad_token_id` to `eos_token_id`:151645 for open-end generation.
{"cell": "internvl35_8b_budget54_seed29_strict65_p0_shuffled_letterbox54", "latency_seconds": 4.557031472213566, "peak_allocated_bytes": 82382408704, "progress": "108/260", "status": "ok"}
Setting `pad_token_id` to `eos_token_id`:151645 for open-end generation.
{"cell": "internvl35_8b_budget54_seed29_strict65_p0_shuffled_letterbox54", "latency_seconds": 5.686914552003145, "peak_allocated_bytes": 82548198912, "progress": "109/260", "status": "ok"}
Setting `pad_token_id` to `eos_token_id`:151645 for open-end generation.
{"cell": "internvl35_8b_budget54_seed29_strict65_p0_shuffled_letterbox54", "latency_seconds": 3.880032599903643, "peak_allocated_bytes": 82354933248, "progress": "110/260", "status": "ok"}
Setting `pad_token_id` to `eos_token_id`:151645 for open-end generation.
{"cell": "internvl35_8b_budget54_seed29_strict65_p0_shuffled_letterbox54", "latency_seconds": 3.8768173083662987, "peak_allocated_bytes": 82428211712, "progress": "111/260", "status": "ok"}
Setting `pad_token_id` to `eos_token_id`:151645 for open-end generation.
{"cell": "internvl35_8b_budget54_seed29_strict65_p0_shuffled_letterbox54", "latency_seconds": 4.292971413582563, "peak_allocated_bytes": 82391567360, "progress": "112/260", "status": "ok"}
Setting `pad_token_id` to `eos_token_id`:151645 for open-end generation.
{"cell": "internvl35_8b_budget54_seed29_strict65_p0_shuffled_letterbox54", "latency_seconds": 5.902257036417723, "peak_allocated_bytes": 82529037824, "progress": "113/260", "status": "ok"}
Setting `pad_token_id` to `eos_token_id`:151645 for open-end generation.
{"cell": "internvl35_8b_budget54_seed29_strict65_p0_shuffled_letterbox54", "latency_seconds": 3.8662111312150955, "peak_allocated_bytes": 82373249024, "progress": "114/260", "status": "ok"}
Setting `pad_token_id` to `eos_token_id`:151645 for open-end generation.
{"cell": "internvl35_8b_budget54_seed29_strict65_p0_shuffled_letterbox54", "latency_seconds": 4.415079795755446, "peak_allocated_bytes": 82437375488, "progress": "115/260", "status": "ok"}
Setting `pad_token_id` to `eos_token_id`:151645 for open-end generation.
{"cell": "internvl35_8b_budget54_seed29_strict65_p0_shuffled_letterbox54", "latency_seconds": 4.815556229092181, "peak_allocated_bytes": 82382408704, "progress": "116/260", "status": "ok"}
Setting `pad_token_id` to `eos_token_id`:151645 for open-end generation.
{"cell": "internvl35_8b_budget54_seed29_strict65_p0_shuffled_letterbox54", "latency_seconds": 5.0714850556105375, "peak_allocated_bytes": 82510700032, "progress": "117/260", "status": "ok"}
Setting `pad_token_id` to `eos_token_id`:151645 for open-end generation.
{"cell": "internvl35_8b_budget54_seed29_strict65_p0_shuffled_letterbox54", "latency_seconds": 3.8895176695659757, "peak_allocated_bytes": 82391567360, "progress": "118/260", "status": "ok"}
Setting `pad_token_id` to `eos_token_id`:151645 for open-end generation.
{"cell": "internvl35_8b_budget54_seed29_strict65_p0_shuffled_letterbox54", "latency_seconds": 4.393210329115391, "peak_allocated_bytes": 82419050496, "progress": "119/260", "status": "ok"}
Setting `pad_token_id` to `eos_token_id`:151645 for open-end generation.
{"cell": "internvl35_8b_budget54_seed29_strict65_p0_shuffled_letterbox54", "latency_seconds": 5.369148202240467, "peak_allocated_bytes": 82400728576, "progress": "120/260", "status": "ok"}
Setting `pad_token_id` to `eos_token_id`:151645 for open-end generation.
{"cell": "internvl35_8b_budget54_seed29_strict65_p0_shuffled_letterbox54", "latency_seconds": 4.45336218457669, "peak_allocated_bytes": 82474032640, "progress": "121/260", "status": "ok"}
Setting `pad_token_id` to `eos_token_id`:151645 for open-end generation.
{"cell": "internvl35_8b_budget54_seed29_strict65_p0_shuffled_letterbox54", "latency_seconds": 4.412729190662503, "peak_allocated_bytes": 82382408704, "progress": "122/260", "status": "ok"}
Setting `pad_token_id` to `eos_token_id`:151645 for open-end generation.
{"cell": "internvl35_8b_budget54_seed29_strict65_p0_shuffled_letterbox54", "latency_seconds": 4.390081451274455, "peak_allocated_bytes": 82419050496, "progress": "123/260", "status": "ok"}
Setting `pad_token_id` to `eos_token_id`:151645 for open-end generation.
{"cell": "internvl35_8b_budget54_seed29_strict65_p0_shuffled_letterbox54", "latency_seconds": 3.9636256182566285, "peak_allocated_bytes": 82409887744, "progress": "124/260", "status": "ok"}
Setting `pad_token_id` to `eos_token_id`:151645 for open-end generation.
{"cell": "internvl35_8b_budget54_seed29_strict65_p0_shuffled_letterbox54", "latency_seconds": 3.911988627165556, "peak_allocated_bytes": 82519867392, "progress": "125/260", "status": "ok"}
Setting `pad_token_id` to `eos_token_id`:151645 for open-end generation.
{"cell": "internvl35_8b_budget54_seed29_strict65_p0_shuffled_letterbox54", "latency_seconds": 3.877667318098247, "peak_allocated_bytes": 82391567360, "progress": "126/260", "status": "ok"}
Setting `pad_token_id` to `eos_token_id`:151645 for open-end generation.
{"cell": "internvl35_8b_budget54_seed29_strict65_p0_shuffled_letterbox54", "latency_seconds": 3.877994720824063, "peak_allocated_bytes": 82446537728, "progress": "127/260", "status": "ok"}
Setting `pad_token_id` to `eos_token_id`:151645 for open-end generation.
{"cell": "internvl35_8b_budget54_seed29_strict65_p0_shuffled_letterbox54", "latency_seconds": 4.475705932825804, "peak_allocated_bytes": 82409887744, "progress": "128/260", "status": "ok"}
Setting `pad_token_id` to `eos_token_id`:151645 for open-end generation.
{"cell": "internvl35_8b_budget54_seed29_strict65_p0_shuffled_letterbox54", "latency_seconds": 4.216058754362166, "peak_allocated_bytes": 82483197440, "progress": "129/260", "status": "ok"}
Setting `pad_token_id` to `eos_token_id`:151645 for open-end generation.
{"cell": "internvl35_8b_budget54_seed29_strict65_p0_shuffled_letterbox54", "latency_seconds": 4.411313125863671, "peak_allocated_bytes": 82382408704, "progress": "130/260", "status": "ok"}
Setting `pad_token_id` to `eos_token_id`:151645 for open-end generation.
{"cell": "internvl35_8b_budget54_seed29_strict65_p0_shuffled_letterbox54", "latency_seconds": 4.414945021271706, "peak_allocated_bytes": 82455702528, "progress": "131/260", "status": "ok"}
Setting `pad_token_id` to `eos_token_id`:151645 for open-end generation.
{"cell": "internvl35_8b_budget54_seed29_strict65_p0_shuffled_letterbox54", "latency_seconds": 3.9958456959575415, "peak_allocated_bytes": 82391567360, "progress": "132/260", "status": "ok"}
Setting `pad_token_id` to `eos_token_id`:151645 for open-end generation.
{"cell": "internvl35_8b_budget54_seed29_strict65_p0_shuffled_letterbox54", "latency_seconds": 3.8712325487285852, "peak_allocated_bytes": 82519867392, "progress": "133/260", "status": "ok"}
Setting `pad_token_id` to `eos_token_id`:151645 for open-end generation.
{"cell": "internvl35_8b_budget54_seed29_strict65_p0_shuffled_letterbox54", "latency_seconds": 3.8665420273318887, "peak_allocated_bytes": 82373249024, "progress": "134/260", "status": "ok"}
Setting `pad_token_id` to `eos_token_id`:151645 for open-end generation.
{"cell": "internvl35_8b_budget54_seed29_strict65_p0_shuffled_letterbox54", "latency_seconds": 4.418373358435929, "peak_allocated_bytes": 82455702528, "progress": "135/260", "status": "ok"}
Setting `pad_token_id` to `eos_token_id`:151645 for open-end generation.
{"cell": "internvl35_8b_budget54_seed29_strict65_p0_shuffled_letterbox54", "latency_seconds": 4.280954971909523, "peak_allocated_bytes": 82428211712, "progress": "136/260", "status": "ok"}
Setting `pad_token_id` to `eos_token_id`:151645 for open-end generation.
{"cell": "internvl35_8b_budget54_seed29_strict65_p0_shuffled_letterbox54", "latency_seconds": 5.055337841622531, "peak_allocated_bytes": 82510700032, "progress": "137/260", "status": "ok"}
Setting `pad_token_id` to `eos_token_id`:151645 for open-end generation.
{"cell": "internvl35_8b_budget54_seed29_strict65_p0_shuffled_letterbox54", "latency_seconds": 4.429976564832032, "peak_allocated_bytes": 82345777152, "progress": "138/260", "status": "ok"}
Setting `pad_token_id` to `eos_token_id`:151645 for open-end generation.
{"cell": "internvl35_8b_budget54_seed29_strict65_p0_shuffled_letterbox54", "latency_seconds": 3.876392962411046, "peak_allocated_bytes": 82428211712, "progress": "139/260", "status": "ok"}
Setting `pad_token_id` to `eos_token_id`:151645 for open-end generation.
{"cell": "internvl35_8b_budget54_seed29_strict65_p0_shuffled_letterbox54", "latency_seconds": 4.148006144911051, "peak_allocated_bytes": 82409887744, "progress": "140/260", "status": "ok"}
Setting `pad_token_id` to `eos_token_id`:151645 for open-end generation.
{"cell": "internvl35_8b_budget54_seed29_strict65_p0_shuffled_letterbox54", "latency_seconds": 5.156001687981188, "peak_allocated_bytes": 82474032640, "progress": "141/260", "status": "ok"}
Setting `pad_token_id` to `eos_token_id`:151645 for open-end generation.
{"cell": "internvl35_8b_budget54_seed29_strict65_p0_shuffled_letterbox54", "latency_seconds": 4.413171308115125, "peak_allocated_bytes": 82345777152, "progress": "142/260", "status": "ok"}
Setting `pad_token_id` to `eos_token_id`:151645 for open-end generation.
{"cell": "internvl35_8b_budget54_seed29_strict65_p0_shuffled_letterbox54", "latency_seconds": 4.415827836841345, "peak_allocated_bytes": 82437375488, "progress": "143/260", "status": "ok"}
Setting `pad_token_id` to `eos_token_id`:151645 for open-end generation.
{"cell": "internvl35_8b_budget54_seed29_strict65_p0_shuffled_letterbox54", "latency_seconds": 4.2787211667746305, "peak_allocated_bytes": 82373249024, "progress": "144/260", "status": "ok"}
Setting `pad_token_id` to `eos_token_id`:151645 for open-end generation.
{"cell": "internvl35_8b_budget54_seed29_strict65_p0_shuffled_letterbox54", "latency_seconds": 4.424146180041134, "peak_allocated_bytes": 82474032640, "progress": "145/260", "status": "ok"}
Setting `pad_token_id` to `eos_token_id`:151645 for open-end generation.
{"cell": "internvl35_8b_budget54_seed29_strict65_p0_shuffled_letterbox54", "latency_seconds": 3.8852361058816314, "peak_allocated_bytes": 82354933248, "progress": "146/260", "status": "ok"}
Setting `pad_token_id` to `eos_token_id`:151645 for open-end generation.
{"cell": "internvl35_8b_budget54_seed29_strict65_p0_shuffled_letterbox54", "latency_seconds": 3.883241876028478, "peak_allocated_bytes": 82428211712, "progress": "147/260", "status": "ok"}
Setting `pad_token_id` to `eos_token_id`:151645 for open-end generation.
{"cell": "internvl35_8b_budget54_seed29_strict65_p0_shuffled_letterbox54", "latency_seconds": 4.292748041450977, "peak_allocated_bytes": 82391567360, "progress": "148/260", "status": "ok"}
Setting `pad_token_id` to `eos_token_id`:151645 for open-end generation.
{"cell": "internvl35_8b_budget54_seed29_strict65_p0_shuffled_letterbox54", "latency_seconds": 5.261526330374181, "peak_allocated_bytes": 82455702528, "progress": "149/260", "status": "ok"}
Setting `pad_token_id` to `eos_token_id`:151645 for open-end generation.
{"cell": "internvl35_8b_budget54_seed29_strict65_p0_shuffled_letterbox54", "latency_seconds": 4.417248146608472, "peak_allocated_bytes": 82345777152, "progress": "150/260", "status": "ok"}
Setting `pad_token_id` to `eos_token_id`:151645 for open-end generation.
{"cell": "internvl35_8b_budget54_seed29_strict65_p0_shuffled_letterbox54", "latency_seconds": 4.421381155960262, "peak_allocated_bytes": 82455702528, "progress": "151/260", "status": "ok"}
Setting `pad_token_id` to `eos_token_id`:151645 for open-end generation.
{"cell": "internvl35_8b_budget54_seed29_strict65_p0_shuffled_letterbox54", "latency_seconds": 3.7478585727512836, "peak_allocated_bytes": 82409887744, "progress": "152/260", "status": "ok"}
Setting `pad_token_id` to `eos_token_id`:151645 for open-end generation.
{"cell": "internvl35_8b_budget54_seed29_strict65_p0_shuffled_letterbox54", "latency_seconds": 5.575581690296531, "peak_allocated_bytes": 82548198912, "progress": "153/260", "status": "ok"}
Setting `pad_token_id` to `eos_token_id`:151645 for open-end generation.
{"cell": "internvl35_8b_budget54_seed29_strict65_p0_shuffled_letterbox54", "latency_seconds": 4.426140167750418, "peak_allocated_bytes": 82382408704, "progress": "154/260", "status": "ok"}
Setting `pad_token_id` to `eos_token_id`:151645 for open-end generation.
{"cell": "internvl35_8b_budget54_seed29_strict65_p0_shuffled_letterbox54", "latency_seconds": 4.416376169770956, "peak_allocated_bytes": 82437375488, "progress": "155/260", "status": "ok"}
Setting `pad_token_id` to `eos_token_id`:151645 for open-end generation.
{"cell": "internvl35_8b_budget54_seed29_strict65_p0_shuffled_letterbox54", "latency_seconds": 4.573366075754166, "peak_allocated_bytes": 82419050496, "progress": "156/260", "status": "ok"}
Setting `pad_token_id` to `eos_token_id`:151645 for open-end generation.
{"cell": "internvl35_8b_budget54_seed29_strict65_p0_shuffled_letterbox54", "latency_seconds": 3.520581633783877, "peak_allocated_bytes": 82483197440, "progress": "157/260", "status": "ok"}
Setting `pad_token_id` to `eos_token_id`:151645 for open-end generation.
{"cell": "internvl35_8b_budget54_seed29_strict65_p0_shuffled_letterbox54", "latency_seconds": 3.8683595648035407, "peak_allocated_bytes": 82373249024, "progress": "158/260", "status": "ok"}
Setting `pad_token_id` to `eos_token_id`:151645 for open-end generation.
{"cell": "internvl35_8b_budget54_seed29_strict65_p0_shuffled_letterbox54", "latency_seconds": 4.388975093141198, "peak_allocated_bytes": 82419050496, "progress": "159/260", "status": "ok"}
Setting `pad_token_id` to `eos_token_id`:151645 for open-end generation.
{"cell": "internvl35_8b_budget54_seed29_strict65_p0_shuffled_letterbox54", "latency_seconds": 4.9257513750344515, "peak_allocated_bytes": 82437375488, "progress": "160/260", "status": "ok"}
Setting `pad_token_id` to `eos_token_id`:151645 for open-end generation.
{"cell": "internvl35_8b_budget54_seed29_strict65_p0_shuffled_letterbox54", "latency_seconds": 5.068837556056678, "peak_allocated_bytes": 82510700032, "progress": "161/260", "status": "ok"}
Setting `pad_token_id` to `eos_token_id`:151645 for open-end generation.
{"cell": "internvl35_8b_budget54_seed29_strict65_p0_shuffled_letterbox54", "latency_seconds": 3.8785668006166816, "peak_allocated_bytes": 82318309376, "progress": "162/260", "status": "ok"}
Setting `pad_token_id` to `eos_token_id`:151645 for open-end generation.
{"cell": "internvl35_8b_budget54_seed29_strict65_p0_shuffled_letterbox54", "latency_seconds": 3.8728716783225536, "peak_allocated_bytes": 82446537728, "progress": "163/260", "status": "ok"}
Setting `pad_token_id` to `eos_token_id`:151645 for open-end generation.
{"cell": "internvl35_8b_budget54_seed29_strict65_p0_shuffled_letterbox54", "latency_seconds": 4.822038722224534, "peak_allocated_bytes": 82364091904, "progress": "164/260", "status": "ok"}
Setting `pad_token_id` to `eos_token_id`:151645 for open-end generation.
{"cell": "internvl35_8b_budget54_seed29_strict65_p0_shuffled_letterbox54", "latency_seconds": 3.885345001704991, "peak_allocated_bytes": 82501531136, "progress": "165/260", "status": "ok"}
Setting `pad_token_id` to `eos_token_id`:151645 for open-end generation.
{"cell": "internvl35_8b_budget54_seed29_strict65_p0_shuffled_letterbox54", "latency_seconds": 4.414718902669847, "peak_allocated_bytes": 82382408704, "progress": "166/260", "status": "ok"}
Setting `pad_token_id` to `eos_token_id`:151645 for open-end generation.
{"cell": "internvl35_8b_budget54_seed29_strict65_p0_shuffled_letterbox54", "latency_seconds": 3.4947979813441634, "peak_allocated_bytes": 82483197440, "progress": "167/260", "status": "ok"}
Setting `pad_token_id` to `eos_token_id`:151645 for open-end generation.
{"cell": "internvl35_8b_budget54_seed29_strict65_p0_shuffled_letterbox54", "latency_seconds": 4.85608437936753, "peak_allocated_bytes": 82437375488, "progress": "168/260", "status": "ok"}
Setting `pad_token_id` to `eos_token_id`:151645 for open-end generation.
{"cell": "internvl35_8b_budget54_seed29_strict65_p0_shuffled_letterbox54", "latency_seconds": 3.8787052826955914, "peak_allocated_bytes": 82446537728, "progress": "169/260", "status": "ok"}
Setting `pad_token_id` to `eos_token_id`:151645 for open-end generation.
{"cell": "internvl35_8b_budget54_seed29_strict65_p0_shuffled_letterbox54", "latency_seconds": 4.418530110269785, "peak_allocated_bytes": 82364091904, "progress": "170/260", "status": "ok"}
Setting `pad_token_id` to `eos_token_id`:151645 for open-end generation.
{"cell": "internvl35_8b_budget54_seed29_strict65_p0_shuffled_letterbox54", "latency_seconds": 4.422924866899848, "peak_allocated_bytes": 82474032640, "progress": "171/260", "status": "ok"}
Setting `pad_token_id` to `eos_token_id`:151645 for open-end generation.
{"cell": "internvl35_8b_budget54_seed29_strict65_p0_shuffled_letterbox54", "latency_seconds": 4.2390341609716415, "peak_allocated_bytes": 82428211712, "progress": "172/260", "status": "ok"}
Setting `pad_token_id` to `eos_token_id`:151645 for open-end generation.
{"cell": "internvl35_8b_budget54_seed29_strict65_p0_shuffled_letterbox54", "latency_seconds": 4.422993514686823, "peak_allocated_bytes": 82492657152, "progress": "173/260", "status": "ok"}
Setting `pad_token_id` to `eos_token_id`:151645 for open-end generation.
{"cell": "internvl35_8b_budget54_seed29_strict65_p0_shuffled_letterbox54", "latency_seconds": 4.432250848971307, "peak_allocated_bytes": 82345777152, "progress": "174/260", "status": "ok"}
Setting `pad_token_id` to `eos_token_id`:151645 for open-end generation.
{"cell": "internvl35_8b_budget54_seed29_strict65_p0_shuffled_letterbox54", "latency_seconds": 4.42125447280705, "peak_allocated_bytes": 82474032640, "progress": "175/260", "status": "ok"}
Setting `pad_token_id` to `eos_token_id`:151645 for open-end generation.
{"cell": "internvl35_8b_budget54_seed29_strict65_p0_shuffled_letterbox54", "latency_seconds": 5.207588141784072, "peak_allocated_bytes": 82474032640, "progress": "176/260", "status": "ok"}
Setting `pad_token_id` to `eos_token_id`:151645 for open-end generation.
{"cell": "internvl35_8b_budget54_seed29_strict65_p0_shuffled_letterbox54", "latency_seconds": 3.897971742786467, "peak_allocated_bytes": 82464866304, "progress": "177/260", "status": "ok"}
Setting `pad_token_id` to `eos_token_id`:151645 for open-end generation.
{"cell": "internvl35_8b_budget54_seed29_strict65_p0_shuffled_letterbox54", "latency_seconds": 3.8809652598574758, "peak_allocated_bytes": 82354933248, "progress": "178/260", "status": "ok"}
Setting `pad_token_id` to `eos_token_id`:151645 for open-end generation.
{"cell": "internvl35_8b_budget54_seed29_strict65_p0_shuffled_letterbox54", "latency_seconds": 3.4956856379285455, "peak_allocated_bytes": 82483197440, "progress": "179/260", "status": "ok"}
Setting `pad_token_id` to `eos_token_id`:151645 for open-end generation.
{"cell": "internvl35_8b_budget54_seed29_strict65_p0_shuffled_letterbox54", "latency_seconds": 4.814137106761336, "peak_allocated_bytes": 82382408704, "progress": "180/260", "status": "ok"}
Setting `pad_token_id` to `eos_token_id`:151645 for open-end generation.
{"cell": "internvl35_8b_budget54_seed29_strict65_p0_shuffled_letterbox54", "latency_seconds": 4.425890234299004, "peak_allocated_bytes": 82566225408, "progress": "181/260", "status": "ok"}
Setting `pad_token_id` to `eos_token_id`:151645 for open-end generation.
{"cell": "internvl35_8b_budget54_seed29_strict65_p0_shuffled_letterbox54", "latency_seconds": 3.424058174714446, "peak_allocated_bytes": 82409887744, "progress": "182/260", "status": "ok"}
Setting `pad_token_id` to `eos_token_id`:151645 for open-end generation.
{"cell": "internvl35_8b_budget54_seed29_strict65_p0_shuffled_letterbox54", "latency_seconds": 3.879041651263833, "peak_allocated_bytes": 82428211712, "progress": "183/260", "status": "ok"}
Setting `pad_token_id` to `eos_token_id`:151645 for open-end generation.
{"cell": "internvl35_8b_budget54_seed29_strict65_p0_shuffled_letterbox54", "latency_seconds": 4.587544776499271, "peak_allocated_bytes": 82400728576, "progress": "184/260", "status": "ok"}
Setting `pad_token_id` to `eos_token_id`:151645 for open-end generation.
{"cell": "internvl35_8b_budget54_seed29_strict65_p0_shuffled_letterbox54", "latency_seconds": 3.883127589710057, "peak_allocated_bytes": 82501531136, "progress": "185/260", "status": "ok"}
Setting `pad_token_id` to `eos_token_id`:151645 for open-end generation.
{"cell": "internvl35_8b_budget54_seed29_strict65_p0_shuffled_letterbox54", "latency_seconds": 3.867694800719619, "peak_allocated_bytes": 82373249024, "progress": "186/260", "status": "ok"}
Setting `pad_token_id` to `eos_token_id`:151645 for open-end generation.
{"cell": "internvl35_8b_budget54_seed29_strict65_p0_shuffled_letterbox54", "latency_seconds": 3.886186537332833, "peak_allocated_bytes": 82464866304, "progress": "187/260", "status": "ok"}
Setting `pad_token_id` to `eos_token_id`:151645 for open-end generation.
{"cell": "internvl35_8b_budget54_seed29_strict65_p0_shuffled_letterbox54", "latency_seconds": 4.62599188555032, "peak_allocated_bytes": 82400728576, "progress": "188/260", "status": "ok"}
Setting `pad_token_id` to `eos_token_id`:151645 for open-end generation.
{"cell": "internvl35_8b_budget54_seed29_strict65_p0_shuffled_letterbox54", "latency_seconds": 4.446415499784052, "peak_allocated_bytes": 82529037824, "progress": "189/260", "status": "ok"}
Setting `pad_token_id` to `eos_token_id`:151645 for open-end generation.
{"cell": "internvl35_8b_budget54_seed29_strict65_p0_shuffled_letterbox54", "latency_seconds": 4.408354887738824, "peak_allocated_bytes": 82382408704, "progress": "190/260", "status": "ok"}
Setting `pad_token_id` to `eos_token_id`:151645 for open-end generation.
{"cell": "internvl35_8b_budget54_seed29_strict65_p0_shuffled_letterbox54", "latency_seconds": 3.883917097002268, "peak_allocated_bytes": 82464866304, "progress": "191/260", "status": "ok"}
Setting `pad_token_id` to `eos_token_id`:151645 for open-end generation.
{"cell": "internvl35_8b_budget54_seed29_strict65_p0_shuffled_letterbox54", "latency_seconds": 7.139812158420682, "peak_allocated_bytes": 82382408704, "progress": "192/260", "status": "ok"}
Setting `pad_token_id` to `eos_token_id`:151645 for open-end generation.
{"cell": "internvl35_8b_budget54_seed29_strict65_p0_shuffled_letterbox54", "latency_seconds": 5.33612400945276, "peak_allocated_bytes": 82539185664, "progress": "193/260", "status": "ok"}
Setting `pad_token_id` to `eos_token_id`:151645 for open-end generation.
{"cell": "internvl35_8b_budget54_seed29_strict65_p0_shuffled_letterbox54", "latency_seconds": 4.413410468958318, "peak_allocated_bytes": 82382408704, "progress": "194/260", "status": "ok"}
Setting `pad_token_id` to `eos_token_id`:151645 for open-end generation.
{"cell": "internvl35_8b_budget54_seed29_strict65_p0_shuffled_letterbox54", "latency_seconds": 3.879279615357518, "peak_allocated_bytes": 82428211712, "progress": "195/260", "status": "ok"}
Setting `pad_token_id` to `eos_token_id`:151645 for open-end generation.
{"cell": "internvl35_8b_budget54_seed29_strict65_p0_shuffled_letterbox54", "latency_seconds": 4.051505234092474, "peak_allocated_bytes": 82428211712, "progress": "196/260", "status": "ok"}
Setting `pad_token_id` to `eos_token_id`:151645 for open-end generation.
{"cell": "internvl35_8b_budget54_seed29_strict65_p0_shuffled_letterbox54", "latency_seconds": 4.41722672060132, "peak_allocated_bytes": 82455702528, "progress": "197/260", "status": "ok"}
Setting `pad_token_id` to `eos_token_id`:151645 for open-end generation.
{"cell": "internvl35_8b_budget54_seed29_strict65_p0_shuffled_letterbox54", "latency_seconds": 4.419145569205284, "peak_allocated_bytes": 82382408704, "progress": "198/260", "status": "ok"}
Setting `pad_token_id` to `eos_token_id`:151645 for open-end generation.
{"cell": "internvl35_8b_budget54_seed29_strict65_p0_shuffled_letterbox54", "latency_seconds": 4.390497371554375, "peak_allocated_bytes": 82419050496, "progress": "199/260", "status": "ok"}
Setting `pad_token_id` to `eos_token_id`:151645 for open-end generation.
{"cell": "internvl35_8b_budget54_seed29_strict65_p0_shuffled_letterbox54", "latency_seconds": 4.063150170259178, "peak_allocated_bytes": 82428211712, "progress": "200/260", "status": "ok"}
Setting `pad_token_id` to `eos_token_id`:151645 for open-end generation.
{"cell": "internvl35_8b_budget54_seed29_strict65_p0_shuffled_letterbox54", "latency_seconds": 4.421054781414568, "peak_allocated_bytes": 82455702528, "progress": "201/260", "status": "ok"}
Setting `pad_token_id` to `eos_token_id`:151645 for open-end generation.
{"cell": "internvl35_8b_budget54_seed29_strict65_p0_shuffled_letterbox54", "latency_seconds": 3.875066422857344, "peak_allocated_bytes": 82391567360, "progress": "202/260", "status": "ok"}
Setting `pad_token_id` to `eos_token_id`:151645 for open-end generation.
{"cell": "internvl35_8b_budget54_seed29_strict65_p0_shuffled_letterbox54", "latency_seconds": 4.425296396948397, "peak_allocated_bytes": 82474032640, "progress": "203/260", "status": "ok"}
Setting `pad_token_id` to `eos_token_id`:151645 for open-end generation.
{"cell": "internvl35_8b_budget54_seed29_strict65_p0_shuffled_letterbox54", "latency_seconds": 4.702476440928876, "peak_allocated_bytes": 82400728576, "progress": "204/260", "status": "ok"}
Setting `pad_token_id` to `eos_token_id`:151645 for open-end generation.
{"cell": "internvl35_8b_budget54_seed29_strict65_p0_shuffled_letterbox54", "latency_seconds": 5.795080130919814, "peak_allocated_bytes": 82492657152, "progress": "205/260", "status": "ok"}
Setting `pad_token_id` to `eos_token_id`:151645 for open-end generation.
{"cell": "internvl35_8b_budget54_seed29_strict65_p0_shuffled_letterbox54", "latency_seconds": 3.885380959138274, "peak_allocated_bytes": 82391567360, "progress": "206/260", "status": "ok"}
Setting `pad_token_id` to `eos_token_id`:151645 for open-end generation.
{"cell": "internvl35_8b_budget54_seed29_strict65_p0_shuffled_letterbox54", "latency_seconds": 3.4946414679288864, "peak_allocated_bytes": 82483197440, "progress": "207/260", "status": "ok"}
Setting `pad_token_id` to `eos_token_id`:151645 for open-end generation.
{"cell": "internvl35_8b_budget54_seed29_strict65_p0_shuffled_letterbox54", "latency_seconds": 4.758781594224274, "peak_allocated_bytes": 82437375488, "progress": "208/260", "status": "ok"}
Setting `pad_token_id` to `eos_token_id`:151645 for open-end generation.
{"cell": "internvl35_8b_budget54_seed29_strict65_p0_shuffled_letterbox54", "latency_seconds": 4.433953167870641, "peak_allocated_bytes": 82474032640, "progress": "209/260", "status": "ok"}
Setting `pad_token_id` to `eos_token_id`:151645 for open-end generation.
{"cell": "internvl35_8b_budget54_seed29_strict65_p0_shuffled_letterbox54", "latency_seconds": 4.417363093234599, "peak_allocated_bytes": 82345777152, "progress": "210/260", "status": "ok"}
Setting `pad_token_id` to `eos_token_id`:151645 for open-end generation.
{"cell": "internvl35_8b_budget54_seed29_strict65_p0_shuffled_letterbox54", "latency_seconds": 3.88433756493032, "peak_allocated_bytes": 82428211712, "progress": "211/260", "status": "ok"}
Setting `pad_token_id` to `eos_token_id`:151645 for open-end generation.
{"cell": "internvl35_8b_budget54_seed29_strict65_p0_shuffled_letterbox54", "latency_seconds": 4.214856997132301, "peak_allocated_bytes": 82446537728, "progress": "212/260", "status": "ok"}
Setting `pad_token_id` to `eos_token_id`:151645 for open-end generation.
{"cell": "internvl35_8b_budget54_seed29_strict65_p0_shuffled_letterbox54", "latency_seconds": 4.421750223264098, "peak_allocated_bytes": 82492657152, "progress": "213/260", "status": "ok"}
Setting `pad_token_id` to `eos_token_id`:151645 for open-end generation.
{"cell": "internvl35_8b_budget54_seed29_strict65_p0_shuffled_letterbox54", "latency_seconds": 4.4151169480755925, "peak_allocated_bytes": 82364091904, "progress": "214/260", "status": "ok"}
Setting `pad_token_id` to `eos_token_id`:151645 for open-end generation.
{"cell": "internvl35_8b_budget54_seed29_strict65_p0_shuffled_letterbox54", "latency_seconds": 3.870809276588261, "peak_allocated_bytes": 82446537728, "progress": "215/260", "status": "ok"}
Setting `pad_token_id` to `eos_token_id`:151645 for open-end generation.
{"cell": "internvl35_8b_budget54_seed29_strict65_p0_shuffled_letterbox54", "latency_seconds": 5.626144363544881, "peak_allocated_bytes": 82382408704, "progress": "216/260", "status": "ok"}
Setting `pad_token_id` to `eos_token_id`:151645 for open-end generation.
{"cell": "internvl35_8b_budget54_seed29_strict65_p0_shuffled_letterbox54", "latency_seconds": 4.423693324439228, "peak_allocated_bytes": 82566225408, "progress": "217/260", "status": "ok"}
Setting `pad_token_id` to `eos_token_id`:151645 for open-end generation.
{"cell": "internvl35_8b_budget54_seed29_strict65_p0_shuffled_letterbox54", "latency_seconds": 6.710178881883621, "peak_allocated_bytes": 82364091904, "progress": "218/260", "status": "ok"}
Setting `pad_token_id` to `eos_token_id`:151645 for open-end generation.
{"cell": "internvl35_8b_budget54_seed29_strict65_p0_shuffled_letterbox54", "latency_seconds": 4.386571101844311, "peak_allocated_bytes": 82400728576, "progress": "219/260", "status": "ok"}
Setting `pad_token_id` to `eos_token_id`:151645 for open-end generation.
{"cell": "internvl35_8b_budget54_seed29_strict65_p0_shuffled_letterbox54", "latency_seconds": 4.213288695551455, "peak_allocated_bytes": 82428211712, "progress": "220/260", "status": "ok"}
Setting `pad_token_id` to `eos_token_id`:151645 for open-end generation.
{"cell": "internvl35_8b_budget54_seed29_strict65_p0_shuffled_letterbox54", "latency_seconds": 5.212843335233629, "peak_allocated_bytes": 82492657152, "progress": "221/260", "status": "ok"}
Setting `pad_token_id` to `eos_token_id`:151645 for open-end generation.
{"cell": "internvl35_8b_budget54_seed29_strict65_p0_shuffled_letterbox54", "latency_seconds": 4.417889006435871, "peak_allocated_bytes": 82345777152, "progress": "222/260", "status": "ok"}
Setting `pad_token_id` to `eos_token_id`:151645 for open-end generation.
{"cell": "internvl35_8b_budget54_seed29_strict65_p0_shuffled_letterbox54", "latency_seconds": 3.8875929582864046, "peak_allocated_bytes": 82464866304, "progress": "223/260", "status": "ok"}
Setting `pad_token_id` to `eos_token_id`:151645 for open-end generation.
{"cell": "internvl35_8b_budget54_seed29_strict65_p0_shuffled_letterbox54", "latency_seconds": 4.27845879457891, "peak_allocated_bytes": 82373249024, "progress": "224/260", "status": "ok"}
Setting `pad_token_id` to `eos_token_id`:151645 for open-end generation.
{"cell": "internvl35_8b_budget54_seed29_strict65_p0_shuffled_letterbox54", "latency_seconds": 4.430690850131214, "peak_allocated_bytes": 82492657152, "progress": "225/260", "status": "ok"}
Setting `pad_token_id` to `eos_token_id`:151645 for open-end generation.
{"cell": "internvl35_8b_budget54_seed29_strict65_p0_shuffled_letterbox54", "latency_seconds": 3.9123065369203687, "peak_allocated_bytes": 82391567360, "progress": "226/260", "status": "ok"}
Setting `pad_token_id` to `eos_token_id`:151645 for open-end generation.
{"cell": "internvl35_8b_budget54_seed29_strict65_p0_shuffled_letterbox54", "latency_seconds": 3.415869163349271, "peak_allocated_bytes": 82409887744, "progress": "227/260", "status": "ok"}
Setting `pad_token_id` to `eos_token_id`:151645 for open-end generation.
{"cell": "internvl35_8b_budget54_seed29_strict65_p0_shuffled_letterbox54", "latency_seconds": 4.767636699602008, "peak_allocated_bytes": 82419050496, "progress": "228/260", "status": "ok"}
Setting `pad_token_id` to `eos_token_id`:151645 for open-end generation.
{"cell": "internvl35_8b_budget54_seed29_strict65_p0_shuffled_letterbox54", "latency_seconds": 4.448359098285437, "peak_allocated_bytes": 82529037824, "progress": "229/260", "status": "ok"}
Setting `pad_token_id` to `eos_token_id`:151645 for open-end generation.
{"cell": "internvl35_8b_budget54_seed29_strict65_p0_shuffled_letterbox54", "latency_seconds": 3.892424860969186, "peak_allocated_bytes": 82391567360, "progress": "230/260", "status": "ok"}
Setting `pad_token_id` to `eos_token_id`:151645 for open-end generation.
{"cell": "internvl35_8b_budget54_seed29_strict65_p0_shuffled_letterbox54", "latency_seconds": 3.8763932352885604, "peak_allocated_bytes": 82428211712, "progress": "231/260", "status": "ok"}
Setting `pad_token_id` to `eos_token_id`:151645 for open-end generation.
{"cell": "internvl35_8b_budget54_seed29_strict65_p0_shuffled_letterbox54", "latency_seconds": 4.833563870750368, "peak_allocated_bytes": 82382408704, "progress": "232/260", "status": "ok"}
Setting `pad_token_id` to `eos_token_id`:151645 for open-end generation.
{"cell": "internvl35_8b_budget54_seed29_strict65_p0_shuffled_letterbox54", "latency_seconds": 4.633638778701425, "peak_allocated_bytes": 82501531136, "progress": "233/260", "status": "ok"}
Setting `pad_token_id` to `eos_token_id`:151645 for open-end generation.
{"cell": "internvl35_8b_budget54_seed29_strict65_p0_shuffled_letterbox54", "latency_seconds": 4.413330498151481, "peak_allocated_bytes": 82382408704, "progress": "234/260", "status": "ok"}
Setting `pad_token_id` to `eos_token_id`:151645 for open-end generation.
{"cell": "internvl35_8b_budget54_seed29_strict65_p0_shuffled_letterbox54", "latency_seconds": 3.427304061129689, "peak_allocated_bytes": 82409887744, "progress": "235/260", "status": "ok"}
Setting `pad_token_id` to `eos_token_id`:151645 for open-end generation.
{"cell": "internvl35_8b_budget54_seed29_strict65_p0_shuffled_letterbox54", "latency_seconds": 5.154643392190337, "peak_allocated_bytes": 82437375488, "progress": "236/260", "status": "ok"}
Setting `pad_token_id` to `eos_token_id`:151645 for open-end generation.
{"cell": "internvl35_8b_budget54_seed29_strict65_p0_shuffled_letterbox54", "latency_seconds": 5.650265876203775, "peak_allocated_bytes": 82492657152, "progress": "237/260", "status": "ok"}
Setting `pad_token_id` to `eos_token_id`:151645 for open-end generation.
{"cell": "internvl35_8b_budget54_seed29_strict65_p0_shuffled_letterbox54", "latency_seconds": 4.781755968928337, "peak_allocated_bytes": 82364091904, "progress": "238/260", "status": "ok"}
Setting `pad_token_id` to `eos_token_id`:151645 for open-end generation.
{"cell": "internvl35_8b_budget54_seed29_strict65_p0_shuffled_letterbox54", "latency_seconds": 4.422345606610179, "peak_allocated_bytes": 82474032640, "progress": "239/260", "status": "ok"}
Setting `pad_token_id` to `eos_token_id`:151645 for open-end generation.
{"cell": "internvl35_8b_budget54_seed29_strict65_p0_shuffled_letterbox54", "latency_seconds": 4.711829993873835, "peak_allocated_bytes": 82391567360, "progress": "240/260", "status": "ok"}
Setting `pad_token_id` to `eos_token_id`:151645 for open-end generation.
{"cell": "internvl35_8b_budget54_seed29_strict65_p0_shuffled_letterbox54", "latency_seconds": 3.884871991351247, "peak_allocated_bytes": 82501531136, "progress": "241/260", "status": "ok"}
Setting `pad_token_id` to `eos_token_id`:151645 for open-end generation.
{"cell": "internvl35_8b_budget54_seed29_strict65_p0_shuffled_letterbox54", "latency_seconds": 3.430627237074077, "peak_allocated_bytes": 82409887744, "progress": "242/260", "status": "ok"}
Setting `pad_token_id` to `eos_token_id`:151645 for open-end generation.
{"cell": "internvl35_8b_budget54_seed29_strict65_p0_shuffled_letterbox54", "latency_seconds": 4.389686132781208, "peak_allocated_bytes": 82419050496, "progress": "243/260", "status": "ok"}
Setting `pad_token_id` to `eos_token_id`:151645 for open-end generation.
{"cell": "internvl35_8b_budget54_seed29_strict65_p0_shuffled_letterbox54", "latency_seconds": 4.624409975484014, "peak_allocated_bytes": 82382408704, "progress": "244/260", "status": "ok"}
Setting `pad_token_id` to `eos_token_id`:151645 for open-end generation.
{"cell": "internvl35_8b_budget54_seed29_strict65_p0_shuffled_letterbox54", "latency_seconds": 3.9131124559789896, "peak_allocated_bytes": 82464866304, "progress": "245/260", "status": "ok"}
Setting `pad_token_id` to `eos_token_id`:151645 for open-end generation.
{"cell": "internvl35_8b_budget54_seed29_strict65_p0_shuffled_letterbox54", "latency_seconds": 3.8778925696387887, "peak_allocated_bytes": 82391567360, "progress": "246/260", "status": "ok"}
Setting `pad_token_id` to `eos_token_id`:151645 for open-end generation.
{"cell": "internvl35_8b_budget54_seed29_strict65_p0_shuffled_letterbox54", "latency_seconds": 3.880071851424873, "peak_allocated_bytes": 82428211712, "progress": "247/260", "status": "ok"}
Setting `pad_token_id` to `eos_token_id`:151645 for open-end generation.
{"cell": "internvl35_8b_budget54_seed29_strict65_p0_shuffled_letterbox54", "latency_seconds": 5.0266620218753815, "peak_allocated_bytes": 82400728576, "progress": "248/260", "status": "ok"}
Setting `pad_token_id` to `eos_token_id`:151645 for open-end generation.
{"cell": "internvl35_8b_budget54_seed29_strict65_p0_shuffled_letterbox54", "latency_seconds": 3.888820657506585, "peak_allocated_bytes": 82464866304, "progress": "249/260", "status": "ok"}
Setting `pad_token_id` to `eos_token_id`:151645 for open-end generation.
{"cell": "internvl35_8b_budget54_seed29_strict65_p0_shuffled_letterbox54", "latency_seconds": 3.9098797915503383, "peak_allocated_bytes": 82354933248, "progress": "250/260", "status": "ok"}
Setting `pad_token_id` to `eos_token_id`:151645 for open-end generation.
{"cell": "internvl35_8b_budget54_seed29_strict65_p0_shuffled_letterbox54", "latency_seconds": 4.419039384461939, "peak_allocated_bytes": 82455702528, "progress": "251/260", "status": "ok"}
Setting `pad_token_id` to `eos_token_id`:151645 for open-end generation.
{"cell": "internvl35_8b_budget54_seed29_strict65_p0_shuffled_letterbox54", "latency_seconds": 4.564454026520252, "peak_allocated_bytes": 82400728576, "progress": "252/260", "status": "ok"}
Setting `pad_token_id` to `eos_token_id`:151645 for open-end generation.
{"cell": "internvl35_8b_budget54_seed29_strict65_p0_shuffled_letterbox54", "latency_seconds": 3.88278734870255, "peak_allocated_bytes": 82501531136, "progress": "253/260", "status": "ok"}
Setting `pad_token_id` to `eos_token_id`:151645 for open-end generation.
{"cell": "internvl35_8b_budget54_seed29_strict65_p0_shuffled_letterbox54", "latency_seconds": 3.8765571573749185, "peak_allocated_bytes": 82354933248, "progress": "254/260", "status": "ok"}
Setting `pad_token_id` to `eos_token_id`:151645 for open-end generation.
{"cell": "internvl35_8b_budget54_seed29_strict65_p0_shuffled_letterbox54", "latency_seconds": 3.8875015964731574, "peak_allocated_bytes": 82464866304, "progress": "255/260", "status": "ok"}
Setting `pad_token_id` to `eos_token_id`:151645 for open-end generation.
{"cell": "internvl35_8b_budget54_seed29_strict65_p0_shuffled_letterbox54", "latency_seconds": 5.713455840945244, "peak_allocated_bytes": 82400728576, "progress": "256/260", "status": "ok"}
Setting `pad_token_id` to `eos_token_id`:151645 for open-end generation.
{"cell": "internvl35_8b_budget54_seed29_strict65_p0_shuffled_letterbox54", "latency_seconds": 3.86856562551111, "peak_allocated_bytes": 82519867392, "progress": "257/260", "status": "ok"}
Setting `pad_token_id` to `eos_token_id`:151645 for open-end generation.
{"cell": "internvl35_8b_budget54_seed29_strict65_p0_shuffled_letterbox54", "latency_seconds": 3.874674217775464, "peak_allocated_bytes": 82354933248, "progress": "258/260", "status": "ok"}
Setting `pad_token_id` to `eos_token_id`:151645 for open-end generation.
{"cell": "internvl35_8b_budget54_seed29_strict65_p0_shuffled_letterbox54", "latency_seconds": 3.4897270733490586, "peak_allocated_bytes": 82483197440, "progress": "259/260", "status": "ok"}
Setting `pad_token_id` to `eos_token_id`:151645 for open-end generation.
{"cell": "internvl35_8b_budget54_seed29_strict65_p0_shuffled_letterbox54", "latency_seconds": 4.112359561026096, "peak_allocated_bytes": 82464866304, "progress": "260/260", "status": "ok"}
Setting `pad_token_id` to `eos_token_id`:151645 for open-end generation.
{"cell": "internvl35_8b_budget54_seed29_strict65_p0_text_only_letterbox54", "latency_seconds": 0.1059136250987649, "peak_allocated_bytes": 17119846400, "progress": "1/260", "status": "ok"}
Setting `pad_token_id` to `eos_token_id`:151645 for open-end generation.
{"cell": "internvl35_8b_budget54_seed29_strict65_p0_text_only_letterbox54", "latency_seconds": 0.07050932198762894, "peak_allocated_bytes": 17115576320, "progress": "2/260", "status": "ok"}
Setting `pad_token_id` to `eos_token_id`:151645 for open-end generation.
{"cell": "internvl35_8b_budget54_seed29_strict65_p0_text_only_letterbox54", "latency_seconds": 0.0621023029088974, "peak_allocated_bytes": 17118509056, "progress": "3/260", "status": "ok"}
Setting `pad_token_id` to `eos_token_id`:151645 for open-end generation.
{"cell": "internvl35_8b_budget54_seed29_strict65_p0_text_only_letterbox54", "latency_seconds": 0.6790604963898659, "peak_allocated_bytes": 17116640768, "progress": "4/260", "status": "ok"}
Setting `pad_token_id` to `eos_token_id`:151645 for open-end generation.
{"cell": "internvl35_8b_budget54_seed29_strict65_p0_text_only_letterbox54", "latency_seconds": 0.09216548968106508, "peak_allocated_bytes": 17120919040, "progress": "5/260", "status": "ok"}
Setting `pad_token_id` to `eos_token_id`:151645 for open-end generation.
{"cell": "internvl35_8b_budget54_seed29_strict65_p0_text_only_letterbox54", "latency_seconds": 0.06748544424772263, "peak_allocated_bytes": 17116640768, "progress": "6/260", "status": "ok"}
Setting `pad_token_id` to `eos_token_id`:151645 for open-end generation.
{"cell": "internvl35_8b_budget54_seed29_strict65_p0_text_only_letterbox54", "latency_seconds": 0.0626715524122119, "peak_allocated_bytes": 17117707264, "progress": "7/260", "status": "ok"}
Setting `pad_token_id` to `eos_token_id`:151645 for open-end generation.
{"cell": "internvl35_8b_budget54_seed29_strict65_p0_text_only_letterbox54", "latency_seconds": 14.20711717568338, "peak_allocated_bytes": 17205251072, "progress": "8/260", "status": "ok"}
Setting `pad_token_id` to `eos_token_id`:151645 for open-end generation.
{"cell": "internvl35_8b_budget54_seed29_strict65_p0_text_only_letterbox54", "latency_seconds": 0.08558201882988214, "peak_allocated_bytes": 17120919040, "progress": "9/260", "status": "ok"}
Setting `pad_token_id` to `eos_token_id`:151645 for open-end generation.
{"cell": "internvl35_8b_budget54_seed29_strict65_p0_text_only_letterbox54", "latency_seconds": 0.09023262094706297, "peak_allocated_bytes": 17116375040, "progress": "10/260", "status": "ok"}
Setting `pad_token_id` to `eos_token_id`:151645 for open-end generation.
{"cell": "internvl35_8b_budget54_seed29_strict65_p0_text_only_letterbox54", "latency_seconds": 0.0703326491639018, "peak_allocated_bytes": 17118240768, "progress": "11/260", "status": "ok"}
Setting `pad_token_id` to `eos_token_id`:151645 for open-end generation.
{"cell": "internvl35_8b_budget54_seed29_strict65_p0_text_only_letterbox54", "latency_seconds": 0.5038874708116055, "peak_allocated_bytes": 17117441024, "progress": "12/260", "status": "ok"}
Setting `pad_token_id` to `eos_token_id`:151645 for open-end generation.
{"cell": "internvl35_8b_budget54_seed29_strict65_p0_text_only_letterbox54", "latency_seconds": 0.09061863366514444, "peak_allocated_bytes": 17121456128, "progress": "13/260", "status": "ok"}
Setting `pad_token_id` to `eos_token_id`:151645 for open-end generation.
{"cell": "internvl35_8b_budget54_seed29_strict65_p0_text_only_letterbox54", "latency_seconds": 0.06285523902624846, "peak_allocated_bytes": 17116908032, "progress": "14/260", "status": "ok"}
Setting `pad_token_id` to `eos_token_id`:151645 for open-end generation.
{"cell": "internvl35_8b_budget54_seed29_strict65_p0_text_only_letterbox54", "latency_seconds": 0.05839650146663189, "peak_allocated_bytes": 17117441024, "progress": "15/260", "status": "ok"}
Setting `pad_token_id` to `eos_token_id`:151645 for open-end generation.
{"cell": "internvl35_8b_budget54_seed29_strict65_p0_text_only_letterbox54", "latency_seconds": 1.3060721419751644, "peak_allocated_bytes": 17119044096, "progress": "16/260", "status": "ok"}
Setting `pad_token_id` to `eos_token_id`:151645 for open-end generation.
{"cell": "internvl35_8b_budget54_seed29_strict65_p0_text_only_letterbox54", "latency_seconds": 0.05968987196683884, "peak_allocated_bytes": 17118509056, "progress": "17/260", "status": "ok"}
Setting `pad_token_id` to `eos_token_id`:151645 for open-end generation.
{"cell": "internvl35_8b_budget54_seed29_strict65_p0_text_only_letterbox54", "latency_seconds": 0.05930951051414013, "peak_allocated_bytes": 17116640768, "progress": "18/260", "status": "ok"}
Setting `pad_token_id` to `eos_token_id`:151645 for open-end generation.
{"cell": "internvl35_8b_budget54_seed29_strict65_p0_text_only_letterbox54", "latency_seconds": 0.05869362689554691, "peak_allocated_bytes": 17117707264, "progress": "19/260", "status": "ok"}
Setting `pad_token_id` to `eos_token_id`:151645 for open-end generation.
{"cell": "internvl35_8b_budget54_seed29_strict65_p0_text_only_letterbox54", "latency_seconds": 0.45698439702391624, "peak_allocated_bytes": 17117707264, "progress": "20/260", "status": "ok"}
Setting `pad_token_id` to `eos_token_id`:151645 for open-end generation.
{"cell": "internvl35_8b_budget54_seed29_strict65_p0_text_only_letterbox54", "latency_seconds": 0.09068189188838005, "peak_allocated_bytes": 17121188352, "progress": "21/260", "status": "ok"}
Setting `pad_token_id` to `eos_token_id`:151645 for open-end generation.
{"cell": "internvl35_8b_budget54_seed29_strict65_p0_text_only_letterbox54", "latency_seconds": 3.95049365516752, "peak_allocated_bytes": 17132754432, "progress": "22/260", "status": "ok"}
Setting `pad_token_id` to `eos_token_id`:151645 for open-end generation.
{"cell": "internvl35_8b_budget54_seed29_strict65_p0_text_only_letterbox54", "latency_seconds": 0.06319330912083387, "peak_allocated_bytes": 17117975040, "progress": "23/260", "status": "ok"}
Setting `pad_token_id` to `eos_token_id`:151645 for open-end generation.
{"cell": "internvl35_8b_budget54_seed29_strict65_p0_text_only_letterbox54", "latency_seconds": 0.438878670334816, "peak_allocated_bytes": 17117173760, "progress": "24/260", "status": "ok"}
Setting `pad_token_id` to `eos_token_id`:151645 for open-end generation.
{"cell": "internvl35_8b_budget54_seed29_strict65_p0_text_only_letterbox54", "latency_seconds": 0.08940248750150204, "peak_allocated_bytes": 17119310848, "progress": "25/260", "status": "ok"}
Setting `pad_token_id` to `eos_token_id`:151645 for open-end generation.
{"cell": "internvl35_8b_budget54_seed29_strict65_p0_text_only_letterbox54", "latency_seconds": 0.08505636733025312, "peak_allocated_bytes": 17116640768, "progress": "26/260", "status": "ok"}
Setting `pad_token_id` to `eos_token_id`:151645 for open-end generation.
{"cell": "internvl35_8b_budget54_seed29_strict65_p0_text_only_letterbox54", "latency_seconds": 0.06216072477400303, "peak_allocated_bytes": 17118775808, "progress": "27/260", "status": "ok"}
Setting `pad_token_id` to `eos_token_id`:151645 for open-end generation.
{"cell": "internvl35_8b_budget54_seed29_strict65_p0_text_only_letterbox54", "latency_seconds": 14.146221525967121, "peak_allocated_bytes": 17205226496, "progress": "28/260", "status": "ok"}
Setting `pad_token_id` to `eos_token_id`:151645 for open-end generation.
{"cell": "internvl35_8b_budget54_seed29_strict65_p0_text_only_letterbox54", "latency_seconds": 0.09005443286150694, "peak_allocated_bytes": 17120651776, "progress": "29/260", "status": "ok"}
Setting `pad_token_id` to `eos_token_id`:151645 for open-end generation.
{"cell": "internvl35_8b_budget54_seed29_strict65_p0_text_only_letterbox54", "latency_seconds": 0.05814531724900007, "peak_allocated_bytes": 17116640768, "progress": "30/260", "status": "ok"}
Setting `pad_token_id` to `eos_token_id`:151645 for open-end generation.
{"cell": "internvl35_8b_budget54_seed29_strict65_p0_text_only_letterbox54", "latency_seconds": 0.05795206967741251, "peak_allocated_bytes": 17119044096, "progress": "31/260", "status": "ok"}
Setting `pad_token_id` to `eos_token_id`:151645 for open-end generation.
{"cell": "internvl35_8b_budget54_seed29_strict65_p0_text_only_letterbox54", "latency_seconds": 14.125305816531181, "peak_allocated_bytes": 17205226496, "progress": "32/260", "status": "ok"}
Setting `pad_token_id` to `eos_token_id`:151645 for open-end generation.
{"cell": "internvl35_8b_budget54_seed29_strict65_p0_text_only_letterbox54", "latency_seconds": 0.05868661589920521, "peak_allocated_bytes": 17118509056, "progress": "33/260", "status": "ok"}
Setting `pad_token_id` to `eos_token_id`:151645 for open-end generation.
{"cell": "internvl35_8b_budget54_seed29_strict65_p0_text_only_letterbox54", "latency_seconds": 0.05854566488415003, "peak_allocated_bytes": 17116640768, "progress": "34/260", "status": "ok"}
Setting `pad_token_id` to `eos_token_id`:151645 for open-end generation.
{"cell": "internvl35_8b_budget54_seed29_strict65_p0_text_only_letterbox54", "latency_seconds": 0.058398677967488766, "peak_allocated_bytes": 17117441024, "progress": "35/260", "status": "ok"}
Setting `pad_token_id` to `eos_token_id`:151645 for open-end generation.
{"cell": "internvl35_8b_budget54_seed29_strict65_p0_text_only_letterbox54", "latency_seconds": 14.11449611838907, "peak_allocated_bytes": 17205450240, "progress": "36/260", "status": "ok"}
Setting `pad_token_id` to `eos_token_id`:151645 for open-end generation.
{"cell": "internvl35_8b_budget54_seed29_strict65_p0_text_only_letterbox54", "latency_seconds": 0.08639173395931721, "peak_allocated_bytes": 17118775808, "progress": "37/260", "status": "ok"}
Setting `pad_token_id` to `eos_token_id`:151645 for open-end generation.
{"cell": "internvl35_8b_budget54_seed29_strict65_p0_text_only_letterbox54", "latency_seconds": 0.05857822857797146, "peak_allocated_bytes": 17116108288, "progress": "38/260", "status": "ok"}
Setting `pad_token_id` to `eos_token_id`:151645 for open-end generation.
{"cell": "internvl35_8b_budget54_seed29_strict65_p0_text_only_letterbox54", "latency_seconds": 0.4731974434107542, "peak_allocated_bytes": 17117173760, "progress": "39/260", "status": "ok"}
Setting `pad_token_id` to `eos_token_id`:151645 for open-end generation.
{"cell": "internvl35_8b_budget54_seed29_strict65_p0_text_only_letterbox54", "latency_seconds": 14.337091961875558, "peak_allocated_bytes": 17205401088, "progress": "40/260", "status": "ok"}
Setting `pad_token_id` to `eos_token_id`:151645 for open-end generation.
{"cell": "internvl35_8b_budget54_seed29_strict65_p0_text_only_letterbox54", "latency_seconds": 0.05812280438840389, "peak_allocated_bytes": 17118775808, "progress": "41/260", "status": "ok"}
Setting `pad_token_id` to `eos_token_id`:151645 for open-end generation.
{"cell": "internvl35_8b_budget54_seed29_strict65_p0_text_only_letterbox54", "latency_seconds": 0.05817714426666498, "peak_allocated_bytes": 17116375040, "progress": "42/260", "status": "ok"}
Setting `pad_token_id` to `eos_token_id`:151645 for open-end generation.
{"cell": "internvl35_8b_budget54_seed29_strict65_p0_text_only_letterbox54", "latency_seconds": 0.05827002879232168, "peak_allocated_bytes": 17117975040, "progress": "43/260", "status": "ok"}
Setting `pad_token_id` to `eos_token_id`:151645 for open-end generation.
{"cell": "internvl35_8b_budget54_seed29_strict65_p0_text_only_letterbox54", "latency_seconds": 1.6465537883341312, "peak_allocated_bytes": 17119390720, "progress": "44/260", "status": "ok"}
Setting `pad_token_id` to `eos_token_id`:151645 for open-end generation.
{"cell": "internvl35_8b_budget54_seed29_strict65_p0_text_only_letterbox54", "latency_seconds": 0.08560999296605587, "peak_allocated_bytes": 17119044096, "progress": "45/260", "status": "ok"}
Setting `pad_token_id` to `eos_token_id`:151645 for open-end generation.
{"cell": "internvl35_8b_budget54_seed29_strict65_p0_text_only_letterbox54", "latency_seconds": 0.05794307868927717, "peak_allocated_bytes": 17116640768, "progress": "46/260", "status": "ok"}
Setting `pad_token_id` to `eos_token_id`:151645 for open-end generation.
{"cell": "internvl35_8b_budget54_seed29_strict65_p0_text_only_letterbox54", "latency_seconds": 0.057839962653815746, "peak_allocated_bytes": 17118509056, "progress": "47/260", "status": "ok"}
Setting `pad_token_id` to `eos_token_id`:151645 for open-end generation.
{"cell": "internvl35_8b_budget54_seed29_strict65_p0_text_only_letterbox54", "latency_seconds": 0.4948216425254941, "peak_allocated_bytes": 17117441024, "progress": "48/260", "status": "ok"}
Setting `pad_token_id` to `eos_token_id`:151645 for open-end generation.
{"cell": "internvl35_8b_budget54_seed29_strict65_p0_text_only_letterbox54", "latency_seconds": 0.057689786888659, "peak_allocated_bytes": 17118240768, "progress": "49/260", "status": "ok"}
Setting `pad_token_id` to `eos_token_id`:151645 for open-end generation.
{"cell": "internvl35_8b_budget54_seed29_strict65_p0_text_only_letterbox54", "latency_seconds": 0.33052350860089064, "peak_allocated_bytes": 17117173760, "progress": "50/260", "status": "ok"}
Setting `pad_token_id` to `eos_token_id`:151645 for open-end generation.
{"cell": "internvl35_8b_budget54_seed29_strict65_p0_text_only_letterbox54", "latency_seconds": 0.06852749828249216, "peak_allocated_bytes": 17118775808, "progress": "51/260", "status": "ok"}
Setting `pad_token_id` to `eos_token_id`:151645 for open-end generation.
{"cell": "internvl35_8b_budget54_seed29_strict65_p0_text_only_letterbox54", "latency_seconds": 14.182042088359594, "peak_allocated_bytes": 17205350912, "progress": "52/260", "status": "ok"}
Setting `pad_token_id` to `eos_token_id`:151645 for open-end generation.
{"cell": "internvl35_8b_budget54_seed29_strict65_p0_text_only_letterbox54", "latency_seconds": 0.05820638593286276, "peak_allocated_bytes": 17119846400, "progress": "53/260", "status": "ok"}
Setting `pad_token_id` to `eos_token_id`:151645 for open-end generation.
{"cell": "internvl35_8b_budget54_seed29_strict65_p0_text_only_letterbox54", "latency_seconds": 0.0580398365855217, "peak_allocated_bytes": 17115843072, "progress": "54/260", "status": "ok"}
Setting `pad_token_id` to `eos_token_id`:151645 for open-end generation.
{"cell": "internvl35_8b_budget54_seed29_strict65_p0_text_only_letterbox54", "latency_seconds": 0.05814336985349655, "peak_allocated_bytes": 17117975040, "progress": "55/260", "status": "ok"}
Setting `pad_token_id` to `eos_token_id`:151645 for open-end generation.
{"cell": "internvl35_8b_budget54_seed29_strict65_p0_text_only_letterbox54", "latency_seconds": 14.172325418330729, "peak_allocated_bytes": 17205301760, "progress": "56/260", "status": "ok"}
Setting `pad_token_id` to `eos_token_id`:151645 for open-end generation.
{"cell": "internvl35_8b_budget54_seed29_strict65_p0_text_only_letterbox54", "latency_seconds": 0.08997178822755814, "peak_allocated_bytes": 17120115200, "progress": "57/260", "status": "ok"}
Setting `pad_token_id` to `eos_token_id`:151645 for open-end generation.
{"cell": "internvl35_8b_budget54_seed29_strict65_p0_text_only_letterbox54", "latency_seconds": 0.058614110574126244, "peak_allocated_bytes": 17116640768, "progress": "58/260", "status": "ok"}
Setting `pad_token_id` to `eos_token_id`:151645 for open-end generation.
{"cell": "internvl35_8b_budget54_seed29_strict65_p0_text_only_letterbox54", "latency_seconds": 0.05814814195036888, "peak_allocated_bytes": 17119310848, "progress": "59/260", "status": "ok"}
Setting `pad_token_id` to `eos_token_id`:151645 for open-end generation.
{"cell": "internvl35_8b_budget54_seed29_strict65_p0_text_only_letterbox54", "latency_seconds": 14.198226098902524, "peak_allocated_bytes": 17205425664, "progress": "60/260", "status": "ok"}
Setting `pad_token_id` to `eos_token_id`:151645 for open-end generation.
{"cell": "internvl35_8b_budget54_seed29_strict65_p0_text_only_letterbox54", "latency_seconds": 0.0898998724296689, "peak_allocated_bytes": 17119579136, "progress": "61/260", "status": "ok"}
Setting `pad_token_id` to `eos_token_id`:151645 for open-end generation.
{"cell": "internvl35_8b_budget54_seed29_strict65_p0_text_only_letterbox54", "latency_seconds": 0.058232310228049755, "peak_allocated_bytes": 17116640768, "progress": "62/260", "status": "ok"}
Setting `pad_token_id` to `eos_token_id`:151645 for open-end generation.
{"cell": "internvl35_8b_budget54_seed29_strict65_p0_text_only_letterbox54", "latency_seconds": 0.05812204256653786, "peak_allocated_bytes": 17118240768, "progress": "63/260", "status": "ok"}
Setting `pad_token_id` to `eos_token_id`:151645 for open-end generation.
{"cell": "internvl35_8b_budget54_seed29_strict65_p0_text_only_letterbox54", "latency_seconds": 14.123843907378614, "peak_allocated_bytes": 17205326336, "progress": "64/260", "status": "ok"}
Setting `pad_token_id` to `eos_token_id`:151645 for open-end generation.
{"cell": "internvl35_8b_budget54_seed29_strict65_p0_text_only_letterbox54", "latency_seconds": 0.05830738879740238, "peak_allocated_bytes": 17119310848, "progress": "65/260", "status": "ok"}
Setting `pad_token_id` to `eos_token_id`:151645 for open-end generation.
{"cell": "internvl35_8b_budget54_seed29_strict65_p0_text_only_letterbox54", "latency_seconds": 0.05816021468490362, "peak_allocated_bytes": 17116640768, "progress": "66/260", "status": "ok"}
Setting `pad_token_id` to `eos_token_id`:151645 for open-end generation.
{"cell": "internvl35_8b_budget54_seed29_strict65_p0_text_only_letterbox54", "latency_seconds": 0.057806601747870445, "peak_allocated_bytes": 17118240768, "progress": "67/260", "status": "ok"}
Setting `pad_token_id` to `eos_token_id`:151645 for open-end generation.
{"cell": "internvl35_8b_budget54_seed29_strict65_p0_text_only_letterbox54", "latency_seconds": 0.5776514019817114, "peak_allocated_bytes": 17117975040, "progress": "68/260", "status": "ok"}
Setting `pad_token_id` to `eos_token_id`:151645 for open-end generation.
{"cell": "internvl35_8b_budget54_seed29_strict65_p0_text_only_letterbox54", "latency_seconds": 0.08576815947890282, "peak_allocated_bytes": 17121456128, "progress": "69/260", "status": "ok"}
Setting `pad_token_id` to `eos_token_id`:151645 for open-end generation.
{"cell": "internvl35_8b_budget54_seed29_strict65_p0_text_only_letterbox54", "latency_seconds": 0.05814267788082361, "peak_allocated_bytes": 17116908032, "progress": "70/260", "status": "ok"}
Setting `pad_token_id` to `eos_token_id`:151645 for open-end generation.
{"cell": "internvl35_8b_budget54_seed29_strict65_p0_text_only_letterbox54", "latency_seconds": 0.05810127034783363, "peak_allocated_bytes": 17118509056, "progress": "71/260", "status": "ok"}
Setting `pad_token_id` to `eos_token_id`:151645 for open-end generation.
{"cell": "internvl35_8b_budget54_seed29_strict65_p0_text_only_letterbox54", "latency_seconds": 14.221849762834609, "peak_allocated_bytes": 17205375488, "progress": "72/260", "status": "ok"}
Setting `pad_token_id` to `eos_token_id`:151645 for open-end generation.
{"cell": "internvl35_8b_budget54_seed29_strict65_p0_text_only_letterbox54", "latency_seconds": 0.08704617619514465, "peak_allocated_bytes": 17119044096, "progress": "73/260", "status": "ok"}
Setting `pad_token_id` to `eos_token_id`:151645 for open-end generation.
{"cell": "internvl35_8b_budget54_seed29_strict65_p0_text_only_letterbox54", "latency_seconds": 0.05941315833479166, "peak_allocated_bytes": 17116908032, "progress": "74/260", "status": "ok"}
Setting `pad_token_id` to `eos_token_id`:151645 for open-end generation.
{"cell": "internvl35_8b_budget54_seed29_strict65_p0_text_only_letterbox54", "latency_seconds": 0.0643917415291071, "peak_allocated_bytes": 17119310848, "progress": "75/260", "status": "ok"}
Setting `pad_token_id` to `eos_token_id`:151645 for open-end generation.
{"cell": "internvl35_8b_budget54_seed29_strict65_p0_text_only_letterbox54", "latency_seconds": 0.40563322976231575, "peak_allocated_bytes": 17117173760, "progress": "76/260", "status": "ok"}
Setting `pad_token_id` to `eos_token_id`:151645 for open-end generation.
{"cell": "internvl35_8b_budget54_seed29_strict65_p0_text_only_letterbox54", "latency_seconds": 0.08643441740423441, "peak_allocated_bytes": 17119846400, "progress": "77/260", "status": "ok"}
Setting `pad_token_id` to `eos_token_id`:151645 for open-end generation.
{"cell": "internvl35_8b_budget54_seed29_strict65_p0_text_only_letterbox54", "latency_seconds": 0.44542018324136734, "peak_allocated_bytes": 17116908032, "progress": "78/260", "status": "ok"}
Setting `pad_token_id` to `eos_token_id`:151645 for open-end generation.
{"cell": "internvl35_8b_budget54_seed29_strict65_p0_text_only_letterbox54", "latency_seconds": 0.058654229156672955, "peak_allocated_bytes": 17119310848, "progress": "79/260", "status": "ok"}
Setting `pad_token_id` to `eos_token_id`:151645 for open-end generation.
{"cell": "internvl35_8b_budget54_seed29_strict65_p0_text_only_letterbox54", "latency_seconds": 0.4174807174131274, "peak_allocated_bytes": 17116375040, "progress": "80/260", "status": "ok"}
Setting `pad_token_id` to `eos_token_id`:151645 for open-end generation.
{"cell": "internvl35_8b_budget54_seed29_strict65_p0_text_only_letterbox54", "latency_seconds": 0.08629277348518372, "peak_allocated_bytes": 17119310848, "progress": "81/260", "status": "ok"}
Setting `pad_token_id` to `eos_token_id`:151645 for open-end generation.
{"cell": "internvl35_8b_budget54_seed29_strict65_p0_text_only_letterbox54", "latency_seconds": 0.0584731874987483, "peak_allocated_bytes": 17116908032, "progress": "82/260", "status": "ok"}
Setting `pad_token_id` to `eos_token_id`:151645 for open-end generation.
{"cell": "internvl35_8b_budget54_seed29_strict65_p0_text_only_letterbox54", "latency_seconds": 0.058580211363732815, "peak_allocated_bytes": 17119044096, "progress": "83/260", "status": "ok"}
Setting `pad_token_id` to `eos_token_id`:151645 for open-end generation.
{"cell": "internvl35_8b_budget54_seed29_strict65_p0_text_only_letterbox54", "latency_seconds": 14.27358290925622, "peak_allocated_bytes": 17205301760, "progress": "84/260", "status": "ok"}
Setting `pad_token_id` to `eos_token_id`:151645 for open-end generation.
{"cell": "internvl35_8b_budget54_seed29_strict65_p0_text_only_letterbox54", "latency_seconds": 0.08593818079680204, "peak_allocated_bytes": 17119846400, "progress": "85/260", "status": "ok"}
Setting `pad_token_id` to `eos_token_id`:151645 for open-end generation.
{"cell": "internvl35_8b_budget54_seed29_strict65_p0_text_only_letterbox54", "latency_seconds": 0.058499342761933804, "peak_allocated_bytes": 17115843072, "progress": "86/260", "status": "ok"}
Setting `pad_token_id` to `eos_token_id`:151645 for open-end generation.
{"cell": "internvl35_8b_budget54_seed29_strict65_p0_text_only_letterbox54", "latency_seconds": 0.05779128521680832, "peak_allocated_bytes": 17119044096, "progress": "87/260", "status": "ok"}
Setting `pad_token_id` to `eos_token_id`:151645 for open-end generation.
{"cell": "internvl35_8b_budget54_seed29_strict65_p0_text_only_letterbox54", "latency_seconds": 14.15161363594234, "peak_allocated_bytes": 17205425664, "progress": "88/260", "status": "ok"}
Setting `pad_token_id` to `eos_token_id`:151645 for open-end generation.
{"cell": "internvl35_8b_budget54_seed29_strict65_p0_text_only_letterbox54", "latency_seconds": 0.09011839423328638, "peak_allocated_bytes": 17121725952, "progress": "89/260", "status": "ok"}
Setting `pad_token_id` to `eos_token_id`:151645 for open-end generation.
{"cell": "internvl35_8b_budget54_seed29_strict65_p0_text_only_letterbox54", "latency_seconds": 0.09576537553220987, "peak_allocated_bytes": 17116640768, "progress": "90/260", "status": "ok"}
Setting `pad_token_id` to `eos_token_id`:151645 for open-end generation.
{"cell": "internvl35_8b_budget54_seed29_strict65_p0_text_only_letterbox54", "latency_seconds": 0.0579331936314702, "peak_allocated_bytes": 17117707264, "progress": "91/260", "status": "ok"}
Setting `pad_token_id` to `eos_token_id`:151645 for open-end generation.
{"cell": "internvl35_8b_budget54_seed29_strict65_p0_text_only_letterbox54", "latency_seconds": 0.4957817029207945, "peak_allocated_bytes": 17117173760, "progress": "92/260", "status": "ok"}
Setting `pad_token_id` to `eos_token_id`:151645 for open-end generation.
{"cell": "internvl35_8b_budget54_seed29_strict65_p0_text_only_letterbox54", "latency_seconds": 0.08583622146397829, "peak_allocated_bytes": 17118775808, "progress": "93/260", "status": "ok"}
Setting `pad_token_id` to `eos_token_id`:151645 for open-end generation.
{"cell": "internvl35_8b_budget54_seed29_strict65_p0_text_only_letterbox54", "latency_seconds": 0.39004659466445446, "peak_allocated_bytes": 17116640768, "progress": "94/260", "status": "ok"}
Setting `pad_token_id` to `eos_token_id`:151645 for open-end generation.
{"cell": "internvl35_8b_budget54_seed29_strict65_p0_text_only_letterbox54", "latency_seconds": 0.05853872932493687, "peak_allocated_bytes": 17119044096, "progress": "95/260", "status": "ok"}
Setting `pad_token_id` to `eos_token_id`:151645 for open-end generation.
{"cell": "internvl35_8b_budget54_seed29_strict65_p0_text_only_letterbox54", "latency_seconds": 1.3647206453606486, "peak_allocated_bytes": 17119310848, "progress": "96/260", "status": "ok"}
Setting `pad_token_id` to `eos_token_id`:151645 for open-end generation.
{"cell": "internvl35_8b_budget54_seed29_strict65_p0_text_only_letterbox54", "latency_seconds": 0.08626968692988157, "peak_allocated_bytes": 17120115200, "progress": "97/260", "status": "ok"}
Setting `pad_token_id` to `eos_token_id`:151645 for open-end generation.
{"cell": "internvl35_8b_budget54_seed29_strict65_p0_text_only_letterbox54", "latency_seconds": 0.42545538302510977, "peak_allocated_bytes": 17116108288, "progress": "98/260", "status": "ok"}
Setting `pad_token_id` to `eos_token_id`:151645 for open-end generation.
{"cell": "internvl35_8b_budget54_seed29_strict65_p0_text_only_letterbox54", "latency_seconds": 0.05800617393106222, "peak_allocated_bytes": 17118775808, "progress": "99/260", "status": "ok"}
Setting `pad_token_id` to `eos_token_id`:151645 for open-end generation.
{"cell": "internvl35_8b_budget54_seed29_strict65_p0_text_only_letterbox54", "latency_seconds": 2.472818899899721, "peak_allocated_bytes": 17124316672, "progress": "100/260", "status": "ok"}
Setting `pad_token_id` to `eos_token_id`:151645 for open-end generation.
{"cell": "internvl35_8b_budget54_seed29_strict65_p0_text_only_letterbox54", "latency_seconds": 0.08555302396416664, "peak_allocated_bytes": 17120919040, "progress": "101/260", "status": "ok"}
Setting `pad_token_id` to `eos_token_id`:151645 for open-end generation.
{"cell": "internvl35_8b_budget54_seed29_strict65_p0_text_only_letterbox54", "latency_seconds": 0.05810128338634968, "peak_allocated_bytes": 17116375040, "progress": "102/260", "status": "ok"}
Setting `pad_token_id` to `eos_token_id`:151645 for open-end generation.
{"cell": "internvl35_8b_budget54_seed29_strict65_p0_text_only_letterbox54", "latency_seconds": 0.057618292048573494, "peak_allocated_bytes": 17117707264, "progress": "103/260", "status": "ok"}
Setting `pad_token_id` to `eos_token_id`:151645 for open-end generation.
{"cell": "internvl35_8b_budget54_seed29_strict65_p0_text_only_letterbox54", "latency_seconds": 14.237303534522653, "peak_allocated_bytes": 17205450240, "progress": "104/260", "status": "ok"}
Setting `pad_token_id` to `eos_token_id`:151645 for open-end generation.
{"cell": "internvl35_8b_budget54_seed29_strict65_p0_text_only_letterbox54", "latency_seconds": 0.08592078275978565, "peak_allocated_bytes": 17118775808, "progress": "105/260", "status": "ok"}
Setting `pad_token_id` to `eos_token_id`:151645 for open-end generation.
{"cell": "internvl35_8b_budget54_seed29_strict65_p0_text_only_letterbox54", "latency_seconds": 0.0582313509657979, "peak_allocated_bytes": 17116640768, "progress": "106/260", "status": "ok"}
Setting `pad_token_id` to `eos_token_id`:151645 for open-end generation.
{"cell": "internvl35_8b_budget54_seed29_strict65_p0_text_only_letterbox54", "latency_seconds": 0.05801144149154425, "peak_allocated_bytes": 17119044096, "progress": "107/260", "status": "ok"}
Setting `pad_token_id` to `eos_token_id`:151645 for open-end generation.
{"cell": "internvl35_8b_budget54_seed29_strict65_p0_text_only_letterbox54", "latency_seconds": 0.2500066664069891, "peak_allocated_bytes": 17116640768, "progress": "108/260", "status": "ok"}
Setting `pad_token_id` to `eos_token_id`:151645 for open-end generation.
{"cell": "internvl35_8b_budget54_seed29_strict65_p0_text_only_letterbox54", "latency_seconds": 0.08568932954221964, "peak_allocated_bytes": 17121456128, "progress": "109/260", "status": "ok"}
Setting `pad_token_id` to `eos_token_id`:151645 for open-end generation.
{"cell": "internvl35_8b_budget54_seed29_strict65_p0_text_only_letterbox54", "latency_seconds": 0.057994927279651165, "peak_allocated_bytes": 17115843072, "progress": "110/260", "status": "ok"}
Setting `pad_token_id` to `eos_token_id`:151645 for open-end generation.
{"cell": "internvl35_8b_budget54_seed29_strict65_p0_text_only_letterbox54", "latency_seconds": 0.08549612481147051, "peak_allocated_bytes": 17117975040, "progress": "111/260", "status": "ok"}
Setting `pad_token_id` to `eos_token_id`:151645 for open-end generation.
{"cell": "internvl35_8b_budget54_seed29_strict65_p0_text_only_letterbox54", "latency_seconds": 0.5029465472325683, "peak_allocated_bytes": 17116908032, "progress": "112/260", "status": "ok"}
Setting `pad_token_id` to `eos_token_id`:151645 for open-end generation.
{"cell": "internvl35_8b_budget54_seed29_strict65_p0_text_only_letterbox54", "latency_seconds": 0.08798157516866922, "peak_allocated_bytes": 17120919040, "progress": "113/260", "status": "ok"}
Setting `pad_token_id` to `eos_token_id`:151645 for open-end generation.
{"cell": "internvl35_8b_budget54_seed29_strict65_p0_text_only_letterbox54", "latency_seconds": 0.058240205980837345, "peak_allocated_bytes": 17116375040, "progress": "114/260", "status": "ok"}
Setting `pad_token_id` to `eos_token_id`:151645 for open-end generation.
{"cell": "internvl35_8b_budget54_seed29_strict65_p0_text_only_letterbox54", "latency_seconds": 0.0680424552410841, "peak_allocated_bytes": 17118240768, "progress": "115/260", "status": "ok"}
Setting `pad_token_id` to `eos_token_id`:151645 for open-end generation.
{"cell": "internvl35_8b_budget54_seed29_strict65_p0_text_only_letterbox54", "latency_seconds": 0.5513166161254048, "peak_allocated_bytes": 17116640768, "progress": "116/260", "status": "ok"}
Setting `pad_token_id` to `eos_token_id`:151645 for open-end generation.
{"cell": "internvl35_8b_budget54_seed29_strict65_p0_text_only_letterbox54", "latency_seconds": 0.09398462995886803, "peak_allocated_bytes": 17120382464, "progress": "117/260", "status": "ok"}
Setting `pad_token_id` to `eos_token_id`:151645 for open-end generation.
{"cell": "internvl35_8b_budget54_seed29_strict65_p0_text_only_letterbox54", "latency_seconds": 0.05844077467918396, "peak_allocated_bytes": 17116908032, "progress": "118/260", "status": "ok"}
Setting `pad_token_id` to `eos_token_id`:151645 for open-end generation.
{"cell": "internvl35_8b_budget54_seed29_strict65_p0_text_only_letterbox54", "latency_seconds": 0.05832978617399931, "peak_allocated_bytes": 17117707264, "progress": "119/260", "status": "ok"}
Setting `pad_token_id` to `eos_token_id`:151645 for open-end generation.
{"cell": "internvl35_8b_budget54_seed29_strict65_p0_text_only_letterbox54", "latency_seconds": 0.16795542556792498, "peak_allocated_bytes": 17117173760, "progress": "120/260", "status": "ok"}
Setting `pad_token_id` to `eos_token_id`:151645 for open-end generation.
{"cell": "internvl35_8b_budget54_seed29_strict65_p0_text_only_letterbox54", "latency_seconds": 0.08563332445919514, "peak_allocated_bytes": 17119310848, "progress": "121/260", "status": "ok"}
Setting `pad_token_id` to `eos_token_id`:151645 for open-end generation.
{"cell": "internvl35_8b_budget54_seed29_strict65_p0_text_only_letterbox54", "latency_seconds": 0.05806329008191824, "peak_allocated_bytes": 17116640768, "progress": "122/260", "status": "ok"}
Setting `pad_token_id` to `eos_token_id`:151645 for open-end generation.
{"cell": "internvl35_8b_budget54_seed29_strict65_p0_text_only_letterbox54", "latency_seconds": 0.5171255739405751, "peak_allocated_bytes": 17117707264, "progress": "123/260", "status": "ok"}
Setting `pad_token_id` to `eos_token_id`:151645 for open-end generation.
{"cell": "internvl35_8b_budget54_seed29_strict65_p0_text_only_letterbox54", "latency_seconds": 0.579385083168745, "peak_allocated_bytes": 17117441024, "progress": "124/260", "status": "ok"}
Setting `pad_token_id` to `eos_token_id`:151645 for open-end generation.
{"cell": "internvl35_8b_budget54_seed29_strict65_p0_text_only_letterbox54", "latency_seconds": 0.08605826925486326, "peak_allocated_bytes": 17120651776, "progress": "125/260", "status": "ok"}
Setting `pad_token_id` to `eos_token_id`:151645 for open-end generation.
{"cell": "internvl35_8b_budget54_seed29_strict65_p0_text_only_letterbox54", "latency_seconds": 0.414251790381968, "peak_allocated_bytes": 17116908032, "progress": "126/260", "status": "ok"}
Setting `pad_token_id` to `eos_token_id`:151645 for open-end generation.
{"cell": "internvl35_8b_budget54_seed29_strict65_p0_text_only_letterbox54", "latency_seconds": 0.05814742110669613, "peak_allocated_bytes": 17118509056, "progress": "127/260", "status": "ok"}
Setting `pad_token_id` to `eos_token_id`:151645 for open-end generation.
{"cell": "internvl35_8b_budget54_seed29_strict65_p0_text_only_letterbox54", "latency_seconds": 0.6807279018685222, "peak_allocated_bytes": 17117441024, "progress": "128/260", "status": "ok"}
Setting `pad_token_id` to `eos_token_id`:151645 for open-end generation.
{"cell": "internvl35_8b_budget54_seed29_strict65_p0_text_only_letterbox54", "latency_seconds": 0.0581012312322855, "peak_allocated_bytes": 17119579136, "progress": "129/260", "status": "ok"}
Setting `pad_token_id` to `eos_token_id`:151645 for open-end generation.
{"cell": "internvl35_8b_budget54_seed29_strict65_p0_text_only_letterbox54", "latency_seconds": 0.0581968380138278, "peak_allocated_bytes": 17116640768, "progress": "130/260", "status": "ok"}
Setting `pad_token_id` to `eos_token_id`:151645 for open-end generation.
{"cell": "internvl35_8b_budget54_seed29_strict65_p0_text_only_letterbox54", "latency_seconds": 0.05813822150230408, "peak_allocated_bytes": 17118775808, "progress": "131/260", "status": "ok"}
Setting `pad_token_id` to `eos_token_id`:151645 for open-end generation.
{"cell": "internvl35_8b_budget54_seed29_strict65_p0_text_only_letterbox54", "latency_seconds": 0.11304243933409452, "peak_allocated_bytes": 17116908032, "progress": "132/260", "status": "ok"}
Setting `pad_token_id` to `eos_token_id`:151645 for open-end generation.
{"cell": "internvl35_8b_budget54_seed29_strict65_p0_text_only_letterbox54", "latency_seconds": 0.08525901474058628, "peak_allocated_bytes": 17120651776, "progress": "133/260", "status": "ok"}
Setting `pad_token_id` to `eos_token_id`:151645 for open-end generation.
{"cell": "internvl35_8b_budget54_seed29_strict65_p0_text_only_letterbox54", "latency_seconds": 0.08531699609011412, "peak_allocated_bytes": 17116375040, "progress": "134/260", "status": "ok"}
Setting `pad_token_id` to `eos_token_id`:151645 for open-end generation.
{"cell": "internvl35_8b_budget54_seed29_strict65_p0_text_only_letterbox54", "latency_seconds": 0.05808380339294672, "peak_allocated_bytes": 17118775808, "progress": "135/260", "status": "ok"}
Setting `pad_token_id` to `eos_token_id`:151645 for open-end generation.
{"cell": "internvl35_8b_budget54_seed29_strict65_p0_text_only_letterbox54", "latency_seconds": 14.149461781606078, "peak_allocated_bytes": 17205425664, "progress": "136/260", "status": "ok"}
Setting `pad_token_id` to `eos_token_id`:151645 for open-end generation.
{"cell": "internvl35_8b_budget54_seed29_strict65_p0_text_only_letterbox54", "latency_seconds": 0.08594845794141293, "peak_allocated_bytes": 17120382464, "progress": "137/260", "status": "ok"}
Setting `pad_token_id` to `eos_token_id`:151645 for open-end generation.
{"cell": "internvl35_8b_budget54_seed29_strict65_p0_text_only_letterbox54", "latency_seconds": 0.05831248592585325, "peak_allocated_bytes": 17115576320, "progress": "138/260", "status": "ok"}
Setting `pad_token_id` to `eos_token_id`:151645 for open-end generation.
{"cell": "internvl35_8b_budget54_seed29_strict65_p0_text_only_letterbox54", "latency_seconds": 0.058449228294193745, "peak_allocated_bytes": 17117975040, "progress": "139/260", "status": "ok"}
Setting `pad_token_id` to `eos_token_id`:151645 for open-end generation.
{"cell": "internvl35_8b_budget54_seed29_strict65_p0_text_only_letterbox54", "latency_seconds": 0.24894431326538324, "peak_allocated_bytes": 17117441024, "progress": "140/260", "status": "ok"}
Setting `pad_token_id` to `eos_token_id`:151645 for open-end generation.
{"cell": "internvl35_8b_budget54_seed29_strict65_p0_text_only_letterbox54", "latency_seconds": 0.05810429807752371, "peak_allocated_bytes": 17119310848, "progress": "141/260", "status": "ok"}
Setting `pad_token_id` to `eos_token_id`:151645 for open-end generation.
{"cell": "internvl35_8b_budget54_seed29_strict65_p0_text_only_letterbox54", "latency_seconds": 0.05812026094645262, "peak_allocated_bytes": 17115576320, "progress": "142/260", "status": "ok"}
Setting `pad_token_id` to `eos_token_id`:151645 for open-end generation.
{"cell": "internvl35_8b_budget54_seed29_strict65_p0_text_only_letterbox54", "latency_seconds": 0.05792138259857893, "peak_allocated_bytes": 17118240768, "progress": "143/260", "status": "ok"}
Setting `pad_token_id` to `eos_token_id`:151645 for open-end generation.
{"cell": "internvl35_8b_budget54_seed29_strict65_p0_text_only_letterbox54", "latency_seconds": 2.925105256959796, "peak_allocated_bytes": 17127294976, "progress": "144/260", "status": "ok"}
Setting `pad_token_id` to `eos_token_id`:151645 for open-end generation.
{"cell": "internvl35_8b_budget54_seed29_strict65_p0_text_only_letterbox54", "latency_seconds": 0.08595722913742065, "peak_allocated_bytes": 17119310848, "progress": "145/260", "status": "ok"}
Setting `pad_token_id` to `eos_token_id`:151645 for open-end generation.
{"cell": "internvl35_8b_budget54_seed29_strict65_p0_text_only_letterbox54", "latency_seconds": 0.058544259518384933, "peak_allocated_bytes": 17115843072, "progress": "146/260", "status": "ok"}
Setting `pad_token_id` to `eos_token_id`:151645 for open-end generation.
{"cell": "internvl35_8b_budget54_seed29_strict65_p0_text_only_letterbox54", "latency_seconds": 0.058505927212536335, "peak_allocated_bytes": 17117975040, "progress": "147/260", "status": "ok"}
Setting `pad_token_id` to `eos_token_id`:151645 for open-end generation.
{"cell": "internvl35_8b_budget54_seed29_strict65_p0_text_only_letterbox54", "latency_seconds": 14.1962276911363, "peak_allocated_bytes": 17205326336, "progress": "148/260", "status": "ok"}
Setting `pad_token_id` to `eos_token_id`:151645 for open-end generation.
{"cell": "internvl35_8b_budget54_seed29_strict65_p0_text_only_letterbox54", "latency_seconds": 0.08667650260031223, "peak_allocated_bytes": 17118775808, "progress": "149/260", "status": "ok"}
Setting `pad_token_id` to `eos_token_id`:151645 for open-end generation.
{"cell": "internvl35_8b_budget54_seed29_strict65_p0_text_only_letterbox54", "latency_seconds": 0.058583786711096764, "peak_allocated_bytes": 17115576320, "progress": "150/260", "status": "ok"}
Setting `pad_token_id` to `eos_token_id`:151645 for open-end generation.
{"cell": "internvl35_8b_budget54_seed29_strict65_p0_text_only_letterbox54", "latency_seconds": 0.058585491962730885, "peak_allocated_bytes": 17118775808, "progress": "151/260", "status": "ok"}
Setting `pad_token_id` to `eos_token_id`:151645 for open-end generation.
{"cell": "internvl35_8b_budget54_seed29_strict65_p0_text_only_letterbox54", "latency_seconds": 0.5004418483003974, "peak_allocated_bytes": 17117441024, "progress": "152/260", "status": "ok"}
Setting `pad_token_id` to `eos_token_id`:151645 for open-end generation.
{"cell": "internvl35_8b_budget54_seed29_strict65_p0_text_only_letterbox54", "latency_seconds": 0.08628504257649183, "peak_allocated_bytes": 17121456128, "progress": "153/260", "status": "ok"}
Setting `pad_token_id` to `eos_token_id`:151645 for open-end generation.
{"cell": "internvl35_8b_budget54_seed29_strict65_p0_text_only_letterbox54", "latency_seconds": 0.4006028166040778, "peak_allocated_bytes": 17116640768, "progress": "154/260", "status": "ok"}
Setting `pad_token_id` to `eos_token_id`:151645 for open-end generation.
{"cell": "internvl35_8b_budget54_seed29_strict65_p0_text_only_letterbox54", "latency_seconds": 0.05871275160461664, "peak_allocated_bytes": 17118240768, "progress": "155/260", "status": "ok"}
Setting `pad_token_id` to `eos_token_id`:151645 for open-end generation.
{"cell": "internvl35_8b_budget54_seed29_strict65_p0_text_only_letterbox54", "latency_seconds": 14.283952021971345, "peak_allocated_bytes": 17205401088, "progress": "156/260", "status": "ok"}
Setting `pad_token_id` to `eos_token_id`:151645 for open-end generation.
{"cell": "internvl35_8b_budget54_seed29_strict65_p0_text_only_letterbox54", "latency_seconds": 0.08588193543255329, "peak_allocated_bytes": 17119579136, "progress": "157/260", "status": "ok"}
Setting `pad_token_id` to `eos_token_id`:151645 for open-end generation.
{"cell": "internvl35_8b_budget54_seed29_strict65_p0_text_only_letterbox54", "latency_seconds": 0.08559238258749247, "peak_allocated_bytes": 17116375040, "progress": "158/260", "status": "ok"}
Setting `pad_token_id` to `eos_token_id`:151645 for open-end generation.
{"cell": "internvl35_8b_budget54_seed29_strict65_p0_text_only_letterbox54", "latency_seconds": 0.058050986379384995, "peak_allocated_bytes": 17117707264, "progress": "159/260", "status": "ok"}
Setting `pad_token_id` to `eos_token_id`:151645 for open-end generation.
{"cell": "internvl35_8b_budget54_seed29_strict65_p0_text_only_letterbox54", "latency_seconds": 3.907088159583509, "peak_allocated_bytes": 17133263872, "progress": "160/260", "status": "ok"}
Setting `pad_token_id` to `eos_token_id`:151645 for open-end generation.
{"cell": "internvl35_8b_budget54_seed29_strict65_p0_text_only_letterbox54", "latency_seconds": 0.09641045983880758, "peak_allocated_bytes": 17120382464, "progress": "161/260", "status": "ok"}
Setting `pad_token_id` to `eos_token_id`:151645 for open-end generation.
{"cell": "internvl35_8b_budget54_seed29_strict65_p0_text_only_letterbox54", "latency_seconds": 0.06274236459285021, "peak_allocated_bytes": 17114894848, "progress": "162/260", "status": "ok"}
Setting `pad_token_id` to `eos_token_id`:151645 for open-end generation.
{"cell": "internvl35_8b_budget54_seed29_strict65_p0_text_only_letterbox54", "latency_seconds": 0.05756600946187973, "peak_allocated_bytes": 17118509056, "progress": "163/260", "status": "ok"}
Setting `pad_token_id` to `eos_token_id`:151645 for open-end generation.
{"cell": "internvl35_8b_budget54_seed29_strict65_p0_text_only_letterbox54", "latency_seconds": 14.212601303122938, "peak_allocated_bytes": 17205251072, "progress": "164/260", "status": "ok"}
Setting `pad_token_id` to `eos_token_id`:151645 for open-end generation.
{"cell": "internvl35_8b_budget54_seed29_strict65_p0_text_only_letterbox54", "latency_seconds": 0.08698875736445189, "peak_allocated_bytes": 17120115200, "progress": "165/260", "status": "ok"}
Setting `pad_token_id` to `eos_token_id`:151645 for open-end generation.
{"cell": "internvl35_8b_budget54_seed29_strict65_p0_text_only_letterbox54", "latency_seconds": 0.05849088728427887, "peak_allocated_bytes": 17116640768, "progress": "166/260", "status": "ok"}
Setting `pad_token_id` to `eos_token_id`:151645 for open-end generation.
{"cell": "internvl35_8b_budget54_seed29_strict65_p0_text_only_letterbox54", "latency_seconds": 0.058634327724575996, "peak_allocated_bytes": 17119579136, "progress": "167/260", "status": "ok"}
Setting `pad_token_id` to `eos_token_id`:151645 for open-end generation.
{"cell": "internvl35_8b_budget54_seed29_strict65_p0_text_only_letterbox54", "latency_seconds": 0.6099696913734078, "peak_allocated_bytes": 17118240768, "progress": "168/260", "status": "ok"}
Setting `pad_token_id` to `eos_token_id`:151645 for open-end generation.
{"cell": "internvl35_8b_budget54_seed29_strict65_p0_text_only_letterbox54", "latency_seconds": 0.08609460946172476, "peak_allocated_bytes": 17118509056, "progress": "169/260", "status": "ok"}
Setting `pad_token_id` to `eos_token_id`:151645 for open-end generation.
{"cell": "internvl35_8b_budget54_seed29_strict65_p0_text_only_letterbox54", "latency_seconds": 0.0692066140472889, "peak_allocated_bytes": 17116108288, "progress": "170/260", "status": "ok"}
Setting `pad_token_id` to `eos_token_id`:151645 for open-end generation.
{"cell": "internvl35_8b_budget54_seed29_strict65_p0_text_only_letterbox54", "latency_seconds": 0.05854673869907856, "peak_allocated_bytes": 17119310848, "progress": "171/260", "status": "ok"}
Setting `pad_token_id` to `eos_token_id`:151645 for open-end generation.
{"cell": "internvl35_8b_budget54_seed29_strict65_p0_text_only_letterbox54", "latency_seconds": 0.5939351068809628, "peak_allocated_bytes": 17117975040, "progress": "172/260", "status": "ok"}
Setting `pad_token_id` to `eos_token_id`:151645 for open-end generation.
{"cell": "internvl35_8b_budget54_seed29_strict65_p0_text_only_letterbox54", "latency_seconds": 0.08637243323028088, "peak_allocated_bytes": 17119846400, "progress": "173/260", "status": "ok"}
Setting `pad_token_id` to `eos_token_id`:151645 for open-end generation.
{"cell": "internvl35_8b_budget54_seed29_strict65_p0_text_only_letterbox54", "latency_seconds": 0.0591350682079792, "peak_allocated_bytes": 17115576320, "progress": "174/260", "status": "ok"}
Setting `pad_token_id` to `eos_token_id`:151645 for open-end generation.
{"cell": "internvl35_8b_budget54_seed29_strict65_p0_text_only_letterbox54", "latency_seconds": 0.058497156016528606, "peak_allocated_bytes": 17119310848, "progress": "175/260", "status": "ok"}
Setting `pad_token_id` to `eos_token_id`:151645 for open-end generation.
{"cell": "internvl35_8b_budget54_seed29_strict65_p0_text_only_letterbox54", "latency_seconds": 0.7475229259580374, "peak_allocated_bytes": 17119310848, "progress": "176/260", "status": "ok"}
Setting `pad_token_id` to `eos_token_id`:151645 for open-end generation.
{"cell": "internvl35_8b_budget54_seed29_strict65_p0_text_only_letterbox54", "latency_seconds": 0.0862346114590764, "peak_allocated_bytes": 17119044096, "progress": "177/260", "status": "ok"}
Setting `pad_token_id` to `eos_token_id`:151645 for open-end generation.
{"cell": "internvl35_8b_budget54_seed29_strict65_p0_text_only_letterbox54", "latency_seconds": 0.058751643635332584, "peak_allocated_bytes": 17115843072, "progress": "178/260", "status": "ok"}
Setting `pad_token_id` to `eos_token_id`:151645 for open-end generation.
{"cell": "internvl35_8b_budget54_seed29_strict65_p0_text_only_letterbox54", "latency_seconds": 0.05859283450990915, "peak_allocated_bytes": 17119579136, "progress": "179/260", "status": "ok"}
Setting `pad_token_id` to `eos_token_id`:151645 for open-end generation.
{"cell": "internvl35_8b_budget54_seed29_strict65_p0_text_only_letterbox54", "latency_seconds": 14.207778448238969, "peak_allocated_bytes": 17205301760, "progress": "180/260", "status": "ok"}
Setting `pad_token_id` to `eos_token_id`:151645 for open-end generation.
{"cell": "internvl35_8b_budget54_seed29_strict65_p0_text_only_letterbox54", "latency_seconds": 0.09178628865629435, "peak_allocated_bytes": 17121994240, "progress": "181/260", "status": "ok"}
Setting `pad_token_id` to `eos_token_id`:151645 for open-end generation.
{"cell": "internvl35_8b_budget54_seed29_strict65_p0_text_only_letterbox54", "latency_seconds": 0.3618851946666837, "peak_allocated_bytes": 17117441024, "progress": "182/260", "status": "ok"}
Setting `pad_token_id` to `eos_token_id`:151645 for open-end generation.
{"cell": "internvl35_8b_budget54_seed29_strict65_p0_text_only_letterbox54", "latency_seconds": 0.05872960388660431, "peak_allocated_bytes": 17117975040, "progress": "183/260", "status": "ok"}
Setting `pad_token_id` to `eos_token_id`:151645 for open-end generation.
{"cell": "internvl35_8b_budget54_seed29_strict65_p0_text_only_letterbox54", "latency_seconds": 0.8793312115594745, "peak_allocated_bytes": 17117173760, "progress": "184/260", "status": "ok"}
Setting `pad_token_id` to `eos_token_id`:151645 for open-end generation.
{"cell": "internvl35_8b_budget54_seed29_strict65_p0_text_only_letterbox54", "latency_seconds": 0.08707423228770494, "peak_allocated_bytes": 17120115200, "progress": "185/260", "status": "ok"}
Setting `pad_token_id` to `eos_token_id`:151645 for open-end generation.
{"cell": "internvl35_8b_budget54_seed29_strict65_p0_text_only_letterbox54", "latency_seconds": 0.05867133382707834, "peak_allocated_bytes": 17116375040, "progress": "186/260", "status": "ok"}
Setting `pad_token_id` to `eos_token_id`:151645 for open-end generation.
{"cell": "internvl35_8b_budget54_seed29_strict65_p0_text_only_letterbox54", "latency_seconds": 0.058670238591730595, "peak_allocated_bytes": 17119044096, "progress": "187/260", "status": "ok"}
Setting `pad_token_id` to `eos_token_id`:151645 for open-end generation.
{"cell": "internvl35_8b_budget54_seed29_strict65_p0_text_only_letterbox54", "latency_seconds": 2.6393031990155578, "peak_allocated_bytes": 17125137408, "progress": "188/260", "status": "ok"}
Setting `pad_token_id` to `eos_token_id`:151645 for open-end generation.
{"cell": "internvl35_8b_budget54_seed29_strict65_p0_text_only_letterbox54", "latency_seconds": 0.0861327601596713, "peak_allocated_bytes": 17120919040, "progress": "189/260", "status": "ok"}
Setting `pad_token_id` to `eos_token_id`:151645 for open-end generation.
{"cell": "internvl35_8b_budget54_seed29_strict65_p0_text_only_letterbox54", "latency_seconds": 0.05852138251066208, "peak_allocated_bytes": 17116640768, "progress": "190/260", "status": "ok"}
Setting `pad_token_id` to `eos_token_id`:151645 for open-end generation.
{"cell": "internvl35_8b_budget54_seed29_strict65_p0_text_only_letterbox54", "latency_seconds": 0.058075444772839546, "peak_allocated_bytes": 17119044096, "progress": "191/260", "status": "ok"}
Setting `pad_token_id` to `eos_token_id`:151645 for open-end generation.
{"cell": "internvl35_8b_budget54_seed29_strict65_p0_text_only_letterbox54", "latency_seconds": 2.4308292837813497, "peak_allocated_bytes": 17123807744, "progress": "192/260", "status": "ok"}
Setting `pad_token_id` to `eos_token_id`:151645 for open-end generation.
{"cell": "internvl35_8b_budget54_seed29_strict65_p0_text_only_letterbox54", "latency_seconds": 0.08520042430609465, "peak_allocated_bytes": 17121188352, "progress": "193/260", "status": "ok"}
Setting `pad_token_id` to `eos_token_id`:151645 for open-end generation.
{"cell": "internvl35_8b_budget54_seed29_strict65_p0_text_only_letterbox54", "latency_seconds": 0.05804490018635988, "peak_allocated_bytes": 17116640768, "progress": "194/260", "status": "ok"}
Setting `pad_token_id` to `eos_token_id`:151645 for open-end generation.
{"cell": "internvl35_8b_budget54_seed29_strict65_p0_text_only_letterbox54", "latency_seconds": 0.058256360702216625, "peak_allocated_bytes": 17117975040, "progress": "195/260", "status": "ok"}
Setting `pad_token_id` to `eos_token_id`:151645 for open-end generation.
{"cell": "internvl35_8b_budget54_seed29_strict65_p0_text_only_letterbox54", "latency_seconds": 1.0364177292212844, "peak_allocated_bytes": 17117975040, "progress": "196/260", "status": "ok"}
Setting `pad_token_id` to `eos_token_id`:151645 for open-end generation.
{"cell": "internvl35_8b_budget54_seed29_strict65_p0_text_only_letterbox54", "latency_seconds": 0.08566373400390148, "peak_allocated_bytes": 17118775808, "progress": "197/260", "status": "ok"}
Setting `pad_token_id` to `eos_token_id`:151645 for open-end generation.
{"cell": "internvl35_8b_budget54_seed29_strict65_p0_text_only_letterbox54", "latency_seconds": 0.05841166339814663, "peak_allocated_bytes": 17116640768, "progress": "198/260", "status": "ok"}
Setting `pad_token_id` to `eos_token_id`:151645 for open-end generation.
{"cell": "internvl35_8b_budget54_seed29_strict65_p0_text_only_letterbox54", "latency_seconds": 0.05811331793665886, "peak_allocated_bytes": 17117707264, "progress": "199/260", "status": "ok"}
Setting `pad_token_id` to `eos_token_id`:151645 for open-end generation.
{"cell": "internvl35_8b_budget54_seed29_strict65_p0_text_only_letterbox54", "latency_seconds": 14.047667803242803, "peak_allocated_bytes": 17205425664, "progress": "200/260", "status": "ok"}
Setting `pad_token_id` to `eos_token_id`:151645 for open-end generation.
{"cell": "internvl35_8b_budget54_seed29_strict65_p0_text_only_letterbox54", "latency_seconds": 0.08717688173055649, "peak_allocated_bytes": 17118775808, "progress": "201/260", "status": "ok"}
Setting `pad_token_id` to `eos_token_id`:151645 for open-end generation.
{"cell": "internvl35_8b_budget54_seed29_strict65_p0_text_only_letterbox54", "latency_seconds": 0.05870324373245239, "peak_allocated_bytes": 17116908032, "progress": "202/260", "status": "ok"}
Setting `pad_token_id` to `eos_token_id`:151645 for open-end generation.
{"cell": "internvl35_8b_budget54_seed29_strict65_p0_text_only_letterbox54", "latency_seconds": 0.058788095600903034, "peak_allocated_bytes": 17119310848, "progress": "203/260", "status": "ok"}
Setting `pad_token_id` to `eos_token_id`:151645 for open-end generation.
{"cell": "internvl35_8b_budget54_seed29_strict65_p0_text_only_letterbox54", "latency_seconds": 14.186572374776006, "peak_allocated_bytes": 17205350912, "progress": "204/260", "status": "ok"}
Setting `pad_token_id` to `eos_token_id`:151645 for open-end generation.
{"cell": "internvl35_8b_budget54_seed29_strict65_p0_text_only_letterbox54", "latency_seconds": 0.058338514529168606, "peak_allocated_bytes": 17119846400, "progress": "205/260", "status": "ok"}
Setting `pad_token_id` to `eos_token_id`:151645 for open-end generation.
{"cell": "internvl35_8b_budget54_seed29_strict65_p0_text_only_letterbox54", "latency_seconds": 0.05802588909864426, "peak_allocated_bytes": 17116908032, "progress": "206/260", "status": "ok"}
Setting `pad_token_id` to `eos_token_id`:151645 for open-end generation.
{"cell": "internvl35_8b_budget54_seed29_strict65_p0_text_only_letterbox54", "latency_seconds": 0.05800362769514322, "peak_allocated_bytes": 17119579136, "progress": "207/260", "status": "ok"}
Setting `pad_token_id` to `eos_token_id`:151645 for open-end generation.
{"cell": "internvl35_8b_budget54_seed29_strict65_p0_text_only_letterbox54", "latency_seconds": 14.078726662322879, "peak_allocated_bytes": 17205450240, "progress": "208/260", "status": "ok"}
Setting `pad_token_id` to `eos_token_id`:151645 for open-end generation.
{"cell": "internvl35_8b_budget54_seed29_strict65_p0_text_only_letterbox54", "latency_seconds": 0.08585973735898733, "peak_allocated_bytes": 17119310848, "progress": "209/260", "status": "ok"}
Setting `pad_token_id` to `eos_token_id`:151645 for open-end generation.
{"cell": "internvl35_8b_budget54_seed29_strict65_p0_text_only_letterbox54", "latency_seconds": 0.05865022633224726, "peak_allocated_bytes": 17115576320, "progress": "210/260", "status": "ok"}
Setting `pad_token_id` to `eos_token_id`:151645 for open-end generation.
{"cell": "internvl35_8b_budget54_seed29_strict65_p0_text_only_letterbox54", "latency_seconds": 0.05854949355125427, "peak_allocated_bytes": 17117975040, "progress": "211/260", "status": "ok"}
Setting `pad_token_id` to `eos_token_id`:151645 for open-end generation.
{"cell": "internvl35_8b_budget54_seed29_strict65_p0_text_only_letterbox54", "latency_seconds": 0.5784815596416593, "peak_allocated_bytes": 17118509056, "progress": "212/260", "status": "ok"}
Setting `pad_token_id` to `eos_token_id`:151645 for open-end generation.
{"cell": "internvl35_8b_budget54_seed29_strict65_p0_text_only_letterbox54", "latency_seconds": 0.08541633188724518, "peak_allocated_bytes": 17119846400, "progress": "213/260", "status": "ok"}
Setting `pad_token_id` to `eos_token_id`:151645 for open-end generation.
{"cell": "internvl35_8b_budget54_seed29_strict65_p0_text_only_letterbox54", "latency_seconds": 0.3962129792198539, "peak_allocated_bytes": 17116108288, "progress": "214/260", "status": "ok"}
Setting `pad_token_id` to `eos_token_id`:151645 for open-end generation.
{"cell": "internvl35_8b_budget54_seed29_strict65_p0_text_only_letterbox54", "latency_seconds": 0.05853267479687929, "peak_allocated_bytes": 17118509056, "progress": "215/260", "status": "ok"}
Setting `pad_token_id` to `eos_token_id`:151645 for open-end generation.
{"cell": "internvl35_8b_budget54_seed29_strict65_p0_text_only_letterbox54", "latency_seconds": 1.6163934990763664, "peak_allocated_bytes": 17118881792, "progress": "216/260", "status": "ok"}
Setting `pad_token_id` to `eos_token_id`:151645 for open-end generation.
{"cell": "internvl35_8b_budget54_seed29_strict65_p0_text_only_letterbox54", "latency_seconds": 0.08574097044765949, "peak_allocated_bytes": 17121994240, "progress": "217/260", "status": "ok"}
Setting `pad_token_id` to `eos_token_id`:151645 for open-end generation.
{"cell": "internvl35_8b_budget54_seed29_strict65_p0_text_only_letterbox54", "latency_seconds": 3.4073999440297484, "peak_allocated_bytes": 17129946112, "progress": "218/260", "status": "ok"}
Setting `pad_token_id` to `eos_token_id`:151645 for open-end generation.
{"cell": "internvl35_8b_budget54_seed29_strict65_p0_text_only_letterbox54", "latency_seconds": 0.05855558067560196, "peak_allocated_bytes": 17117173760, "progress": "219/260", "status": "ok"}
Setting `pad_token_id` to `eos_token_id`:151645 for open-end generation.
{"cell": "internvl35_8b_budget54_seed29_strict65_p0_text_only_letterbox54", "latency_seconds": 1.0659872069954872, "peak_allocated_bytes": 17117975040, "progress": "220/260", "status": "ok"}
Setting `pad_token_id` to `eos_token_id`:151645 for open-end generation.
{"cell": "internvl35_8b_budget54_seed29_strict65_p0_text_only_letterbox54", "latency_seconds": 0.05827369447797537, "peak_allocated_bytes": 17119846400, "progress": "221/260", "status": "ok"}
Setting `pad_token_id` to `eos_token_id`:151645 for open-end generation.
{"cell": "internvl35_8b_budget54_seed29_strict65_p0_text_only_letterbox54", "latency_seconds": 0.058270908892154694, "peak_allocated_bytes": 17115576320, "progress": "222/260", "status": "ok"}
Setting `pad_token_id` to `eos_token_id`:151645 for open-end generation.
{"cell": "internvl35_8b_budget54_seed29_strict65_p0_text_only_letterbox54", "latency_seconds": 0.05823395308107138, "peak_allocated_bytes": 17119044096, "progress": "223/260", "status": "ok"}
Setting `pad_token_id` to `eos_token_id`:151645 for open-end generation.
{"cell": "internvl35_8b_budget54_seed29_strict65_p0_text_only_letterbox54", "latency_seconds": 0.16798212099820375, "peak_allocated_bytes": 17116375040, "progress": "224/260", "status": "ok"}
Setting `pad_token_id` to `eos_token_id`:151645 for open-end generation.
{"cell": "internvl35_8b_budget54_seed29_strict65_p0_text_only_letterbox54", "latency_seconds": 0.05808860715478659, "peak_allocated_bytes": 17119846400, "progress": "225/260", "status": "ok"}
Setting `pad_token_id` to `eos_token_id`:151645 for open-end generation.
{"cell": "internvl35_8b_budget54_seed29_strict65_p0_text_only_letterbox54", "latency_seconds": 0.05825908575206995, "peak_allocated_bytes": 17116908032, "progress": "226/260", "status": "ok"}
Setting `pad_token_id` to `eos_token_id`:151645 for open-end generation.
{"cell": "internvl35_8b_budget54_seed29_strict65_p0_text_only_letterbox54", "latency_seconds": 0.0582061056047678, "peak_allocated_bytes": 17117441024, "progress": "227/260", "status": "ok"}
Setting `pad_token_id` to `eos_token_id`:151645 for open-end generation.
{"cell": "internvl35_8b_budget54_seed29_strict65_p0_text_only_letterbox54", "latency_seconds": 0.6993961948901415, "peak_allocated_bytes": 17117707264, "progress": "228/260", "status": "ok"}
Setting `pad_token_id` to `eos_token_id`:151645 for open-end generation.
{"cell": "internvl35_8b_budget54_seed29_strict65_p0_text_only_letterbox54", "latency_seconds": 0.08686025440692902, "peak_allocated_bytes": 17120919040, "progress": "229/260", "status": "ok"}
Setting `pad_token_id` to `eos_token_id`:151645 for open-end generation.
{"cell": "internvl35_8b_budget54_seed29_strict65_p0_text_only_letterbox54", "latency_seconds": 0.05889729131013155, "peak_allocated_bytes": 17116908032, "progress": "230/260", "status": "ok"}
Setting `pad_token_id` to `eos_token_id`:151645 for open-end generation.
{"cell": "internvl35_8b_budget54_seed29_strict65_p0_text_only_letterbox54", "latency_seconds": 0.05872281361371279, "peak_allocated_bytes": 17117975040, "progress": "231/260", "status": "ok"}
Setting `pad_token_id` to `eos_token_id`:151645 for open-end generation.
{"cell": "internvl35_8b_budget54_seed29_strict65_p0_text_only_letterbox54", "latency_seconds": 14.251343606971204, "peak_allocated_bytes": 17205301760, "progress": "232/260", "status": "ok"}
Setting `pad_token_id` to `eos_token_id`:151645 for open-end generation.
{"cell": "internvl35_8b_budget54_seed29_strict65_p0_text_only_letterbox54", "latency_seconds": 0.08625506050884724, "peak_allocated_bytes": 17120115200, "progress": "233/260", "status": "ok"}
Setting `pad_token_id` to `eos_token_id`:151645 for open-end generation.
{"cell": "internvl35_8b_budget54_seed29_strict65_p0_text_only_letterbox54", "latency_seconds": 0.38824509270489216, "peak_allocated_bytes": 17116640768, "progress": "234/260", "status": "ok"}
Setting `pad_token_id` to `eos_token_id`:151645 for open-end generation.
{"cell": "internvl35_8b_budget54_seed29_strict65_p0_text_only_letterbox54", "latency_seconds": 0.05836337246000767, "peak_allocated_bytes": 17117441024, "progress": "235/260", "status": "ok"}
Setting `pad_token_id` to `eos_token_id`:151645 for open-end generation.
{"cell": "internvl35_8b_budget54_seed29_strict65_p0_text_only_letterbox54", "latency_seconds": 14.111946169286966, "peak_allocated_bytes": 17205450240, "progress": "236/260", "status": "ok"}
Setting `pad_token_id` to `eos_token_id`:151645 for open-end generation.
{"cell": "internvl35_8b_budget54_seed29_strict65_p0_text_only_letterbox54", "latency_seconds": 0.08628581743687391, "peak_allocated_bytes": 17119846400, "progress": "237/260", "status": "ok"}
Setting `pad_token_id` to `eos_token_id`:151645 for open-end generation.
{"cell": "internvl35_8b_budget54_seed29_strict65_p0_text_only_letterbox54", "latency_seconds": 2.7575968177989125, "peak_allocated_bytes": 17125104640, "progress": "238/260", "status": "ok"}
Setting `pad_token_id` to `eos_token_id`:151645 for open-end generation.
{"cell": "internvl35_8b_budget54_seed29_strict65_p0_text_only_letterbox54", "latency_seconds": 0.060039383359253407, "peak_allocated_bytes": 17119310848, "progress": "239/260", "status": "ok"}
Setting `pad_token_id` to `eos_token_id`:151645 for open-end generation.
{"cell": "internvl35_8b_budget54_seed29_strict65_p0_text_only_letterbox54", "latency_seconds": 0.6925638075917959, "peak_allocated_bytes": 17116908032, "progress": "240/260", "status": "ok"}
Setting `pad_token_id` to `eos_token_id`:151645 for open-end generation.
{"cell": "internvl35_8b_budget54_seed29_strict65_p0_text_only_letterbox54", "latency_seconds": 0.08741813246160746, "peak_allocated_bytes": 17120115200, "progress": "241/260", "status": "ok"}
Setting `pad_token_id` to `eos_token_id`:151645 for open-end generation.
{"cell": "internvl35_8b_budget54_seed29_strict65_p0_text_only_letterbox54", "latency_seconds": 0.44593796972185373, "peak_allocated_bytes": 17117441024, "progress": "242/260", "status": "ok"}
Setting `pad_token_id` to `eos_token_id`:151645 for open-end generation.
{"cell": "internvl35_8b_budget54_seed29_strict65_p0_text_only_letterbox54", "latency_seconds": 0.05887626297771931, "peak_allocated_bytes": 17117707264, "progress": "243/260", "status": "ok"}
Setting `pad_token_id` to `eos_token_id`:151645 for open-end generation.
{"cell": "internvl35_8b_budget54_seed29_strict65_p0_text_only_letterbox54", "latency_seconds": 14.173875847831368, "peak_allocated_bytes": 17205301760, "progress": "244/260", "status": "ok"}
Setting `pad_token_id` to `eos_token_id`:151645 for open-end generation.
{"cell": "internvl35_8b_budget54_seed29_strict65_p0_text_only_letterbox54", "latency_seconds": 0.0860105138272047, "peak_allocated_bytes": 17119044096, "progress": "245/260", "status": "ok"}
Setting `pad_token_id` to `eos_token_id`:151645 for open-end generation.
{"cell": "internvl35_8b_budget54_seed29_strict65_p0_text_only_letterbox54", "latency_seconds": 0.05838631186634302, "peak_allocated_bytes": 17116908032, "progress": "246/260", "status": "ok"}
Setting `pad_token_id` to `eos_token_id`:151645 for open-end generation.
{"cell": "internvl35_8b_budget54_seed29_strict65_p0_text_only_letterbox54", "latency_seconds": 0.09581503737717867, "peak_allocated_bytes": 17117975040, "progress": "247/260", "status": "ok"}
Setting `pad_token_id` to `eos_token_id`:151645 for open-end generation.
{"cell": "internvl35_8b_budget54_seed29_strict65_p0_text_only_letterbox54", "latency_seconds": 14.130731107667089, "peak_allocated_bytes": 17205350912, "progress": "248/260", "status": "ok"}
Setting `pad_token_id` to `eos_token_id`:151645 for open-end generation.
{"cell": "internvl35_8b_budget54_seed29_strict65_p0_text_only_letterbox54", "latency_seconds": 0.0870785666629672, "peak_allocated_bytes": 17119044096, "progress": "249/260", "status": "ok"}
Setting `pad_token_id` to `eos_token_id`:151645 for open-end generation.
{"cell": "internvl35_8b_budget54_seed29_strict65_p0_text_only_letterbox54", "latency_seconds": 0.05900488421320915, "peak_allocated_bytes": 17115843072, "progress": "250/260", "status": "ok"}
Setting `pad_token_id` to `eos_token_id`:151645 for open-end generation.
{"cell": "internvl35_8b_budget54_seed29_strict65_p0_text_only_letterbox54", "latency_seconds": 0.058753153309226036, "peak_allocated_bytes": 17118775808, "progress": "251/260", "status": "ok"}
Setting `pad_token_id` to `eos_token_id`:151645 for open-end generation.
{"cell": "internvl35_8b_budget54_seed29_strict65_p0_text_only_letterbox54", "latency_seconds": 0.914559087716043, "peak_allocated_bytes": 17117173760, "progress": "252/260", "status": "ok"}
Setting `pad_token_id` to `eos_token_id`:151645 for open-end generation.
{"cell": "internvl35_8b_budget54_seed29_strict65_p0_text_only_letterbox54", "latency_seconds": 0.08655025251209736, "peak_allocated_bytes": 17120115200, "progress": "253/260", "status": "ok"}
Setting `pad_token_id` to `eos_token_id`:151645 for open-end generation.
{"cell": "internvl35_8b_budget54_seed29_strict65_p0_text_only_letterbox54", "latency_seconds": 0.05866548791527748, "peak_allocated_bytes": 17115843072, "progress": "254/260", "status": "ok"}
Setting `pad_token_id` to `eos_token_id`:151645 for open-end generation.
{"cell": "internvl35_8b_budget54_seed29_strict65_p0_text_only_letterbox54", "latency_seconds": 0.058571357280015945, "peak_allocated_bytes": 17119044096, "progress": "255/260", "status": "ok"}
Setting `pad_token_id` to `eos_token_id`:151645 for open-end generation.
{"cell": "internvl35_8b_budget54_seed29_strict65_p0_text_only_letterbox54", "latency_seconds": 14.096266158856452, "peak_allocated_bytes": 17205350912, "progress": "256/260", "status": "ok"}
Setting `pad_token_id` to `eos_token_id`:151645 for open-end generation.
{"cell": "internvl35_8b_budget54_seed29_strict65_p0_text_only_letterbox54", "latency_seconds": 0.08662342000752687, "peak_allocated_bytes": 17120651776, "progress": "257/260", "status": "ok"}
Setting `pad_token_id` to `eos_token_id`:151645 for open-end generation.
{"cell": "internvl35_8b_budget54_seed29_strict65_p0_text_only_letterbox54", "latency_seconds": 0.3355664499104023, "peak_allocated_bytes": 17115843072, "progress": "258/260", "status": "ok"}
Setting `pad_token_id` to `eos_token_id`:151645 for open-end generation.
{"cell": "internvl35_8b_budget54_seed29_strict65_p0_text_only_letterbox54", "latency_seconds": 0.05879715085029602, "peak_allocated_bytes": 17119579136, "progress": "259/260", "status": "ok"}
Setting `pad_token_id` to `eos_token_id`:151645 for open-end generation.
{"cell": "internvl35_8b_budget54_seed29_strict65_p0_text_only_letterbox54", "latency_seconds": 0.7616291409358382, "peak_allocated_bytes": 17119044096, "progress": "260/260", "status": "ok"}
{"status": "pass", "summary": "/kwkj-k8s/hera_pid_reliability_backups/active_v8_20260812/outputs/internvl35_8b_budget54/run_summary.json"}
/home/hera/pid_reliability_benchmark/scripts/launch_rineng_v8_internvl_shard_h200.sh: line 50: unexpected EOF while looking for matching `"'
