INTERNVL_SHARD_START 2026-08-12T09:35:25+00:00 dataset=set_b100 gpu=0
`torch_dtype` is deprecated! Use `dtype` instead!
FlashAttention2 is not installed.
Loading checkpoint shards:   0%|          | 0/4 [00:00<?, ?it/s]Loading checkpoint shards: 100%|██████████| 4/4 [00:00<00:00, 71.02it/s]
Setting `pad_token_id` to `eos_token_id`:151645 for open-end generation.
{"cell": "internvl35_8b_budget54_set_b100_p0_correct_letterbox54", "latency_seconds": 3.9854792403057218, "peak_allocated_bytes": 82483197440, "progress": "1/400", "status": "ok"}
Setting `pad_token_id` to `eos_token_id`:151645 for open-end generation.
{"cell": "internvl35_8b_budget54_set_b100_p0_correct_letterbox54", "latency_seconds": 3.8792046615853906, "peak_allocated_bytes": 82391567360, "progress": "2/400", "status": "ok"}
Setting `pad_token_id` to `eos_token_id`:151645 for open-end generation.
{"cell": "internvl35_8b_budget54_set_b100_p0_correct_letterbox54", "latency_seconds": 4.40814464353025, "peak_allocated_bytes": 82455702528, "progress": "3/400", "status": "ok"}
Setting `pad_token_id` to `eos_token_id`:151645 for open-end generation.
{"cell": "internvl35_8b_budget54_set_b100_p0_correct_letterbox54", "latency_seconds": 5.219087570905685, "peak_allocated_bytes": 82391567360, "progress": "4/400", "status": "ok"}
Setting `pad_token_id` to `eos_token_id`:151645 for open-end generation.
{"cell": "internvl35_8b_budget54_set_b100_p0_correct_letterbox54", "latency_seconds": 3.6938954070210457, "peak_allocated_bytes": 82483197440, "progress": "5/400", "status": "ok"}
Setting `pad_token_id` to `eos_token_id`:151645 for open-end generation.
{"cell": "internvl35_8b_budget54_set_b100_p0_correct_letterbox54", "latency_seconds": 3.878436696715653, "peak_allocated_bytes": 82354933248, "progress": "6/400", "status": "ok"}
Setting `pad_token_id` to `eos_token_id`:151645 for open-end generation.
{"cell": "internvl35_8b_budget54_set_b100_p0_correct_letterbox54", "latency_seconds": 3.4174502845853567, "peak_allocated_bytes": 82409887744, "progress": "7/400", "status": "ok"}
Setting `pad_token_id` to `eos_token_id`:151645 for open-end generation.
{"cell": "internvl35_8b_budget54_set_b100_p0_correct_letterbox54", "latency_seconds": 5.255250836722553, "peak_allocated_bytes": 82419050496, "progress": "8/400", "status": "ok"}
Setting `pad_token_id` to `eos_token_id`:151645 for open-end generation.
{"cell": "internvl35_8b_budget54_set_b100_p0_correct_letterbox54", "latency_seconds": 3.8837720714509487, "peak_allocated_bytes": 82539185664, "progress": "9/400", "status": "ok"}
Setting `pad_token_id` to `eos_token_id`:151645 for open-end generation.
{"cell": "internvl35_8b_budget54_set_b100_p0_correct_letterbox54", "latency_seconds": 4.405228330753744, "peak_allocated_bytes": 82364091904, "progress": "10/400", "status": "ok"}
Setting `pad_token_id` to `eos_token_id`:151645 for open-end generation.
{"cell": "internvl35_8b_budget54_set_b100_p0_correct_letterbox54", "latency_seconds": 4.396195210516453, "peak_allocated_bytes": 82400728576, "progress": "11/400", "status": "ok"}
Setting `pad_token_id` to `eos_token_id`:151645 for open-end generation.
{"cell": "internvl35_8b_budget54_set_b100_p0_correct_letterbox54", "latency_seconds": 4.789625205099583, "peak_allocated_bytes": 82419050496, "progress": "12/400", "status": "ok"}
Setting `pad_token_id` to `eos_token_id`:151645 for open-end generation.
{"cell": "internvl35_8b_budget54_set_b100_p0_correct_letterbox54", "latency_seconds": 5.04442984983325, "peak_allocated_bytes": 82501531136, "progress": "13/400", "status": "ok"}
Setting `pad_token_id` to `eos_token_id`:151645 for open-end generation.
{"cell": "internvl35_8b_budget54_set_b100_p0_correct_letterbox54", "latency_seconds": 4.407365755178034, "peak_allocated_bytes": 82345777152, "progress": "14/400", "status": "ok"}
Setting `pad_token_id` to `eos_token_id`:151645 for open-end generation.
{"cell": "internvl35_8b_budget54_set_b100_p0_correct_letterbox54", "latency_seconds": 3.8768396684899926, "peak_allocated_bytes": 82428211712, "progress": "15/400", "status": "ok"}
Setting `pad_token_id` to `eos_token_id`:151645 for open-end generation.
{"cell": "internvl35_8b_budget54_set_b100_p0_correct_letterbox54", "latency_seconds": 4.16556790471077, "peak_allocated_bytes": 82391567360, "progress": "16/400", "status": "ok"}
Setting `pad_token_id` to `eos_token_id`:151645 for open-end generation.
{"cell": "internvl35_8b_budget54_set_b100_p0_correct_letterbox54", "latency_seconds": 5.625221780501306, "peak_allocated_bytes": 82492511232, "progress": "17/400", "status": "ok"}
Setting `pad_token_id` to `eos_token_id`:151645 for open-end generation.
{"cell": "internvl35_8b_budget54_set_b100_p0_correct_letterbox54", "latency_seconds": 4.404684512875974, "peak_allocated_bytes": 82382408704, "progress": "18/400", "status": "ok"}
Setting `pad_token_id` to `eos_token_id`:151645 for open-end generation.
{"cell": "internvl35_8b_budget54_set_b100_p0_correct_letterbox54", "latency_seconds": 4.405408662743866, "peak_allocated_bytes": 82437375488, "progress": "19/400", "status": "ok"}
Setting `pad_token_id` to `eos_token_id`:151645 for open-end generation.
{"cell": "internvl35_8b_budget54_set_b100_p0_correct_letterbox54", "latency_seconds": 4.054947521537542, "peak_allocated_bytes": 82464866304, "progress": "20/400", "status": "ok"}
Setting `pad_token_id` to `eos_token_id`:151645 for open-end generation.
{"cell": "internvl35_8b_budget54_set_b100_p0_correct_letterbox54", "latency_seconds": 5.472647754475474, "peak_allocated_bytes": 82566225408, "progress": "21/400", "status": "ok"}
Setting `pad_token_id` to `eos_token_id`:151645 for open-end generation.
{"cell": "internvl35_8b_budget54_set_b100_p0_correct_letterbox54", "latency_seconds": 4.708550911396742, "peak_allocated_bytes": 82382408704, "progress": "22/400", "status": "ok"}
Setting `pad_token_id` to `eos_token_id`:151645 for open-end generation.
{"cell": "internvl35_8b_budget54_set_b100_p0_correct_letterbox54", "latency_seconds": 5.740499921143055, "peak_allocated_bytes": 82428211712, "progress": "23/400", "status": "ok"}
Setting `pad_token_id` to `eos_token_id`:151645 for open-end generation.
{"cell": "internvl35_8b_budget54_set_b100_p0_correct_letterbox54", "latency_seconds": 7.0786576801911, "peak_allocated_bytes": 82400728576, "progress": "24/400", "status": "ok"}
Setting `pad_token_id` to `eos_token_id`:151645 for open-end generation.
{"cell": "internvl35_8b_budget54_set_b100_p0_correct_letterbox54", "latency_seconds": 6.076150295324624, "peak_allocated_bytes": 82548198912, "progress": "25/400", "status": "ok"}
Setting `pad_token_id` to `eos_token_id`:151645 for open-end generation.
{"cell": "internvl35_8b_budget54_set_b100_p0_correct_letterbox54", "latency_seconds": 6.52735008765012, "peak_allocated_bytes": 82345777152, "progress": "26/400", "status": "ok"}
Setting `pad_token_id` to `eos_token_id`:151645 for open-end generation.
{"cell": "internvl35_8b_budget54_set_b100_p0_correct_letterbox54", "latency_seconds": 6.389059659093618, "peak_allocated_bytes": 82455702528, "progress": "27/400", "status": "ok"}
Setting `pad_token_id` to `eos_token_id`:151645 for open-end generation.
{"cell": "internvl35_8b_budget54_set_b100_p0_correct_letterbox54", "latency_seconds": 6.01269914675504, "peak_allocated_bytes": 82464866304, "progress": "28/400", "status": "ok"}
Setting `pad_token_id` to `eos_token_id`:151645 for open-end generation.
{"cell": "internvl35_8b_budget54_set_b100_p0_correct_letterbox54", "latency_seconds": 6.836088992655277, "peak_allocated_bytes": 82455702528, "progress": "29/400", "status": "ok"}
Setting `pad_token_id` to `eos_token_id`:151645 for open-end generation.
{"cell": "internvl35_8b_budget54_set_b100_p0_correct_letterbox54", "latency_seconds": 8.292197907343507, "peak_allocated_bytes": 82364091904, "progress": "30/400", "status": "ok"}
Setting `pad_token_id` to `eos_token_id`:151645 for open-end generation.
{"cell": "internvl35_8b_budget54_set_b100_p0_correct_letterbox54", "latency_seconds": 8.573362275958061, "peak_allocated_bytes": 82474032640, "progress": "31/400", "status": "ok"}
Setting `pad_token_id` to `eos_token_id`:151645 for open-end generation.
{"cell": "internvl35_8b_budget54_set_b100_p0_correct_letterbox54", "latency_seconds": 11.032623016275465, "peak_allocated_bytes": 82400728576, "progress": "32/400", "status": "ok"}
Setting `pad_token_id` to `eos_token_id`:151645 for open-end generation.
{"cell": "internvl35_8b_budget54_set_b100_p0_correct_letterbox54", "latency_seconds": 7.074354245327413, "peak_allocated_bytes": 82455702528, "progress": "33/400", "status": "ok"}
Setting `pad_token_id` to `eos_token_id`:151645 for open-end generation.
{"cell": "internvl35_8b_budget54_set_b100_p0_correct_letterbox54", "latency_seconds": 5.3072357922792435, "peak_allocated_bytes": 82354933248, "progress": "34/400", "status": "ok"}
Setting `pad_token_id` to `eos_token_id`:151645 for open-end generation.
{"cell": "internvl35_8b_budget54_set_b100_p0_correct_letterbox54", "latency_seconds": 6.211695956066251, "peak_allocated_bytes": 82474032640, "progress": "35/400", "status": "ok"}
Setting `pad_token_id` to `eos_token_id`:151645 for open-end generation.
{"cell": "internvl35_8b_budget54_set_b100_p0_correct_letterbox54", "latency_seconds": 7.205735853873193, "peak_allocated_bytes": 82400728576, "progress": "36/400", "status": "ok"}
Setting `pad_token_id` to `eos_token_id`:151645 for open-end generation.
{"cell": "internvl35_8b_budget54_set_b100_p0_correct_letterbox54", "latency_seconds": 5.736133696511388, "peak_allocated_bytes": 82474032640, "progress": "37/400", "status": "ok"}
Setting `pad_token_id` to `eos_token_id`:151645 for open-end generation.
{"cell": "internvl35_8b_budget54_set_b100_p0_correct_letterbox54", "latency_seconds": 3.8748945156112313, "peak_allocated_bytes": 82391567360, "progress": "38/400", "status": "ok"}
Setting `pad_token_id` to `eos_token_id`:151645 for open-end generation.
{"cell": "internvl35_8b_budget54_set_b100_p0_correct_letterbox54", "latency_seconds": 4.414931675419211, "peak_allocated_bytes": 82474032640, "progress": "39/400", "status": "ok"}
Setting `pad_token_id` to `eos_token_id`:151645 for open-end generation.
{"cell": "internvl35_8b_budget54_set_b100_p0_correct_letterbox54", "latency_seconds": 4.555907499045134, "peak_allocated_bytes": 82400728576, "progress": "40/400", "status": "ok"}
Setting `pad_token_id` to `eos_token_id`:151645 for open-end generation.
{"cell": "internvl35_8b_budget54_set_b100_p0_correct_letterbox54", "latency_seconds": 3.883358375169337, "peak_allocated_bytes": 82539185664, "progress": "41/400", "status": "ok"}
Setting `pad_token_id` to `eos_token_id`:151645 for open-end generation.
{"cell": "internvl35_8b_budget54_set_b100_p0_correct_letterbox54", "latency_seconds": 4.4085391610860825, "peak_allocated_bytes": 82345777152, "progress": "42/400", "status": "ok"}
Setting `pad_token_id` to `eos_token_id`:151645 for open-end generation.
{"cell": "internvl35_8b_budget54_set_b100_p0_correct_letterbox54", "latency_seconds": 4.413269185461104, "peak_allocated_bytes": 82474032640, "progress": "43/400", "status": "ok"}
Setting `pad_token_id` to `eos_token_id`:151645 for open-end generation.
{"cell": "internvl35_8b_budget54_set_b100_p0_correct_letterbox54", "latency_seconds": 3.9303896334022284, "peak_allocated_bytes": 82391567360, "progress": "44/400", "status": "ok"}
Setting `pad_token_id` to `eos_token_id`:151645 for open-end generation.
{"cell": "internvl35_8b_budget54_set_b100_p0_correct_letterbox54", "latency_seconds": 5.22586995922029, "peak_allocated_bytes": 82455702528, "progress": "45/400", "status": "ok"}
Setting `pad_token_id` to `eos_token_id`:151645 for open-end generation.
{"cell": "internvl35_8b_budget54_set_b100_p0_correct_letterbox54", "latency_seconds": 3.8779299138113856, "peak_allocated_bytes": 82391567360, "progress": "46/400", "status": "ok"}
Setting `pad_token_id` to `eos_token_id`:151645 for open-end generation.
{"cell": "internvl35_8b_budget54_set_b100_p0_correct_letterbox54", "latency_seconds": 4.381608419120312, "peak_allocated_bytes": 82419050496, "progress": "47/400", "status": "ok"}
Setting `pad_token_id` to `eos_token_id`:151645 for open-end generation.
{"cell": "internvl35_8b_budget54_set_b100_p0_correct_letterbox54", "latency_seconds": 4.254974106326699, "peak_allocated_bytes": 82354933248, "progress": "48/400", "status": "ok"}
Setting `pad_token_id` to `eos_token_id`:151645 for open-end generation.
{"cell": "internvl35_8b_budget54_set_b100_p0_correct_letterbox54", "latency_seconds": 3.8976627849042416, "peak_allocated_bytes": 82519867392, "progress": "49/400", "status": "ok"}
Setting `pad_token_id` to `eos_token_id`:151645 for open-end generation.
{"cell": "internvl35_8b_budget54_set_b100_p0_correct_letterbox54", "latency_seconds": 3.416221668943763, "peak_allocated_bytes": 82409887744, "progress": "50/400", "status": "ok"}
Setting `pad_token_id` to `eos_token_id`:151645 for open-end generation.
{"cell": "internvl35_8b_budget54_set_b100_p0_correct_letterbox54", "latency_seconds": 3.8826939687132835, "peak_allocated_bytes": 82464866304, "progress": "51/400", "status": "ok"}
Setting `pad_token_id` to `eos_token_id`:151645 for open-end generation.
{"cell": "internvl35_8b_budget54_set_b100_p0_correct_letterbox54", "latency_seconds": 4.7252088552340865, "peak_allocated_bytes": 82373249024, "progress": "52/400", "status": "ok"}
Setting `pad_token_id` to `eos_token_id`:151645 for open-end generation.
{"cell": "internvl35_8b_budget54_set_b100_p0_correct_letterbox54", "latency_seconds": 4.464583578519523, "peak_allocated_bytes": 82548198912, "progress": "53/400", "status": "ok"}
Setting `pad_token_id` to `eos_token_id`:151645 for open-end generation.
{"cell": "internvl35_8b_budget54_set_b100_p0_correct_letterbox54", "latency_seconds": 4.3838252034038305, "peak_allocated_bytes": 82400728576, "progress": "54/400", "status": "ok"}
Setting `pad_token_id` to `eos_token_id`:151645 for open-end generation.
{"cell": "internvl35_8b_budget54_set_b100_p0_correct_letterbox54", "latency_seconds": 4.406922231428325, "peak_allocated_bytes": 82437375488, "progress": "55/400", "status": "ok"}
Setting `pad_token_id` to `eos_token_id`:151645 for open-end generation.
{"cell": "internvl35_8b_budget54_set_b100_p0_correct_letterbox54", "latency_seconds": 3.825716832652688, "peak_allocated_bytes": 82409887744, "progress": "56/400", "status": "ok"}
Setting `pad_token_id` to `eos_token_id`:151645 for open-end generation.
{"cell": "internvl35_8b_budget54_set_b100_p0_correct_letterbox54", "latency_seconds": 3.9138062205165625, "peak_allocated_bytes": 82464866304, "progress": "57/400", "status": "ok"}
Setting `pad_token_id` to `eos_token_id`:151645 for open-end generation.
{"cell": "internvl35_8b_budget54_set_b100_p0_correct_letterbox54", "latency_seconds": 3.878477589227259, "peak_allocated_bytes": 82354933248, "progress": "58/400", "status": "ok"}
Setting `pad_token_id` to `eos_token_id`:151645 for open-end generation.
{"cell": "internvl35_8b_budget54_set_b100_p0_correct_letterbox54", "latency_seconds": 3.4964672680944204, "peak_allocated_bytes": 82483197440, "progress": "59/400", "status": "ok"}
Setting `pad_token_id` to `eos_token_id`:151645 for open-end generation.
{"cell": "internvl35_8b_budget54_set_b100_p0_correct_letterbox54", "latency_seconds": 4.269253668375313, "peak_allocated_bytes": 82373249024, "progress": "60/400", "status": "ok"}
Setting `pad_token_id` to `eos_token_id`:151645 for open-end generation.
{"cell": "internvl35_8b_budget54_set_b100_p0_correct_letterbox54", "latency_seconds": 3.897437797859311, "peak_allocated_bytes": 82519867392, "progress": "61/400", "status": "ok"}
Setting `pad_token_id` to `eos_token_id`:151645 for open-end generation.
{"cell": "internvl35_8b_budget54_set_b100_p0_correct_letterbox54", "latency_seconds": 4.401468802243471, "peak_allocated_bytes": 82382408704, "progress": "62/400", "status": "ok"}
Setting `pad_token_id` to `eos_token_id`:151645 for open-end generation.
{"cell": "internvl35_8b_budget54_set_b100_p0_correct_letterbox54", "latency_seconds": 3.4925851663574576, "peak_allocated_bytes": 82483197440, "progress": "63/400", "status": "ok"}
Setting `pad_token_id` to `eos_token_id`:151645 for open-end generation.
{"cell": "internvl35_8b_budget54_set_b100_p0_correct_letterbox54", "latency_seconds": 4.072768860496581, "peak_allocated_bytes": 82354933248, "progress": "64/400", "status": "ok"}
Setting `pad_token_id` to `eos_token_id`:151645 for open-end generation.
{"cell": "internvl35_8b_budget54_set_b100_p0_correct_letterbox54", "latency_seconds": 4.410269733518362, "peak_allocated_bytes": 82492365312, "progress": "65/400", "status": "ok"}
Setting `pad_token_id` to `eos_token_id`:151645 for open-end generation.
{"cell": "internvl35_8b_budget54_set_b100_p0_correct_letterbox54", "latency_seconds": 4.4105282528325915, "peak_allocated_bytes": 82345777152, "progress": "66/400", "status": "ok"}
Setting `pad_token_id` to `eos_token_id`:151645 for open-end generation.
{"cell": "internvl35_8b_budget54_set_b100_p0_correct_letterbox54", "latency_seconds": 4.442312220111489, "peak_allocated_bytes": 82474032640, "progress": "67/400", "status": "ok"}
Setting `pad_token_id` to `eos_token_id`:151645 for open-end generation.
{"cell": "internvl35_8b_budget54_set_b100_p0_correct_letterbox54", "latency_seconds": 6.633937118574977, "peak_allocated_bytes": 82400728576, "progress": "68/400", "status": "ok"}
Setting `pad_token_id` to `eos_token_id`:151645 for open-end generation.
{"cell": "internvl35_8b_budget54_set_b100_p0_correct_letterbox54", "latency_seconds": 4.439687667414546, "peak_allocated_bytes": 82529037824, "progress": "69/400", "status": "ok"}
Setting `pad_token_id` to `eos_token_id`:151645 for open-end generation.
{"cell": "internvl35_8b_budget54_set_b100_p0_correct_letterbox54", "latency_seconds": 3.878141460940242, "peak_allocated_bytes": 82354933248, "progress": "70/400", "status": "ok"}
Setting `pad_token_id` to `eos_token_id`:151645 for open-end generation.
{"cell": "internvl35_8b_budget54_set_b100_p0_correct_letterbox54", "latency_seconds": 3.8825263120234013, "peak_allocated_bytes": 82464866304, "progress": "71/400", "status": "ok"}
Setting `pad_token_id` to `eos_token_id`:151645 for open-end generation.
{"cell": "internvl35_8b_budget54_set_b100_p0_correct_letterbox54", "latency_seconds": 4.5825260654091835, "peak_allocated_bytes": 82437375488, "progress": "72/400", "status": "ok"}
Setting `pad_token_id` to `eos_token_id`:151645 for open-end generation.
{"cell": "internvl35_8b_budget54_set_b100_p0_correct_letterbox54", "latency_seconds": 4.4112791027873755, "peak_allocated_bytes": 82510700032, "progress": "73/400", "status": "ok"}
Setting `pad_token_id` to `eos_token_id`:151645 for open-end generation.
{"cell": "internvl35_8b_budget54_set_b100_p0_correct_letterbox54", "latency_seconds": 3.8741281470283866, "peak_allocated_bytes": 82391567360, "progress": "74/400", "status": "ok"}
Setting `pad_token_id` to `eos_token_id`:151645 for open-end generation.
{"cell": "internvl35_8b_budget54_set_b100_p0_correct_letterbox54", "latency_seconds": 4.415389527566731, "peak_allocated_bytes": 82474032640, "progress": "75/400", "status": "ok"}
Setting `pad_token_id` to `eos_token_id`:151645 for open-end generation.
{"cell": "internvl35_8b_budget54_set_b100_p0_correct_letterbox54", "latency_seconds": 4.757412169128656, "peak_allocated_bytes": 82437375488, "progress": "76/400", "status": "ok"}
Setting `pad_token_id` to `eos_token_id`:151645 for open-end generation.
{"cell": "internvl35_8b_budget54_set_b100_p0_correct_letterbox54", "latency_seconds": 5.680433587171137, "peak_allocated_bytes": 82510700032, "progress": "77/400", "status": "ok"}
Setting `pad_token_id` to `eos_token_id`:151645 for open-end generation.
{"cell": "internvl35_8b_budget54_set_b100_p0_correct_letterbox54", "latency_seconds": 4.402964794076979, "peak_allocated_bytes": 82382408704, "progress": "78/400", "status": "ok"}
Setting `pad_token_id` to `eos_token_id`:151645 for open-end generation.
{"cell": "internvl35_8b_budget54_set_b100_p0_correct_letterbox54", "latency_seconds": 3.882097036577761, "peak_allocated_bytes": 82464866304, "progress": "79/400", "status": "ok"}
Setting `pad_token_id` to `eos_token_id`:151645 for open-end generation.
{"cell": "internvl35_8b_budget54_set_b100_p0_correct_letterbox54", "latency_seconds": 4.281265398487449, "peak_allocated_bytes": 82391567360, "progress": "80/400", "status": "ok"}
Setting `pad_token_id` to `eos_token_id`:151645 for open-end generation.
{"cell": "internvl35_8b_budget54_set_b100_p0_correct_letterbox54", "latency_seconds": 4.83590377215296, "peak_allocated_bytes": 82539185664, "progress": "81/400", "status": "ok"}
Setting `pad_token_id` to `eos_token_id`:151645 for open-end generation.
{"cell": "internvl35_8b_budget54_set_b100_p0_correct_letterbox54", "latency_seconds": 3.4336929684504867, "peak_allocated_bytes": 82409887744, "progress": "82/400", "status": "ok"}
Setting `pad_token_id` to `eos_token_id`:151645 for open-end generation.
{"cell": "internvl35_8b_budget54_set_b100_p0_correct_letterbox54", "latency_seconds": 4.415949247777462, "peak_allocated_bytes": 82419050496, "progress": "83/400", "status": "ok"}
Setting `pad_token_id` to `eos_token_id`:151645 for open-end generation.
{"cell": "internvl35_8b_budget54_set_b100_p0_correct_letterbox54", "latency_seconds": 4.211552735418081, "peak_allocated_bytes": 82391567360, "progress": "84/400", "status": "ok"}
Setting `pad_token_id` to `eos_token_id`:151645 for open-end generation.
{"cell": "internvl35_8b_budget54_set_b100_p0_correct_letterbox54", "latency_seconds": 4.422195796854794, "peak_allocated_bytes": 82566225408, "progress": "85/400", "status": "ok"}
Setting `pad_token_id` to `eos_token_id`:151645 for open-end generation.
{"cell": "internvl35_8b_budget54_set_b100_p0_correct_letterbox54", "latency_seconds": 3.9570256154984236, "peak_allocated_bytes": 82318309376, "progress": "86/400", "status": "ok"}
Setting `pad_token_id` to `eos_token_id`:151645 for open-end generation.
{"cell": "internvl35_8b_budget54_set_b100_p0_correct_letterbox54", "latency_seconds": 4.589127735234797, "peak_allocated_bytes": 82474032640, "progress": "87/400", "status": "ok"}
Setting `pad_token_id` to `eos_token_id`:151645 for open-end generation.
{"cell": "internvl35_8b_budget54_set_b100_p0_correct_letterbox54", "latency_seconds": 5.117987052537501, "peak_allocated_bytes": 82419050496, "progress": "88/400", "status": "ok"}
Setting `pad_token_id` to `eos_token_id`:151645 for open-end generation.
{"cell": "internvl35_8b_budget54_set_b100_p0_correct_letterbox54", "latency_seconds": 4.587304717861116, "peak_allocated_bytes": 82566225408, "progress": "89/400", "status": "ok"}
Setting `pad_token_id` to `eos_token_id`:151645 for open-end generation.
{"cell": "internvl35_8b_budget54_set_b100_p0_correct_letterbox54", "latency_seconds": 4.030220516957343, "peak_allocated_bytes": 82391567360, "progress": "90/400", "status": "ok"}
Setting `pad_token_id` to `eos_token_id`:151645 for open-end generation.
{"cell": "internvl35_8b_budget54_set_b100_p0_correct_letterbox54", "latency_seconds": 4.0396350948140025, "peak_allocated_bytes": 82428211712, "progress": "91/400", "status": "ok"}
Setting `pad_token_id` to `eos_token_id`:151645 for open-end generation.
{"cell": "internvl35_8b_budget54_set_b100_p0_correct_letterbox54", "latency_seconds": 5.464558066800237, "peak_allocated_bytes": 82419050496, "progress": "92/400", "status": "ok"}
Setting `pad_token_id` to `eos_token_id`:151645 for open-end generation.
{"cell": "internvl35_8b_budget54_set_b100_p0_correct_letterbox54", "latency_seconds": 4.0419167671352625, "peak_allocated_bytes": 82464866304, "progress": "93/400", "status": "ok"}
Setting `pad_token_id` to `eos_token_id`:151645 for open-end generation.
{"cell": "internvl35_8b_budget54_set_b100_p0_correct_letterbox54", "latency_seconds": 4.032509375363588, "peak_allocated_bytes": 82391567360, "progress": "94/400", "status": "ok"}
Setting `pad_token_id` to `eos_token_id`:151645 for open-end generation.
{"cell": "internvl35_8b_budget54_set_b100_p0_correct_letterbox54", "latency_seconds": 4.014353792183101, "peak_allocated_bytes": 82446537728, "progress": "95/400", "status": "ok"}
Setting `pad_token_id` to `eos_token_id`:151645 for open-end generation.
{"cell": "internvl35_8b_budget54_set_b100_p0_correct_letterbox54", "latency_seconds": 9.029400079511106, "peak_allocated_bytes": 82400728576, "progress": "96/400", "status": "ok"}
Setting `pad_token_id` to `eos_token_id`:151645 for open-end generation.
{"cell": "internvl35_8b_budget54_set_b100_p0_correct_letterbox54", "latency_seconds": 5.251611611805856, "peak_allocated_bytes": 82492365312, "progress": "97/400", "status": "ok"}
Setting `pad_token_id` to `eos_token_id`:151645 for open-end generation.
{"cell": "internvl35_8b_budget54_set_b100_p0_correct_letterbox54", "latency_seconds": 4.556678880006075, "peak_allocated_bytes": 82382408704, "progress": "98/400", "status": "ok"}
Setting `pad_token_id` to `eos_token_id`:151645 for open-end generation.
{"cell": "internvl35_8b_budget54_set_b100_p0_correct_letterbox54", "latency_seconds": 4.545483611524105, "peak_allocated_bytes": 82419050496, "progress": "99/400", "status": "ok"}
Setting `pad_token_id` to `eos_token_id`:151645 for open-end generation.
{"cell": "internvl35_8b_budget54_set_b100_p0_correct_letterbox54", "latency_seconds": 5.044365281239152, "peak_allocated_bytes": 82391567360, "progress": "100/400", "status": "ok"}
Setting `pad_token_id` to `eos_token_id`:151645 for open-end generation.
{"cell": "internvl35_8b_budget54_set_b100_p0_correct_letterbox54", "latency_seconds": 5.342970374040306, "peak_allocated_bytes": 82501531136, "progress": "101/400", "status": "ok"}
Setting `pad_token_id` to `eos_token_id`:151645 for open-end generation.
{"cell": "internvl35_8b_budget54_set_b100_p0_correct_letterbox54", "latency_seconds": 4.575701409950852, "peak_allocated_bytes": 82364091904, "progress": "102/400", "status": "ok"}
Setting `pad_token_id` to `eos_token_id`:151645 for open-end generation.
{"cell": "internvl35_8b_budget54_set_b100_p0_correct_letterbox54", "latency_seconds": 4.573012889362872, "peak_allocated_bytes": 82437375488, "progress": "103/400", "status": "ok"}
Setting `pad_token_id` to `eos_token_id`:151645 for open-end generation.
{"cell": "internvl35_8b_budget54_set_b100_p0_correct_letterbox54", "latency_seconds": 3.9198407409712672, "peak_allocated_bytes": 82409887744, "progress": "104/400", "status": "ok"}
Setting `pad_token_id` to `eos_token_id`:151645 for open-end generation.
{"cell": "internvl35_8b_budget54_set_b100_p0_correct_letterbox54", "latency_seconds": 4.76605253200978, "peak_allocated_bytes": 82474032640, "progress": "105/400", "status": "ok"}
Setting `pad_token_id` to `eos_token_id`:151645 for open-end generation.
{"cell": "internvl35_8b_budget54_set_b100_p0_correct_letterbox54", "latency_seconds": 5.007754064165056, "peak_allocated_bytes": 82364091904, "progress": "106/400", "status": "ok"}
Setting `pad_token_id` to `eos_token_id`:151645 for open-end generation.
{"cell": "internvl35_8b_budget54_set_b100_p0_correct_letterbox54", "latency_seconds": 3.867476286366582, "peak_allocated_bytes": 82446537728, "progress": "107/400", "status": "ok"}
Setting `pad_token_id` to `eos_token_id`:151645 for open-end generation.
{"cell": "internvl35_8b_budget54_set_b100_p0_correct_letterbox54", "latency_seconds": 4.5784743363037705, "peak_allocated_bytes": 82382408704, "progress": "108/400", "status": "ok"}
Setting `pad_token_id` to `eos_token_id`:151645 for open-end generation.
{"cell": "internvl35_8b_budget54_set_b100_p0_correct_letterbox54", "latency_seconds": 3.87948592659086, "peak_allocated_bytes": 82501531136, "progress": "109/400", "status": "ok"}
Setting `pad_token_id` to `eos_token_id`:151645 for open-end generation.
{"cell": "internvl35_8b_budget54_set_b100_p0_correct_letterbox54", "latency_seconds": 5.731592101976275, "peak_allocated_bytes": 82364091904, "progress": "110/400", "status": "ok"}
Setting `pad_token_id` to `eos_token_id`:151645 for open-end generation.
{"cell": "internvl35_8b_budget54_set_b100_p0_correct_letterbox54", "latency_seconds": 3.880520143546164, "peak_allocated_bytes": 82464866304, "progress": "111/400", "status": "ok"}
Setting `pad_token_id` to `eos_token_id`:151645 for open-end generation.
{"cell": "internvl35_8b_budget54_set_b100_p0_correct_letterbox54", "latency_seconds": 5.2730587953701615, "peak_allocated_bytes": 82437375488, "progress": "112/400", "status": "ok"}
Setting `pad_token_id` to `eos_token_id`:151645 for open-end generation.
{"cell": "internvl35_8b_budget54_set_b100_p0_correct_letterbox54", "latency_seconds": 5.742053649388254, "peak_allocated_bytes": 82529037824, "progress": "113/400", "status": "ok"}
Setting `pad_token_id` to `eos_token_id`:151645 for open-end generation.
{"cell": "internvl35_8b_budget54_set_b100_p0_correct_letterbox54", "latency_seconds": 3.8740574261173606, "peak_allocated_bytes": 82391567360, "progress": "114/400", "status": "ok"}
Setting `pad_token_id` to `eos_token_id`:151645 for open-end generation.
{"cell": "internvl35_8b_budget54_set_b100_p0_correct_letterbox54", "latency_seconds": 4.395615162327886, "peak_allocated_bytes": 82419050496, "progress": "115/400", "status": "ok"}
Setting `pad_token_id` to `eos_token_id`:151645 for open-end generation.
{"cell": "internvl35_8b_budget54_set_b100_p0_correct_letterbox54", "latency_seconds": 5.268584300763905, "peak_allocated_bytes": 82382408704, "progress": "116/400", "status": "ok"}
Setting `pad_token_id` to `eos_token_id`:151645 for open-end generation.
{"cell": "internvl35_8b_budget54_set_b100_p0_correct_letterbox54", "latency_seconds": 5.075114155188203, "peak_allocated_bytes": 82492365312, "progress": "117/400", "status": "ok"}
Setting `pad_token_id` to `eos_token_id`:151645 for open-end generation.
{"cell": "internvl35_8b_budget54_set_b100_p0_correct_letterbox54", "latency_seconds": 3.4158453131094575, "peak_allocated_bytes": 82409887744, "progress": "118/400", "status": "ok"}
Setting `pad_token_id` to `eos_token_id`:151645 for open-end generation.
{"cell": "internvl35_8b_budget54_set_b100_p0_correct_letterbox54", "latency_seconds": 3.882863930426538, "peak_allocated_bytes": 82464866304, "progress": "119/400", "status": "ok"}
Setting `pad_token_id` to `eos_token_id`:151645 for open-end generation.
{"cell": "internvl35_8b_budget54_set_b100_p0_correct_letterbox54", "latency_seconds": 4.591695151291788, "peak_allocated_bytes": 82391567360, "progress": "120/400", "status": "ok"}
Setting `pad_token_id` to `eos_token_id`:151645 for open-end generation.
{"cell": "internvl35_8b_budget54_set_b100_p0_correct_letterbox54", "latency_seconds": 4.418951791711152, "peak_allocated_bytes": 82566225408, "progress": "121/400", "status": "ok"}
Setting `pad_token_id` to `eos_token_id`:151645 for open-end generation.
{"cell": "internvl35_8b_budget54_set_b100_p0_correct_letterbox54", "latency_seconds": 4.3785882499068975, "peak_allocated_bytes": 82400728576, "progress": "122/400", "status": "ok"}
Setting `pad_token_id` to `eos_token_id`:151645 for open-end generation.
{"cell": "internvl35_8b_budget54_set_b100_p0_correct_letterbox54", "latency_seconds": 4.378500983119011, "peak_allocated_bytes": 82419050496, "progress": "123/400", "status": "ok"}
Setting `pad_token_id` to `eos_token_id`:151645 for open-end generation.
{"cell": "internvl35_8b_budget54_set_b100_p0_correct_letterbox54", "latency_seconds": 5.730139626190066, "peak_allocated_bytes": 82364091904, "progress": "124/400", "status": "ok"}
Setting `pad_token_id` to `eos_token_id`:151645 for open-end generation.
{"cell": "internvl35_8b_budget54_set_b100_p0_correct_letterbox54", "latency_seconds": 4.546044581569731, "peak_allocated_bytes": 82501531136, "progress": "125/400", "status": "ok"}
Setting `pad_token_id` to `eos_token_id`:151645 for open-end generation.
{"cell": "internvl35_8b_budget54_set_b100_p0_correct_letterbox54", "latency_seconds": 3.8633697535842657, "peak_allocated_bytes": 82373249024, "progress": "126/400", "status": "ok"}
Setting `pad_token_id` to `eos_token_id`:151645 for open-end generation.
{"cell": "internvl35_8b_budget54_set_b100_p0_correct_letterbox54", "latency_seconds": 3.8748924508690834, "peak_allocated_bytes": 82428211712, "progress": "127/400", "status": "ok"}
Setting `pad_token_id` to `eos_token_id`:151645 for open-end generation.
{"cell": "internvl35_8b_budget54_set_b100_p0_correct_letterbox54", "latency_seconds": 4.968532131053507, "peak_allocated_bytes": 82428211712, "progress": "128/400", "status": "ok"}
Setting `pad_token_id` to `eos_token_id`:151645 for open-end generation.
{"cell": "internvl35_8b_budget54_set_b100_p0_correct_letterbox54", "latency_seconds": 3.494480350986123, "peak_allocated_bytes": 82483197440, "progress": "129/400", "status": "ok"}
Setting `pad_token_id` to `eos_token_id`:151645 for open-end generation.
{"cell": "internvl35_8b_budget54_set_b100_p0_correct_letterbox54", "latency_seconds": 4.406281700357795, "peak_allocated_bytes": 82345777152, "progress": "130/400", "status": "ok"}
Setting `pad_token_id` to `eos_token_id`:151645 for open-end generation.
{"cell": "internvl35_8b_budget54_set_b100_p0_correct_letterbox54", "latency_seconds": 3.4916868498548865, "peak_allocated_bytes": 82483197440, "progress": "131/400", "status": "ok"}
Setting `pad_token_id` to `eos_token_id`:151645 for open-end generation.
{"cell": "internvl35_8b_budget54_set_b100_p0_correct_letterbox54", "latency_seconds": 4.312085451558232, "peak_allocated_bytes": 82391567360, "progress": "132/400", "status": "ok"}
Setting `pad_token_id` to `eos_token_id`:151645 for open-end generation.
{"cell": "internvl35_8b_budget54_set_b100_p0_correct_letterbox54", "latency_seconds": 4.7479388592764735, "peak_allocated_bytes": 82464866304, "progress": "133/400", "status": "ok"}
Setting `pad_token_id` to `eos_token_id`:151645 for open-end generation.
{"cell": "internvl35_8b_budget54_set_b100_p0_correct_letterbox54", "latency_seconds": 4.409758183173835, "peak_allocated_bytes": 82364091904, "progress": "134/400", "status": "ok"}
Setting `pad_token_id` to `eos_token_id`:151645 for open-end generation.
{"cell": "internvl35_8b_budget54_set_b100_p0_correct_letterbox54", "latency_seconds": 4.407955902628601, "peak_allocated_bytes": 82437375488, "progress": "135/400", "status": "ok"}
Setting `pad_token_id` to `eos_token_id`:151645 for open-end generation.
{"cell": "internvl35_8b_budget54_set_b100_p0_correct_letterbox54", "latency_seconds": 4.283438576385379, "peak_allocated_bytes": 82428211712, "progress": "136/400", "status": "ok"}
Setting `pad_token_id` to `eos_token_id`:151645 for open-end generation.
{"cell": "internvl35_8b_budget54_set_b100_p0_correct_letterbox54", "latency_seconds": 4.488180101849139, "peak_allocated_bytes": 82501531136, "progress": "137/400", "status": "ok"}
Setting `pad_token_id` to `eos_token_id`:151645 for open-end generation.
{"cell": "internvl35_8b_budget54_set_b100_p0_correct_letterbox54", "latency_seconds": 3.415455475449562, "peak_allocated_bytes": 82409887744, "progress": "138/400", "status": "ok"}
Setting `pad_token_id` to `eos_token_id`:151645 for open-end generation.
{"cell": "internvl35_8b_budget54_set_b100_p0_correct_letterbox54", "latency_seconds": 4.379426150582731, "peak_allocated_bytes": 82400728576, "progress": "139/400", "status": "ok"}
Setting `pad_token_id` to `eos_token_id`:151645 for open-end generation.
{"cell": "internvl35_8b_budget54_set_b100_p0_correct_letterbox54", "latency_seconds": 4.280593287199736, "peak_allocated_bytes": 82391567360, "progress": "140/400", "status": "ok"}
Setting `pad_token_id` to `eos_token_id`:151645 for open-end generation.
{"cell": "internvl35_8b_budget54_set_b100_p0_correct_letterbox54", "latency_seconds": 4.487848220393062, "peak_allocated_bytes": 82501531136, "progress": "141/400", "status": "ok"}
Setting `pad_token_id` to `eos_token_id`:151645 for open-end generation.
{"cell": "internvl35_8b_budget54_set_b100_p0_correct_letterbox54", "latency_seconds": 3.415632172487676, "peak_allocated_bytes": 82409887744, "progress": "142/400", "status": "ok"}
Setting `pad_token_id` to `eos_token_id`:151645 for open-end generation.
{"cell": "internvl35_8b_budget54_set_b100_p0_correct_letterbox54", "latency_seconds": 3.8773805918172, "peak_allocated_bytes": 82428211712, "progress": "143/400", "status": "ok"}
Setting `pad_token_id` to `eos_token_id`:151645 for open-end generation.
{"cell": "internvl35_8b_budget54_set_b100_p0_correct_letterbox54", "latency_seconds": 4.806321109645069, "peak_allocated_bytes": 82382408704, "progress": "144/400", "status": "ok"}
Setting `pad_token_id` to `eos_token_id`:151645 for open-end generation.
{"cell": "internvl35_8b_budget54_set_b100_p0_correct_letterbox54", "latency_seconds": 5.111216736957431, "peak_allocated_bytes": 82510700032, "progress": "145/400", "status": "ok"}
Setting `pad_token_id` to `eos_token_id`:151645 for open-end generation.
{"cell": "internvl35_8b_budget54_set_b100_p0_correct_letterbox54", "latency_seconds": 4.415998524054885, "peak_allocated_bytes": 82364091904, "progress": "146/400", "status": "ok"}
Setting `pad_token_id` to `eos_token_id`:151645 for open-end generation.
{"cell": "internvl35_8b_budget54_set_b100_p0_correct_letterbox54", "latency_seconds": 3.8740858789533377, "peak_allocated_bytes": 82428211712, "progress": "147/400", "status": "ok"}
Setting `pad_token_id` to `eos_token_id`:151645 for open-end generation.
{"cell": "internvl35_8b_budget54_set_b100_p0_correct_letterbox54", "latency_seconds": 4.596287604421377, "peak_allocated_bytes": 82428211712, "progress": "148/400", "status": "ok"}
Setting `pad_token_id` to `eos_token_id`:151645 for open-end generation.
{"cell": "internvl35_8b_budget54_set_b100_p0_correct_letterbox54", "latency_seconds": 3.8813277212902904, "peak_allocated_bytes": 82539185664, "progress": "149/400", "status": "ok"}
Setting `pad_token_id` to `eos_token_id`:151645 for open-end generation.
{"cell": "internvl35_8b_budget54_set_b100_p0_correct_letterbox54", "latency_seconds": 3.87420139182359, "peak_allocated_bytes": 82391567360, "progress": "150/400", "status": "ok"}
Setting `pad_token_id` to `eos_token_id`:151645 for open-end generation.
{"cell": "internvl35_8b_budget54_set_b100_p0_correct_letterbox54", "latency_seconds": 3.866483338177204, "peak_allocated_bytes": 82446537728, "progress": "151/400", "status": "ok"}
Setting `pad_token_id` to `eos_token_id`:151645 for open-end generation.
{"cell": "internvl35_8b_budget54_set_b100_p0_correct_letterbox54", "latency_seconds": 4.480234228074551, "peak_allocated_bytes": 82391567360, "progress": "152/400", "status": "ok"}
Setting `pad_token_id` to `eos_token_id`:151645 for open-end generation.
{"cell": "internvl35_8b_budget54_set_b100_p0_correct_letterbox54", "latency_seconds": 4.407339047640562, "peak_allocated_bytes": 82455702528, "progress": "153/400", "status": "ok"}
Setting `pad_token_id` to `eos_token_id`:151645 for open-end generation.
{"cell": "internvl35_8b_budget54_set_b100_p0_correct_letterbox54", "latency_seconds": 3.872318498790264, "peak_allocated_bytes": 82391567360, "progress": "154/400", "status": "ok"}
Setting `pad_token_id` to `eos_token_id`:151645 for open-end generation.
{"cell": "internvl35_8b_budget54_set_b100_p0_correct_letterbox54", "latency_seconds": 4.381492053158581, "peak_allocated_bytes": 82419050496, "progress": "155/400", "status": "ok"}
Setting `pad_token_id` to `eos_token_id`:151645 for open-end generation.
{"cell": "internvl35_8b_budget54_set_b100_p0_correct_letterbox54", "latency_seconds": 4.808632136322558, "peak_allocated_bytes": 82382408704, "progress": "156/400", "status": "ok"}
Setting `pad_token_id` to `eos_token_id`:151645 for open-end generation.
{"cell": "internvl35_8b_budget54_set_b100_p0_correct_letterbox54", "latency_seconds": 5.2539128521457314, "peak_allocated_bytes": 82519867392, "progress": "157/400", "status": "ok"}
Setting `pad_token_id` to `eos_token_id`:151645 for open-end generation.
{"cell": "internvl35_8b_budget54_set_b100_p0_correct_letterbox54", "latency_seconds": 4.4046095525845885, "peak_allocated_bytes": 82382408704, "progress": "158/400", "status": "ok"}
Setting `pad_token_id` to `eos_token_id`:151645 for open-end generation.
{"cell": "internvl35_8b_budget54_set_b100_p0_correct_letterbox54", "latency_seconds": 4.413125674240291, "peak_allocated_bytes": 82474032640, "progress": "159/400", "status": "ok"}
Setting `pad_token_id` to `eos_token_id`:151645 for open-end generation.
{"cell": "internvl35_8b_budget54_set_b100_p0_correct_letterbox54", "latency_seconds": 4.3823097962886095, "peak_allocated_bytes": 82373249024, "progress": "160/400", "status": "ok"}
Setting `pad_token_id` to `eos_token_id`:151645 for open-end generation.
{"cell": "internvl35_8b_budget54_set_b100_p0_correct_letterbox54", "latency_seconds": 3.8822788381949067, "peak_allocated_bytes": 82539185664, "progress": "161/400", "status": "ok"}
Setting `pad_token_id` to `eos_token_id`:151645 for open-end generation.
{"cell": "internvl35_8b_budget54_set_b100_p0_correct_letterbox54", "latency_seconds": 4.405996840447187, "peak_allocated_bytes": 82382408704, "progress": "162/400", "status": "ok"}
Setting `pad_token_id` to `eos_token_id`:151645 for open-end generation.
{"cell": "internvl35_8b_budget54_set_b100_p0_correct_letterbox54", "latency_seconds": 4.418058505281806, "peak_allocated_bytes": 82474032640, "progress": "163/400", "status": "ok"}
Setting `pad_token_id` to `eos_token_id`:151645 for open-end generation.
{"cell": "internvl35_8b_budget54_set_b100_p0_correct_letterbox54", "latency_seconds": 4.552630051039159, "peak_allocated_bytes": 82400728576, "progress": "164/400", "status": "ok"}
Setting `pad_token_id` to `eos_token_id`:151645 for open-end generation.
{"cell": "internvl35_8b_budget54_set_b100_p0_correct_letterbox54", "latency_seconds": 3.5293423337861896, "peak_allocated_bytes": 82483197440, "progress": "165/400", "status": "ok"}
Setting `pad_token_id` to `eos_token_id`:151645 for open-end generation.
{"cell": "internvl35_8b_budget54_set_b100_p0_correct_letterbox54", "latency_seconds": 4.434272639453411, "peak_allocated_bytes": 82345777152, "progress": "166/400", "status": "ok"}
Setting `pad_token_id` to `eos_token_id`:151645 for open-end generation.
{"cell": "internvl35_8b_budget54_set_b100_p0_correct_letterbox54", "latency_seconds": 4.433671239763498, "peak_allocated_bytes": 82437375488, "progress": "167/400", "status": "ok"}
Setting `pad_token_id` to `eos_token_id`:151645 for open-end generation.
{"cell": "internvl35_8b_budget54_set_b100_p0_correct_letterbox54", "latency_seconds": 3.8756027659401298, "peak_allocated_bytes": 82428211712, "progress": "168/400", "status": "ok"}
Setting `pad_token_id` to `eos_token_id`:151645 for open-end generation.
{"cell": "internvl35_8b_budget54_set_b100_p0_correct_letterbox54", "latency_seconds": 5.625578148290515, "peak_allocated_bytes": 82492365312, "progress": "169/400", "status": "ok"}
Setting `pad_token_id` to `eos_token_id`:151645 for open-end generation.
{"cell": "internvl35_8b_budget54_set_b100_p0_correct_letterbox54", "latency_seconds": 5.1581501718610525, "peak_allocated_bytes": 82364091904, "progress": "170/400", "status": "ok"}
Setting `pad_token_id` to `eos_token_id`:151645 for open-end generation.
{"cell": "internvl35_8b_budget54_set_b100_p0_correct_letterbox54", "latency_seconds": 4.404240277595818, "peak_allocated_bytes": 82437375488, "progress": "171/400", "status": "ok"}
Setting `pad_token_id` to `eos_token_id`:151645 for open-end generation.
{"cell": "internvl35_8b_budget54_set_b100_p0_correct_letterbox54", "latency_seconds": 4.897932857275009, "peak_allocated_bytes": 82400728576, "progress": "172/400", "status": "ok"}
Setting `pad_token_id` to `eos_token_id`:151645 for open-end generation.
{"cell": "internvl35_8b_budget54_set_b100_p0_correct_letterbox54", "latency_seconds": 4.413946944288909, "peak_allocated_bytes": 82492365312, "progress": "173/400", "status": "ok"}
Setting `pad_token_id` to `eos_token_id`:151645 for open-end generation.
{"cell": "internvl35_8b_budget54_set_b100_p0_correct_letterbox54", "latency_seconds": 4.404503144323826, "peak_allocated_bytes": 82382408704, "progress": "174/400", "status": "ok"}
Setting `pad_token_id` to `eos_token_id`:151645 for open-end generation.
{"cell": "internvl35_8b_budget54_set_b100_p0_correct_letterbox54", "latency_seconds": 3.882527243345976, "peak_allocated_bytes": 82464866304, "progress": "175/400", "status": "ok"}
Setting `pad_token_id` to `eos_token_id`:151645 for open-end generation.
{"cell": "internvl35_8b_budget54_set_b100_p0_correct_letterbox54", "latency_seconds": 4.80796073935926, "peak_allocated_bytes": 82382408704, "progress": "176/400", "status": "ok"}
Setting `pad_token_id` to `eos_token_id`:151645 for open-end generation.
{"cell": "internvl35_8b_budget54_set_b100_p0_correct_letterbox54", "latency_seconds": 4.410797289572656, "peak_allocated_bytes": 82510700032, "progress": "177/400", "status": "ok"}
Setting `pad_token_id` to `eos_token_id`:151645 for open-end generation.
{"cell": "internvl35_8b_budget54_set_b100_p0_correct_letterbox54", "latency_seconds": 4.406031406484544, "peak_allocated_bytes": 82382408704, "progress": "178/400", "status": "ok"}
Setting `pad_token_id` to `eos_token_id`:151645 for open-end generation.
{"cell": "internvl35_8b_budget54_set_b100_p0_correct_letterbox54", "latency_seconds": 3.882710781879723, "peak_allocated_bytes": 82464866304, "progress": "179/400", "status": "ok"}
Setting `pad_token_id` to `eos_token_id`:151645 for open-end generation.
{"cell": "internvl35_8b_budget54_set_b100_p0_correct_letterbox54", "latency_seconds": 3.7054893570020795, "peak_allocated_bytes": 82409887744, "progress": "180/400", "status": "ok"}
Setting `pad_token_id` to `eos_token_id`:151645 for open-end generation.
{"cell": "internvl35_8b_budget54_set_b100_p0_correct_letterbox54", "latency_seconds": 3.882485678419471, "peak_allocated_bytes": 82501531136, "progress": "181/400", "status": "ok"}
Setting `pad_token_id` to `eos_token_id`:151645 for open-end generation.
{"cell": "internvl35_8b_budget54_set_b100_p0_correct_letterbox54", "latency_seconds": 4.3784351125359535, "peak_allocated_bytes": 82400728576, "progress": "182/400", "status": "ok"}
Setting `pad_token_id` to `eos_token_id`:151645 for open-end generation.
{"cell": "internvl35_8b_budget54_set_b100_p0_correct_letterbox54", "latency_seconds": 3.4922482734546065, "peak_allocated_bytes": 82483197440, "progress": "183/400", "status": "ok"}
Setting `pad_token_id` to `eos_token_id`:151645 for open-end generation.
{"cell": "internvl35_8b_budget54_set_b100_p0_correct_letterbox54", "latency_seconds": 3.704332610592246, "peak_allocated_bytes": 82409887744, "progress": "184/400", "status": "ok"}
Setting `pad_token_id` to `eos_token_id`:151645 for open-end generation.
{"cell": "internvl35_8b_budget54_set_b100_p0_correct_letterbox54", "latency_seconds": 3.9506171382963657, "peak_allocated_bytes": 82539185664, "progress": "185/400", "status": "ok"}
Setting `pad_token_id` to `eos_token_id`:151645 for open-end generation.
{"cell": "internvl35_8b_budget54_set_b100_p0_correct_letterbox54", "latency_seconds": 3.9056286877021194, "peak_allocated_bytes": 82391567360, "progress": "186/400", "status": "ok"}
Setting `pad_token_id` to `eos_token_id`:151645 for open-end generation.
{"cell": "internvl35_8b_budget54_set_b100_p0_correct_letterbox54", "latency_seconds": 3.881461901590228, "peak_allocated_bytes": 82464866304, "progress": "187/400", "status": "ok"}
Setting `pad_token_id` to `eos_token_id`:151645 for open-end generation.
{"cell": "internvl35_8b_budget54_set_b100_p0_correct_letterbox54", "latency_seconds": 4.92982614506036, "peak_allocated_bytes": 82400728576, "progress": "188/400", "status": "ok"}
Setting `pad_token_id` to `eos_token_id`:151645 for open-end generation.
{"cell": "internvl35_8b_budget54_set_b100_p0_correct_letterbox54", "latency_seconds": 3.494785390794277, "peak_allocated_bytes": 82483197440, "progress": "189/400", "status": "ok"}
Setting `pad_token_id` to `eos_token_id`:151645 for open-end generation.
{"cell": "internvl35_8b_budget54_set_b100_p0_correct_letterbox54", "latency_seconds": 4.405680671334267, "peak_allocated_bytes": 82382408704, "progress": "190/400", "status": "ok"}
Setting `pad_token_id` to `eos_token_id`:151645 for open-end generation.
{"cell": "internvl35_8b_budget54_set_b100_p0_correct_letterbox54", "latency_seconds": 3.8835588209331036, "peak_allocated_bytes": 82464866304, "progress": "191/400", "status": "ok"}
Setting `pad_token_id` to `eos_token_id`:151645 for open-end generation.
{"cell": "internvl35_8b_budget54_set_b100_p0_correct_letterbox54", "latency_seconds": 4.588833280839026, "peak_allocated_bytes": 82373249024, "progress": "192/400", "status": "ok"}
Setting `pad_token_id` to `eos_token_id`:151645 for open-end generation.
{"cell": "internvl35_8b_budget54_set_b100_p0_correct_letterbox54", "latency_seconds": 4.415977508760989, "peak_allocated_bytes": 82492365312, "progress": "193/400", "status": "ok"}
Setting `pad_token_id` to `eos_token_id`:151645 for open-end generation.
{"cell": "internvl35_8b_budget54_set_b100_p0_correct_letterbox54", "latency_seconds": 3.4151343619450927, "peak_allocated_bytes": 82409887744, "progress": "194/400", "status": "ok"}
Setting `pad_token_id` to `eos_token_id`:151645 for open-end generation.
{"cell": "internvl35_8b_budget54_set_b100_p0_correct_letterbox54", "latency_seconds": 3.8752812510356307, "peak_allocated_bytes": 82428211712, "progress": "195/400", "status": "ok"}
Setting `pad_token_id` to `eos_token_id`:151645 for open-end generation.
{"cell": "internvl35_8b_budget54_set_b100_p0_correct_letterbox54", "latency_seconds": 4.019557840190828, "peak_allocated_bytes": 82428211712, "progress": "196/400", "status": "ok"}
Setting `pad_token_id` to `eos_token_id`:151645 for open-end generation.
{"cell": "internvl35_8b_budget54_set_b100_p0_correct_letterbox54", "latency_seconds": 5.0441423719748855, "peak_allocated_bytes": 82510700032, "progress": "197/400", "status": "ok"}
Setting `pad_token_id` to `eos_token_id`:151645 for open-end generation.
{"cell": "internvl35_8b_budget54_set_b100_p0_correct_letterbox54", "latency_seconds": 4.40738177485764, "peak_allocated_bytes": 82345777152, "progress": "198/400", "status": "ok"}
Setting `pad_token_id` to `eos_token_id`:151645 for open-end generation.
{"cell": "internvl35_8b_budget54_set_b100_p0_correct_letterbox54", "latency_seconds": 3.4172394704073668, "peak_allocated_bytes": 82409887744, "progress": "199/400", "status": "ok"}
Setting `pad_token_id` to `eos_token_id`:151645 for open-end generation.
{"cell": "internvl35_8b_budget54_set_b100_p0_correct_letterbox54", "latency_seconds": 4.308782101608813, "peak_allocated_bytes": 82391567360, "progress": "200/400", "status": "ok"}
Setting `pad_token_id` to `eos_token_id`:151645 for open-end generation.
{"cell": "internvl35_8b_budget54_set_b100_p0_correct_letterbox54", "latency_seconds": 4.409927477128804, "peak_allocated_bytes": 82510700032, "progress": "201/400", "status": "ok"}
Setting `pad_token_id` to `eos_token_id`:151645 for open-end generation.
{"cell": "internvl35_8b_budget54_set_b100_p0_correct_letterbox54", "latency_seconds": 5.994048356078565, "peak_allocated_bytes": 82382408704, "progress": "202/400", "status": "ok"}
Setting `pad_token_id` to `eos_token_id`:151645 for open-end generation.
{"cell": "internvl35_8b_budget54_set_b100_p0_correct_letterbox54", "latency_seconds": 4.384193946607411, "peak_allocated_bytes": 82419050496, "progress": "203/400", "status": "ok"}
Setting `pad_token_id` to `eos_token_id`:151645 for open-end generation.
{"cell": "internvl35_8b_budget54_set_b100_p0_correct_letterbox54", "latency_seconds": 5.044671630486846, "peak_allocated_bytes": 82382408704, "progress": "204/400", "status": "ok"}
Setting `pad_token_id` to `eos_token_id`:151645 for open-end generation.
{"cell": "internvl35_8b_budget54_set_b100_p0_correct_letterbox54", "latency_seconds": 3.492402787320316, "peak_allocated_bytes": 82483197440, "progress": "205/400", "status": "ok"}
Setting `pad_token_id` to `eos_token_id`:151645 for open-end generation.
{"cell": "internvl35_8b_budget54_set_b100_p0_correct_letterbox54", "latency_seconds": 3.415141737088561, "peak_allocated_bytes": 82409887744, "progress": "206/400", "status": "ok"}
Setting `pad_token_id` to `eos_token_id`:151645 for open-end generation.
{"cell": "internvl35_8b_budget54_set_b100_p0_correct_letterbox54", "latency_seconds": 4.408342286013067, "peak_allocated_bytes": 82437375488, "progress": "207/400", "status": "ok"}
Setting `pad_token_id` to `eos_token_id`:151645 for open-end generation.
{"cell": "internvl35_8b_budget54_set_b100_p0_correct_letterbox54", "latency_seconds": 3.5891411686316133, "peak_allocated_bytes": 82409887744, "progress": "208/400", "status": "ok"}
Setting `pad_token_id` to `eos_token_id`:151645 for open-end generation.
{"cell": "internvl35_8b_budget54_set_b100_p0_correct_letterbox54", "latency_seconds": 3.8814458483830094, "peak_allocated_bytes": 82501531136, "progress": "209/400", "status": "ok"}
Setting `pad_token_id` to `eos_token_id`:151645 for open-end generation.
{"cell": "internvl35_8b_budget54_set_b100_p0_correct_letterbox54", "latency_seconds": 3.877152182161808, "peak_allocated_bytes": 82354933248, "progress": "210/400", "status": "ok"}
Setting `pad_token_id` to `eos_token_id`:151645 for open-end generation.
{"cell": "internvl35_8b_budget54_set_b100_p0_correct_letterbox54", "latency_seconds": 3.882609543390572, "peak_allocated_bytes": 82464866304, "progress": "211/400", "status": "ok"}
Setting `pad_token_id` to `eos_token_id`:151645 for open-end generation.
{"cell": "internvl35_8b_budget54_set_b100_p0_correct_letterbox54", "latency_seconds": 4.785091795027256, "peak_allocated_bytes": 82400728576, "progress": "212/400", "status": "ok"}
Setting `pad_token_id` to `eos_token_id`:151645 for open-end generation.
{"cell": "internvl35_8b_budget54_set_b100_p0_correct_letterbox54", "latency_seconds": 3.697147209197283, "peak_allocated_bytes": 82483197440, "progress": "213/400", "status": "ok"}
Setting `pad_token_id` to `eos_token_id`:151645 for open-end generation.
{"cell": "internvl35_8b_budget54_set_b100_p0_correct_letterbox54", "latency_seconds": 4.957044227048755, "peak_allocated_bytes": 82364091904, "progress": "214/400", "status": "ok"}
Setting `pad_token_id` to `eos_token_id`:151645 for open-end generation.
{"cell": "internvl35_8b_budget54_set_b100_p0_correct_letterbox54", "latency_seconds": 4.41420032735914, "peak_allocated_bytes": 82474032640, "progress": "215/400", "status": "ok"}
Setting `pad_token_id` to `eos_token_id`:151645 for open-end generation.
{"cell": "internvl35_8b_budget54_set_b100_p0_correct_letterbox54", "latency_seconds": 4.278401968069375, "peak_allocated_bytes": 82391567360, "progress": "216/400", "status": "ok"}
Setting `pad_token_id` to `eos_token_id`:151645 for open-end generation.
{"cell": "internvl35_8b_budget54_set_b100_p0_correct_letterbox54", "latency_seconds": 4.864460515789688, "peak_allocated_bytes": 82539185664, "progress": "217/400", "status": "ok"}
Setting `pad_token_id` to `eos_token_id`:151645 for open-end generation.
{"cell": "internvl35_8b_budget54_set_b100_p0_correct_letterbox54", "latency_seconds": 10.663091408088803, "peak_allocated_bytes": 82382408704, "progress": "218/400", "status": "ok"}
Setting `pad_token_id` to `eos_token_id`:151645 for open-end generation.
{"cell": "internvl35_8b_budget54_set_b100_p0_correct_letterbox54", "latency_seconds": 4.405777722597122, "peak_allocated_bytes": 82437375488, "progress": "219/400", "status": "ok"}
Setting `pad_token_id` to `eos_token_id`:151645 for open-end generation.
{"cell": "internvl35_8b_budget54_set_b100_p0_correct_letterbox54", "latency_seconds": 4.324882352724671, "peak_allocated_bytes": 82373249024, "progress": "220/400", "status": "ok"}
Setting `pad_token_id` to `eos_token_id`:151645 for open-end generation.
{"cell": "internvl35_8b_budget54_set_b100_p0_correct_letterbox54", "latency_seconds": 3.6672616275027394, "peak_allocated_bytes": 82483197440, "progress": "221/400", "status": "ok"}
Setting `pad_token_id` to `eos_token_id`:151645 for open-end generation.
{"cell": "internvl35_8b_budget54_set_b100_p0_correct_letterbox54", "latency_seconds": 4.403864622116089, "peak_allocated_bytes": 82382408704, "progress": "222/400", "status": "ok"}
Setting `pad_token_id` to `eos_token_id`:151645 for open-end generation.
{"cell": "internvl35_8b_budget54_set_b100_p0_correct_letterbox54", "latency_seconds": 3.874977570027113, "peak_allocated_bytes": 82428211712, "progress": "223/400", "status": "ok"}
Setting `pad_token_id` to `eos_token_id`:151645 for open-end generation.
{"cell": "internvl35_8b_budget54_set_b100_p0_correct_letterbox54", "latency_seconds": 4.81148068793118, "peak_allocated_bytes": 82382408704, "progress": "224/400", "status": "ok"}
Setting `pad_token_id` to `eos_token_id`:151645 for open-end generation.
{"cell": "internvl35_8b_budget54_set_b100_p0_correct_letterbox54", "latency_seconds": 4.4166142819449306, "peak_allocated_bytes": 82548198912, "progress": "225/400", "status": "ok"}
Setting `pad_token_id` to `eos_token_id`:151645 for open-end generation.
{"cell": "internvl35_8b_budget54_set_b100_p0_correct_letterbox54", "latency_seconds": 4.3941766656935215, "peak_allocated_bytes": 82309164544, "progress": "226/400", "status": "ok"}
Setting `pad_token_id` to `eos_token_id`:151645 for open-end generation.
{"cell": "internvl35_8b_budget54_set_b100_p0_correct_letterbox54", "latency_seconds": 3.879435314796865, "peak_allocated_bytes": 82464866304, "progress": "227/400", "status": "ok"}
Setting `pad_token_id` to `eos_token_id`:151645 for open-end generation.
{"cell": "internvl35_8b_budget54_set_b100_p0_correct_letterbox54", "latency_seconds": 4.487125658430159, "peak_allocated_bytes": 82409887744, "progress": "228/400", "status": "ok"}
Setting `pad_token_id` to `eos_token_id`:151645 for open-end generation.
{"cell": "internvl35_8b_budget54_set_b100_p0_correct_letterbox54", "latency_seconds": 3.881169739179313, "peak_allocated_bytes": 82501531136, "progress": "229/400", "status": "ok"}
Setting `pad_token_id` to `eos_token_id`:151645 for open-end generation.
{"cell": "internvl35_8b_budget54_set_b100_p0_correct_letterbox54", "latency_seconds": 4.403185350820422, "peak_allocated_bytes": 82382408704, "progress": "230/400", "status": "ok"}
Setting `pad_token_id` to `eos_token_id`:151645 for open-end generation.
{"cell": "internvl35_8b_budget54_set_b100_p0_correct_letterbox54", "latency_seconds": 3.8831923911347985, "peak_allocated_bytes": 82464866304, "progress": "231/400", "status": "ok"}
Setting `pad_token_id` to `eos_token_id`:151645 for open-end generation.
{"cell": "internvl35_8b_budget54_set_b100_p0_correct_letterbox54", "latency_seconds": 4.251809112727642, "peak_allocated_bytes": 82428211712, "progress": "232/400", "status": "ok"}
Setting `pad_token_id` to `eos_token_id`:151645 for open-end generation.
{"cell": "internvl35_8b_budget54_set_b100_p0_correct_letterbox54", "latency_seconds": 4.0556522980332375, "peak_allocated_bytes": 82464866304, "progress": "233/400", "status": "ok"}
Setting `pad_token_id` to `eos_token_id`:151645 for open-end generation.
{"cell": "internvl35_8b_budget54_set_b100_p0_correct_letterbox54", "latency_seconds": 4.39707790967077, "peak_allocated_bytes": 82309164544, "progress": "234/400", "status": "ok"}
Setting `pad_token_id` to `eos_token_id`:151645 for open-end generation.
{"cell": "internvl35_8b_budget54_set_b100_p0_correct_letterbox54", "latency_seconds": 4.412763477303088, "peak_allocated_bytes": 82455702528, "progress": "235/400", "status": "ok"}
Setting `pad_token_id` to `eos_token_id`:151645 for open-end generation.
{"cell": "internvl35_8b_budget54_set_b100_p0_correct_letterbox54", "latency_seconds": 4.56973840855062, "peak_allocated_bytes": 82391567360, "progress": "236/400", "status": "ok"}
Setting `pad_token_id` to `eos_token_id`:151645 for open-end generation.
{"cell": "internvl35_8b_budget54_set_b100_p0_correct_letterbox54", "latency_seconds": 3.8701310819014907, "peak_allocated_bytes": 82519867392, "progress": "237/400", "status": "ok"}
Setting `pad_token_id` to `eos_token_id`:151645 for open-end generation.
{"cell": "internvl35_8b_budget54_set_b100_p0_correct_letterbox54", "latency_seconds": 4.408574255183339, "peak_allocated_bytes": 82345777152, "progress": "238/400", "status": "ok"}
Setting `pad_token_id` to `eos_token_id`:151645 for open-end generation.
{"cell": "internvl35_8b_budget54_set_b100_p0_correct_letterbox54", "latency_seconds": 3.883126779459417, "peak_allocated_bytes": 82464866304, "progress": "239/400", "status": "ok"}
Setting `pad_token_id` to `eos_token_id`:151645 for open-end generation.
{"cell": "internvl35_8b_budget54_set_b100_p0_correct_letterbox54", "latency_seconds": 4.750255964696407, "peak_allocated_bytes": 82464866304, "progress": "240/400", "status": "ok"}
Setting `pad_token_id` to `eos_token_id`:151645 for open-end generation.
{"cell": "internvl35_8b_budget54_set_b100_p0_correct_letterbox54", "latency_seconds": 4.448816110379994, "peak_allocated_bytes": 82548198912, "progress": "241/400", "status": "ok"}
Setting `pad_token_id` to `eos_token_id`:151645 for open-end generation.
{"cell": "internvl35_8b_budget54_set_b100_p0_correct_letterbox54", "latency_seconds": 4.483129845932126, "peak_allocated_bytes": 82364091904, "progress": "242/400", "status": "ok"}
Setting `pad_token_id` to `eos_token_id`:151645 for open-end generation.
{"cell": "internvl35_8b_budget54_set_b100_p0_correct_letterbox54", "latency_seconds": 3.885086086578667, "peak_allocated_bytes": 82464866304, "progress": "243/400", "status": "ok"}
Setting `pad_token_id` to `eos_token_id`:151645 for open-end generation.
{"cell": "internvl35_8b_budget54_set_b100_p0_correct_letterbox54", "latency_seconds": 4.956136668100953, "peak_allocated_bytes": 82382408704, "progress": "244/400", "status": "ok"}
Setting `pad_token_id` to `eos_token_id`:151645 for open-end generation.
{"cell": "internvl35_8b_budget54_set_b100_p0_correct_letterbox54", "latency_seconds": 3.8684283094480634, "peak_allocated_bytes": 82446537728, "progress": "245/400", "status": "ok"}
Setting `pad_token_id` to `eos_token_id`:151645 for open-end generation.
{"cell": "internvl35_8b_budget54_set_b100_p0_correct_letterbox54", "latency_seconds": 5.30410385876894, "peak_allocated_bytes": 82382408704, "progress": "246/400", "status": "ok"}
Setting `pad_token_id` to `eos_token_id`:151645 for open-end generation.
{"cell": "internvl35_8b_budget54_set_b100_p0_correct_letterbox54", "latency_seconds": 3.867341729812324, "peak_allocated_bytes": 82446537728, "progress": "247/400", "status": "ok"}
Setting `pad_token_id` to `eos_token_id`:151645 for open-end generation.
{"cell": "internvl35_8b_budget54_set_b100_p0_correct_letterbox54", "latency_seconds": 4.596938519738615, "peak_allocated_bytes": 82391567360, "progress": "248/400", "status": "ok"}
Setting `pad_token_id` to `eos_token_id`:151645 for open-end generation.
{"cell": "internvl35_8b_budget54_set_b100_p0_correct_letterbox54", "latency_seconds": 4.410095394589007, "peak_allocated_bytes": 82455702528, "progress": "249/400", "status": "ok"}
Setting `pad_token_id` to `eos_token_id`:151645 for open-end generation.
{"cell": "internvl35_8b_budget54_set_b100_p0_correct_letterbox54", "latency_seconds": 4.403790842741728, "peak_allocated_bytes": 82345777152, "progress": "250/400", "status": "ok"}
Setting `pad_token_id` to `eos_token_id`:151645 for open-end generation.
{"cell": "internvl35_8b_budget54_set_b100_p0_correct_letterbox54", "latency_seconds": 4.378137509338558, "peak_allocated_bytes": 82400728576, "progress": "251/400", "status": "ok"}
Setting `pad_token_id` to `eos_token_id`:151645 for open-end generation.
{"cell": "internvl35_8b_budget54_set_b100_p0_correct_letterbox54", "latency_seconds": 19.30033070128411, "peak_allocated_bytes": 82474032640, "progress": "252/400", "status": "ok"}
Setting `pad_token_id` to `eos_token_id`:151645 for open-end generation.
{"cell": "internvl35_8b_budget54_set_b100_p0_correct_letterbox54", "latency_seconds": 5.502276660874486, "peak_allocated_bytes": 82539185664, "progress": "253/400", "status": "ok"}
Setting `pad_token_id` to `eos_token_id`:151645 for open-end generation.
{"cell": "internvl35_8b_budget54_set_b100_p0_correct_letterbox54", "latency_seconds": 4.403168796561658, "peak_allocated_bytes": 82382408704, "progress": "254/400", "status": "ok"}
Setting `pad_token_id` to `eos_token_id`:151645 for open-end generation.
{"cell": "internvl35_8b_budget54_set_b100_p0_correct_letterbox54", "latency_seconds": 4.408956576138735, "peak_allocated_bytes": 82455702528, "progress": "255/400", "status": "ok"}
Setting `pad_token_id` to `eos_token_id`:151645 for open-end generation.
{"cell": "internvl35_8b_budget54_set_b100_p0_correct_letterbox54", "latency_seconds": 4.723329675383866, "peak_allocated_bytes": 82400728576, "progress": "256/400", "status": "ok"}
Setting `pad_token_id` to `eos_token_id`:151645 for open-end generation.
{"cell": "internvl35_8b_budget54_set_b100_p0_correct_letterbox54", "latency_seconds": 4.044885227456689, "peak_allocated_bytes": 82483197440, "progress": "257/400", "status": "ok"}
Setting `pad_token_id` to `eos_token_id`:151645 for open-end generation.
{"cell": "internvl35_8b_budget54_set_b100_p0_correct_letterbox54", "latency_seconds": 3.8730917191132903, "peak_allocated_bytes": 82391567360, "progress": "258/400", "status": "ok"}
Setting `pad_token_id` to `eos_token_id`:151645 for open-end generation.
{"cell": "internvl35_8b_budget54_set_b100_p0_correct_letterbox54", "latency_seconds": 3.4902119608595967, "peak_allocated_bytes": 82483197440, "progress": "259/400", "status": "ok"}
Setting `pad_token_id` to `eos_token_id`:151645 for open-end generation.
{"cell": "internvl35_8b_budget54_set_b100_p0_correct_letterbox54", "latency_seconds": 4.216346769593656, "peak_allocated_bytes": 82446537728, "progress": "260/400", "status": "ok"}
Setting `pad_token_id` to `eos_token_id`:151645 for open-end generation.
{"cell": "internvl35_8b_budget54_set_b100_p0_correct_letterbox54", "latency_seconds": 5.105738155543804, "peak_allocated_bytes": 82510700032, "progress": "261/400", "status": "ok"}
Setting `pad_token_id` to `eos_token_id`:151645 for open-end generation.
{"cell": "internvl35_8b_budget54_set_b100_p0_correct_letterbox54", "latency_seconds": 4.406769325956702, "peak_allocated_bytes": 82364091904, "progress": "262/400", "status": "ok"}
Setting `pad_token_id` to `eos_token_id`:151645 for open-end generation.
{"cell": "internvl35_8b_budget54_set_b100_p0_correct_letterbox54", "latency_seconds": 3.883341363631189, "peak_allocated_bytes": 82464866304, "progress": "263/400", "status": "ok"}
Setting `pad_token_id` to `eos_token_id`:151645 for open-end generation.
{"cell": "internvl35_8b_budget54_set_b100_p0_correct_letterbox54", "latency_seconds": 4.41284566745162, "peak_allocated_bytes": 82373249024, "progress": "264/400", "status": "ok"}
Setting `pad_token_id` to `eos_token_id`:151645 for open-end generation.
{"cell": "internvl35_8b_budget54_set_b100_p0_correct_letterbox54", "latency_seconds": 5.2412020191550255, "peak_allocated_bytes": 82539185664, "progress": "265/400", "status": "ok"}
Setting `pad_token_id` to `eos_token_id`:151645 for open-end generation.
{"cell": "internvl35_8b_budget54_set_b100_p0_correct_letterbox54", "latency_seconds": 4.407509481534362, "peak_allocated_bytes": 82345777152, "progress": "266/400", "status": "ok"}
Setting `pad_token_id` to `eos_token_id`:151645 for open-end generation.
{"cell": "internvl35_8b_budget54_set_b100_p0_correct_letterbox54", "latency_seconds": 4.405881469137967, "peak_allocated_bytes": 82437375488, "progress": "267/400", "status": "ok"}
Setting `pad_token_id` to `eos_token_id`:151645 for open-end generation.
{"cell": "internvl35_8b_budget54_set_b100_p0_correct_letterbox54", "latency_seconds": 4.792379055172205, "peak_allocated_bytes": 82419050496, "progress": "268/400", "status": "ok"}
Setting `pad_token_id` to `eos_token_id`:151645 for open-end generation.
{"cell": "internvl35_8b_budget54_set_b100_p0_correct_letterbox54", "latency_seconds": 3.9098914992064238, "peak_allocated_bytes": 82539185664, "progress": "269/400", "status": "ok"}
Setting `pad_token_id` to `eos_token_id`:151645 for open-end generation.
{"cell": "internvl35_8b_budget54_set_b100_p0_correct_letterbox54", "latency_seconds": 3.877351563423872, "peak_allocated_bytes": 82354933248, "progress": "270/400", "status": "ok"}
Setting `pad_token_id` to `eos_token_id`:151645 for open-end generation.
{"cell": "internvl35_8b_budget54_set_b100_p0_correct_letterbox54", "latency_seconds": 3.8844327963888645, "peak_allocated_bytes": 82464866304, "progress": "271/400", "status": "ok"}
Setting `pad_token_id` to `eos_token_id`:151645 for open-end generation.
{"cell": "internvl35_8b_budget54_set_b100_p0_correct_letterbox54", "latency_seconds": 4.697562360204756, "peak_allocated_bytes": 82400728576, "progress": "272/400", "status": "ok"}
Setting `pad_token_id` to `eos_token_id`:151645 for open-end generation.
{"cell": "internvl35_8b_budget54_set_b100_p0_correct_letterbox54", "latency_seconds": 4.414772653952241, "peak_allocated_bytes": 82492365312, "progress": "273/400", "status": "ok"}
Setting `pad_token_id` to `eos_token_id`:151645 for open-end generation.
{"cell": "internvl35_8b_budget54_set_b100_p0_correct_letterbox54", "latency_seconds": 4.394608990289271, "peak_allocated_bytes": 82309164544, "progress": "274/400", "status": "ok"}
Setting `pad_token_id` to `eos_token_id`:151645 for open-end generation.
{"cell": "internvl35_8b_budget54_set_b100_p0_correct_letterbox54", "latency_seconds": 4.40924577973783, "peak_allocated_bytes": 82455702528, "progress": "275/400", "status": "ok"}
Setting `pad_token_id` to `eos_token_id`:151645 for open-end generation.
{"cell": "internvl35_8b_budget54_set_b100_p0_correct_letterbox54", "latency_seconds": 3.7042381670325994, "peak_allocated_bytes": 82409887744, "progress": "276/400", "status": "ok"}
Setting `pad_token_id` to `eos_token_id`:151645 for open-end generation.
{"cell": "internvl35_8b_budget54_set_b100_p0_correct_letterbox54", "latency_seconds": 4.444375469349325, "peak_allocated_bytes": 82474032640, "progress": "277/400", "status": "ok"}
Setting `pad_token_id` to `eos_token_id`:151645 for open-end generation.
{"cell": "internvl35_8b_budget54_set_b100_p0_correct_letterbox54", "latency_seconds": 3.863456637598574, "peak_allocated_bytes": 82373249024, "progress": "278/400", "status": "ok"}
Setting `pad_token_id` to `eos_token_id`:151645 for open-end generation.
{"cell": "internvl35_8b_budget54_set_b100_p0_correct_letterbox54", "latency_seconds": 3.8776267571374774, "peak_allocated_bytes": 82428211712, "progress": "279/400", "status": "ok"}
Setting `pad_token_id` to `eos_token_id`:151645 for open-end generation.
{"cell": "internvl35_8b_budget54_set_b100_p0_correct_letterbox54", "latency_seconds": 4.049736499786377, "peak_allocated_bytes": 82428211712, "progress": "280/400", "status": "ok"}
Setting `pad_token_id` to `eos_token_id`:151645 for open-end generation.
{"cell": "internvl35_8b_budget54_set_b100_p0_correct_letterbox54", "latency_seconds": 5.405878173187375, "peak_allocated_bytes": 82548198912, "progress": "281/400", "status": "ok"}
Setting `pad_token_id` to `eos_token_id`:151645 for open-end generation.
{"cell": "internvl35_8b_budget54_set_b100_p0_correct_letterbox54", "latency_seconds": 4.404977777972817, "peak_allocated_bytes": 82382408704, "progress": "282/400", "status": "ok"}
Setting `pad_token_id` to `eos_token_id`:151645 for open-end generation.
{"cell": "internvl35_8b_budget54_set_b100_p0_correct_letterbox54", "latency_seconds": 4.414149650372565, "peak_allocated_bytes": 82474032640, "progress": "283/400", "status": "ok"}
Setting `pad_token_id` to `eos_token_id`:151645 for open-end generation.
{"cell": "internvl35_8b_budget54_set_b100_p0_correct_letterbox54", "latency_seconds": 4.552499555051327, "peak_allocated_bytes": 82419050496, "progress": "284/400", "status": "ok"}
Setting `pad_token_id` to `eos_token_id`:151645 for open-end generation.
{"cell": "internvl35_8b_budget54_set_b100_p0_correct_letterbox54", "latency_seconds": 4.6953757759183645, "peak_allocated_bytes": 82539185664, "progress": "285/400", "status": "ok"}
Setting `pad_token_id` to `eos_token_id`:151645 for open-end generation.
{"cell": "internvl35_8b_budget54_set_b100_p0_correct_letterbox54", "latency_seconds": 4.4080168809741735, "peak_allocated_bytes": 82364091904, "progress": "286/400", "status": "ok"}
Setting `pad_token_id` to `eos_token_id`:151645 for open-end generation.
{"cell": "internvl35_8b_budget54_set_b100_p0_correct_letterbox54", "latency_seconds": 4.412237433716655, "peak_allocated_bytes": 82455702528, "progress": "287/400", "status": "ok"}
Setting `pad_token_id` to `eos_token_id`:151645 for open-end generation.
{"cell": "internvl35_8b_budget54_set_b100_p0_correct_letterbox54", "latency_seconds": 4.751563623547554, "peak_allocated_bytes": 82464866304, "progress": "288/400", "status": "ok"}
Setting `pad_token_id` to `eos_token_id`:151645 for open-end generation.
{"cell": "internvl35_8b_budget54_set_b100_p0_correct_letterbox54", "latency_seconds": 5.185543023981154, "peak_allocated_bytes": 82464866304, "progress": "289/400", "status": "ok"}
Setting `pad_token_id` to `eos_token_id`:151645 for open-end generation.
{"cell": "internvl35_8b_budget54_set_b100_p0_correct_letterbox54", "latency_seconds": 3.8716233614832163, "peak_allocated_bytes": 82391567360, "progress": "290/400", "status": "ok"}
Setting `pad_token_id` to `eos_token_id`:151645 for open-end generation.
{"cell": "internvl35_8b_budget54_set_b100_p0_correct_letterbox54", "latency_seconds": 4.414241271093488, "peak_allocated_bytes": 82474032640, "progress": "291/400", "status": "ok"}
Setting `pad_token_id` to `eos_token_id`:151645 for open-end generation.
{"cell": "internvl35_8b_budget54_set_b100_p0_correct_letterbox54", "latency_seconds": 4.602232093922794, "peak_allocated_bytes": 82409887744, "progress": "292/400", "status": "ok"}
Setting `pad_token_id` to `eos_token_id`:151645 for open-end generation.
{"cell": "internvl35_8b_budget54_set_b100_p0_correct_letterbox54", "latency_seconds": 4.408040630631149, "peak_allocated_bytes": 82455702528, "progress": "293/400", "status": "ok"}
Setting `pad_token_id` to `eos_token_id`:151645 for open-end generation.
{"cell": "internvl35_8b_budget54_set_b100_p0_correct_letterbox54", "latency_seconds": 3.861327518709004, "peak_allocated_bytes": 82373249024, "progress": "294/400", "status": "ok"}
Setting `pad_token_id` to `eos_token_id`:151645 for open-end generation.
{"cell": "internvl35_8b_budget54_set_b100_p0_correct_letterbox54", "latency_seconds": 4.413708116859198, "peak_allocated_bytes": 82474032640, "progress": "295/400", "status": "ok"}
Setting `pad_token_id` to `eos_token_id`:151645 for open-end generation.
{"cell": "internvl35_8b_budget54_set_b100_p0_correct_letterbox54", "latency_seconds": 3.7047417163848877, "peak_allocated_bytes": 82409887744, "progress": "296/400", "status": "ok"}
Setting `pad_token_id` to `eos_token_id`:151645 for open-end generation.
{"cell": "internvl35_8b_budget54_set_b100_p0_correct_letterbox54", "latency_seconds": 4.8084723157808185, "peak_allocated_bytes": 82539185664, "progress": "297/400", "status": "ok"}
Setting `pad_token_id` to `eos_token_id`:151645 for open-end generation.
{"cell": "internvl35_8b_budget54_set_b100_p0_correct_letterbox54", "latency_seconds": 4.40701921004802, "peak_allocated_bytes": 82364091904, "progress": "298/400", "status": "ok"}
Setting `pad_token_id` to `eos_token_id`:151645 for open-end generation.
{"cell": "internvl35_8b_budget54_set_b100_p0_correct_letterbox54", "latency_seconds": 4.40769752766937, "peak_allocated_bytes": 82437375488, "progress": "299/400", "status": "ok"}
Setting `pad_token_id` to `eos_token_id`:151645 for open-end generation.
{"cell": "internvl35_8b_budget54_set_b100_p0_correct_letterbox54", "latency_seconds": 4.454224895685911, "peak_allocated_bytes": 82428211712, "progress": "300/400", "status": "ok"}
Setting `pad_token_id` to `eos_token_id`:151645 for open-end generation.
{"cell": "internvl35_8b_budget54_set_b100_p0_correct_letterbox54", "latency_seconds": 6.034443813376129, "peak_allocated_bytes": 82529037824, "progress": "301/400", "status": "ok"}
Setting `pad_token_id` to `eos_token_id`:151645 for open-end generation.
{"cell": "internvl35_8b_budget54_set_b100_p0_correct_letterbox54", "latency_seconds": 4.405563006177545, "peak_allocated_bytes": 82345777152, "progress": "302/400", "status": "ok"}
Setting `pad_token_id` to `eos_token_id`:151645 for open-end generation.
{"cell": "internvl35_8b_budget54_set_b100_p0_correct_letterbox54", "latency_seconds": 4.406072687357664, "peak_allocated_bytes": 82437375488, "progress": "303/400", "status": "ok"}
Setting `pad_token_id` to `eos_token_id`:151645 for open-end generation.
{"cell": "internvl35_8b_budget54_set_b100_p0_correct_letterbox54", "latency_seconds": 5.889246956445277, "peak_allocated_bytes": 82400728576, "progress": "304/400", "status": "ok"}
Setting `pad_token_id` to `eos_token_id`:151645 for open-end generation.
{"cell": "internvl35_8b_budget54_set_b100_p0_correct_letterbox54", "latency_seconds": 3.8960452554747462, "peak_allocated_bytes": 82519867392, "progress": "305/400", "status": "ok"}
Setting `pad_token_id` to `eos_token_id`:151645 for open-end generation.
{"cell": "internvl35_8b_budget54_set_b100_p0_correct_letterbox54", "latency_seconds": 4.404472999274731, "peak_allocated_bytes": 82345777152, "progress": "306/400", "status": "ok"}
Setting `pad_token_id` to `eos_token_id`:151645 for open-end generation.
{"cell": "internvl35_8b_budget54_set_b100_p0_correct_letterbox54", "latency_seconds": 4.408805346116424, "peak_allocated_bytes": 82455702528, "progress": "307/400", "status": "ok"}
Setting `pad_token_id` to `eos_token_id`:151645 for open-end generation.
{"cell": "internvl35_8b_budget54_set_b100_p0_correct_letterbox54", "latency_seconds": 4.0473026391118765, "peak_allocated_bytes": 82391567360, "progress": "308/400", "status": "ok"}
Setting `pad_token_id` to `eos_token_id`:151645 for open-end generation.
{"cell": "internvl35_8b_budget54_set_b100_p0_correct_letterbox54", "latency_seconds": 4.442632439546287, "peak_allocated_bytes": 82474032640, "progress": "309/400", "status": "ok"}
Setting `pad_token_id` to `eos_token_id`:151645 for open-end generation.
{"cell": "internvl35_8b_budget54_set_b100_p0_correct_letterbox54", "latency_seconds": 4.381200484931469, "peak_allocated_bytes": 82400728576, "progress": "310/400", "status": "ok"}
Setting `pad_token_id` to `eos_token_id`:151645 for open-end generation.
{"cell": "internvl35_8b_budget54_set_b100_p0_correct_letterbox54", "latency_seconds": 3.4916657404974103, "peak_allocated_bytes": 82483197440, "progress": "311/400", "status": "ok"}
Setting `pad_token_id` to `eos_token_id`:151645 for open-end generation.
{"cell": "internvl35_8b_budget54_set_b100_p0_correct_letterbox54", "latency_seconds": 4.731423699297011, "peak_allocated_bytes": 82419050496, "progress": "312/400", "status": "ok"}
Setting `pad_token_id` to `eos_token_id`:151645 for open-end generation.
{"cell": "internvl35_8b_budget54_set_b100_p0_correct_letterbox54", "latency_seconds": 5.422864773310721, "peak_allocated_bytes": 82539185664, "progress": "313/400", "status": "ok"}
Setting `pad_token_id` to `eos_token_id`:151645 for open-end generation.
{"cell": "internvl35_8b_budget54_set_b100_p0_correct_letterbox54", "latency_seconds": 3.8735441798344254, "peak_allocated_bytes": 82391567360, "progress": "314/400", "status": "ok"}
Setting `pad_token_id` to `eos_token_id`:151645 for open-end generation.
{"cell": "internvl35_8b_budget54_set_b100_p0_correct_letterbox54", "latency_seconds": 3.8806482115760446, "peak_allocated_bytes": 82464866304, "progress": "315/400", "status": "ok"}
Setting `pad_token_id` to `eos_token_id`:151645 for open-end generation.
{"cell": "internvl35_8b_budget54_set_b100_p0_correct_letterbox54", "latency_seconds": 4.483660553582013, "peak_allocated_bytes": 82391567360, "progress": "316/400", "status": "ok"}
Setting `pad_token_id` to `eos_token_id`:151645 for open-end generation.
{"cell": "internvl35_8b_budget54_set_b100_p0_correct_letterbox54", "latency_seconds": 4.407771536149085, "peak_allocated_bytes": 82529037824, "progress": "317/400", "status": "ok"}
Setting `pad_token_id` to `eos_token_id`:151645 for open-end generation.
{"cell": "internvl35_8b_budget54_set_b100_p0_correct_letterbox54", "latency_seconds": 3.8777836076915264, "peak_allocated_bytes": 82354933248, "progress": "318/400", "status": "ok"}
Setting `pad_token_id` to `eos_token_id`:151645 for open-end generation.
{"cell": "internvl35_8b_budget54_set_b100_p0_correct_letterbox54", "latency_seconds": 3.4923978811129928, "peak_allocated_bytes": 82483197440, "progress": "319/400", "status": "ok"}
Setting `pad_token_id` to `eos_token_id`:151645 for open-end generation.
{"cell": "internvl35_8b_budget54_set_b100_p0_correct_letterbox54", "latency_seconds": 4.972998465411365, "peak_allocated_bytes": 82354933248, "progress": "320/400", "status": "ok"}
Setting `pad_token_id` to `eos_token_id`:151645 for open-end generation.
{"cell": "internvl35_8b_budget54_set_b100_p0_correct_letterbox54", "latency_seconds": 3.4932978618890047, "peak_allocated_bytes": 82483197440, "progress": "321/400", "status": "ok"}
Setting `pad_token_id` to `eos_token_id`:151645 for open-end generation.
{"cell": "internvl35_8b_budget54_set_b100_p0_correct_letterbox54", "latency_seconds": 4.4079821752384305, "peak_allocated_bytes": 82345777152, "progress": "322/400", "status": "ok"}
Setting `pad_token_id` to `eos_token_id`:151645 for open-end generation.
{"cell": "internvl35_8b_budget54_set_b100_p0_correct_letterbox54", "latency_seconds": 4.409401521086693, "peak_allocated_bytes": 82437375488, "progress": "323/400", "status": "ok"}
Setting `pad_token_id` to `eos_token_id`:151645 for open-end generation.
{"cell": "internvl35_8b_budget54_set_b100_p0_correct_letterbox54", "latency_seconds": 4.578659140504897, "peak_allocated_bytes": 82382408704, "progress": "324/400", "status": "ok"}
Setting `pad_token_id` to `eos_token_id`:151645 for open-end generation.
{"cell": "internvl35_8b_budget54_set_b100_p0_correct_letterbox54", "latency_seconds": 3.8973760148510337, "peak_allocated_bytes": 82519867392, "progress": "325/400", "status": "ok"}
Setting `pad_token_id` to `eos_token_id`:151645 for open-end generation.
{"cell": "internvl35_8b_budget54_set_b100_p0_correct_letterbox54", "latency_seconds": 3.873501969501376, "peak_allocated_bytes": 82391567360, "progress": "326/400", "status": "ok"}
Setting `pad_token_id` to `eos_token_id`:151645 for open-end generation.
{"cell": "internvl35_8b_budget54_set_b100_p0_correct_letterbox54", "latency_seconds": 3.875942657701671, "peak_allocated_bytes": 82428211712, "progress": "327/400", "status": "ok"}
Setting `pad_token_id` to `eos_token_id`:151645 for open-end generation.
{"cell": "internvl35_8b_budget54_set_b100_p0_correct_letterbox54", "latency_seconds": 4.81129268463701, "peak_allocated_bytes": 82364091904, "progress": "328/400", "status": "ok"}
Setting `pad_token_id` to `eos_token_id`:151645 for open-end generation.
{"cell": "internvl35_8b_budget54_set_b100_p0_correct_letterbox54", "latency_seconds": 3.491964725777507, "peak_allocated_bytes": 82483197440, "progress": "329/400", "status": "ok"}
Setting `pad_token_id` to `eos_token_id`:151645 for open-end generation.
{"cell": "internvl35_8b_budget54_set_b100_p0_correct_letterbox54", "latency_seconds": 3.873776056803763, "peak_allocated_bytes": 82391567360, "progress": "330/400", "status": "ok"}
Setting `pad_token_id` to `eos_token_id`:151645 for open-end generation.
{"cell": "internvl35_8b_budget54_set_b100_p0_correct_letterbox54", "latency_seconds": 3.4157965686172247, "peak_allocated_bytes": 82409887744, "progress": "331/400", "status": "ok"}
Setting `pad_token_id` to `eos_token_id`:151645 for open-end generation.
{"cell": "internvl35_8b_budget54_set_b100_p0_correct_letterbox54", "latency_seconds": 4.26762851793319, "peak_allocated_bytes": 82373249024, "progress": "332/400", "status": "ok"}
Setting `pad_token_id` to `eos_token_id`:151645 for open-end generation.
{"cell": "internvl35_8b_budget54_set_b100_p0_correct_letterbox54", "latency_seconds": 5.065892486833036, "peak_allocated_bytes": 82539185664, "progress": "333/400", "status": "ok"}
Setting `pad_token_id` to `eos_token_id`:151645 for open-end generation.
{"cell": "internvl35_8b_budget54_set_b100_p0_correct_letterbox54", "latency_seconds": 3.8763508023694158, "peak_allocated_bytes": 82354933248, "progress": "334/400", "status": "ok"}
Setting `pad_token_id` to `eos_token_id`:151645 for open-end generation.
{"cell": "internvl35_8b_budget54_set_b100_p0_correct_letterbox54", "latency_seconds": 4.405834495089948, "peak_allocated_bytes": 82455702528, "progress": "335/400", "status": "ok"}
Setting `pad_token_id` to `eos_token_id`:151645 for open-end generation.
{"cell": "internvl35_8b_budget54_set_b100_p0_correct_letterbox54", "latency_seconds": 4.556346477009356, "peak_allocated_bytes": 82419050496, "progress": "336/400", "status": "ok"}
Setting `pad_token_id` to `eos_token_id`:151645 for open-end generation.
{"cell": "internvl35_8b_budget54_set_b100_p0_correct_letterbox54", "latency_seconds": 3.8668114468455315, "peak_allocated_bytes": 82446537728, "progress": "337/400", "status": "ok"}
Setting `pad_token_id` to `eos_token_id`:151645 for open-end generation.
{"cell": "internvl35_8b_budget54_set_b100_p0_correct_letterbox54", "latency_seconds": 4.40474225115031, "peak_allocated_bytes": 82382408704, "progress": "338/400", "status": "ok"}
Setting `pad_token_id` to `eos_token_id`:151645 for open-end generation.
{"cell": "internvl35_8b_budget54_set_b100_p0_correct_letterbox54", "latency_seconds": 4.4161270605400205, "peak_allocated_bytes": 82474032640, "progress": "339/400", "status": "ok"}
Setting `pad_token_id` to `eos_token_id`:151645 for open-end generation.
{"cell": "internvl35_8b_budget54_set_b100_p0_correct_letterbox54", "latency_seconds": 5.043337939307094, "peak_allocated_bytes": 82437375488, "progress": "340/400", "status": "ok"}
Setting `pad_token_id` to `eos_token_id`:151645 for open-end generation.
{"cell": "internvl35_8b_budget54_set_b100_p0_correct_letterbox54", "latency_seconds": 4.41501275729388, "peak_allocated_bytes": 82510700032, "progress": "341/400", "status": "ok"}
Setting `pad_token_id` to `eos_token_id`:151645 for open-end generation.
{"cell": "internvl35_8b_budget54_set_b100_p0_correct_letterbox54", "latency_seconds": 4.405786938033998, "peak_allocated_bytes": 82382408704, "progress": "342/400", "status": "ok"}
Setting `pad_token_id` to `eos_token_id`:151645 for open-end generation.
{"cell": "internvl35_8b_budget54_set_b100_p0_correct_letterbox54", "latency_seconds": 4.407478132285178, "peak_allocated_bytes": 82437375488, "progress": "343/400", "status": "ok"}
Setting `pad_token_id` to `eos_token_id`:151645 for open-end generation.
{"cell": "internvl35_8b_budget54_set_b100_p0_correct_letterbox54", "latency_seconds": 7.841551679186523, "peak_allocated_bytes": 82400728576, "progress": "344/400", "status": "ok"}
Setting `pad_token_id` to `eos_token_id`:151645 for open-end generation.
{"cell": "internvl35_8b_budget54_set_b100_p0_correct_letterbox54", "latency_seconds": 4.422325543127954, "peak_allocated_bytes": 82455702528, "progress": "345/400", "status": "ok"}
Setting `pad_token_id` to `eos_token_id`:151645 for open-end generation.
{"cell": "internvl35_8b_budget54_set_b100_p0_correct_letterbox54", "latency_seconds": 4.4060866218060255, "peak_allocated_bytes": 82345777152, "progress": "346/400", "status": "ok"}
Setting `pad_token_id` to `eos_token_id`:151645 for open-end generation.
{"cell": "internvl35_8b_budget54_set_b100_p0_correct_letterbox54", "latency_seconds": 3.4923464292660356, "peak_allocated_bytes": 82483197440, "progress": "347/400", "status": "ok"}
Setting `pad_token_id` to `eos_token_id`:151645 for open-end generation.
{"cell": "internvl35_8b_budget54_set_b100_p0_correct_letterbox54", "latency_seconds": 5.041464063338935, "peak_allocated_bytes": 82364091904, "progress": "348/400", "status": "ok"}
Setting `pad_token_id` to `eos_token_id`:151645 for open-end generation.
{"cell": "internvl35_8b_budget54_set_b100_p0_correct_letterbox54", "latency_seconds": 3.8823687750846148, "peak_allocated_bytes": 82464866304, "progress": "349/400", "status": "ok"}
Setting `pad_token_id` to `eos_token_id`:151645 for open-end generation.
{"cell": "internvl35_8b_budget54_set_b100_p0_correct_letterbox54", "latency_seconds": 4.404833144508302, "peak_allocated_bytes": 82382408704, "progress": "350/400", "status": "ok"}
Setting `pad_token_id` to `eos_token_id`:151645 for open-end generation.
{"cell": "internvl35_8b_budget54_set_b100_p0_correct_letterbox54", "latency_seconds": 4.382758626714349, "peak_allocated_bytes": 82419050496, "progress": "351/400", "status": "ok"}
Setting `pad_token_id` to `eos_token_id`:151645 for open-end generation.
{"cell": "internvl35_8b_budget54_set_b100_p0_correct_letterbox54", "latency_seconds": 3.5922108814120293, "peak_allocated_bytes": 82409887744, "progress": "352/400", "status": "ok"}
Setting `pad_token_id` to `eos_token_id`:151645 for open-end generation.
{"cell": "internvl35_8b_budget54_set_b100_p0_correct_letterbox54", "latency_seconds": 3.8679884234443307, "peak_allocated_bytes": 82446537728, "progress": "353/400", "status": "ok"}
Setting `pad_token_id` to `eos_token_id`:151645 for open-end generation.
{"cell": "internvl35_8b_budget54_set_b100_p0_correct_letterbox54", "latency_seconds": 3.8735496224835515, "peak_allocated_bytes": 82391567360, "progress": "354/400", "status": "ok"}
Setting `pad_token_id` to `eos_token_id`:151645 for open-end generation.
{"cell": "internvl35_8b_budget54_set_b100_p0_correct_letterbox54", "latency_seconds": 4.413353824056685, "peak_allocated_bytes": 82474032640, "progress": "355/400", "status": "ok"}
Setting `pad_token_id` to `eos_token_id`:151645 for open-end generation.
{"cell": "internvl35_8b_budget54_set_b100_p0_correct_letterbox54", "latency_seconds": 4.048747819848359, "peak_allocated_bytes": 82354933248, "progress": "356/400", "status": "ok"}
Setting `pad_token_id` to `eos_token_id`:151645 for open-end generation.
{"cell": "internvl35_8b_budget54_set_b100_p0_correct_letterbox54", "latency_seconds": 4.410909227095544, "peak_allocated_bytes": 82455702528, "progress": "357/400", "status": "ok"}
Setting `pad_token_id` to `eos_token_id`:151645 for open-end generation.
{"cell": "internvl35_8b_budget54_set_b100_p0_correct_letterbox54", "latency_seconds": 3.874562985263765, "peak_allocated_bytes": 82391567360, "progress": "358/400", "status": "ok"}
Setting `pad_token_id` to `eos_token_id`:151645 for open-end generation.
{"cell": "internvl35_8b_budget54_set_b100_p0_correct_letterbox54", "latency_seconds": 4.414248047396541, "peak_allocated_bytes": 82474032640, "progress": "359/400", "status": "ok"}
Setting `pad_token_id` to `eos_token_id`:151645 for open-end generation.
{"cell": "internvl35_8b_budget54_set_b100_p0_correct_letterbox54", "latency_seconds": 4.04919545724988, "peak_allocated_bytes": 82428211712, "progress": "360/400", "status": "ok"}
Setting `pad_token_id` to `eos_token_id`:151645 for open-end generation.
{"cell": "internvl35_8b_budget54_set_b100_p0_correct_letterbox54", "latency_seconds": 5.415935352444649, "peak_allocated_bytes": 82539185664, "progress": "361/400", "status": "ok"}
Setting `pad_token_id` to `eos_token_id`:151645 for open-end generation.
{"cell": "internvl35_8b_budget54_set_b100_p0_correct_letterbox54", "latency_seconds": 3.8732486739754677, "peak_allocated_bytes": 82391567360, "progress": "362/400", "status": "ok"}
Setting `pad_token_id` to `eos_token_id`:151645 for open-end generation.
{"cell": "internvl35_8b_budget54_set_b100_p0_correct_letterbox54", "latency_seconds": 4.407560598105192, "peak_allocated_bytes": 82455702528, "progress": "363/400", "status": "ok"}
Setting `pad_token_id` to `eos_token_id`:151645 for open-end generation.
{"cell": "internvl35_8b_budget54_set_b100_p0_correct_letterbox54", "latency_seconds": 4.820634955540299, "peak_allocated_bytes": 82419050496, "progress": "364/400", "status": "ok"}
Setting `pad_token_id` to `eos_token_id`:151645 for open-end generation.
{"cell": "internvl35_8b_budget54_set_b100_p0_correct_letterbox54", "latency_seconds": 3.8680995041504502, "peak_allocated_bytes": 82519867392, "progress": "365/400", "status": "ok"}
Setting `pad_token_id` to `eos_token_id`:151645 for open-end generation.
{"cell": "internvl35_8b_budget54_set_b100_p0_correct_letterbox54", "latency_seconds": 4.405249516479671, "peak_allocated_bytes": 82364091904, "progress": "366/400", "status": "ok"}
Setting `pad_token_id` to `eos_token_id`:151645 for open-end generation.
{"cell": "internvl35_8b_budget54_set_b100_p0_correct_letterbox54", "latency_seconds": 3.8805249333381653, "peak_allocated_bytes": 82464866304, "progress": "367/400", "status": "ok"}
Setting `pad_token_id` to `eos_token_id`:151645 for open-end generation.
{"cell": "internvl35_8b_budget54_set_b100_p0_correct_letterbox54", "latency_seconds": 5.563730330206454, "peak_allocated_bytes": 82400728576, "progress": "368/400", "status": "ok"}
Setting `pad_token_id` to `eos_token_id`:151645 for open-end generation.
{"cell": "internvl35_8b_budget54_set_b100_p0_correct_letterbox54", "latency_seconds": 3.881181862205267, "peak_allocated_bytes": 82539185664, "progress": "369/400", "status": "ok"}
Setting `pad_token_id` to `eos_token_id`:151645 for open-end generation.
{"cell": "internvl35_8b_budget54_set_b100_p0_correct_letterbox54", "latency_seconds": 3.8756263544782996, "peak_allocated_bytes": 82318309376, "progress": "370/400", "status": "ok"}
Setting `pad_token_id` to `eos_token_id`:151645 for open-end generation.
{"cell": "internvl35_8b_budget54_set_b100_p0_correct_letterbox54", "latency_seconds": 4.409148085862398, "peak_allocated_bytes": 82437375488, "progress": "371/400", "status": "ok"}
Setting `pad_token_id` to `eos_token_id`:151645 for open-end generation.
{"cell": "internvl35_8b_budget54_set_b100_p0_correct_letterbox54", "latency_seconds": 4.784792883321643, "peak_allocated_bytes": 82382408704, "progress": "372/400", "status": "ok"}
Setting `pad_token_id` to `eos_token_id`:151645 for open-end generation.
{"cell": "internvl35_8b_budget54_set_b100_p0_correct_letterbox54", "latency_seconds": 4.438677756115794, "peak_allocated_bytes": 82529037824, "progress": "373/400", "status": "ok"}
Setting `pad_token_id` to `eos_token_id`:151645 for open-end generation.
{"cell": "internvl35_8b_budget54_set_b100_p0_correct_letterbox54", "latency_seconds": 4.404481852427125, "peak_allocated_bytes": 82382408704, "progress": "374/400", "status": "ok"}
Setting `pad_token_id` to `eos_token_id`:151645 for open-end generation.
{"cell": "internvl35_8b_budget54_set_b100_p0_correct_letterbox54", "latency_seconds": 3.9599460046738386, "peak_allocated_bytes": 82464866304, "progress": "375/400", "status": "ok"}
Setting `pad_token_id` to `eos_token_id`:151645 for open-end generation.
{"cell": "internvl35_8b_budget54_set_b100_p0_correct_letterbox54", "latency_seconds": 3.7330608814954758, "peak_allocated_bytes": 82409887744, "progress": "376/400", "status": "ok"}
Setting `pad_token_id` to `eos_token_id`:151645 for open-end generation.
{"cell": "internvl35_8b_budget54_set_b100_p0_correct_letterbox54", "latency_seconds": 4.444778549484909, "peak_allocated_bytes": 82548198912, "progress": "377/400", "status": "ok"}
Setting `pad_token_id` to `eos_token_id`:151645 for open-end generation.
{"cell": "internvl35_8b_budget54_set_b100_p0_correct_letterbox54", "latency_seconds": 3.8741110898554325, "peak_allocated_bytes": 82391567360, "progress": "378/400", "status": "ok"}
Setting `pad_token_id` to `eos_token_id`:151645 for open-end generation.
{"cell": "internvl35_8b_budget54_set_b100_p0_correct_letterbox54", "latency_seconds": 3.4929276388138533, "peak_allocated_bytes": 82483197440, "progress": "379/400", "status": "ok"}
Setting `pad_token_id` to `eos_token_id`:151645 for open-end generation.
{"cell": "internvl35_8b_budget54_set_b100_p0_correct_letterbox54", "latency_seconds": 5.5797283872962, "peak_allocated_bytes": 82391567360, "progress": "380/400", "status": "ok"}
Setting `pad_token_id` to `eos_token_id`:151645 for open-end generation.
{"cell": "internvl35_8b_budget54_set_b100_p0_correct_letterbox54", "latency_seconds": 3.8812207570299506, "peak_allocated_bytes": 82501531136, "progress": "381/400", "status": "ok"}
Setting `pad_token_id` to `eos_token_id`:151645 for open-end generation.
{"cell": "internvl35_8b_budget54_set_b100_p0_correct_letterbox54", "latency_seconds": 4.405133506283164, "peak_allocated_bytes": 82382408704, "progress": "382/400", "status": "ok"}
Setting `pad_token_id` to `eos_token_id`:151645 for open-end generation.
{"cell": "internvl35_8b_budget54_set_b100_p0_correct_letterbox54", "latency_seconds": 3.4916202295571566, "peak_allocated_bytes": 82483197440, "progress": "383/400", "status": "ok"}
Setting `pad_token_id` to `eos_token_id`:151645 for open-end generation.
{"cell": "internvl35_8b_budget54_set_b100_p0_correct_letterbox54", "latency_seconds": 3.6128570986911654, "peak_allocated_bytes": 82409887744, "progress": "384/400", "status": "ok"}
Setting `pad_token_id` to `eos_token_id`:151645 for open-end generation.
{"cell": "internvl35_8b_budget54_set_b100_p0_correct_letterbox54", "latency_seconds": 4.487537772394717, "peak_allocated_bytes": 82501531136, "progress": "385/400", "status": "ok"}
Setting `pad_token_id` to `eos_token_id`:151645 for open-end generation.
{"cell": "internvl35_8b_budget54_set_b100_p0_correct_letterbox54", "latency_seconds": 5.8513125870376825, "peak_allocated_bytes": 82364091904, "progress": "386/400", "status": "ok"}
Setting `pad_token_id` to `eos_token_id`:151645 for open-end generation.
{"cell": "internvl35_8b_budget54_set_b100_p0_correct_letterbox54", "latency_seconds": 3.8821093030273914, "peak_allocated_bytes": 82464866304, "progress": "387/400", "status": "ok"}
Setting `pad_token_id` to `eos_token_id`:151645 for open-end generation.
{"cell": "internvl35_8b_budget54_set_b100_p0_correct_letterbox54", "latency_seconds": 5.734790475107729, "peak_allocated_bytes": 82382408704, "progress": "388/400", "status": "ok"}
Setting `pad_token_id` to `eos_token_id`:151645 for open-end generation.
{"cell": "internvl35_8b_budget54_set_b100_p0_correct_letterbox54", "latency_seconds": 4.445867992937565, "peak_allocated_bytes": 82446537728, "progress": "389/400", "status": "ok"}
Setting `pad_token_id` to `eos_token_id`:151645 for open-end generation.
{"cell": "internvl35_8b_budget54_set_b100_p0_correct_letterbox54", "latency_seconds": 4.400811215862632, "peak_allocated_bytes": 82382408704, "progress": "390/400", "status": "ok"}
Setting `pad_token_id` to `eos_token_id`:151645 for open-end generation.
{"cell": "internvl35_8b_budget54_set_b100_p0_correct_letterbox54", "latency_seconds": 4.4101969208568335, "peak_allocated_bytes": 82455702528, "progress": "391/400", "status": "ok"}
Setting `pad_token_id` to `eos_token_id`:151645 for open-end generation.
{"cell": "internvl35_8b_budget54_set_b100_p0_correct_letterbox54", "latency_seconds": 5.038881603628397, "peak_allocated_bytes": 82437375488, "progress": "392/400", "status": "ok"}
Setting `pad_token_id` to `eos_token_id`:151645 for open-end generation.
{"cell": "internvl35_8b_budget54_set_b100_p0_correct_letterbox54", "latency_seconds": 4.410309046506882, "peak_allocated_bytes": 82455702528, "progress": "393/400", "status": "ok"}
Setting `pad_token_id` to `eos_token_id`:151645 for open-end generation.
{"cell": "internvl35_8b_budget54_set_b100_p0_correct_letterbox54", "latency_seconds": 4.40956321451813, "peak_allocated_bytes": 82400728576, "progress": "394/400", "status": "ok"}
Setting `pad_token_id` to `eos_token_id`:151645 for open-end generation.
{"cell": "internvl35_8b_budget54_set_b100_p0_correct_letterbox54", "latency_seconds": 4.378057294525206, "peak_allocated_bytes": 82400728576, "progress": "395/400", "status": "ok"}
Setting `pad_token_id` to `eos_token_id`:151645 for open-end generation.
{"cell": "internvl35_8b_budget54_set_b100_p0_correct_letterbox54", "latency_seconds": 4.786732052452862, "peak_allocated_bytes": 82419050496, "progress": "396/400", "status": "ok"}
Setting `pad_token_id` to `eos_token_id`:151645 for open-end generation.
{"cell": "internvl35_8b_budget54_set_b100_p0_correct_letterbox54", "latency_seconds": 5.768428288400173, "peak_allocated_bytes": 82510700032, "progress": "397/400", "status": "ok"}
Setting `pad_token_id` to `eos_token_id`:151645 for open-end generation.
{"cell": "internvl35_8b_budget54_set_b100_p0_correct_letterbox54", "latency_seconds": 3.417470458894968, "peak_allocated_bytes": 82409887744, "progress": "398/400", "status": "ok"}
Setting `pad_token_id` to `eos_token_id`:151645 for open-end generation.
{"cell": "internvl35_8b_budget54_set_b100_p0_correct_letterbox54", "latency_seconds": 4.377722119912505, "peak_allocated_bytes": 82419050496, "progress": "399/400", "status": "ok"}
Setting `pad_token_id` to `eos_token_id`:151645 for open-end generation.
{"cell": "internvl35_8b_budget54_set_b100_p0_correct_letterbox54", "latency_seconds": 4.871313393115997, "peak_allocated_bytes": 82437375488, "progress": "400/400", "status": "ok"}
Setting `pad_token_id` to `eos_token_id`:151645 for open-end generation.
{"cell": "internvl35_8b_budget54_set_b100_p0_text_only_letterbox54", "latency_seconds": 0.10376591235399246, "peak_allocated_bytes": 17119579136, "progress": "1/400", "status": "ok"}
Setting `pad_token_id` to `eos_token_id`:151645 for open-end generation.
{"cell": "internvl35_8b_budget54_set_b100_p0_text_only_letterbox54", "latency_seconds": 0.06886115111410618, "peak_allocated_bytes": 17116908032, "progress": "2/400", "status": "ok"}
Setting `pad_token_id` to `eos_token_id`:151645 for open-end generation.
{"cell": "internvl35_8b_budget54_set_b100_p0_text_only_letterbox54", "latency_seconds": 0.06062490399926901, "peak_allocated_bytes": 17118775808, "progress": "3/400", "status": "ok"}
Setting `pad_token_id` to `eos_token_id`:151645 for open-end generation.
{"cell": "internvl35_8b_budget54_set_b100_p0_text_only_letterbox54", "latency_seconds": 0.6340323556214571, "peak_allocated_bytes": 17116908032, "progress": "4/400", "status": "ok"}
Setting `pad_token_id` to `eos_token_id`:151645 for open-end generation.
{"cell": "internvl35_8b_budget54_set_b100_p0_text_only_letterbox54", "latency_seconds": 0.08252719324082136, "peak_allocated_bytes": 17119579136, "progress": "5/400", "status": "ok"}
Setting `pad_token_id` to `eos_token_id`:151645 for open-end generation.
{"cell": "internvl35_8b_budget54_set_b100_p0_text_only_letterbox54", "latency_seconds": 0.06484683323651552, "peak_allocated_bytes": 17115843072, "progress": "6/400", "status": "ok"}
Setting `pad_token_id` to `eos_token_id`:151645 for open-end generation.
{"cell": "internvl35_8b_budget54_set_b100_p0_text_only_letterbox54", "latency_seconds": 0.06075204350054264, "peak_allocated_bytes": 17117441024, "progress": "7/400", "status": "ok"}
Setting `pad_token_id` to `eos_token_id`:151645 for open-end generation.
{"cell": "internvl35_8b_budget54_set_b100_p0_text_only_letterbox54", "latency_seconds": 13.49468148034066, "peak_allocated_bytes": 17205401088, "progress": "8/400", "status": "ok"}
Setting `pad_token_id` to `eos_token_id`:151645 for open-end generation.
{"cell": "internvl35_8b_budget54_set_b100_p0_text_only_letterbox54", "latency_seconds": 0.08886783476918936, "peak_allocated_bytes": 17121188352, "progress": "9/400", "status": "ok"}
Setting `pad_token_id` to `eos_token_id`:151645 for open-end generation.
{"cell": "internvl35_8b_budget54_set_b100_p0_text_only_letterbox54", "latency_seconds": 4.78477634023875, "peak_allocated_bytes": 17138732032, "progress": "10/400", "status": "ok"}
Setting `pad_token_id` to `eos_token_id`:151645 for open-end generation.
{"cell": "internvl35_8b_budget54_set_b100_p0_text_only_letterbox54", "latency_seconds": 0.06097957491874695, "peak_allocated_bytes": 17117173760, "progress": "11/400", "status": "ok"}
Setting `pad_token_id` to `eos_token_id`:151645 for open-end generation.
{"cell": "internvl35_8b_budget54_set_b100_p0_text_only_letterbox54", "latency_seconds": 13.51411669421941, "peak_allocated_bytes": 17205401088, "progress": "12/400", "status": "ok"}
Setting `pad_token_id` to `eos_token_id`:151645 for open-end generation.
{"cell": "internvl35_8b_budget54_set_b100_p0_text_only_letterbox54", "latency_seconds": 0.08787336107343435, "peak_allocated_bytes": 17120115200, "progress": "13/400", "status": "ok"}
Setting `pad_token_id` to `eos_token_id`:151645 for open-end generation.
{"cell": "internvl35_8b_budget54_set_b100_p0_text_only_letterbox54", "latency_seconds": 0.06103477720171213, "peak_allocated_bytes": 17115576320, "progress": "14/400", "status": "ok"}
Setting `pad_token_id` to `eos_token_id`:151645 for open-end generation.
{"cell": "internvl35_8b_budget54_set_b100_p0_text_only_letterbox54", "latency_seconds": 0.061149416491389275, "peak_allocated_bytes": 17117975040, "progress": "15/400", "status": "ok"}
Setting `pad_token_id` to `eos_token_id`:151645 for open-end generation.
{"cell": "internvl35_8b_budget54_set_b100_p0_text_only_letterbox54", "latency_seconds": 0.9042757609859109, "peak_allocated_bytes": 17116908032, "progress": "16/400", "status": "ok"}
Setting `pad_token_id` to `eos_token_id`:151645 for open-end generation.
{"cell": "internvl35_8b_budget54_set_b100_p0_text_only_letterbox54", "latency_seconds": 0.08711786568164825, "peak_allocated_bytes": 17119846400, "progress": "17/400", "status": "ok"}
Setting `pad_token_id` to `eos_token_id`:151645 for open-end generation.
{"cell": "internvl35_8b_budget54_set_b100_p0_text_only_letterbox54", "latency_seconds": 0.08765708655118942, "peak_allocated_bytes": 17116640768, "progress": "18/400", "status": "ok"}
Setting `pad_token_id` to `eos_token_id`:151645 for open-end generation.
{"cell": "internvl35_8b_budget54_set_b100_p0_text_only_letterbox54", "latency_seconds": 0.06872268579900265, "peak_allocated_bytes": 17118240768, "progress": "19/400", "status": "ok"}
Setting `pad_token_id` to `eos_token_id`:151645 for open-end generation.
{"cell": "internvl35_8b_budget54_set_b100_p0_text_only_letterbox54", "latency_seconds": 0.4042666582390666, "peak_allocated_bytes": 17119044096, "progress": "20/400", "status": "ok"}
Setting `pad_token_id` to `eos_token_id`:151645 for open-end generation.
{"cell": "internvl35_8b_budget54_set_b100_p0_text_only_letterbox54", "latency_seconds": 0.08774475753307343, "peak_allocated_bytes": 17121994240, "progress": "21/400", "status": "ok"}
Setting `pad_token_id` to `eos_token_id`:151645 for open-end generation.
{"cell": "internvl35_8b_budget54_set_b100_p0_text_only_letterbox54", "latency_seconds": 0.05623239930719137, "peak_allocated_bytes": 17116640768, "progress": "22/400", "status": "ok"}
Setting `pad_token_id` to `eos_token_id`:151645 for open-end generation.
{"cell": "internvl35_8b_budget54_set_b100_p0_text_only_letterbox54", "latency_seconds": 0.05650931317359209, "peak_allocated_bytes": 17117975040, "progress": "23/400", "status": "ok"}
Setting `pad_token_id` to `eos_token_id`:151645 for open-end generation.
{"cell": "internvl35_8b_budget54_set_b100_p0_text_only_letterbox54", "latency_seconds": 0.320706102065742, "peak_allocated_bytes": 17117173760, "progress": "24/400", "status": "ok"}
Setting `pad_token_id` to `eos_token_id`:151645 for open-end generation.
{"cell": "internvl35_8b_budget54_set_b100_p0_text_only_letterbox54", "latency_seconds": 0.08705656137317419, "peak_allocated_bytes": 17121456128, "progress": "25/400", "status": "ok"}
Setting `pad_token_id` to `eos_token_id`:151645 for open-end generation.
{"cell": "internvl35_8b_budget54_set_b100_p0_text_only_letterbox54", "latency_seconds": 0.0564175583422184, "peak_allocated_bytes": 17115576320, "progress": "26/400", "status": "ok"}
Setting `pad_token_id` to `eos_token_id`:151645 for open-end generation.
{"cell": "internvl35_8b_budget54_set_b100_p0_text_only_letterbox54", "latency_seconds": 0.056457758881151676, "peak_allocated_bytes": 17118775808, "progress": "27/400", "status": "ok"}
Setting `pad_token_id` to `eos_token_id`:151645 for open-end generation.
{"cell": "internvl35_8b_budget54_set_b100_p0_text_only_letterbox54", "latency_seconds": 0.05627089831978083, "peak_allocated_bytes": 17119044096, "progress": "28/400", "status": "ok"}
Setting `pad_token_id` to `eos_token_id`:151645 for open-end generation.
{"cell": "internvl35_8b_budget54_set_b100_p0_text_only_letterbox54", "latency_seconds": 0.08280964009463787, "peak_allocated_bytes": 17118775808, "progress": "29/400", "status": "ok"}
Setting `pad_token_id` to `eos_token_id`:151645 for open-end generation.
{"cell": "internvl35_8b_budget54_set_b100_p0_text_only_letterbox54", "latency_seconds": 4.316409081220627, "peak_allocated_bytes": 17135857664, "progress": "30/400", "status": "ok"}
Setting `pad_token_id` to `eos_token_id`:151645 for open-end generation.
{"cell": "internvl35_8b_budget54_set_b100_p0_text_only_letterbox54", "latency_seconds": 0.059964170679450035, "peak_allocated_bytes": 17119310848, "progress": "31/400", "status": "ok"}
Setting `pad_token_id` to `eos_token_id`:151645 for open-end generation.
{"cell": "internvl35_8b_budget54_set_b100_p0_text_only_letterbox54", "latency_seconds": 2.895744064822793, "peak_allocated_bytes": 17128501760, "progress": "32/400", "status": "ok"}
Setting `pad_token_id` to `eos_token_id`:151645 for open-end generation.
{"cell": "internvl35_8b_budget54_set_b100_p0_text_only_letterbox54", "latency_seconds": 0.08268313389271498, "peak_allocated_bytes": 17118775808, "progress": "33/400", "status": "ok"}
Setting `pad_token_id` to `eos_token_id`:151645 for open-end generation.
{"cell": "internvl35_8b_budget54_set_b100_p0_text_only_letterbox54", "latency_seconds": 0.056195735931396484, "peak_allocated_bytes": 17115843072, "progress": "34/400", "status": "ok"}
Setting `pad_token_id` to `eos_token_id`:151645 for open-end generation.
{"cell": "internvl35_8b_budget54_set_b100_p0_text_only_letterbox54", "latency_seconds": 0.05614385101944208, "peak_allocated_bytes": 17119310848, "progress": "35/400", "status": "ok"}
Setting `pad_token_id` to `eos_token_id`:151645 for open-end generation.
{"cell": "internvl35_8b_budget54_set_b100_p0_text_only_letterbox54", "latency_seconds": 0.32141629327088594, "peak_allocated_bytes": 17117173760, "progress": "36/400", "status": "ok"}
Setting `pad_token_id` to `eos_token_id`:151645 for open-end generation.
{"cell": "internvl35_8b_budget54_set_b100_p0_text_only_letterbox54", "latency_seconds": 0.05633585527539253, "peak_allocated_bytes": 17119310848, "progress": "37/400", "status": "ok"}
Setting `pad_token_id` to `eos_token_id`:151645 for open-end generation.
{"cell": "internvl35_8b_budget54_set_b100_p0_text_only_letterbox54", "latency_seconds": 0.056539202108979225, "peak_allocated_bytes": 17116908032, "progress": "38/400", "status": "ok"}
Setting `pad_token_id` to `eos_token_id`:151645 for open-end generation.
{"cell": "internvl35_8b_budget54_set_b100_p0_text_only_letterbox54", "latency_seconds": 0.0563475675880909, "peak_allocated_bytes": 17119310848, "progress": "39/400", "status": "ok"}
Setting `pad_token_id` to `eos_token_id`:151645 for open-end generation.
{"cell": "internvl35_8b_budget54_set_b100_p0_text_only_letterbox54", "latency_seconds": 13.545106902718544, "peak_allocated_bytes": 17205350912, "progress": "40/400", "status": "ok"}
Setting `pad_token_id` to `eos_token_id`:151645 for open-end generation.
{"cell": "internvl35_8b_budget54_set_b100_p0_text_only_letterbox54", "latency_seconds": 0.08745137602090836, "peak_allocated_bytes": 17121188352, "progress": "41/400", "status": "ok"}
Setting `pad_token_id` to `eos_token_id`:151645 for open-end generation.
{"cell": "internvl35_8b_budget54_set_b100_p0_text_only_letterbox54", "latency_seconds": 0.056469143368303776, "peak_allocated_bytes": 17115576320, "progress": "42/400", "status": "ok"}
Setting `pad_token_id` to `eos_token_id`:151645 for open-end generation.
{"cell": "internvl35_8b_budget54_set_b100_p0_text_only_letterbox54", "latency_seconds": 0.05754719581454992, "peak_allocated_bytes": 17119310848, "progress": "43/400", "status": "ok"}
Setting `pad_token_id` to `eos_token_id`:151645 for open-end generation.
{"cell": "internvl35_8b_budget54_set_b100_p0_text_only_letterbox54", "latency_seconds": 0.48207135777920485, "peak_allocated_bytes": 17116908032, "progress": "44/400", "status": "ok"}
Setting `pad_token_id` to `eos_token_id`:151645 for open-end generation.
{"cell": "internvl35_8b_budget54_set_b100_p0_text_only_letterbox54", "latency_seconds": 0.05616964120417833, "peak_allocated_bytes": 17118775808, "progress": "45/400", "status": "ok"}
Setting `pad_token_id` to `eos_token_id`:151645 for open-end generation.
{"cell": "internvl35_8b_budget54_set_b100_p0_text_only_letterbox54", "latency_seconds": 0.05592901445925236, "peak_allocated_bytes": 17116908032, "progress": "46/400", "status": "ok"}
Setting `pad_token_id` to `eos_token_id`:151645 for open-end generation.
{"cell": "internvl35_8b_budget54_set_b100_p0_text_only_letterbox54", "latency_seconds": 0.05585893429815769, "peak_allocated_bytes": 17117707264, "progress": "47/400", "status": "ok"}
Setting `pad_token_id` to `eos_token_id`:151645 for open-end generation.
{"cell": "internvl35_8b_budget54_set_b100_p0_text_only_letterbox54", "latency_seconds": 0.160656844265759, "peak_allocated_bytes": 17115843072, "progress": "48/400", "status": "ok"}
Setting `pad_token_id` to `eos_token_id`:151645 for open-end generation.
{"cell": "internvl35_8b_budget54_set_b100_p0_text_only_letterbox54", "latency_seconds": 0.08663800917565823, "peak_allocated_bytes": 17120651776, "progress": "49/400", "status": "ok"}
Setting `pad_token_id` to `eos_token_id`:151645 for open-end generation.
{"cell": "internvl35_8b_budget54_set_b100_p0_text_only_letterbox54", "latency_seconds": 0.34465548302978277, "peak_allocated_bytes": 17117441024, "progress": "50/400", "status": "ok"}
Setting `pad_token_id` to `eos_token_id`:151645 for open-end generation.
{"cell": "internvl35_8b_budget54_set_b100_p0_text_only_letterbox54", "latency_seconds": 0.055680290795862675, "peak_allocated_bytes": 17119044096, "progress": "51/400", "status": "ok"}
Setting `pad_token_id` to `eos_token_id`:151645 for open-end generation.
{"cell": "internvl35_8b_budget54_set_b100_p0_text_only_letterbox54", "latency_seconds": 0.4016371760517359, "peak_allocated_bytes": 17116375040, "progress": "52/400", "status": "ok"}
Setting `pad_token_id` to `eos_token_id`:151645 for open-end generation.
{"cell": "internvl35_8b_budget54_set_b100_p0_text_only_letterbox54", "latency_seconds": 0.08206998649984598, "peak_allocated_bytes": 17121456128, "progress": "53/400", "status": "ok"}
Setting `pad_token_id` to `eos_token_id`:151645 for open-end generation.
{"cell": "internvl35_8b_budget54_set_b100_p0_text_only_letterbox54", "latency_seconds": 0.39679846074432135, "peak_allocated_bytes": 17117173760, "progress": "54/400", "status": "ok"}
Setting `pad_token_id` to `eos_token_id`:151645 for open-end generation.
{"cell": "internvl35_8b_budget54_set_b100_p0_text_only_letterbox54", "latency_seconds": 0.05572663992643356, "peak_allocated_bytes": 17118240768, "progress": "55/400", "status": "ok"}
Setting `pad_token_id` to `eos_token_id`:151645 for open-end generation.
{"cell": "internvl35_8b_budget54_set_b100_p0_text_only_letterbox54", "latency_seconds": 0.633413651958108, "peak_allocated_bytes": 17117441024, "progress": "56/400", "status": "ok"}
Setting `pad_token_id` to `eos_token_id`:151645 for open-end generation.
{"cell": "internvl35_8b_budget54_set_b100_p0_text_only_letterbox54", "latency_seconds": 0.08254464250057936, "peak_allocated_bytes": 17119044096, "progress": "57/400", "status": "ok"}
Setting `pad_token_id` to `eos_token_id`:151645 for open-end generation.
{"cell": "internvl35_8b_budget54_set_b100_p0_text_only_letterbox54", "latency_seconds": 0.05602091643959284, "peak_allocated_bytes": 17115843072, "progress": "58/400", "status": "ok"}
Setting `pad_token_id` to `eos_token_id`:151645 for open-end generation.
{"cell": "internvl35_8b_budget54_set_b100_p0_text_only_letterbox54", "latency_seconds": 0.05582507327198982, "peak_allocated_bytes": 17119579136, "progress": "59/400", "status": "ok"}
Setting `pad_token_id` to `eos_token_id`:151645 for open-end generation.
{"cell": "internvl35_8b_budget54_set_b100_p0_text_only_letterbox54", "latency_seconds": 1.3120212387293577, "peak_allocated_bytes": 17117232640, "progress": "60/400", "status": "ok"}
Setting `pad_token_id` to `eos_token_id`:151645 for open-end generation.
{"cell": "internvl35_8b_budget54_set_b100_p0_text_only_letterbox54", "latency_seconds": 0.0816061208024621, "peak_allocated_bytes": 17120651776, "progress": "61/400", "status": "ok"}
Setting `pad_token_id` to `eos_token_id`:151645 for open-end generation.
{"cell": "internvl35_8b_budget54_set_b100_p0_text_only_letterbox54", "latency_seconds": 0.05616428982466459, "peak_allocated_bytes": 17116640768, "progress": "62/400", "status": "ok"}
Setting `pad_token_id` to `eos_token_id`:151645 for open-end generation.
{"cell": "internvl35_8b_budget54_set_b100_p0_text_only_letterbox54", "latency_seconds": 0.0559249771758914, "peak_allocated_bytes": 17119579136, "progress": "63/400", "status": "ok"}
Setting `pad_token_id` to `eos_token_id`:151645 for open-end generation.
{"cell": "internvl35_8b_budget54_set_b100_p0_text_only_letterbox54", "latency_seconds": 0.1606584694236517, "peak_allocated_bytes": 17115843072, "progress": "64/400", "status": "ok"}
Setting `pad_token_id` to `eos_token_id`:151645 for open-end generation.
{"cell": "internvl35_8b_budget54_set_b100_p0_text_only_letterbox54", "latency_seconds": 0.08218066487461329, "peak_allocated_bytes": 17119846400, "progress": "65/400", "status": "ok"}
Setting `pad_token_id` to `eos_token_id`:151645 for open-end generation.
{"cell": "internvl35_8b_budget54_set_b100_p0_text_only_letterbox54", "latency_seconds": 0.05606649536639452, "peak_allocated_bytes": 17115576320, "progress": "66/400", "status": "ok"}
Setting `pad_token_id` to `eos_token_id`:151645 for open-end generation.
{"cell": "internvl35_8b_budget54_set_b100_p0_text_only_letterbox54", "latency_seconds": 0.0559160802513361, "peak_allocated_bytes": 17119310848, "progress": "67/400", "status": "ok"}
Setting `pad_token_id` to `eos_token_id`:151645 for open-end generation.
{"cell": "internvl35_8b_budget54_set_b100_p0_text_only_letterbox54", "latency_seconds": 1.5807614652439952, "peak_allocated_bytes": 17119390720, "progress": "68/400", "status": "ok"}
Setting `pad_token_id` to `eos_token_id`:151645 for open-end generation.
{"cell": "internvl35_8b_budget54_set_b100_p0_text_only_letterbox54", "latency_seconds": 0.08721100818365812, "peak_allocated_bytes": 17120919040, "progress": "69/400", "status": "ok"}
Setting `pad_token_id` to `eos_token_id`:151645 for open-end generation.
{"cell": "internvl35_8b_budget54_set_b100_p0_text_only_letterbox54", "latency_seconds": 0.43919303454458714, "peak_allocated_bytes": 17115843072, "progress": "70/400", "status": "ok"}
Setting `pad_token_id` to `eos_token_id`:151645 for open-end generation.
{"cell": "internvl35_8b_budget54_set_b100_p0_text_only_letterbox54", "latency_seconds": 0.05600091349333525, "peak_allocated_bytes": 17119044096, "progress": "71/400", "status": "ok"}
Setting `pad_token_id` to `eos_token_id`:151645 for open-end generation.
{"cell": "internvl35_8b_budget54_set_b100_p0_text_only_letterbox54", "latency_seconds": 0.5278360554948449, "peak_allocated_bytes": 17118240768, "progress": "72/400", "status": "ok"}
Setting `pad_token_id` to `eos_token_id`:151645 for open-end generation.
{"cell": "internvl35_8b_budget54_set_b100_p0_text_only_letterbox54", "latency_seconds": 0.09035790152847767, "peak_allocated_bytes": 17120382464, "progress": "73/400", "status": "ok"}
Setting `pad_token_id` to `eos_token_id`:151645 for open-end generation.
{"cell": "internvl35_8b_budget54_set_b100_p0_text_only_letterbox54", "latency_seconds": 0.05569512862712145, "peak_allocated_bytes": 17116908032, "progress": "74/400", "status": "ok"}
Setting `pad_token_id` to `eos_token_id`:151645 for open-end generation.
{"cell": "internvl35_8b_budget54_set_b100_p0_text_only_letterbox54", "latency_seconds": 0.05589096620678902, "peak_allocated_bytes": 17119310848, "progress": "75/400", "status": "ok"}
Setting `pad_token_id` to `eos_token_id`:151645 for open-end generation.
{"cell": "internvl35_8b_budget54_set_b100_p0_text_only_letterbox54", "latency_seconds": 0.37028832733631134, "peak_allocated_bytes": 17118240768, "progress": "76/400", "status": "ok"}
Setting `pad_token_id` to `eos_token_id`:151645 for open-end generation.
{"cell": "internvl35_8b_budget54_set_b100_p0_text_only_letterbox54", "latency_seconds": 0.08178907446563244, "peak_allocated_bytes": 17120382464, "progress": "77/400", "status": "ok"}
Setting `pad_token_id` to `eos_token_id`:151645 for open-end generation.
{"cell": "internvl35_8b_budget54_set_b100_p0_text_only_letterbox54", "latency_seconds": 0.05587334930896759, "peak_allocated_bytes": 17116640768, "progress": "78/400", "status": "ok"}
Setting `pad_token_id` to `eos_token_id`:151645 for open-end generation.
{"cell": "internvl35_8b_budget54_set_b100_p0_text_only_letterbox54", "latency_seconds": 0.055692353285849094, "peak_allocated_bytes": 17119044096, "progress": "79/400", "status": "ok"}
Setting `pad_token_id` to `eos_token_id`:151645 for open-end generation.
{"cell": "internvl35_8b_budget54_set_b100_p0_text_only_letterbox54", "latency_seconds": 0.723323829472065, "peak_allocated_bytes": 17116908032, "progress": "80/400", "status": "ok"}
Setting `pad_token_id` to `eos_token_id`:151645 for open-end generation.
{"cell": "internvl35_8b_budget54_set_b100_p0_text_only_letterbox54", "latency_seconds": 0.08554851077497005, "peak_allocated_bytes": 17121188352, "progress": "81/400", "status": "ok"}
Setting `pad_token_id` to `eos_token_id`:151645 for open-end generation.
{"cell": "internvl35_8b_budget54_set_b100_p0_text_only_letterbox54", "latency_seconds": 0.34779696073383093, "peak_allocated_bytes": 17117441024, "progress": "82/400", "status": "ok"}
Setting `pad_token_id` to `eos_token_id`:151645 for open-end generation.
{"cell": "internvl35_8b_budget54_set_b100_p0_text_only_letterbox54", "latency_seconds": 0.05598149262368679, "peak_allocated_bytes": 17117707264, "progress": "83/400", "status": "ok"}
Setting `pad_token_id` to `eos_token_id`:151645 for open-end generation.
{"cell": "internvl35_8b_budget54_set_b100_p0_text_only_letterbox54", "latency_seconds": 13.420937646180391, "peak_allocated_bytes": 17205326336, "progress": "84/400", "status": "ok"}
Setting `pad_token_id` to `eos_token_id`:151645 for open-end generation.
{"cell": "internvl35_8b_budget54_set_b100_p0_text_only_letterbox54", "latency_seconds": 0.08240971527993679, "peak_allocated_bytes": 17121994240, "progress": "85/400", "status": "ok"}
Setting `pad_token_id` to `eos_token_id`:151645 for open-end generation.
{"cell": "internvl35_8b_budget54_set_b100_p0_text_only_letterbox54", "latency_seconds": 0.06030042190104723, "peak_allocated_bytes": 17114894848, "progress": "86/400", "status": "ok"}
Setting `pad_token_id` to `eos_token_id`:151645 for open-end generation.
{"cell": "internvl35_8b_budget54_set_b100_p0_text_only_letterbox54", "latency_seconds": 0.05583748687058687, "peak_allocated_bytes": 17119310848, "progress": "87/400", "status": "ok"}
Setting `pad_token_id` to `eos_token_id`:151645 for open-end generation.
{"cell": "internvl35_8b_budget54_set_b100_p0_text_only_letterbox54", "latency_seconds": 13.474768005311489, "peak_allocated_bytes": 17205401088, "progress": "88/400", "status": "ok"}
Setting `pad_token_id` to `eos_token_id`:151645 for open-end generation.
{"cell": "internvl35_8b_budget54_set_b100_p0_text_only_letterbox54", "latency_seconds": 0.08246269635856152, "peak_allocated_bytes": 17121994240, "progress": "89/400", "status": "ok"}
Setting `pad_token_id` to `eos_token_id`:151645 for open-end generation.
{"cell": "internvl35_8b_budget54_set_b100_p0_text_only_letterbox54", "latency_seconds": 0.055795625783503056, "peak_allocated_bytes": 17116908032, "progress": "90/400", "status": "ok"}
Setting `pad_token_id` to `eos_token_id`:151645 for open-end generation.
{"cell": "internvl35_8b_budget54_set_b100_p0_text_only_letterbox54", "latency_seconds": 0.05589909665286541, "peak_allocated_bytes": 17117975040, "progress": "91/400", "status": "ok"}
Setting `pad_token_id` to `eos_token_id`:151645 for open-end generation.
{"cell": "internvl35_8b_budget54_set_b100_p0_text_only_letterbox54", "latency_seconds": 13.559913542121649, "peak_allocated_bytes": 17205401088, "progress": "92/400", "status": "ok"}
Setting `pad_token_id` to `eos_token_id`:151645 for open-end generation.
{"cell": "internvl35_8b_budget54_set_b100_p0_text_only_letterbox54", "latency_seconds": 0.08317791298031807, "peak_allocated_bytes": 17119044096, "progress": "93/400", "status": "ok"}
Setting `pad_token_id` to `eos_token_id`:151645 for open-end generation.
{"cell": "internvl35_8b_budget54_set_b100_p0_text_only_letterbox54", "latency_seconds": 0.05620552506297827, "peak_allocated_bytes": 17116908032, "progress": "94/400", "status": "ok"}
Setting `pad_token_id` to `eos_token_id`:151645 for open-end generation.
{"cell": "internvl35_8b_budget54_set_b100_p0_text_only_letterbox54", "latency_seconds": 0.060530081391334534, "peak_allocated_bytes": 17118509056, "progress": "95/400", "status": "ok"}
Setting `pad_token_id` to `eos_token_id`:151645 for open-end generation.
{"cell": "internvl35_8b_budget54_set_b100_p0_text_only_letterbox54", "latency_seconds": 2.5103473644703627, "peak_allocated_bytes": 17125137408, "progress": "96/400", "status": "ok"}
Setting `pad_token_id` to `eos_token_id`:151645 for open-end generation.
{"cell": "internvl35_8b_budget54_set_b100_p0_text_only_letterbox54", "latency_seconds": 0.08225109428167343, "peak_allocated_bytes": 17119846400, "progress": "97/400", "status": "ok"}
Setting `pad_token_id` to `eos_token_id`:151645 for open-end generation.
{"cell": "internvl35_8b_budget54_set_b100_p0_text_only_letterbox54", "latency_seconds": 0.08241518121212721, "peak_allocated_bytes": 17116640768, "progress": "98/400", "status": "ok"}
Setting `pad_token_id` to `eos_token_id`:151645 for open-end generation.
{"cell": "internvl35_8b_budget54_set_b100_p0_text_only_letterbox54", "latency_seconds": 0.4755272250622511, "peak_allocated_bytes": 17117707264, "progress": "99/400", "status": "ok"}
Setting `pad_token_id` to `eos_token_id`:151645 for open-end generation.
{"cell": "internvl35_8b_budget54_set_b100_p0_text_only_letterbox54", "latency_seconds": 0.3964577941223979, "peak_allocated_bytes": 17116908032, "progress": "100/400", "status": "ok"}
Setting `pad_token_id` to `eos_token_id`:151645 for open-end generation.
{"cell": "internvl35_8b_budget54_set_b100_p0_text_only_letterbox54", "latency_seconds": 0.08248886652290821, "peak_allocated_bytes": 17120115200, "progress": "101/400", "status": "ok"}
Setting `pad_token_id` to `eos_token_id`:151645 for open-end generation.
{"cell": "internvl35_8b_budget54_set_b100_p0_text_only_letterbox54", "latency_seconds": 0.3695879066362977, "peak_allocated_bytes": 17116108288, "progress": "102/400", "status": "ok"}
Setting `pad_token_id` to `eos_token_id`:151645 for open-end generation.
{"cell": "internvl35_8b_budget54_set_b100_p0_text_only_letterbox54", "latency_seconds": 0.05563973728567362, "peak_allocated_bytes": 17118240768, "progress": "103/400", "status": "ok"}
Setting `pad_token_id` to `eos_token_id`:151645 for open-end generation.
{"cell": "internvl35_8b_budget54_set_b100_p0_text_only_letterbox54", "latency_seconds": 5.579240629449487, "peak_allocated_bytes": 17144190464, "progress": "104/400", "status": "ok"}
Setting `pad_token_id` to `eos_token_id`:151645 for open-end generation.
{"cell": "internvl35_8b_budget54_set_b100_p0_text_only_letterbox54", "latency_seconds": 0.05599013715982437, "peak_allocated_bytes": 17119310848, "progress": "105/400", "status": "ok"}
Setting `pad_token_id` to `eos_token_id`:151645 for open-end generation.
{"cell": "internvl35_8b_budget54_set_b100_p0_text_only_letterbox54", "latency_seconds": 4.944647305645049, "peak_allocated_bytes": 17139880448, "progress": "106/400", "status": "ok"}
Setting `pad_token_id` to `eos_token_id`:151645 for open-end generation.
{"cell": "internvl35_8b_budget54_set_b100_p0_text_only_letterbox54", "latency_seconds": 0.05649328324943781, "peak_allocated_bytes": 17118509056, "progress": "107/400", "status": "ok"}
Setting `pad_token_id` to `eos_token_id`:151645 for open-end generation.
{"cell": "internvl35_8b_budget54_set_b100_p0_text_only_letterbox54", "latency_seconds": 13.613839876838028, "peak_allocated_bytes": 17205301760, "progress": "108/400", "status": "ok"}
Setting `pad_token_id` to `eos_token_id`:151645 for open-end generation.
{"cell": "internvl35_8b_budget54_set_b100_p0_text_only_letterbox54", "latency_seconds": 0.08351391460746527, "peak_allocated_bytes": 17120115200, "progress": "109/400", "status": "ok"}
Setting `pad_token_id` to `eos_token_id`:151645 for open-end generation.
{"cell": "internvl35_8b_budget54_set_b100_p0_text_only_letterbox54", "latency_seconds": 1.6796948025003076, "peak_allocated_bytes": 17119357952, "progress": "110/400", "status": "ok"}
Setting `pad_token_id` to `eos_token_id`:151645 for open-end generation.
{"cell": "internvl35_8b_budget54_set_b100_p0_text_only_letterbox54", "latency_seconds": 0.05582339596003294, "peak_allocated_bytes": 17119044096, "progress": "111/400", "status": "ok"}
Setting `pad_token_id` to `eos_token_id`:151645 for open-end generation.
{"cell": "internvl35_8b_budget54_set_b100_p0_text_only_letterbox54", "latency_seconds": 0.5528246983885765, "peak_allocated_bytes": 17118240768, "progress": "112/400", "status": "ok"}
Setting `pad_token_id` to `eos_token_id`:151645 for open-end generation.
{"cell": "internvl35_8b_budget54_set_b100_p0_text_only_letterbox54", "latency_seconds": 0.08192863035947084, "peak_allocated_bytes": 17120919040, "progress": "113/400", "status": "ok"}
Setting `pad_token_id` to `eos_token_id`:151645 for open-end generation.
{"cell": "internvl35_8b_budget54_set_b100_p0_text_only_letterbox54", "latency_seconds": 0.05561588238924742, "peak_allocated_bytes": 17116908032, "progress": "114/400", "status": "ok"}
Setting `pad_token_id` to `eos_token_id`:151645 for open-end generation.
{"cell": "internvl35_8b_budget54_set_b100_p0_text_only_letterbox54", "latency_seconds": 0.056832777336239815, "peak_allocated_bytes": 17117707264, "progress": "115/400", "status": "ok"}
Setting `pad_token_id` to `eos_token_id`:151645 for open-end generation.
{"cell": "internvl35_8b_budget54_set_b100_p0_text_only_letterbox54", "latency_seconds": 1.0003197249025106, "peak_allocated_bytes": 17116640768, "progress": "116/400", "status": "ok"}
Setting `pad_token_id` to `eos_token_id`:151645 for open-end generation.
{"cell": "internvl35_8b_budget54_set_b100_p0_text_only_letterbox54", "latency_seconds": 0.08196433447301388, "peak_allocated_bytes": 17119846400, "progress": "117/400", "status": "ok"}
Setting `pad_token_id` to `eos_token_id`:151645 for open-end generation.
{"cell": "internvl35_8b_budget54_set_b100_p0_text_only_letterbox54", "latency_seconds": 0.45505861937999725, "peak_allocated_bytes": 17117441024, "progress": "118/400", "status": "ok"}
Setting `pad_token_id` to `eos_token_id`:151645 for open-end generation.
{"cell": "internvl35_8b_budget54_set_b100_p0_text_only_letterbox54", "latency_seconds": 0.05588383413851261, "peak_allocated_bytes": 17119044096, "progress": "119/400", "status": "ok"}
Setting `pad_token_id` to `eos_token_id`:151645 for open-end generation.
{"cell": "internvl35_8b_budget54_set_b100_p0_text_only_letterbox54", "latency_seconds": 13.557658865116537, "peak_allocated_bytes": 17205326336, "progress": "120/400", "status": "ok"}
Setting `pad_token_id` to `eos_token_id`:151645 for open-end generation.
{"cell": "internvl35_8b_budget54_set_b100_p0_text_only_letterbox54", "latency_seconds": 0.08338654041290283, "peak_allocated_bytes": 17121994240, "progress": "121/400", "status": "ok"}
Setting `pad_token_id` to `eos_token_id`:151645 for open-end generation.
{"cell": "internvl35_8b_budget54_set_b100_p0_text_only_letterbox54", "latency_seconds": 0.32233594730496407, "peak_allocated_bytes": 17117173760, "progress": "122/400", "status": "ok"}
Setting `pad_token_id` to `eos_token_id`:151645 for open-end generation.
{"cell": "internvl35_8b_budget54_set_b100_p0_text_only_letterbox54", "latency_seconds": 0.1602090559899807, "peak_allocated_bytes": 17117707264, "progress": "123/400", "status": "ok"}
Setting `pad_token_id` to `eos_token_id`:151645 for open-end generation.
{"cell": "internvl35_8b_budget54_set_b100_p0_text_only_letterbox54", "latency_seconds": 13.445322754792869, "peak_allocated_bytes": 17205251072, "progress": "124/400", "status": "ok"}
Setting `pad_token_id` to `eos_token_id`:151645 for open-end generation.
{"cell": "internvl35_8b_budget54_set_b100_p0_text_only_letterbox54", "latency_seconds": 0.08381149731576443, "peak_allocated_bytes": 17120115200, "progress": "125/400", "status": "ok"}
Setting `pad_token_id` to `eos_token_id`:151645 for open-end generation.
{"cell": "internvl35_8b_budget54_set_b100_p0_text_only_letterbox54", "latency_seconds": 0.05568529386073351, "peak_allocated_bytes": 17116375040, "progress": "126/400", "status": "ok"}
Setting `pad_token_id` to `eos_token_id`:151645 for open-end generation.
{"cell": "internvl35_8b_budget54_set_b100_p0_text_only_letterbox54", "latency_seconds": 0.5467084404081106, "peak_allocated_bytes": 17117975040, "progress": "127/400", "status": "ok"}
Setting `pad_token_id` to `eos_token_id`:151645 for open-end generation.
{"cell": "internvl35_8b_budget54_set_b100_p0_text_only_letterbox54", "latency_seconds": 0.4738053632900119, "peak_allocated_bytes": 17117975040, "progress": "128/400", "status": "ok"}
Setting `pad_token_id` to `eos_token_id`:151645 for open-end generation.
{"cell": "internvl35_8b_budget54_set_b100_p0_text_only_letterbox54", "latency_seconds": 0.0819015484303236, "peak_allocated_bytes": 17119579136, "progress": "129/400", "status": "ok"}
Setting `pad_token_id` to `eos_token_id`:151645 for open-end generation.
{"cell": "internvl35_8b_budget54_set_b100_p0_text_only_letterbox54", "latency_seconds": 0.05551445670425892, "peak_allocated_bytes": 17115576320, "progress": "130/400", "status": "ok"}
Setting `pad_token_id` to `eos_token_id`:151645 for open-end generation.
{"cell": "internvl35_8b_budget54_set_b100_p0_text_only_letterbox54", "latency_seconds": 0.0555130410939455, "peak_allocated_bytes": 17119579136, "progress": "131/400", "status": "ok"}
Setting `pad_token_id` to `eos_token_id`:151645 for open-end generation.
{"cell": "internvl35_8b_budget54_set_b100_p0_text_only_letterbox54", "latency_seconds": 13.464584208093584, "peak_allocated_bytes": 17205326336, "progress": "132/400", "status": "ok"}
Setting `pad_token_id` to `eos_token_id`:151645 for open-end generation.
{"cell": "internvl35_8b_budget54_set_b100_p0_text_only_letterbox54", "latency_seconds": 0.08246673177927732, "peak_allocated_bytes": 17119044096, "progress": "133/400", "status": "ok"}
Setting `pad_token_id` to `eos_token_id`:151645 for open-end generation.
{"cell": "internvl35_8b_budget54_set_b100_p0_text_only_letterbox54", "latency_seconds": 0.37026439886540174, "peak_allocated_bytes": 17116108288, "progress": "134/400", "status": "ok"}
Setting `pad_token_id` to `eos_token_id`:151645 for open-end generation.
{"cell": "internvl35_8b_budget54_set_b100_p0_text_only_letterbox54", "latency_seconds": 0.05570325721055269, "peak_allocated_bytes": 17118240768, "progress": "135/400", "status": "ok"}
Setting `pad_token_id` to `eos_token_id`:151645 for open-end generation.
{"cell": "internvl35_8b_budget54_set_b100_p0_text_only_letterbox54", "latency_seconds": 13.483035809360445, "peak_allocated_bytes": 17205425664, "progress": "136/400", "status": "ok"}
Setting `pad_token_id` to `eos_token_id`:151645 for open-end generation.
{"cell": "internvl35_8b_budget54_set_b100_p0_text_only_letterbox54", "latency_seconds": 0.08288675080984831, "peak_allocated_bytes": 17120115200, "progress": "137/400", "status": "ok"}
Setting `pad_token_id` to `eos_token_id`:151645 for open-end generation.
{"cell": "internvl35_8b_budget54_set_b100_p0_text_only_letterbox54", "latency_seconds": 0.44617406092584133, "peak_allocated_bytes": 17117441024, "progress": "138/400", "status": "ok"}
Setting `pad_token_id` to `eos_token_id`:151645 for open-end generation.
{"cell": "internvl35_8b_budget54_set_b100_p0_text_only_letterbox54", "latency_seconds": 0.05559626128524542, "peak_allocated_bytes": 17117173760, "progress": "139/400", "status": "ok"}
Setting `pad_token_id` to `eos_token_id`:151645 for open-end generation.
{"cell": "internvl35_8b_budget54_set_b100_p0_text_only_letterbox54", "latency_seconds": 13.447778101079166, "peak_allocated_bytes": 17205326336, "progress": "140/400", "status": "ok"}
Setting `pad_token_id` to `eos_token_id`:151645 for open-end generation.
{"cell": "internvl35_8b_budget54_set_b100_p0_text_only_letterbox54", "latency_seconds": 0.08222191780805588, "peak_allocated_bytes": 17120115200, "progress": "141/400", "status": "ok"}
Setting `pad_token_id` to `eos_token_id`:151645 for open-end generation.
{"cell": "internvl35_8b_budget54_set_b100_p0_text_only_letterbox54", "latency_seconds": 0.3851196141913533, "peak_allocated_bytes": 17117441024, "progress": "142/400", "status": "ok"}
Setting `pad_token_id` to `eos_token_id`:151645 for open-end generation.
{"cell": "internvl35_8b_budget54_set_b100_p0_text_only_letterbox54", "latency_seconds": 0.5220719119533896, "peak_allocated_bytes": 17117975040, "progress": "143/400", "status": "ok"}
Setting `pad_token_id` to `eos_token_id`:151645 for open-end generation.
{"cell": "internvl35_8b_budget54_set_b100_p0_text_only_letterbox54", "latency_seconds": 0.8727818615734577, "peak_allocated_bytes": 17116640768, "progress": "144/400", "status": "ok"}
Setting `pad_token_id` to `eos_token_id`:151645 for open-end generation.
{"cell": "internvl35_8b_budget54_set_b100_p0_text_only_letterbox54", "latency_seconds": 0.08347763493657112, "peak_allocated_bytes": 17120382464, "progress": "145/400", "status": "ok"}
Setting `pad_token_id` to `eos_token_id`:151645 for open-end generation.
{"cell": "internvl35_8b_budget54_set_b100_p0_text_only_letterbox54", "latency_seconds": 0.35213848389685154, "peak_allocated_bytes": 17116108288, "progress": "146/400", "status": "ok"}
Setting `pad_token_id` to `eos_token_id`:151645 for open-end generation.
{"cell": "internvl35_8b_budget54_set_b100_p0_text_only_letterbox54", "latency_seconds": 0.056288509629666805, "peak_allocated_bytes": 17117975040, "progress": "147/400", "status": "ok"}
Setting `pad_token_id` to `eos_token_id`:151645 for open-end generation.
{"cell": "internvl35_8b_budget54_set_b100_p0_text_only_letterbox54", "latency_seconds": 0.996896056458354, "peak_allocated_bytes": 17117975040, "progress": "148/400", "status": "ok"}
Setting `pad_token_id` to `eos_token_id`:151645 for open-end generation.
{"cell": "internvl35_8b_budget54_set_b100_p0_text_only_letterbox54", "latency_seconds": 0.0820043170824647, "peak_allocated_bytes": 17121188352, "progress": "149/400", "status": "ok"}
Setting `pad_token_id` to `eos_token_id`:151645 for open-end generation.
{"cell": "internvl35_8b_budget54_set_b100_p0_text_only_letterbox54", "latency_seconds": 0.05567922908812761, "peak_allocated_bytes": 17116908032, "progress": "150/400", "status": "ok"}
Setting `pad_token_id` to `eos_token_id`:151645 for open-end generation.
{"cell": "internvl35_8b_budget54_set_b100_p0_text_only_letterbox54", "latency_seconds": 0.055532858707010746, "peak_allocated_bytes": 17118509056, "progress": "151/400", "status": "ok"}
Setting `pad_token_id` to `eos_token_id`:151645 for open-end generation.
{"cell": "internvl35_8b_budget54_set_b100_p0_text_only_letterbox54", "latency_seconds": 0.3947456944733858, "peak_allocated_bytes": 17116908032, "progress": "152/400", "status": "ok"}
Setting `pad_token_id` to `eos_token_id`:151645 for open-end generation.
{"cell": "internvl35_8b_budget54_set_b100_p0_text_only_letterbox54", "latency_seconds": 0.081915944814682, "peak_allocated_bytes": 17118775808, "progress": "153/400", "status": "ok"}
Setting `pad_token_id` to `eos_token_id`:151645 for open-end generation.
{"cell": "internvl35_8b_budget54_set_b100_p0_text_only_letterbox54", "latency_seconds": 0.05556532274931669, "peak_allocated_bytes": 17116908032, "progress": "154/400", "status": "ok"}
Setting `pad_token_id` to `eos_token_id`:151645 for open-end generation.
{"cell": "internvl35_8b_budget54_set_b100_p0_text_only_letterbox54", "latency_seconds": 0.4736178833991289, "peak_allocated_bytes": 17117707264, "progress": "155/400", "status": "ok"}
Setting `pad_token_id` to `eos_token_id`:151645 for open-end generation.
{"cell": "internvl35_8b_budget54_set_b100_p0_text_only_letterbox54", "latency_seconds": 0.5792476758360863, "peak_allocated_bytes": 17116640768, "progress": "156/400", "status": "ok"}
Setting `pad_token_id` to `eos_token_id`:151645 for open-end generation.
{"cell": "internvl35_8b_budget54_set_b100_p0_text_only_letterbox54", "latency_seconds": 0.08160839509218931, "peak_allocated_bytes": 17120651776, "progress": "157/400", "status": "ok"}
Setting `pad_token_id` to `eos_token_id`:151645 for open-end generation.
{"cell": "internvl35_8b_budget54_set_b100_p0_text_only_letterbox54", "latency_seconds": 0.055614542216062546, "peak_allocated_bytes": 17116640768, "progress": "158/400", "status": "ok"}
Setting `pad_token_id` to `eos_token_id`:151645 for open-end generation.
{"cell": "internvl35_8b_budget54_set_b100_p0_text_only_letterbox54", "latency_seconds": 0.05564950220286846, "peak_allocated_bytes": 17119310848, "progress": "159/400", "status": "ok"}
Setting `pad_token_id` to `eos_token_id`:151645 for open-end generation.
{"cell": "internvl35_8b_budget54_set_b100_p0_text_only_letterbox54", "latency_seconds": 0.5251871049404144, "peak_allocated_bytes": 17116375040, "progress": "160/400", "status": "ok"}
Setting `pad_token_id` to `eos_token_id`:151645 for open-end generation.
{"cell": "internvl35_8b_budget54_set_b100_p0_text_only_letterbox54", "latency_seconds": 0.11296124011278152, "peak_allocated_bytes": 17121188352, "progress": "161/400", "status": "ok"}
Setting `pad_token_id` to `eos_token_id`:151645 for open-end generation.
{"cell": "internvl35_8b_budget54_set_b100_p0_text_only_letterbox54", "latency_seconds": 0.07456736546009779, "peak_allocated_bytes": 17116640768, "progress": "162/400", "status": "ok"}
Setting `pad_token_id` to `eos_token_id`:151645 for open-end generation.
{"cell": "internvl35_8b_budget54_set_b100_p0_text_only_letterbox54", "latency_seconds": 0.056308538652956486, "peak_allocated_bytes": 17119310848, "progress": "163/400", "status": "ok"}
Setting `pad_token_id` to `eos_token_id`:151645 for open-end generation.
{"cell": "internvl35_8b_budget54_set_b100_p0_text_only_letterbox54", "latency_seconds": 0.87113740388304, "peak_allocated_bytes": 17117173760, "progress": "164/400", "status": "ok"}
Setting `pad_token_id` to `eos_token_id`:151645 for open-end generation.
{"cell": "internvl35_8b_budget54_set_b100_p0_text_only_letterbox54", "latency_seconds": 0.08234590198844671, "peak_allocated_bytes": 17119579136, "progress": "165/400", "status": "ok"}
Setting `pad_token_id` to `eos_token_id`:151645 for open-end generation.
{"cell": "internvl35_8b_budget54_set_b100_p0_text_only_letterbox54", "latency_seconds": 0.05553056299686432, "peak_allocated_bytes": 17115576320, "progress": "166/400", "status": "ok"}
Setting `pad_token_id` to `eos_token_id`:151645 for open-end generation.
{"cell": "internvl35_8b_budget54_set_b100_p0_text_only_letterbox54", "latency_seconds": 0.055479598231613636, "peak_allocated_bytes": 17118240768, "progress": "167/400", "status": "ok"}
Setting `pad_token_id` to `eos_token_id`:151645 for open-end generation.
{"cell": "internvl35_8b_budget54_set_b100_p0_text_only_letterbox54", "latency_seconds": 0.4740371396765113, "peak_allocated_bytes": 17117975040, "progress": "168/400", "status": "ok"}
Setting `pad_token_id` to `eos_token_id`:151645 for open-end generation.
{"cell": "internvl35_8b_budget54_set_b100_p0_text_only_letterbox54", "latency_seconds": 0.08161896467208862, "peak_allocated_bytes": 17119846400, "progress": "169/400", "status": "ok"}
Setting `pad_token_id` to `eos_token_id`:151645 for open-end generation.
{"cell": "internvl35_8b_budget54_set_b100_p0_text_only_letterbox54", "latency_seconds": 1.679267805069685, "peak_allocated_bytes": 17119357952, "progress": "170/400", "status": "ok"}
Setting `pad_token_id` to `eos_token_id`:151645 for open-end generation.
{"cell": "internvl35_8b_budget54_set_b100_p0_text_only_letterbox54", "latency_seconds": 0.055591024458408356, "peak_allocated_bytes": 17118240768, "progress": "171/400", "status": "ok"}
Setting `pad_token_id` to `eos_token_id`:151645 for open-end generation.
{"cell": "internvl35_8b_budget54_set_b100_p0_text_only_letterbox54", "latency_seconds": 1.1016831425949931, "peak_allocated_bytes": 17117173760, "progress": "172/400", "status": "ok"}
Setting `pad_token_id` to `eos_token_id`:151645 for open-end generation.
{"cell": "internvl35_8b_budget54_set_b100_p0_text_only_letterbox54", "latency_seconds": 0.08194254711270332, "peak_allocated_bytes": 17119846400, "progress": "173/400", "status": "ok"}
Setting `pad_token_id` to `eos_token_id`:151645 for open-end generation.
{"cell": "internvl35_8b_budget54_set_b100_p0_text_only_letterbox54", "latency_seconds": 0.057152827270329, "peak_allocated_bytes": 17116640768, "progress": "174/400", "status": "ok"}
Setting `pad_token_id` to `eos_token_id`:151645 for open-end generation.
{"cell": "internvl35_8b_budget54_set_b100_p0_text_only_letterbox54", "latency_seconds": 0.05569014698266983, "peak_allocated_bytes": 17119044096, "progress": "175/400", "status": "ok"}
Setting `pad_token_id` to `eos_token_id`:151645 for open-end generation.
{"cell": "internvl35_8b_budget54_set_b100_p0_text_only_letterbox54", "latency_seconds": 13.511811031028628, "peak_allocated_bytes": 17205301760, "progress": "176/400", "status": "ok"}
Setting `pad_token_id` to `eos_token_id`:151645 for open-end generation.
{"cell": "internvl35_8b_budget54_set_b100_p0_text_only_letterbox54", "latency_seconds": 0.08169191237539053, "peak_allocated_bytes": 17120382464, "progress": "177/400", "status": "ok"}
Setting `pad_token_id` to `eos_token_id`:151645 for open-end generation.
{"cell": "internvl35_8b_budget54_set_b100_p0_text_only_letterbox54", "latency_seconds": 0.05580635368824005, "peak_allocated_bytes": 17116640768, "progress": "178/400", "status": "ok"}
Setting `pad_token_id` to `eos_token_id`:151645 for open-end generation.
{"cell": "internvl35_8b_budget54_set_b100_p0_text_only_letterbox54", "latency_seconds": 0.055646355263888836, "peak_allocated_bytes": 17119044096, "progress": "179/400", "status": "ok"}
Setting `pad_token_id` to `eos_token_id`:151645 for open-end generation.
{"cell": "internvl35_8b_budget54_set_b100_p0_text_only_letterbox54", "latency_seconds": 0.917139133438468, "peak_allocated_bytes": 17117441024, "progress": "180/400", "status": "ok"}
Setting `pad_token_id` to `eos_token_id`:151645 for open-end generation.
{"cell": "internvl35_8b_budget54_set_b100_p0_text_only_letterbox54", "latency_seconds": 0.08190949447453022, "peak_allocated_bytes": 17120115200, "progress": "181/400", "status": "ok"}
Setting `pad_token_id` to `eos_token_id`:151645 for open-end generation.
{"cell": "internvl35_8b_budget54_set_b100_p0_text_only_letterbox54", "latency_seconds": 0.3972056517377496, "peak_allocated_bytes": 17117173760, "progress": "182/400", "status": "ok"}
Setting `pad_token_id` to `eos_token_id`:151645 for open-end generation.
{"cell": "internvl35_8b_budget54_set_b100_p0_text_only_letterbox54", "latency_seconds": 0.055541268549859524, "peak_allocated_bytes": 17119579136, "progress": "183/400", "status": "ok"}
Setting `pad_token_id` to `eos_token_id`:151645 for open-end generation.
{"cell": "internvl35_8b_budget54_set_b100_p0_text_only_letterbox54", "latency_seconds": 13.500768972560763, "peak_allocated_bytes": 17205375488, "progress": "184/400", "status": "ok"}
Setting `pad_token_id` to `eos_token_id`:151645 for open-end generation.
{"cell": "internvl35_8b_budget54_set_b100_p0_text_only_letterbox54", "latency_seconds": 0.11386194825172424, "peak_allocated_bytes": 17121188352, "progress": "185/400", "status": "ok"}
Setting `pad_token_id` to `eos_token_id`:151645 for open-end generation.
{"cell": "internvl35_8b_budget54_set_b100_p0_text_only_letterbox54", "latency_seconds": 0.07032452151179314, "peak_allocated_bytes": 17116908032, "progress": "186/400", "status": "ok"}
Setting `pad_token_id` to `eos_token_id`:151645 for open-end generation.
{"cell": "internvl35_8b_budget54_set_b100_p0_text_only_letterbox54", "latency_seconds": 0.05928664095699787, "peak_allocated_bytes": 17119044096, "progress": "187/400", "status": "ok"}
Setting `pad_token_id` to `eos_token_id`:151645 for open-end generation.
{"cell": "internvl35_8b_budget54_set_b100_p0_text_only_letterbox54", "latency_seconds": 0.5490469597280025, "peak_allocated_bytes": 17117173760, "progress": "188/400", "status": "ok"}
Setting `pad_token_id` to `eos_token_id`:151645 for open-end generation.
{"cell": "internvl35_8b_budget54_set_b100_p0_text_only_letterbox54", "latency_seconds": 0.08262042049318552, "peak_allocated_bytes": 17119579136, "progress": "189/400", "status": "ok"}
Setting `pad_token_id` to `eos_token_id`:151645 for open-end generation.
{"cell": "internvl35_8b_budget54_set_b100_p0_text_only_letterbox54", "latency_seconds": 0.056152550503611565, "peak_allocated_bytes": 17116640768, "progress": "190/400", "status": "ok"}
Setting `pad_token_id` to `eos_token_id`:151645 for open-end generation.
{"cell": "internvl35_8b_budget54_set_b100_p0_text_only_letterbox54", "latency_seconds": 0.05569935869425535, "peak_allocated_bytes": 17119044096, "progress": "191/400", "status": "ok"}
Setting `pad_token_id` to `eos_token_id`:151645 for open-end generation.
{"cell": "internvl35_8b_budget54_set_b100_p0_text_only_letterbox54", "latency_seconds": 13.423290683887899, "peak_allocated_bytes": 17205275648, "progress": "192/400", "status": "ok"}
Setting `pad_token_id` to `eos_token_id`:151645 for open-end generation.
{"cell": "internvl35_8b_budget54_set_b100_p0_text_only_letterbox54", "latency_seconds": 0.08262081071734428, "peak_allocated_bytes": 17119846400, "progress": "193/400", "status": "ok"}
Setting `pad_token_id` to `eos_token_id`:151645 for open-end generation.
{"cell": "internvl35_8b_budget54_set_b100_p0_text_only_letterbox54", "latency_seconds": 0.44806596729904413, "peak_allocated_bytes": 17117441024, "progress": "194/400", "status": "ok"}
Setting `pad_token_id` to `eos_token_id`:151645 for open-end generation.
{"cell": "internvl35_8b_budget54_set_b100_p0_text_only_letterbox54", "latency_seconds": 0.05605148524045944, "peak_allocated_bytes": 17117975040, "progress": "195/400", "status": "ok"}
Setting `pad_token_id` to `eos_token_id`:151645 for open-end generation.
{"cell": "internvl35_8b_budget54_set_b100_p0_text_only_letterbox54", "latency_seconds": 0.9969815453514457, "peak_allocated_bytes": 17117975040, "progress": "196/400", "status": "ok"}
Setting `pad_token_id` to `eos_token_id`:151645 for open-end generation.
{"cell": "internvl35_8b_budget54_set_b100_p0_text_only_letterbox54", "latency_seconds": 0.08139265142381191, "peak_allocated_bytes": 17120382464, "progress": "197/400", "status": "ok"}
Setting `pad_token_id` to `eos_token_id`:151645 for open-end generation.
{"cell": "internvl35_8b_budget54_set_b100_p0_text_only_letterbox54", "latency_seconds": 0.055869088508188725, "peak_allocated_bytes": 17115576320, "progress": "198/400", "status": "ok"}
Setting `pad_token_id` to `eos_token_id`:151645 for open-end generation.
{"cell": "internvl35_8b_budget54_set_b100_p0_text_only_letterbox54", "latency_seconds": 0.05561899393796921, "peak_allocated_bytes": 17117441024, "progress": "199/400", "status": "ok"}
Setting `pad_token_id` to `eos_token_id`:151645 for open-end generation.
{"cell": "internvl35_8b_budget54_set_b100_p0_text_only_letterbox54", "latency_seconds": 13.529609365388751, "peak_allocated_bytes": 17205326336, "progress": "200/400", "status": "ok"}
Setting `pad_token_id` to `eos_token_id`:151645 for open-end generation.
{"cell": "internvl35_8b_budget54_set_b100_p0_text_only_letterbox54", "latency_seconds": 0.08204837515950203, "peak_allocated_bytes": 17120382464, "progress": "201/400", "status": "ok"}
Setting `pad_token_id` to `eos_token_id`:151645 for open-end generation.
{"cell": "internvl35_8b_budget54_set_b100_p0_text_only_letterbox54", "latency_seconds": 0.08141403365880251, "peak_allocated_bytes": 17116640768, "progress": "202/400", "status": "ok"}
Setting `pad_token_id` to `eos_token_id`:151645 for open-end generation.
{"cell": "internvl35_8b_budget54_set_b100_p0_text_only_letterbox54", "latency_seconds": 0.05556756444275379, "peak_allocated_bytes": 17117707264, "progress": "203/400", "status": "ok"}
Setting `pad_token_id` to `eos_token_id`:151645 for open-end generation.
{"cell": "internvl35_8b_budget54_set_b100_p0_text_only_letterbox54", "latency_seconds": 0.5234469454735518, "peak_allocated_bytes": 17116640768, "progress": "204/400", "status": "ok"}
Setting `pad_token_id` to `eos_token_id`:151645 for open-end generation.
{"cell": "internvl35_8b_budget54_set_b100_p0_text_only_letterbox54", "latency_seconds": 0.08159694354981184, "peak_allocated_bytes": 17119579136, "progress": "205/400", "status": "ok"}
Setting `pad_token_id` to `eos_token_id`:151645 for open-end generation.
{"cell": "internvl35_8b_budget54_set_b100_p0_text_only_letterbox54", "latency_seconds": 0.42070029210299253, "peak_allocated_bytes": 17117441024, "progress": "206/400", "status": "ok"}
Setting `pad_token_id` to `eos_token_id`:151645 for open-end generation.
{"cell": "internvl35_8b_budget54_set_b100_p0_text_only_letterbox54", "latency_seconds": 0.0555430194362998, "peak_allocated_bytes": 17118240768, "progress": "207/400", "status": "ok"}
Setting `pad_token_id` to `eos_token_id`:151645 for open-end generation.
{"cell": "internvl35_8b_budget54_set_b100_p0_text_only_letterbox54", "latency_seconds": 0.4718893123790622, "peak_allocated_bytes": 17117441024, "progress": "208/400", "status": "ok"}
Setting `pad_token_id` to `eos_token_id`:151645 for open-end generation.
{"cell": "internvl35_8b_budget54_set_b100_p0_text_only_letterbox54", "latency_seconds": 0.08199115097522736, "peak_allocated_bytes": 17120115200, "progress": "209/400", "status": "ok"}
Setting `pad_token_id` to `eos_token_id`:151645 for open-end generation.
{"cell": "internvl35_8b_budget54_set_b100_p0_text_only_letterbox54", "latency_seconds": 0.055883295834064484, "peak_allocated_bytes": 17115843072, "progress": "210/400", "status": "ok"}
Setting `pad_token_id` to `eos_token_id`:151645 for open-end generation.
{"cell": "internvl35_8b_budget54_set_b100_p0_text_only_letterbox54", "latency_seconds": 0.05547776632010937, "peak_allocated_bytes": 17119044096, "progress": "211/400", "status": "ok"}
Setting `pad_token_id` to `eos_token_id`:151645 for open-end generation.
{"cell": "internvl35_8b_budget54_set_b100_p0_text_only_letterbox54", "latency_seconds": 0.8884091693907976, "peak_allocated_bytes": 17117173760, "progress": "212/400", "status": "ok"}
Setting `pad_token_id` to `eos_token_id`:151645 for open-end generation.
{"cell": "internvl35_8b_budget54_set_b100_p0_text_only_letterbox54", "latency_seconds": 0.05574766360223293, "peak_allocated_bytes": 17119579136, "progress": "213/400", "status": "ok"}
Setting `pad_token_id` to `eos_token_id`:151645 for open-end generation.
{"cell": "internvl35_8b_budget54_set_b100_p0_text_only_letterbox54", "latency_seconds": 3.245151359587908, "peak_allocated_bytes": 17129651200, "progress": "214/400", "status": "ok"}
Setting `pad_token_id` to `eos_token_id`:151645 for open-end generation.
{"cell": "internvl35_8b_budget54_set_b100_p0_text_only_letterbox54", "latency_seconds": 0.05563036259263754, "peak_allocated_bytes": 17119310848, "progress": "215/400", "status": "ok"}
Setting `pad_token_id` to `eos_token_id`:151645 for open-end generation.
{"cell": "internvl35_8b_budget54_set_b100_p0_text_only_letterbox54", "latency_seconds": 0.26456581987440586, "peak_allocated_bytes": 17116908032, "progress": "216/400", "status": "ok"}
Setting `pad_token_id` to `eos_token_id`:151645 for open-end generation.
{"cell": "internvl35_8b_budget54_set_b100_p0_text_only_letterbox54", "latency_seconds": 0.08148033637553453, "peak_allocated_bytes": 17121188352, "progress": "217/400", "status": "ok"}
Setting `pad_token_id` to `eos_token_id`:151645 for open-end generation.
{"cell": "internvl35_8b_budget54_set_b100_p0_text_only_letterbox54", "latency_seconds": 0.08136165980249643, "peak_allocated_bytes": 17116640768, "progress": "218/400", "status": "ok"}
Setting `pad_token_id` to `eos_token_id`:151645 for open-end generation.
{"cell": "internvl35_8b_budget54_set_b100_p0_text_only_letterbox54", "latency_seconds": 0.08131914772093296, "peak_allocated_bytes": 17118240768, "progress": "219/400", "status": "ok"}
Setting `pad_token_id` to `eos_token_id`:151645 for open-end generation.
{"cell": "internvl35_8b_budget54_set_b100_p0_text_only_letterbox54", "latency_seconds": 13.470034395344555, "peak_allocated_bytes": 17205275648, "progress": "220/400", "status": "ok"}
Setting `pad_token_id` to `eos_token_id`:151645 for open-end generation.
{"cell": "internvl35_8b_budget54_set_b100_p0_text_only_letterbox54", "latency_seconds": 0.05690850876271725, "peak_allocated_bytes": 17119579136, "progress": "221/400", "status": "ok"}
Setting `pad_token_id` to `eos_token_id`:151645 for open-end generation.
{"cell": "internvl35_8b_budget54_set_b100_p0_text_only_letterbox54", "latency_seconds": 0.05628155451267958, "peak_allocated_bytes": 17116640768, "progress": "222/400", "status": "ok"}
Setting `pad_token_id` to `eos_token_id`:151645 for open-end generation.
{"cell": "internvl35_8b_budget54_set_b100_p0_text_only_letterbox54", "latency_seconds": 0.05620628781616688, "peak_allocated_bytes": 17117975040, "progress": "223/400", "status": "ok"}
Setting `pad_token_id` to `eos_token_id`:151645 for open-end generation.
{"cell": "internvl35_8b_budget54_set_b100_p0_text_only_letterbox54", "latency_seconds": 0.5310754915699363, "peak_allocated_bytes": 17116640768, "progress": "224/400", "status": "ok"}
Setting `pad_token_id` to `eos_token_id`:151645 for open-end generation.
{"cell": "internvl35_8b_budget54_set_b100_p0_text_only_letterbox54", "latency_seconds": 0.08237547520548105, "peak_allocated_bytes": 17121456128, "progress": "225/400", "status": "ok"}
Setting `pad_token_id` to `eos_token_id`:151645 for open-end generation.
{"cell": "internvl35_8b_budget54_set_b100_p0_text_only_letterbox54", "latency_seconds": 0.06052149645984173, "peak_allocated_bytes": 17114678272, "progress": "226/400", "status": "ok"}
Setting `pad_token_id` to `eos_token_id`:151645 for open-end generation.
{"cell": "internvl35_8b_budget54_set_b100_p0_text_only_letterbox54", "latency_seconds": 0.056222724728286266, "peak_allocated_bytes": 17119044096, "progress": "227/400", "status": "ok"}
Setting `pad_token_id` to `eos_token_id`:151645 for open-end generation.
{"cell": "internvl35_8b_budget54_set_b100_p0_text_only_letterbox54", "latency_seconds": 4.653831407427788, "peak_allocated_bytes": 17138280448, "progress": "228/400", "status": "ok"}
Setting `pad_token_id` to `eos_token_id`:151645 for open-end generation.
{"cell": "internvl35_8b_budget54_set_b100_p0_text_only_letterbox54", "latency_seconds": 0.08342384360730648, "peak_allocated_bytes": 17120115200, "progress": "229/400", "status": "ok"}
Setting `pad_token_id` to `eos_token_id`:151645 for open-end generation.
{"cell": "internvl35_8b_budget54_set_b100_p0_text_only_letterbox54", "latency_seconds": 0.056234405376017094, "peak_allocated_bytes": 17116640768, "progress": "230/400", "status": "ok"}
Setting `pad_token_id` to `eos_token_id`:151645 for open-end generation.
{"cell": "internvl35_8b_budget54_set_b100_p0_text_only_letterbox54", "latency_seconds": 0.05618401151150465, "peak_allocated_bytes": 17119044096, "progress": "231/400", "status": "ok"}
Setting `pad_token_id` to `eos_token_id`:151645 for open-end generation.
{"cell": "internvl35_8b_budget54_set_b100_p0_text_only_letterbox54", "latency_seconds": 13.518486401997507, "peak_allocated_bytes": 17205425664, "progress": "232/400", "status": "ok"}
Setting `pad_token_id` to `eos_token_id`:151645 for open-end generation.
{"cell": "internvl35_8b_budget54_set_b100_p0_text_only_letterbox54", "latency_seconds": 0.05635282211005688, "peak_allocated_bytes": 17119044096, "progress": "233/400", "status": "ok"}
Setting `pad_token_id` to `eos_token_id`:151645 for open-end generation.
{"cell": "internvl35_8b_budget54_set_b100_p0_text_only_letterbox54", "latency_seconds": 0.05628529842942953, "peak_allocated_bytes": 17114678272, "progress": "234/400", "status": "ok"}
Setting `pad_token_id` to `eos_token_id`:151645 for open-end generation.
{"cell": "internvl35_8b_budget54_set_b100_p0_text_only_letterbox54", "latency_seconds": 0.05585943162441254, "peak_allocated_bytes": 17118775808, "progress": "235/400", "status": "ok"}
Setting `pad_token_id` to `eos_token_id`:151645 for open-end generation.
{"cell": "internvl35_8b_budget54_set_b100_p0_text_only_letterbox54", "latency_seconds": 2.439285802654922, "peak_allocated_bytes": 17124636160, "progress": "236/400", "status": "ok"}
Setting `pad_token_id` to `eos_token_id`:151645 for open-end generation.
{"cell": "internvl35_8b_budget54_set_b100_p0_text_only_letterbox54", "latency_seconds": 0.08188678417354822, "peak_allocated_bytes": 17120651776, "progress": "237/400", "status": "ok"}
Setting `pad_token_id` to `eos_token_id`:151645 for open-end generation.
{"cell": "internvl35_8b_budget54_set_b100_p0_text_only_letterbox54", "latency_seconds": 0.05583110451698303, "peak_allocated_bytes": 17115576320, "progress": "238/400", "status": "ok"}
Setting `pad_token_id` to `eos_token_id`:151645 for open-end generation.
{"cell": "internvl35_8b_budget54_set_b100_p0_text_only_letterbox54", "latency_seconds": 0.05565410014241934, "peak_allocated_bytes": 17119044096, "progress": "239/400", "status": "ok"}
Setting `pad_token_id` to `eos_token_id`:151645 for open-end generation.
{"cell": "internvl35_8b_budget54_set_b100_p0_text_only_letterbox54", "latency_seconds": 0.9980877721682191, "peak_allocated_bytes": 17119044096, "progress": "240/400", "status": "ok"}
Setting `pad_token_id` to `eos_token_id`:151645 for open-end generation.
{"cell": "internvl35_8b_budget54_set_b100_p0_text_only_letterbox54", "latency_seconds": 0.08215080201625824, "peak_allocated_bytes": 17121456128, "progress": "241/400", "status": "ok"}
Setting `pad_token_id` to `eos_token_id`:151645 for open-end generation.
{"cell": "internvl35_8b_budget54_set_b100_p0_text_only_letterbox54", "latency_seconds": 0.05560097936540842, "peak_allocated_bytes": 17116108288, "progress": "242/400", "status": "ok"}
Setting `pad_token_id` to `eos_token_id`:151645 for open-end generation.
{"cell": "internvl35_8b_budget54_set_b100_p0_text_only_letterbox54", "latency_seconds": 0.055778046138584614, "peak_allocated_bytes": 17119044096, "progress": "243/400", "status": "ok"}
Setting `pad_token_id` to `eos_token_id`:151645 for open-end generation.
{"cell": "internvl35_8b_budget54_set_b100_p0_text_only_letterbox54", "latency_seconds": 0.16079493146389723, "peak_allocated_bytes": 17116640768, "progress": "244/400", "status": "ok"}
Setting `pad_token_id` to `eos_token_id`:151645 for open-end generation.
{"cell": "internvl35_8b_budget54_set_b100_p0_text_only_letterbox54", "latency_seconds": 0.08206484839320183, "peak_allocated_bytes": 17118509056, "progress": "245/400", "status": "ok"}
Setting `pad_token_id` to `eos_token_id`:151645 for open-end generation.
{"cell": "internvl35_8b_budget54_set_b100_p0_text_only_letterbox54", "latency_seconds": 1.104390600696206, "peak_allocated_bytes": 17116640768, "progress": "246/400", "status": "ok"}
Setting `pad_token_id` to `eos_token_id`:151645 for open-end generation.
{"cell": "internvl35_8b_budget54_set_b100_p0_text_only_letterbox54", "latency_seconds": 0.056044393219053745, "peak_allocated_bytes": 17118509056, "progress": "247/400", "status": "ok"}
Setting `pad_token_id` to `eos_token_id`:151645 for open-end generation.
{"cell": "internvl35_8b_budget54_set_b100_p0_text_only_letterbox54", "latency_seconds": 13.624540420249104, "peak_allocated_bytes": 17205326336, "progress": "248/400", "status": "ok"}
Setting `pad_token_id` to `eos_token_id`:151645 for open-end generation.
{"cell": "internvl35_8b_budget54_set_b100_p0_text_only_letterbox54", "latency_seconds": 0.05614536814391613, "peak_allocated_bytes": 17118775808, "progress": "249/400", "status": "ok"}
Setting `pad_token_id` to `eos_token_id`:151645 for open-end generation.
{"cell": "internvl35_8b_budget54_set_b100_p0_text_only_letterbox54", "latency_seconds": 0.05551062244921923, "peak_allocated_bytes": 17115576320, "progress": "250/400", "status": "ok"}
Setting `pad_token_id` to `eos_token_id`:151645 for open-end generation.
{"cell": "internvl35_8b_budget54_set_b100_p0_text_only_letterbox54", "latency_seconds": 0.05561790894716978, "peak_allocated_bytes": 17117173760, "progress": "251/400", "status": "ok"}
Setting `pad_token_id` to `eos_token_id`:151645 for open-end generation.
{"cell": "internvl35_8b_budget54_set_b100_p0_text_only_letterbox54", "latency_seconds": 0.3965858118608594, "peak_allocated_bytes": 17119310848, "progress": "252/400", "status": "ok"}
Setting `pad_token_id` to `eos_token_id`:151645 for open-end generation.
{"cell": "internvl35_8b_budget54_set_b100_p0_text_only_letterbox54", "latency_seconds": 0.08158698119223118, "peak_allocated_bytes": 17121188352, "progress": "253/400", "status": "ok"}
Setting `pad_token_id` to `eos_token_id`:151645 for open-end generation.
{"cell": "internvl35_8b_budget54_set_b100_p0_text_only_letterbox54", "latency_seconds": 0.055788335390388966, "peak_allocated_bytes": 17116640768, "progress": "254/400", "status": "ok"}
Setting `pad_token_id` to `eos_token_id`:151645 for open-end generation.
{"cell": "internvl35_8b_budget54_set_b100_p0_text_only_letterbox54", "latency_seconds": 0.055612352676689625, "peak_allocated_bytes": 17118775808, "progress": "255/400", "status": "ok"}
Setting `pad_token_id` to `eos_token_id`:151645 for open-end generation.
{"cell": "internvl35_8b_budget54_set_b100_p0_text_only_letterbox54", "latency_seconds": 13.43353370949626, "peak_allocated_bytes": 17205350912, "progress": "256/400", "status": "ok"}
Setting `pad_token_id` to `eos_token_id`:151645 for open-end generation.
{"cell": "internvl35_8b_budget54_set_b100_p0_text_only_letterbox54", "latency_seconds": 0.08248770609498024, "peak_allocated_bytes": 17119579136, "progress": "257/400", "status": "ok"}
Setting `pad_token_id` to `eos_token_id`:151645 for open-end generation.
{"cell": "internvl35_8b_budget54_set_b100_p0_text_only_letterbox54", "latency_seconds": 0.0559258908033371, "peak_allocated_bytes": 17116908032, "progress": "258/400", "status": "ok"}
Setting `pad_token_id` to `eos_token_id`:151645 for open-end generation.
{"cell": "internvl35_8b_budget54_set_b100_p0_text_only_letterbox54", "latency_seconds": 0.05563757009804249, "peak_allocated_bytes": 17119579136, "progress": "259/400", "status": "ok"}
Setting `pad_token_id` to `eos_token_id`:151645 for open-end generation.
{"cell": "internvl35_8b_budget54_set_b100_p0_text_only_letterbox54", "latency_seconds": 0.6217327415943146, "peak_allocated_bytes": 17118509056, "progress": "260/400", "status": "ok"}
Setting `pad_token_id` to `eos_token_id`:151645 for open-end generation.
{"cell": "internvl35_8b_budget54_set_b100_p0_text_only_letterbox54", "latency_seconds": 0.08223796635866165, "peak_allocated_bytes": 17120382464, "progress": "261/400", "status": "ok"}
Setting `pad_token_id` to `eos_token_id`:151645 for open-end generation.
{"cell": "internvl35_8b_budget54_set_b100_p0_text_only_letterbox54", "latency_seconds": 0.3701196825131774, "peak_allocated_bytes": 17116108288, "progress": "262/400", "status": "ok"}
Setting `pad_token_id` to `eos_token_id`:151645 for open-end generation.
{"cell": "internvl35_8b_budget54_set_b100_p0_text_only_letterbox54", "latency_seconds": 0.05530970264226198, "peak_allocated_bytes": 17119044096, "progress": "263/400", "status": "ok"}
Setting `pad_token_id` to `eos_token_id`:151645 for open-end generation.
{"cell": "internvl35_8b_budget54_set_b100_p0_text_only_letterbox54", "latency_seconds": 1.047668849118054, "peak_allocated_bytes": 17116375040, "progress": "264/400", "status": "ok"}
Setting `pad_token_id` to `eos_token_id`:151645 for open-end generation.
{"cell": "internvl35_8b_budget54_set_b100_p0_text_only_letterbox54", "latency_seconds": 0.08138533029705286, "peak_allocated_bytes": 17121188352, "progress": "265/400", "status": "ok"}
Setting `pad_token_id` to `eos_token_id`:151645 for open-end generation.
{"cell": "internvl35_8b_budget54_set_b100_p0_text_only_letterbox54", "latency_seconds": 0.05553717166185379, "peak_allocated_bytes": 17115576320, "progress": "266/400", "status": "ok"}
Setting `pad_token_id` to `eos_token_id`:151645 for open-end generation.
{"cell": "internvl35_8b_budget54_set_b100_p0_text_only_letterbox54", "latency_seconds": 0.05540181137621403, "peak_allocated_bytes": 17118240768, "progress": "267/400", "status": "ok"}
Setting `pad_token_id` to `eos_token_id`:151645 for open-end generation.
{"cell": "internvl35_8b_budget54_set_b100_p0_text_only_letterbox54", "latency_seconds": 0.47335490584373474, "peak_allocated_bytes": 17117707264, "progress": "268/400", "status": "ok"}
Setting `pad_token_id` to `eos_token_id`:151645 for open-end generation.
{"cell": "internvl35_8b_budget54_set_b100_p0_text_only_letterbox54", "latency_seconds": 0.08150938712060452, "peak_allocated_bytes": 17121188352, "progress": "269/400", "status": "ok"}
Setting `pad_token_id` to `eos_token_id`:151645 for open-end generation.
{"cell": "internvl35_8b_budget54_set_b100_p0_text_only_letterbox54", "latency_seconds": 0.05559244193136692, "peak_allocated_bytes": 17115843072, "progress": "270/400", "status": "ok"}
Setting `pad_token_id` to `eos_token_id`:151645 for open-end generation.
{"cell": "internvl35_8b_budget54_set_b100_p0_text_only_letterbox54", "latency_seconds": 0.055317508056759834, "peak_allocated_bytes": 17119044096, "progress": "271/400", "status": "ok"}
Setting `pad_token_id` to `eos_token_id`:151645 for open-end generation.
{"cell": "internvl35_8b_budget54_set_b100_p0_text_only_letterbox54", "latency_seconds": 0.525021705776453, "peak_allocated_bytes": 17117173760, "progress": "272/400", "status": "ok"}
Setting `pad_token_id` to `eos_token_id`:151645 for open-end generation.
{"cell": "internvl35_8b_budget54_set_b100_p0_text_only_letterbox54", "latency_seconds": 0.05550313275307417, "peak_allocated_bytes": 17119846400, "progress": "273/400", "status": "ok"}
Setting `pad_token_id` to `eos_token_id`:151645 for open-end generation.
{"cell": "internvl35_8b_budget54_set_b100_p0_text_only_letterbox54", "latency_seconds": 0.05538487620651722, "peak_allocated_bytes": 17114678272, "progress": "274/400", "status": "ok"}
Setting `pad_token_id` to `eos_token_id`:151645 for open-end generation.
{"cell": "internvl35_8b_budget54_set_b100_p0_text_only_letterbox54", "latency_seconds": 0.05551639012992382, "peak_allocated_bytes": 17118775808, "progress": "275/400", "status": "ok"}
Setting `pad_token_id` to `eos_token_id`:151645 for open-end generation.
{"cell": "internvl35_8b_budget54_set_b100_p0_text_only_letterbox54", "latency_seconds": 0.9154161065816879, "peak_allocated_bytes": 17117441024, "progress": "276/400", "status": "ok"}
Setting `pad_token_id` to `eos_token_id`:151645 for open-end generation.
{"cell": "internvl35_8b_budget54_set_b100_p0_text_only_letterbox54", "latency_seconds": 0.08177925832569599, "peak_allocated_bytes": 17119310848, "progress": "277/400", "status": "ok"}
Setting `pad_token_id` to `eos_token_id`:151645 for open-end generation.
{"cell": "internvl35_8b_budget54_set_b100_p0_text_only_letterbox54", "latency_seconds": 0.05536108836531639, "peak_allocated_bytes": 17116375040, "progress": "278/400", "status": "ok"}
Setting `pad_token_id` to `eos_token_id`:151645 for open-end generation.
{"cell": "internvl35_8b_budget54_set_b100_p0_text_only_letterbox54", "latency_seconds": 0.055529492907226086, "peak_allocated_bytes": 17117975040, "progress": "279/400", "status": "ok"}
Setting `pad_token_id` to `eos_token_id`:151645 for open-end generation.
{"cell": "internvl35_8b_budget54_set_b100_p0_text_only_letterbox54", "latency_seconds": 13.500509340316057, "peak_allocated_bytes": 17205425664, "progress": "280/400", "status": "ok"}
Setting `pad_token_id` to `eos_token_id`:151645 for open-end generation.
{"cell": "internvl35_8b_budget54_set_b100_p0_text_only_letterbox54", "latency_seconds": 0.08281142357736826, "peak_allocated_bytes": 17121456128, "progress": "281/400", "status": "ok"}
Setting `pad_token_id` to `eos_token_id`:151645 for open-end generation.
{"cell": "internvl35_8b_budget54_set_b100_p0_text_only_letterbox54", "latency_seconds": 0.05634752940386534, "peak_allocated_bytes": 17116640768, "progress": "282/400", "status": "ok"}
Setting `pad_token_id` to `eos_token_id`:151645 for open-end generation.
{"cell": "internvl35_8b_budget54_set_b100_p0_text_only_letterbox54", "latency_seconds": 0.056183597072958946, "peak_allocated_bytes": 17119310848, "progress": "283/400", "status": "ok"}
Setting `pad_token_id` to `eos_token_id`:151645 for open-end generation.
{"cell": "internvl35_8b_budget54_set_b100_p0_text_only_letterbox54", "latency_seconds": 0.4772275472059846, "peak_allocated_bytes": 17117707264, "progress": "284/400", "status": "ok"}
Setting `pad_token_id` to `eos_token_id`:151645 for open-end generation.
{"cell": "internvl35_8b_budget54_set_b100_p0_text_only_letterbox54", "latency_seconds": 0.08251505624502897, "peak_allocated_bytes": 17121188352, "progress": "285/400", "status": "ok"}
Setting `pad_token_id` to `eos_token_id`:151645 for open-end generation.
{"cell": "internvl35_8b_budget54_set_b100_p0_text_only_letterbox54", "latency_seconds": 0.05607664305716753, "peak_allocated_bytes": 17116108288, "progress": "286/400", "status": "ok"}
Setting `pad_token_id` to `eos_token_id`:151645 for open-end generation.
{"cell": "internvl35_8b_budget54_set_b100_p0_text_only_letterbox54", "latency_seconds": 0.05609609931707382, "peak_allocated_bytes": 17118775808, "progress": "287/400", "status": "ok"}
Setting `pad_token_id` to `eos_token_id`:151645 for open-end generation.
{"cell": "internvl35_8b_budget54_set_b100_p0_text_only_letterbox54", "latency_seconds": 0.3991645956411958, "peak_allocated_bytes": 17119044096, "progress": "288/400", "status": "ok"}
Setting `pad_token_id` to `eos_token_id`:151645 for open-end generation.
{"cell": "internvl35_8b_budget54_set_b100_p0_text_only_letterbox54", "latency_seconds": 0.08250528015196323, "peak_allocated_bytes": 17119044096, "progress": "289/400", "status": "ok"}
Setting `pad_token_id` to `eos_token_id`:151645 for open-end generation.
{"cell": "internvl35_8b_budget54_set_b100_p0_text_only_letterbox54", "latency_seconds": 0.055973950773477554, "peak_allocated_bytes": 17116908032, "progress": "290/400", "status": "ok"}
Setting `pad_token_id` to `eos_token_id`:151645 for open-end generation.
{"cell": "internvl35_8b_budget54_set_b100_p0_text_only_letterbox54", "latency_seconds": 0.05592263303697109, "peak_allocated_bytes": 17119310848, "progress": "291/400", "status": "ok"}
Setting `pad_token_id` to `eos_token_id`:151645 for open-end generation.
{"cell": "internvl35_8b_budget54_set_b100_p0_text_only_letterbox54", "latency_seconds": 13.468837600201368, "peak_allocated_bytes": 17205375488, "progress": "292/400", "status": "ok"}
Setting `pad_token_id` to `eos_token_id`:151645 for open-end generation.
{"cell": "internvl35_8b_budget54_set_b100_p0_text_only_letterbox54", "latency_seconds": 0.08180821966379881, "peak_allocated_bytes": 17118775808, "progress": "293/400", "status": "ok"}
Setting `pad_token_id` to `eos_token_id`:151645 for open-end generation.
{"cell": "internvl35_8b_budget54_set_b100_p0_text_only_letterbox54", "latency_seconds": 0.05568480119109154, "peak_allocated_bytes": 17116375040, "progress": "294/400", "status": "ok"}
Setting `pad_token_id` to `eos_token_id`:151645 for open-end generation.
{"cell": "internvl35_8b_budget54_set_b100_p0_text_only_letterbox54", "latency_seconds": 0.05585704930126667, "peak_allocated_bytes": 17119310848, "progress": "295/400", "status": "ok"}
Setting `pad_token_id` to `eos_token_id`:151645 for open-end generation.
{"cell": "internvl35_8b_budget54_set_b100_p0_text_only_letterbox54", "latency_seconds": 0.9162014257162809, "peak_allocated_bytes": 17117441024, "progress": "296/400", "status": "ok"}
Setting `pad_token_id` to `eos_token_id`:151645 for open-end generation.
{"cell": "internvl35_8b_budget54_set_b100_p0_text_only_letterbox54", "latency_seconds": 0.0820254934951663, "peak_allocated_bytes": 17121188352, "progress": "297/400", "status": "ok"}
Setting `pad_token_id` to `eos_token_id`:151645 for open-end generation.
{"cell": "internvl35_8b_budget54_set_b100_p0_text_only_letterbox54", "latency_seconds": 0.4658015239983797, "peak_allocated_bytes": 17116108288, "progress": "298/400", "status": "ok"}
Setting `pad_token_id` to `eos_token_id`:151645 for open-end generation.
{"cell": "internvl35_8b_budget54_set_b100_p0_text_only_letterbox54", "latency_seconds": 0.05574849899858236, "peak_allocated_bytes": 17118240768, "progress": "299/400", "status": "ok"}
Setting `pad_token_id` to `eos_token_id`:151645 for open-end generation.
{"cell": "internvl35_8b_budget54_set_b100_p0_text_only_letterbox54", "latency_seconds": 13.524372231215239, "peak_allocated_bytes": 17205425664, "progress": "300/400", "status": "ok"}
Setting `pad_token_id` to `eos_token_id`:151645 for open-end generation.
{"cell": "internvl35_8b_budget54_set_b100_p0_text_only_letterbox54", "latency_seconds": 0.08191810920834541, "peak_allocated_bytes": 17120919040, "progress": "301/400", "status": "ok"}
Setting `pad_token_id` to `eos_token_id`:151645 for open-end generation.
{"cell": "internvl35_8b_budget54_set_b100_p0_text_only_letterbox54", "latency_seconds": 0.05577660072594881, "peak_allocated_bytes": 17115576320, "progress": "302/400", "status": "ok"}
Setting `pad_token_id` to `eos_token_id`:151645 for open-end generation.
{"cell": "internvl35_8b_budget54_set_b100_p0_text_only_letterbox54", "latency_seconds": 0.05549643747508526, "peak_allocated_bytes": 17118240768, "progress": "303/400", "status": "ok"}
Setting `pad_token_id` to `eos_token_id`:151645 for open-end generation.
{"cell": "internvl35_8b_budget54_set_b100_p0_text_only_letterbox54", "latency_seconds": 0.8900950001552701, "peak_allocated_bytes": 17117173760, "progress": "304/400", "status": "ok"}
Setting `pad_token_id` to `eos_token_id`:151645 for open-end generation.
{"cell": "internvl35_8b_budget54_set_b100_p0_text_only_letterbox54", "latency_seconds": 0.08256814535707235, "peak_allocated_bytes": 17120651776, "progress": "305/400", "status": "ok"}
Setting `pad_token_id` to `eos_token_id`:151645 for open-end generation.
{"cell": "internvl35_8b_budget54_set_b100_p0_text_only_letterbox54", "latency_seconds": 0.05595548823475838, "peak_allocated_bytes": 17115576320, "progress": "306/400", "status": "ok"}
Setting `pad_token_id` to `eos_token_id`:151645 for open-end generation.
{"cell": "internvl35_8b_budget54_set_b100_p0_text_only_letterbox54", "latency_seconds": 0.05539484228938818, "peak_allocated_bytes": 17118775808, "progress": "307/400", "status": "ok"}
Setting `pad_token_id` to `eos_token_id`:151645 for open-end generation.
{"cell": "internvl35_8b_budget54_set_b100_p0_text_only_letterbox54", "latency_seconds": 1.6310704564675689, "peak_allocated_bytes": 17119546368, "progress": "308/400", "status": "ok"}
Setting `pad_token_id` to `eos_token_id`:151645 for open-end generation.
{"cell": "internvl35_8b_budget54_set_b100_p0_text_only_letterbox54", "latency_seconds": 0.08177497703582048, "peak_allocated_bytes": 17119310848, "progress": "309/400", "status": "ok"}
Setting `pad_token_id` to `eos_token_id`:151645 for open-end generation.
{"cell": "internvl35_8b_budget54_set_b100_p0_text_only_letterbox54", "latency_seconds": 0.34362610150128603, "peak_allocated_bytes": 17117173760, "progress": "310/400", "status": "ok"}
Setting `pad_token_id` to `eos_token_id`:151645 for open-end generation.
{"cell": "internvl35_8b_budget54_set_b100_p0_text_only_letterbox54", "latency_seconds": 0.05569695122539997, "peak_allocated_bytes": 17119579136, "progress": "311/400", "status": "ok"}
Setting `pad_token_id` to `eos_token_id`:151645 for open-end generation.
{"cell": "internvl35_8b_budget54_set_b100_p0_text_only_letterbox54", "latency_seconds": 0.2394193783402443, "peak_allocated_bytes": 17117707264, "progress": "312/400", "status": "ok"}
Setting `pad_token_id` to `eos_token_id`:151645 for open-end generation.
{"cell": "internvl35_8b_budget54_set_b100_p0_text_only_letterbox54", "latency_seconds": 0.08239882998168468, "peak_allocated_bytes": 17121188352, "progress": "313/400", "status": "ok"}
Setting `pad_token_id` to `eos_token_id`:151645 for open-end generation.
{"cell": "internvl35_8b_budget54_set_b100_p0_text_only_letterbox54", "latency_seconds": 0.05586700700223446, "peak_allocated_bytes": 17116908032, "progress": "314/400", "status": "ok"}
Setting `pad_token_id` to `eos_token_id`:151645 for open-end generation.
{"cell": "internvl35_8b_budget54_set_b100_p0_text_only_letterbox54", "latency_seconds": 0.055342609994113445, "peak_allocated_bytes": 17119044096, "progress": "315/400", "status": "ok"}
Setting `pad_token_id` to `eos_token_id`:151645 for open-end generation.
{"cell": "internvl35_8b_budget54_set_b100_p0_text_only_letterbox54", "latency_seconds": 13.45820954348892, "peak_allocated_bytes": 17205326336, "progress": "316/400", "status": "ok"}
Setting `pad_token_id` to `eos_token_id`:151645 for open-end generation.
{"cell": "internvl35_8b_budget54_set_b100_p0_text_only_letterbox54", "latency_seconds": 0.08313835598528385, "peak_allocated_bytes": 17120919040, "progress": "317/400", "status": "ok"}
Setting `pad_token_id` to `eos_token_id`:151645 for open-end generation.
{"cell": "internvl35_8b_budget54_set_b100_p0_text_only_letterbox54", "latency_seconds": 0.05698521062731743, "peak_allocated_bytes": 17115843072, "progress": "318/400", "status": "ok"}
Setting `pad_token_id` to `eos_token_id`:151645 for open-end generation.
{"cell": "internvl35_8b_budget54_set_b100_p0_text_only_letterbox54", "latency_seconds": 0.05674596969038248, "peak_allocated_bytes": 17119579136, "progress": "319/400", "status": "ok"}
Setting `pad_token_id` to `eos_token_id`:151645 for open-end generation.
{"cell": "internvl35_8b_budget54_set_b100_p0_text_only_letterbox54", "latency_seconds": 0.24263103026896715, "peak_allocated_bytes": 17115843072, "progress": "320/400", "status": "ok"}
Setting `pad_token_id` to `eos_token_id`:151645 for open-end generation.
{"cell": "internvl35_8b_budget54_set_b100_p0_text_only_letterbox54", "latency_seconds": 0.08288301341235638, "peak_allocated_bytes": 17119579136, "progress": "321/400", "status": "ok"}
Setting `pad_token_id` to `eos_token_id`:151645 for open-end generation.
{"cell": "internvl35_8b_budget54_set_b100_p0_text_only_letterbox54", "latency_seconds": 0.05648065637797117, "peak_allocated_bytes": 17115576320, "progress": "322/400", "status": "ok"}
Setting `pad_token_id` to `eos_token_id`:151645 for open-end generation.
{"cell": "internvl35_8b_budget54_set_b100_p0_text_only_letterbox54", "latency_seconds": 0.08287900872528553, "peak_allocated_bytes": 17118240768, "progress": "323/400", "status": "ok"}
Setting `pad_token_id` to `eos_token_id`:151645 for open-end generation.
{"cell": "internvl35_8b_budget54_set_b100_p0_text_only_letterbox54", "latency_seconds": 13.563261641189456, "peak_allocated_bytes": 17205301760, "progress": "324/400", "status": "ok"}
Setting `pad_token_id` to `eos_token_id`:151645 for open-end generation.
{"cell": "internvl35_8b_budget54_set_b100_p0_text_only_letterbox54", "latency_seconds": 0.08238010853528976, "peak_allocated_bytes": 17120651776, "progress": "325/400", "status": "ok"}
Setting `pad_token_id` to `eos_token_id`:151645 for open-end generation.
{"cell": "internvl35_8b_budget54_set_b100_p0_text_only_letterbox54", "latency_seconds": 0.05610346049070358, "peak_allocated_bytes": 17116908032, "progress": "326/400", "status": "ok"}
Setting `pad_token_id` to `eos_token_id`:151645 for open-end generation.
{"cell": "internvl35_8b_budget54_set_b100_p0_text_only_letterbox54", "latency_seconds": 0.5009803716093302, "peak_allocated_bytes": 17117975040, "progress": "327/400", "status": "ok"}
Setting `pad_token_id` to `eos_token_id`:151645 for open-end generation.
{"cell": "internvl35_8b_budget54_set_b100_p0_text_only_letterbox54", "latency_seconds": 0.3694158522412181, "peak_allocated_bytes": 17116108288, "progress": "328/400", "status": "ok"}
Setting `pad_token_id` to `eos_token_id`:151645 for open-end generation.
{"cell": "internvl35_8b_budget54_set_b100_p0_text_only_letterbox54", "latency_seconds": 0.08196960110217333, "peak_allocated_bytes": 17119579136, "progress": "329/400", "status": "ok"}
Setting `pad_token_id` to `eos_token_id`:151645 for open-end generation.
{"cell": "internvl35_8b_budget54_set_b100_p0_text_only_letterbox54", "latency_seconds": 0.055634851567447186, "peak_allocated_bytes": 17116908032, "progress": "330/400", "status": "ok"}
Setting `pad_token_id` to `eos_token_id`:151645 for open-end generation.
{"cell": "internvl35_8b_budget54_set_b100_p0_text_only_letterbox54", "latency_seconds": 0.055781166069209576, "peak_allocated_bytes": 17117441024, "progress": "331/400", "status": "ok"}
Setting `pad_token_id` to `eos_token_id`:151645 for open-end generation.
{"cell": "internvl35_8b_budget54_set_b100_p0_text_only_letterbox54", "latency_seconds": 0.44762473553419113, "peak_allocated_bytes": 17116375040, "progress": "332/400", "status": "ok"}
Setting `pad_token_id` to `eos_token_id`:151645 for open-end generation.
{"cell": "internvl35_8b_budget54_set_b100_p0_text_only_letterbox54", "latency_seconds": 0.0819564601406455, "peak_allocated_bytes": 17121188352, "progress": "333/400", "status": "ok"}
Setting `pad_token_id` to `eos_token_id`:151645 for open-end generation.
{"cell": "internvl35_8b_budget54_set_b100_p0_text_only_letterbox54", "latency_seconds": 0.055732185021042824, "peak_allocated_bytes": 17115843072, "progress": "334/400", "status": "ok"}
Setting `pad_token_id` to `eos_token_id`:151645 for open-end generation.
{"cell": "internvl35_8b_budget54_set_b100_p0_text_only_letterbox54", "latency_seconds": 0.056540205143392086, "peak_allocated_bytes": 17118775808, "progress": "335/400", "status": "ok"}
Setting `pad_token_id` to `eos_token_id`:151645 for open-end generation.
{"cell": "internvl35_8b_budget54_set_b100_p0_text_only_letterbox54", "latency_seconds": 0.6607516389340162, "peak_allocated_bytes": 17117707264, "progress": "336/400", "status": "ok"}
Setting `pad_token_id` to `eos_token_id`:151645 for open-end generation.
{"cell": "internvl35_8b_budget54_set_b100_p0_text_only_letterbox54", "latency_seconds": 0.055900903418660164, "peak_allocated_bytes": 17118509056, "progress": "337/400", "status": "ok"}
Setting `pad_token_id` to `eos_token_id`:151645 for open-end generation.
{"cell": "internvl35_8b_budget54_set_b100_p0_text_only_letterbox54", "latency_seconds": 0.055910469964146614, "peak_allocated_bytes": 17116640768, "progress": "338/400", "status": "ok"}
Setting `pad_token_id` to `eos_token_id`:151645 for open-end generation.
{"cell": "internvl35_8b_budget54_set_b100_p0_text_only_letterbox54", "latency_seconds": 0.05610757879912853, "peak_allocated_bytes": 17119310848, "progress": "339/400", "status": "ok"}
Setting `pad_token_id` to `eos_token_id`:151645 for open-end generation.
{"cell": "internvl35_8b_budget54_set_b100_p0_text_only_letterbox54", "latency_seconds": 13.460889896377921, "peak_allocated_bytes": 17205450240, "progress": "340/400", "status": "ok"}
Setting `pad_token_id` to `eos_token_id`:151645 for open-end generation.
{"cell": "internvl35_8b_budget54_set_b100_p0_text_only_letterbox54", "latency_seconds": 0.08231483586132526, "peak_allocated_bytes": 17120382464, "progress": "341/400", "status": "ok"}
Setting `pad_token_id` to `eos_token_id`:151645 for open-end generation.
{"cell": "internvl35_8b_budget54_set_b100_p0_text_only_letterbox54", "latency_seconds": 1.1383334109559655, "peak_allocated_bytes": 17116640768, "progress": "342/400", "status": "ok"}
Setting `pad_token_id` to `eos_token_id`:151645 for open-end generation.
{"cell": "internvl35_8b_budget54_set_b100_p0_text_only_letterbox54", "latency_seconds": 0.08234722167253494, "peak_allocated_bytes": 17118240768, "progress": "343/400", "status": "ok"}
Setting `pad_token_id` to `eos_token_id`:151645 for open-end generation.
{"cell": "internvl35_8b_budget54_set_b100_p0_text_only_letterbox54", "latency_seconds": 2.5378989204764366, "peak_allocated_bytes": 17125301248, "progress": "344/400", "status": "ok"}
Setting `pad_token_id` to `eos_token_id`:151645 for open-end generation.
{"cell": "internvl35_8b_budget54_set_b100_p0_text_only_letterbox54", "latency_seconds": 0.0821846891194582, "peak_allocated_bytes": 17118775808, "progress": "345/400", "status": "ok"}
Setting `pad_token_id` to `eos_token_id`:151645 for open-end generation.
{"cell": "internvl35_8b_budget54_set_b100_p0_text_only_letterbox54", "latency_seconds": 0.05598490126430988, "peak_allocated_bytes": 17115576320, "progress": "346/400", "status": "ok"}
Setting `pad_token_id` to `eos_token_id`:151645 for open-end generation.
{"cell": "internvl35_8b_budget54_set_b100_p0_text_only_letterbox54", "latency_seconds": 0.05576665140688419, "peak_allocated_bytes": 17119579136, "progress": "347/400", "status": "ok"}
Setting `pad_token_id` to `eos_token_id`:151645 for open-end generation.
{"cell": "internvl35_8b_budget54_set_b100_p0_text_only_letterbox54", "latency_seconds": 13.38788687158376, "peak_allocated_bytes": 17205251072, "progress": "348/400", "status": "ok"}
Setting `pad_token_id` to `eos_token_id`:151645 for open-end generation.
{"cell": "internvl35_8b_budget54_set_b100_p0_text_only_letterbox54", "latency_seconds": 0.08255812898278236, "peak_allocated_bytes": 17119044096, "progress": "349/400", "status": "ok"}
Setting `pad_token_id` to `eos_token_id`:151645 for open-end generation.
{"cell": "internvl35_8b_budget54_set_b100_p0_text_only_letterbox54", "latency_seconds": 0.915781575255096, "peak_allocated_bytes": 17116640768, "progress": "350/400", "status": "ok"}
Setting `pad_token_id` to `eos_token_id`:151645 for open-end generation.
{"cell": "internvl35_8b_budget54_set_b100_p0_text_only_letterbox54", "latency_seconds": 0.05591518618166447, "peak_allocated_bytes": 17117707264, "progress": "351/400", "status": "ok"}
Setting `pad_token_id` to `eos_token_id`:151645 for open-end generation.
{"cell": "internvl35_8b_budget54_set_b100_p0_text_only_letterbox54", "latency_seconds": 13.371413473039865, "peak_allocated_bytes": 17205375488, "progress": "352/400", "status": "ok"}
Setting `pad_token_id` to `eos_token_id`:151645 for open-end generation.
{"cell": "internvl35_8b_budget54_set_b100_p0_text_only_letterbox54", "latency_seconds": 0.0826256787404418, "peak_allocated_bytes": 17118509056, "progress": "353/400", "status": "ok"}
Setting `pad_token_id` to `eos_token_id`:151645 for open-end generation.
{"cell": "internvl35_8b_budget54_set_b100_p0_text_only_letterbox54", "latency_seconds": 0.05567512195557356, "peak_allocated_bytes": 17116908032, "progress": "354/400", "status": "ok"}
Setting `pad_token_id` to `eos_token_id`:151645 for open-end generation.
{"cell": "internvl35_8b_budget54_set_b100_p0_text_only_letterbox54", "latency_seconds": 0.05552607122808695, "peak_allocated_bytes": 17119310848, "progress": "355/400", "status": "ok"}
Setting `pad_token_id` to `eos_token_id`:151645 for open-end generation.
{"cell": "internvl35_8b_budget54_set_b100_p0_text_only_letterbox54", "latency_seconds": 0.13362021651118994, "peak_allocated_bytes": 17115843072, "progress": "356/400", "status": "ok"}
Setting `pad_token_id` to `eos_token_id`:151645 for open-end generation.
{"cell": "internvl35_8b_budget54_set_b100_p0_text_only_letterbox54", "latency_seconds": 0.08199527114629745, "peak_allocated_bytes": 17118775808, "progress": "357/400", "status": "ok"}
Setting `pad_token_id` to `eos_token_id`:151645 for open-end generation.
{"cell": "internvl35_8b_budget54_set_b100_p0_text_only_letterbox54", "latency_seconds": 0.055461141280829906, "peak_allocated_bytes": 17116908032, "progress": "358/400", "status": "ok"}
Setting `pad_token_id` to `eos_token_id`:151645 for open-end generation.
{"cell": "internvl35_8b_budget54_set_b100_p0_text_only_letterbox54", "latency_seconds": 0.055537338368594646, "peak_allocated_bytes": 17119310848, "progress": "359/400", "status": "ok"}
Setting `pad_token_id` to `eos_token_id`:151645 for open-end generation.
{"cell": "internvl35_8b_budget54_set_b100_p0_text_only_letterbox54", "latency_seconds": 0.1599592249840498, "peak_allocated_bytes": 17117975040, "progress": "360/400", "status": "ok"}
Setting `pad_token_id` to `eos_token_id`:151645 for open-end generation.
{"cell": "internvl35_8b_budget54_set_b100_p0_text_only_letterbox54", "latency_seconds": 0.08147985115647316, "peak_allocated_bytes": 17121188352, "progress": "361/400", "status": "ok"}
Setting `pad_token_id` to `eos_token_id`:151645 for open-end generation.
{"cell": "internvl35_8b_budget54_set_b100_p0_text_only_letterbox54", "latency_seconds": 0.05534528288990259, "peak_allocated_bytes": 17116908032, "progress": "362/400", "status": "ok"}
Setting `pad_token_id` to `eos_token_id`:151645 for open-end generation.
{"cell": "internvl35_8b_budget54_set_b100_p0_text_only_letterbox54", "latency_seconds": 0.055473814718425274, "peak_allocated_bytes": 17118775808, "progress": "363/400", "status": "ok"}
Setting `pad_token_id` to `eos_token_id`:151645 for open-end generation.
{"cell": "internvl35_8b_budget54_set_b100_p0_text_only_letterbox54", "latency_seconds": 13.486735097132623, "peak_allocated_bytes": 17205401088, "progress": "364/400", "status": "ok"}
Setting `pad_token_id` to `eos_token_id`:151645 for open-end generation.
{"cell": "internvl35_8b_budget54_set_b100_p0_text_only_letterbox54", "latency_seconds": 0.0832406785339117, "peak_allocated_bytes": 17120651776, "progress": "365/400", "status": "ok"}
Setting `pad_token_id` to `eos_token_id`:151645 for open-end generation.
{"cell": "internvl35_8b_budget54_set_b100_p0_text_only_letterbox54", "latency_seconds": 0.37215419206768274, "peak_allocated_bytes": 17116108288, "progress": "366/400", "status": "ok"}
Setting `pad_token_id` to `eos_token_id`:151645 for open-end generation.
{"cell": "internvl35_8b_budget54_set_b100_p0_text_only_letterbox54", "latency_seconds": 0.05595004931092262, "peak_allocated_bytes": 17119044096, "progress": "367/400", "status": "ok"}
Setting `pad_token_id` to `eos_token_id`:151645 for open-end generation.
{"cell": "internvl35_8b_budget54_set_b100_p0_text_only_letterbox54", "latency_seconds": 3.0603766944259405, "peak_allocated_bytes": 17129534976, "progress": "368/400", "status": "ok"}
Setting `pad_token_id` to `eos_token_id`:151645 for open-end generation.
{"cell": "internvl35_8b_budget54_set_b100_p0_text_only_letterbox54", "latency_seconds": 0.08202950097620487, "peak_allocated_bytes": 17121188352, "progress": "369/400", "status": "ok"}
Setting `pad_token_id` to `eos_token_id`:151645 for open-end generation.
{"cell": "internvl35_8b_budget54_set_b100_p0_text_only_letterbox54", "latency_seconds": 0.05553088057786226, "peak_allocated_bytes": 17114894848, "progress": "370/400", "status": "ok"}
Setting `pad_token_id` to `eos_token_id`:151645 for open-end generation.
{"cell": "internvl35_8b_budget54_set_b100_p0_text_only_letterbox54", "latency_seconds": 0.05534959305077791, "peak_allocated_bytes": 17118240768, "progress": "371/400", "status": "ok"}
Setting `pad_token_id` to `eos_token_id`:151645 for open-end generation.
{"cell": "internvl35_8b_budget54_set_b100_p0_text_only_letterbox54", "latency_seconds": 0.10801093745976686, "peak_allocated_bytes": 17116640768, "progress": "372/400", "status": "ok"}
Setting `pad_token_id` to `eos_token_id`:151645 for open-end generation.
{"cell": "internvl35_8b_budget54_set_b100_p0_text_only_letterbox54", "latency_seconds": 0.08164853230118752, "peak_allocated_bytes": 17120919040, "progress": "373/400", "status": "ok"}
Setting `pad_token_id` to `eos_token_id`:151645 for open-end generation.
{"cell": "internvl35_8b_budget54_set_b100_p0_text_only_letterbox54", "latency_seconds": 0.05570131354033947, "peak_allocated_bytes": 17116640768, "progress": "374/400", "status": "ok"}
Setting `pad_token_id` to `eos_token_id`:151645 for open-end generation.
{"cell": "internvl35_8b_budget54_set_b100_p0_text_only_letterbox54", "latency_seconds": 0.05554099753499031, "peak_allocated_bytes": 17119044096, "progress": "375/400", "status": "ok"}
Setting `pad_token_id` to `eos_token_id`:151645 for open-end generation.
{"cell": "internvl35_8b_budget54_set_b100_p0_text_only_letterbox54", "latency_seconds": 5.459979456849396, "peak_allocated_bytes": 17144026624, "progress": "376/400", "status": "ok"}
Setting `pad_token_id` to `eos_token_id`:151645 for open-end generation.
{"cell": "internvl35_8b_budget54_set_b100_p0_text_only_letterbox54", "latency_seconds": 0.0822357377037406, "peak_allocated_bytes": 17121456128, "progress": "377/400", "status": "ok"}
Setting `pad_token_id` to `eos_token_id`:151645 for open-end generation.
{"cell": "internvl35_8b_budget54_set_b100_p0_text_only_letterbox54", "latency_seconds": 0.055834836326539516, "peak_allocated_bytes": 17116908032, "progress": "378/400", "status": "ok"}
Setting `pad_token_id` to `eos_token_id`:151645 for open-end generation.
{"cell": "internvl35_8b_budget54_set_b100_p0_text_only_letterbox54", "latency_seconds": 0.05585187487304211, "peak_allocated_bytes": 17119579136, "progress": "379/400", "status": "ok"}
Setting `pad_token_id` to `eos_token_id`:151645 for open-end generation.
{"cell": "internvl35_8b_budget54_set_b100_p0_text_only_letterbox54", "latency_seconds": 1.0482474360615015, "peak_allocated_bytes": 17116908032, "progress": "380/400", "status": "ok"}
Setting `pad_token_id` to `eos_token_id`:151645 for open-end generation.
{"cell": "internvl35_8b_budget54_set_b100_p0_text_only_letterbox54", "latency_seconds": 0.08229194022715092, "peak_allocated_bytes": 17120115200, "progress": "381/400", "status": "ok"}
Setting `pad_token_id` to `eos_token_id`:151645 for open-end generation.
{"cell": "internvl35_8b_budget54_set_b100_p0_text_only_letterbox54", "latency_seconds": 0.08188607450574636, "peak_allocated_bytes": 17116640768, "progress": "382/400", "status": "ok"}
Setting `pad_token_id` to `eos_token_id`:151645 for open-end generation.
{"cell": "internvl35_8b_budget54_set_b100_p0_text_only_letterbox54", "latency_seconds": 0.055758144706487656, "peak_allocated_bytes": 17119579136, "progress": "383/400", "status": "ok"}
Setting `pad_token_id` to `eos_token_id`:151645 for open-end generation.
{"cell": "internvl35_8b_budget54_set_b100_p0_text_only_letterbox54", "latency_seconds": 0.23923548217862844, "peak_allocated_bytes": 17117441024, "progress": "384/400", "status": "ok"}
Setting `pad_token_id` to `eos_token_id`:151645 for open-end generation.
{"cell": "internvl35_8b_budget54_set_b100_p0_text_only_letterbox54", "latency_seconds": 0.08190128114074469, "peak_allocated_bytes": 17120115200, "progress": "385/400", "status": "ok"}
Setting `pad_token_id` to `eos_token_id`:151645 for open-end generation.
{"cell": "internvl35_8b_budget54_set_b100_p0_text_only_letterbox54", "latency_seconds": 1.6791691249236465, "peak_allocated_bytes": 17119357952, "progress": "386/400", "status": "ok"}
Setting `pad_token_id` to `eos_token_id`:151645 for open-end generation.
{"cell": "internvl35_8b_budget54_set_b100_p0_text_only_letterbox54", "latency_seconds": 0.055549461394548416, "peak_allocated_bytes": 17119044096, "progress": "387/400", "status": "ok"}
Setting `pad_token_id` to `eos_token_id`:151645 for open-end generation.
{"cell": "internvl35_8b_budget54_set_b100_p0_text_only_letterbox54", "latency_seconds": 13.567616832442582, "peak_allocated_bytes": 17205301760, "progress": "388/400", "status": "ok"}
Setting `pad_token_id` to `eos_token_id`:151645 for open-end generation.
{"cell": "internvl35_8b_budget54_set_b100_p0_text_only_letterbox54", "latency_seconds": 0.08272520359605551, "peak_allocated_bytes": 17118509056, "progress": "389/400", "status": "ok"}
Setting `pad_token_id` to `eos_token_id`:151645 for open-end generation.
{"cell": "internvl35_8b_budget54_set_b100_p0_text_only_letterbox54", "latency_seconds": 0.05623673275113106, "peak_allocated_bytes": 17116640768, "progress": "390/400", "status": "ok"}
Setting `pad_token_id` to `eos_token_id`:151645 for open-end generation.
{"cell": "internvl35_8b_budget54_set_b100_p0_text_only_letterbox54", "latency_seconds": 0.056121121160686016, "peak_allocated_bytes": 17118775808, "progress": "391/400", "status": "ok"}
Setting `pad_token_id` to `eos_token_id`:151645 for open-end generation.
{"cell": "internvl35_8b_budget54_set_b100_p0_text_only_letterbox54", "latency_seconds": 0.5553257521241903, "peak_allocated_bytes": 17118240768, "progress": "392/400", "status": "ok"}
Setting `pad_token_id` to `eos_token_id`:151645 for open-end generation.
{"cell": "internvl35_8b_budget54_set_b100_p0_text_only_letterbox54", "latency_seconds": 0.05598225723952055, "peak_allocated_bytes": 17118775808, "progress": "393/400", "status": "ok"}
Setting `pad_token_id` to `eos_token_id`:151645 for open-end generation.
{"cell": "internvl35_8b_budget54_set_b100_p0_text_only_letterbox54", "latency_seconds": 0.398499752394855, "peak_allocated_bytes": 17117173760, "progress": "394/400", "status": "ok"}
Setting `pad_token_id` to `eos_token_id`:151645 for open-end generation.
{"cell": "internvl35_8b_budget54_set_b100_p0_text_only_letterbox54", "latency_seconds": 0.055977984331548214, "peak_allocated_bytes": 17117173760, "progress": "395/400", "status": "ok"}
Setting `pad_token_id` to `eos_token_id`:151645 for open-end generation.
{"cell": "internvl35_8b_budget54_set_b100_p0_text_only_letterbox54", "latency_seconds": 0.6621736632660031, "peak_allocated_bytes": 17117707264, "progress": "396/400", "status": "ok"}
Setting `pad_token_id` to `eos_token_id`:151645 for open-end generation.
{"cell": "internvl35_8b_budget54_set_b100_p0_text_only_letterbox54", "latency_seconds": 0.08222058974206448, "peak_allocated_bytes": 17120382464, "progress": "397/400", "status": "ok"}
Setting `pad_token_id` to `eos_token_id`:151645 for open-end generation.
{"cell": "internvl35_8b_budget54_set_b100_p0_text_only_letterbox54", "latency_seconds": 0.3465433791279793, "peak_allocated_bytes": 17117441024, "progress": "398/400", "status": "ok"}
Setting `pad_token_id` to `eos_token_id`:151645 for open-end generation.
{"cell": "internvl35_8b_budget54_set_b100_p0_text_only_letterbox54", "latency_seconds": 0.056071946397423744, "peak_allocated_bytes": 17117707264, "progress": "399/400", "status": "ok"}
Setting `pad_token_id` to `eos_token_id`:151645 for open-end generation.
{"cell": "internvl35_8b_budget54_set_b100_p0_text_only_letterbox54", "latency_seconds": 0.792223789729178, "peak_allocated_bytes": 17118240768, "progress": "400/400", "status": "ok"}
{"status": "pass", "summary": "/kwkj-k8s/hera_pid_reliability_backups/active_v8_20260812/outputs/internvl35_8b_budget54/run_summary.json"}
INTERNVL_SHARD_COMPLETE 2026-08-12T10:20:36+00:00 dataset=set_b100 gpu=0
