INTERNVL_SHARD_START 2026-08-12T09:26:34+00:00 dataset=seed31_strict65 gpu=6
`torch_dtype` is deprecated! Use `dtype` instead!
FlashAttention2 is not installed.
Loading checkpoint shards:   0%|          | 0/4 [00:00<?, ?it/s]Loading checkpoint shards: 100%|██████████| 4/4 [00:00<00:00, 70.59it/s]
Setting `pad_token_id` to `eos_token_id`:151645 for open-end generation.
{"cell": "internvl35_8b_budget54_seed31_strict65_p0_correct_letterbox54", "latency_seconds": 4.406603782437742, "peak_allocated_bytes": 82465872896, "progress": "1/260", "status": "ok"}
Setting `pad_token_id` to `eos_token_id`:151645 for open-end generation.
{"cell": "internvl35_8b_budget54_seed31_strict65_p0_correct_letterbox54", "latency_seconds": 3.884685450233519, "peak_allocated_bytes": 82354933248, "progress": "2/260", "status": "ok"}
Setting `pad_token_id` to `eos_token_id`:151645 for open-end generation.
{"cell": "internvl35_8b_budget54_seed31_strict65_p0_correct_letterbox54", "latency_seconds": 3.883404322899878, "peak_allocated_bytes": 82428211712, "progress": "3/260", "status": "ok"}
Setting `pad_token_id` to `eos_token_id`:151645 for open-end generation.
{"cell": "internvl35_8b_budget54_seed31_strict65_p0_correct_letterbox54", "latency_seconds": 4.065068322233856, "peak_allocated_bytes": 82409887744, "progress": "4/260", "status": "ok"}
Setting `pad_token_id` to `eos_token_id`:151645 for open-end generation.
{"cell": "internvl35_8b_budget54_seed31_strict65_p0_correct_letterbox54", "latency_seconds": 3.9169846773147583, "peak_allocated_bytes": 82465872896, "progress": "5/260", "status": "ok"}
Setting `pad_token_id` to `eos_token_id`:151645 for open-end generation.
{"cell": "internvl35_8b_budget54_seed31_strict65_p0_correct_letterbox54", "latency_seconds": 3.88111718557775, "peak_allocated_bytes": 82318309376, "progress": "6/260", "status": "ok"}
Setting `pad_token_id` to `eos_token_id`:151645 for open-end generation.
{"cell": "internvl35_8b_budget54_seed31_strict65_p0_correct_letterbox54", "latency_seconds": 4.4215320739895105, "peak_allocated_bytes": 82419050496, "progress": "7/260", "status": "ok"}
Setting `pad_token_id` to `eos_token_id`:151645 for open-end generation.
{"cell": "internvl35_8b_budget54_seed31_strict65_p0_correct_letterbox54", "latency_seconds": 3.795080683194101, "peak_allocated_bytes": 82409887744, "progress": "8/260", "status": "ok"}
Setting `pad_token_id` to `eos_token_id`:151645 for open-end generation.
{"cell": "internvl35_8b_budget54_seed31_strict65_p0_correct_letterbox54", "latency_seconds": 5.688496262766421, "peak_allocated_bytes": 82548198912, "progress": "9/260", "status": "ok"}
Setting `pad_token_id` to `eos_token_id`:151645 for open-end generation.
{"cell": "internvl35_8b_budget54_seed31_strict65_p0_correct_letterbox54", "latency_seconds": 3.8708845116198063, "peak_allocated_bytes": 82373249024, "progress": "10/260", "status": "ok"}
Setting `pad_token_id` to `eos_token_id`:151645 for open-end generation.
{"cell": "internvl35_8b_budget54_seed31_strict65_p0_correct_letterbox54", "latency_seconds": 3.891538839787245, "peak_allocated_bytes": 82465872896, "progress": "11/260", "status": "ok"}
Setting `pad_token_id` to `eos_token_id`:151645 for open-end generation.
{"cell": "internvl35_8b_budget54_seed31_strict65_p0_correct_letterbox54", "latency_seconds": 4.537935130298138, "peak_allocated_bytes": 82419050496, "progress": "12/260", "status": "ok"}
Setting `pad_token_id` to `eos_token_id`:151645 for open-end generation.
{"cell": "internvl35_8b_budget54_seed31_strict65_p0_correct_letterbox54", "latency_seconds": 4.451148787513375, "peak_allocated_bytes": 82510700032, "progress": "13/260", "status": "ok"}
Setting `pad_token_id` to `eos_token_id`:151645 for open-end generation.
{"cell": "internvl35_8b_budget54_seed31_strict65_p0_correct_letterbox54", "latency_seconds": 7.0680990517139435, "peak_allocated_bytes": 82364091904, "progress": "14/260", "status": "ok"}
Setting `pad_token_id` to `eos_token_id`:151645 for open-end generation.
{"cell": "internvl35_8b_budget54_seed31_strict65_p0_correct_letterbox54", "latency_seconds": 4.42641578335315, "peak_allocated_bytes": 82455702528, "progress": "15/260", "status": "ok"}
Setting `pad_token_id` to `eos_token_id`:151645 for open-end generation.
{"cell": "internvl35_8b_budget54_seed31_strict65_p0_correct_letterbox54", "latency_seconds": 4.816242080181837, "peak_allocated_bytes": 82400728576, "progress": "16/260", "status": "ok"}
Setting `pad_token_id` to `eos_token_id`:151645 for open-end generation.
{"cell": "internvl35_8b_budget54_seed31_strict65_p0_correct_letterbox54", "latency_seconds": 4.453040322288871, "peak_allocated_bytes": 82510700032, "progress": "17/260", "status": "ok"}
Setting `pad_token_id` to `eos_token_id`:151645 for open-end generation.
{"cell": "internvl35_8b_budget54_seed31_strict65_p0_correct_letterbox54", "latency_seconds": 3.4271125802770257, "peak_allocated_bytes": 82409887744, "progress": "18/260", "status": "ok"}
Setting `pad_token_id` to `eos_token_id`:151645 for open-end generation.
{"cell": "internvl35_8b_budget54_seed31_strict65_p0_correct_letterbox54", "latency_seconds": 3.5040574250742793, "peak_allocated_bytes": 82483197440, "progress": "19/260", "status": "ok"}
Setting `pad_token_id` to `eos_token_id`:151645 for open-end generation.
{"cell": "internvl35_8b_budget54_seed31_strict65_p0_correct_letterbox54", "latency_seconds": 4.124168143607676, "peak_allocated_bytes": 82465872896, "progress": "20/260", "status": "ok"}
Setting `pad_token_id` to `eos_token_id`:151645 for open-end generation.
{"cell": "internvl35_8b_budget54_seed31_strict65_p0_correct_letterbox54", "latency_seconds": 3.5450044609606266, "peak_allocated_bytes": 82483197440, "progress": "21/260", "status": "ok"}
Setting `pad_token_id` to `eos_token_id`:151645 for open-end generation.
{"cell": "internvl35_8b_budget54_seed31_strict65_p0_correct_letterbox54", "latency_seconds": 19.41563184838742, "peak_allocated_bytes": 82364091904, "progress": "22/260", "status": "ok"}
Setting `pad_token_id` to `eos_token_id`:151645 for open-end generation.
{"cell": "internvl35_8b_budget54_seed31_strict65_p0_correct_letterbox54", "latency_seconds": 4.397494902834296, "peak_allocated_bytes": 82419050496, "progress": "23/260", "status": "ok"}
Setting `pad_token_id` to `eos_token_id`:151645 for open-end generation.
{"cell": "internvl35_8b_budget54_seed31_strict65_p0_correct_letterbox54", "latency_seconds": 5.043314537964761, "peak_allocated_bytes": 82364091904, "progress": "24/260", "status": "ok"}
Setting `pad_token_id` to `eos_token_id`:151645 for open-end generation.
{"cell": "internvl35_8b_budget54_seed31_strict65_p0_correct_letterbox54", "latency_seconds": 4.428849275223911, "peak_allocated_bytes": 82548198912, "progress": "25/260", "status": "ok"}
Setting `pad_token_id` to `eos_token_id`:151645 for open-end generation.
{"cell": "internvl35_8b_budget54_seed31_strict65_p0_correct_letterbox54", "latency_seconds": 4.420786642469466, "peak_allocated_bytes": 82382408704, "progress": "26/260", "status": "ok"}
Setting `pad_token_id` to `eos_token_id`:151645 for open-end generation.
{"cell": "internvl35_8b_budget54_seed31_strict65_p0_correct_letterbox54", "latency_seconds": 3.4267042679712176, "peak_allocated_bytes": 82409887744, "progress": "27/260", "status": "ok"}
Setting `pad_token_id` to `eos_token_id`:151645 for open-end generation.
{"cell": "internvl35_8b_budget54_seed31_strict65_p0_correct_letterbox54", "latency_seconds": 4.029138478450477, "peak_allocated_bytes": 82428211712, "progress": "28/260", "status": "ok"}
Setting `pad_token_id` to `eos_token_id`:151645 for open-end generation.
{"cell": "internvl35_8b_budget54_seed31_strict65_p0_correct_letterbox54", "latency_seconds": 5.198278466239572, "peak_allocated_bytes": 82529037824, "progress": "29/260", "status": "ok"}
Setting `pad_token_id` to `eos_token_id`:151645 for open-end generation.
{"cell": "internvl35_8b_budget54_seed31_strict65_p0_correct_letterbox54", "latency_seconds": 3.8722971426323056, "peak_allocated_bytes": 82373249024, "progress": "30/260", "status": "ok"}
Setting `pad_token_id` to `eos_token_id`:151645 for open-end generation.
{"cell": "internvl35_8b_budget54_seed31_strict65_p0_correct_letterbox54", "latency_seconds": 4.392093802802265, "peak_allocated_bytes": 82419050496, "progress": "31/260", "status": "ok"}
Setting `pad_token_id` to `eos_token_id`:151645 for open-end generation.
{"cell": "internvl35_8b_budget54_seed31_strict65_p0_correct_letterbox54", "latency_seconds": 4.509234357625246, "peak_allocated_bytes": 82391567360, "progress": "32/260", "status": "ok"}
Setting `pad_token_id` to `eos_token_id`:151645 for open-end generation.
{"cell": "internvl35_8b_budget54_seed31_strict65_p0_correct_letterbox54", "latency_seconds": 4.453568987548351, "peak_allocated_bytes": 82510700032, "progress": "33/260", "status": "ok"}
Setting `pad_token_id` to `eos_token_id`:151645 for open-end generation.
{"cell": "internvl35_8b_budget54_seed31_strict65_p0_correct_letterbox54", "latency_seconds": 4.95832493994385, "peak_allocated_bytes": 82364091904, "progress": "34/260", "status": "ok"}
Setting `pad_token_id` to `eos_token_id`:151645 for open-end generation.
{"cell": "internvl35_8b_budget54_seed31_strict65_p0_correct_letterbox54", "latency_seconds": 3.874349876306951, "peak_allocated_bytes": 82446537728, "progress": "35/260", "status": "ok"}
Setting `pad_token_id` to `eos_token_id`:151645 for open-end generation.
{"cell": "internvl35_8b_budget54_seed31_strict65_p0_correct_letterbox54", "latency_seconds": 4.326441398821771, "peak_allocated_bytes": 82446537728, "progress": "36/260", "status": "ok"}
Setting `pad_token_id` to `eos_token_id`:151645 for open-end generation.
{"cell": "internvl35_8b_budget54_seed31_strict65_p0_correct_letterbox54", "latency_seconds": 3.5284528182819486, "peak_allocated_bytes": 82483197440, "progress": "37/260", "status": "ok"}
Setting `pad_token_id` to `eos_token_id`:151645 for open-end generation.
{"cell": "internvl35_8b_budget54_seed31_strict65_p0_correct_letterbox54", "latency_seconds": 3.881455721333623, "peak_allocated_bytes": 82391567360, "progress": "38/260", "status": "ok"}
Setting `pad_token_id` to `eos_token_id`:151645 for open-end generation.
{"cell": "internvl35_8b_budget54_seed31_strict65_p0_correct_letterbox54", "latency_seconds": 4.429107589647174, "peak_allocated_bytes": 82474032640, "progress": "39/260", "status": "ok"}
Setting `pad_token_id` to `eos_token_id`:151645 for open-end generation.
{"cell": "internvl35_8b_budget54_seed31_strict65_p0_correct_letterbox54", "latency_seconds": 4.619888632558286, "peak_allocated_bytes": 82474032640, "progress": "40/260", "status": "ok"}
Setting `pad_token_id` to `eos_token_id`:151645 for open-end generation.
{"cell": "internvl35_8b_budget54_seed31_strict65_p0_correct_letterbox54", "latency_seconds": 3.906223701313138, "peak_allocated_bytes": 82465872896, "progress": "41/260", "status": "ok"}
Setting `pad_token_id` to `eos_token_id`:151645 for open-end generation.
{"cell": "internvl35_8b_budget54_seed31_strict65_p0_correct_letterbox54", "latency_seconds": 4.409972989931703, "peak_allocated_bytes": 82382408704, "progress": "42/260", "status": "ok"}
Setting `pad_token_id` to `eos_token_id`:151645 for open-end generation.
{"cell": "internvl35_8b_budget54_seed31_strict65_p0_correct_letterbox54", "latency_seconds": 3.8775525232777, "peak_allocated_bytes": 82446537728, "progress": "43/260", "status": "ok"}
Setting `pad_token_id` to `eos_token_id`:151645 for open-end generation.
{"cell": "internvl35_8b_budget54_seed31_strict65_p0_correct_letterbox54", "latency_seconds": 5.503369349986315, "peak_allocated_bytes": 82382408704, "progress": "44/260", "status": "ok"}
Setting `pad_token_id` to `eos_token_id`:151645 for open-end generation.
{"cell": "internvl35_8b_budget54_seed31_strict65_p0_correct_letterbox54", "latency_seconds": 3.8874736204743385, "peak_allocated_bytes": 82501531136, "progress": "45/260", "status": "ok"}
Setting `pad_token_id` to `eos_token_id`:151645 for open-end generation.
{"cell": "internvl35_8b_budget54_seed31_strict65_p0_correct_letterbox54", "latency_seconds": 3.883589569479227, "peak_allocated_bytes": 82354933248, "progress": "46/260", "status": "ok"}
Setting `pad_token_id` to `eos_token_id`:151645 for open-end generation.
{"cell": "internvl35_8b_budget54_seed31_strict65_p0_correct_letterbox54", "latency_seconds": 4.396044537425041, "peak_allocated_bytes": 82419050496, "progress": "47/260", "status": "ok"}
Setting `pad_token_id` to `eos_token_id`:151645 for open-end generation.
{"cell": "internvl35_8b_budget54_seed31_strict65_p0_correct_letterbox54", "latency_seconds": 4.286274340935051, "peak_allocated_bytes": 82409887744, "progress": "48/260", "status": "ok"}
Setting `pad_token_id` to `eos_token_id`:151645 for open-end generation.
{"cell": "internvl35_8b_budget54_seed31_strict65_p0_correct_letterbox54", "latency_seconds": 3.887403765693307, "peak_allocated_bytes": 82465872896, "progress": "49/260", "status": "ok"}
Setting `pad_token_id` to `eos_token_id`:151645 for open-end generation.
{"cell": "internvl35_8b_budget54_seed31_strict65_p0_correct_letterbox54", "latency_seconds": 3.882259728386998, "peak_allocated_bytes": 82391567360, "progress": "50/260", "status": "ok"}
Setting `pad_token_id` to `eos_token_id`:151645 for open-end generation.
{"cell": "internvl35_8b_budget54_seed31_strict65_p0_correct_letterbox54", "latency_seconds": 3.500161502510309, "peak_allocated_bytes": 82483197440, "progress": "51/260", "status": "ok"}
Setting `pad_token_id` to `eos_token_id`:151645 for open-end generation.
{"cell": "internvl35_8b_budget54_seed31_strict65_p0_correct_letterbox54", "latency_seconds": 4.4214488519355655, "peak_allocated_bytes": 82437375488, "progress": "52/260", "status": "ok"}
Setting `pad_token_id` to `eos_token_id`:151645 for open-end generation.
{"cell": "internvl35_8b_budget54_seed31_strict65_p0_correct_letterbox54", "latency_seconds": 5.165304254740477, "peak_allocated_bytes": 82510700032, "progress": "53/260", "status": "ok"}
Setting `pad_token_id` to `eos_token_id`:151645 for open-end generation.
{"cell": "internvl35_8b_budget54_seed31_strict65_p0_correct_letterbox54", "latency_seconds": 3.8790582166984677, "peak_allocated_bytes": 82391567360, "progress": "54/260", "status": "ok"}
Setting `pad_token_id` to `eos_token_id`:151645 for open-end generation.
{"cell": "internvl35_8b_budget54_seed31_strict65_p0_correct_letterbox54", "latency_seconds": 3.423212264664471, "peak_allocated_bytes": 82409887744, "progress": "55/260", "status": "ok"}
Setting `pad_token_id` to `eos_token_id`:151645 for open-end generation.
{"cell": "internvl35_8b_budget54_seed31_strict65_p0_correct_letterbox54", "latency_seconds": 4.737494578585029, "peak_allocated_bytes": 82364091904, "progress": "56/260", "status": "ok"}
Setting `pad_token_id` to `eos_token_id`:151645 for open-end generation.
{"cell": "internvl35_8b_budget54_seed31_strict65_p0_correct_letterbox54", "latency_seconds": 4.4259397350251675, "peak_allocated_bytes": 82548198912, "progress": "57/260", "status": "ok"}
Setting `pad_token_id` to `eos_token_id`:151645 for open-end generation.
{"cell": "internvl35_8b_budget54_seed31_strict65_p0_correct_letterbox54", "latency_seconds": 3.871457513421774, "peak_allocated_bytes": 82373249024, "progress": "58/260", "status": "ok"}
Setting `pad_token_id` to `eos_token_id`:151645 for open-end generation.
{"cell": "internvl35_8b_budget54_seed31_strict65_p0_correct_letterbox54", "latency_seconds": 4.388232723809779, "peak_allocated_bytes": 82419050496, "progress": "59/260", "status": "ok"}
Setting `pad_token_id` to `eos_token_id`:151645 for open-end generation.
{"cell": "internvl35_8b_budget54_seed31_strict65_p0_correct_letterbox54", "latency_seconds": 4.789965471252799, "peak_allocated_bytes": 82419050496, "progress": "60/260", "status": "ok"}
Setting `pad_token_id` to `eos_token_id`:151645 for open-end generation.
{"cell": "internvl35_8b_budget54_seed31_strict65_p0_correct_letterbox54", "latency_seconds": 5.31824008654803, "peak_allocated_bytes": 82510700032, "progress": "61/260", "status": "ok"}
Setting `pad_token_id` to `eos_token_id`:151645 for open-end generation.
{"cell": "internvl35_8b_budget54_seed31_strict65_p0_correct_letterbox54", "latency_seconds": 3.4935974683612585, "peak_allocated_bytes": 82336620032, "progress": "62/260", "status": "ok"}
Setting `pad_token_id` to `eos_token_id`:151645 for open-end generation.
{"cell": "internvl35_8b_budget54_seed31_strict65_p0_correct_letterbox54", "latency_seconds": 3.8852337319403887, "peak_allocated_bytes": 82428211712, "progress": "63/260", "status": "ok"}
Setting `pad_token_id` to `eos_token_id`:151645 for open-end generation.
{"cell": "internvl35_8b_budget54_seed31_strict65_p0_correct_letterbox54", "latency_seconds": 4.0568874049931765, "peak_allocated_bytes": 82428211712, "progress": "64/260", "status": "ok"}
Setting `pad_token_id` to `eos_token_id`:151645 for open-end generation.
{"cell": "internvl35_8b_budget54_seed31_strict65_p0_correct_letterbox54", "latency_seconds": 4.820596352219582, "peak_allocated_bytes": 82483197440, "progress": "65/260", "status": "ok"}
Setting `pad_token_id` to `eos_token_id`:151645 for open-end generation.
{"cell": "internvl35_8b_budget54_seed31_strict65_p0_correct_letterbox54", "latency_seconds": 4.385768667794764, "peak_allocated_bytes": 82400728576, "progress": "66/260", "status": "ok"}
Setting `pad_token_id` to `eos_token_id`:151645 for open-end generation.
{"cell": "internvl35_8b_budget54_seed31_strict65_p0_correct_letterbox54", "latency_seconds": 4.421116218902171, "peak_allocated_bytes": 82455702528, "progress": "67/260", "status": "ok"}
Setting `pad_token_id` to `eos_token_id`:151645 for open-end generation.
{"cell": "internvl35_8b_budget54_seed31_strict65_p0_correct_letterbox54", "latency_seconds": 5.564967046491802, "peak_allocated_bytes": 82437375488, "progress": "68/260", "status": "ok"}
Setting `pad_token_id` to `eos_token_id`:151645 for open-end generation.
{"cell": "internvl35_8b_budget54_seed31_strict65_p0_correct_letterbox54", "latency_seconds": 3.5001010252162814, "peak_allocated_bytes": 82483197440, "progress": "69/260", "status": "ok"}
Setting `pad_token_id` to `eos_token_id`:151645 for open-end generation.
{"cell": "internvl35_8b_budget54_seed31_strict65_p0_correct_letterbox54", "latency_seconds": 4.416474868543446, "peak_allocated_bytes": 82382408704, "progress": "70/260", "status": "ok"}
Setting `pad_token_id` to `eos_token_id`:151645 for open-end generation.
{"cell": "internvl35_8b_budget54_seed31_strict65_p0_correct_letterbox54", "latency_seconds": 4.427645458839834, "peak_allocated_bytes": 82474032640, "progress": "71/260", "status": "ok"}
Setting `pad_token_id` to `eos_token_id`:151645 for open-end generation.
{"cell": "internvl35_8b_budget54_seed31_strict65_p0_correct_letterbox54", "latency_seconds": 7.9697256069630384, "peak_allocated_bytes": 82382408704, "progress": "72/260", "status": "ok"}
Setting `pad_token_id` to `eos_token_id`:151645 for open-end generation.
{"cell": "internvl35_8b_budget54_seed31_strict65_p0_correct_letterbox54", "latency_seconds": 5.1252556508407, "peak_allocated_bytes": 82539185664, "progress": "73/260", "status": "ok"}
Setting `pad_token_id` to `eos_token_id`:151645 for open-end generation.
{"cell": "internvl35_8b_budget54_seed31_strict65_p0_correct_letterbox54", "latency_seconds": 3.429500985890627, "peak_allocated_bytes": 82409887744, "progress": "74/260", "status": "ok"}
Setting `pad_token_id` to `eos_token_id`:151645 for open-end generation.
{"cell": "internvl35_8b_budget54_seed31_strict65_p0_correct_letterbox54", "latency_seconds": 3.89323444198817, "peak_allocated_bytes": 82465872896, "progress": "75/260", "status": "ok"}
Setting `pad_token_id` to `eos_token_id`:151645 for open-end generation.
{"cell": "internvl35_8b_budget54_seed31_strict65_p0_correct_letterbox54", "latency_seconds": 5.195780226960778, "peak_allocated_bytes": 82419050496, "progress": "76/260", "status": "ok"}
Setting `pad_token_id` to `eos_token_id`:151645 for open-end generation.
{"cell": "internvl35_8b_budget54_seed31_strict65_p0_correct_letterbox54", "latency_seconds": 4.496206626296043, "peak_allocated_bytes": 82558193664, "progress": "77/260", "status": "ok"}
Setting `pad_token_id` to `eos_token_id`:151645 for open-end generation.
{"cell": "internvl35_8b_budget54_seed31_strict65_p0_correct_letterbox54", "latency_seconds": 4.412686140276492, "peak_allocated_bytes": 82382408704, "progress": "78/260", "status": "ok"}
Setting `pad_token_id` to `eos_token_id`:151645 for open-end generation.
{"cell": "internvl35_8b_budget54_seed31_strict65_p0_correct_letterbox54", "latency_seconds": 3.9044258035719395, "peak_allocated_bytes": 82465369088, "progress": "79/260", "status": "ok"}
Setting `pad_token_id` to `eos_token_id`:151645 for open-end generation.
{"cell": "internvl35_8b_budget54_seed31_strict65_p0_correct_letterbox54", "latency_seconds": 4.195036109536886, "peak_allocated_bytes": 82391567360, "progress": "80/260", "status": "ok"}
Setting `pad_token_id` to `eos_token_id`:151645 for open-end generation.
{"cell": "internvl35_8b_budget54_seed31_strict65_p0_correct_letterbox54", "latency_seconds": 4.4531187964603305, "peak_allocated_bytes": 82492365312, "progress": "81/260", "status": "ok"}
Setting `pad_token_id` to `eos_token_id`:151645 for open-end generation.
{"cell": "internvl35_8b_budget54_seed31_strict65_p0_correct_letterbox54", "latency_seconds": 4.417020023800433, "peak_allocated_bytes": 82345777152, "progress": "82/260", "status": "ok"}
Setting `pad_token_id` to `eos_token_id`:151645 for open-end generation.
{"cell": "internvl35_8b_budget54_seed31_strict65_p0_correct_letterbox54", "latency_seconds": 4.425866858102381, "peak_allocated_bytes": 82474032640, "progress": "83/260", "status": "ok"}
Setting `pad_token_id` to `eos_token_id`:151645 for open-end generation.
{"cell": "internvl35_8b_budget54_seed31_strict65_p0_correct_letterbox54", "latency_seconds": 4.815373006276786, "peak_allocated_bytes": 82382408704, "progress": "84/260", "status": "ok"}
Setting `pad_token_id` to `eos_token_id`:151645 for open-end generation.
{"cell": "internvl35_8b_budget54_seed31_strict65_p0_correct_letterbox54", "latency_seconds": 4.422087575308979, "peak_allocated_bytes": 82510700032, "progress": "85/260", "status": "ok"}
Setting `pad_token_id` to `eos_token_id`:151645 for open-end generation.
{"cell": "internvl35_8b_budget54_seed31_strict65_p0_correct_letterbox54", "latency_seconds": 3.8821673756465316, "peak_allocated_bytes": 82354933248, "progress": "86/260", "status": "ok"}
Setting `pad_token_id` to `eos_token_id`:151645 for open-end generation.
{"cell": "internvl35_8b_budget54_seed31_strict65_p0_correct_letterbox54", "latency_seconds": 4.417484029196203, "peak_allocated_bytes": 82437375488, "progress": "87/260", "status": "ok"}
Setting `pad_token_id` to `eos_token_id`:151645 for open-end generation.
{"cell": "internvl35_8b_budget54_seed31_strict65_p0_correct_letterbox54", "latency_seconds": 4.283352814614773, "peak_allocated_bytes": 82391567360, "progress": "88/260", "status": "ok"}
Setting `pad_token_id` to `eos_token_id`:151645 for open-end generation.
{"cell": "internvl35_8b_budget54_seed31_strict65_p0_correct_letterbox54", "latency_seconds": 4.425544966943562, "peak_allocated_bytes": 82455702528, "progress": "89/260", "status": "ok"}
Setting `pad_token_id` to `eos_token_id`:151645 for open-end generation.
{"cell": "internvl35_8b_budget54_seed31_strict65_p0_correct_letterbox54", "latency_seconds": 3.886093446984887, "peak_allocated_bytes": 82354933248, "progress": "90/260", "status": "ok"}
Setting `pad_token_id` to `eos_token_id`:151645 for open-end generation.
{"cell": "internvl35_8b_budget54_seed31_strict65_p0_correct_letterbox54", "latency_seconds": 3.8918442530557513, "peak_allocated_bytes": 82465369088, "progress": "91/260", "status": "ok"}
Setting `pad_token_id` to `eos_token_id`:151645 for open-end generation.
{"cell": "internvl35_8b_budget54_seed31_strict65_p0_correct_letterbox54", "latency_seconds": 4.621419527567923, "peak_allocated_bytes": 82373249024, "progress": "92/260", "status": "ok"}
Setting `pad_token_id` to `eos_token_id`:151645 for open-end generation.
{"cell": "internvl35_8b_budget54_seed31_strict65_p0_correct_letterbox54", "latency_seconds": 4.454357989132404, "peak_allocated_bytes": 82474032640, "progress": "93/260", "status": "ok"}
Setting `pad_token_id` to `eos_token_id`:151645 for open-end generation.
{"cell": "internvl35_8b_budget54_seed31_strict65_p0_correct_letterbox54", "latency_seconds": 5.890726544894278, "peak_allocated_bytes": 82373249024, "progress": "94/260", "status": "ok"}
Setting `pad_token_id` to `eos_token_id`:151645 for open-end generation.
{"cell": "internvl35_8b_budget54_seed31_strict65_p0_correct_letterbox54", "latency_seconds": 3.5007009310647845, "peak_allocated_bytes": 82483197440, "progress": "95/260", "status": "ok"}
Setting `pad_token_id` to `eos_token_id`:151645 for open-end generation.
{"cell": "internvl35_8b_budget54_seed31_strict65_p0_correct_letterbox54", "latency_seconds": 4.821952160447836, "peak_allocated_bytes": 82382408704, "progress": "96/260", "status": "ok"}
Setting `pad_token_id` to `eos_token_id`:151645 for open-end generation.
{"cell": "internvl35_8b_budget54_seed31_strict65_p0_correct_letterbox54", "latency_seconds": 5.036726554855704, "peak_allocated_bytes": 82455702528, "progress": "97/260", "status": "ok"}
Setting `pad_token_id` to `eos_token_id`:151645 for open-end generation.
{"cell": "internvl35_8b_budget54_seed31_strict65_p0_correct_letterbox54", "latency_seconds": 3.425298641435802, "peak_allocated_bytes": 82409887744, "progress": "98/260", "status": "ok"}
Setting `pad_token_id` to `eos_token_id`:151645 for open-end generation.
{"cell": "internvl35_8b_budget54_seed31_strict65_p0_correct_letterbox54", "latency_seconds": 3.8878051107749343, "peak_allocated_bytes": 82465369088, "progress": "99/260", "status": "ok"}
Setting `pad_token_id` to `eos_token_id`:151645 for open-end generation.
{"cell": "internvl35_8b_budget54_seed31_strict65_p0_correct_letterbox54", "latency_seconds": 5.25097179133445, "peak_allocated_bytes": 82400728576, "progress": "100/260", "status": "ok"}
Setting `pad_token_id` to `eos_token_id`:151645 for open-end generation.
{"cell": "internvl35_8b_budget54_seed31_strict65_p0_correct_letterbox54", "latency_seconds": 5.406897317618132, "peak_allocated_bytes": 82539185664, "progress": "101/260", "status": "ok"}
Setting `pad_token_id` to `eos_token_id`:151645 for open-end generation.
{"cell": "internvl35_8b_budget54_seed31_strict65_p0_correct_letterbox54", "latency_seconds": 4.419408946298063, "peak_allocated_bytes": 82364091904, "progress": "102/260", "status": "ok"}
Setting `pad_token_id` to `eos_token_id`:151645 for open-end generation.
{"cell": "internvl35_8b_budget54_seed31_strict65_p0_correct_letterbox54", "latency_seconds": 4.421544252894819, "peak_allocated_bytes": 82455702528, "progress": "103/260", "status": "ok"}
Setting `pad_token_id` to `eos_token_id`:151645 for open-end generation.
{"cell": "internvl35_8b_budget54_seed31_strict65_p0_correct_letterbox54", "latency_seconds": 4.826071214862168, "peak_allocated_bytes": 82382408704, "progress": "104/260", "status": "ok"}
Setting `pad_token_id` to `eos_token_id`:151645 for open-end generation.
{"cell": "internvl35_8b_budget54_seed31_strict65_p0_correct_letterbox54", "latency_seconds": 4.422000426799059, "peak_allocated_bytes": 82492365312, "progress": "105/260", "status": "ok"}
Setting `pad_token_id` to `eos_token_id`:151645 for open-end generation.
{"cell": "internvl35_8b_budget54_seed31_strict65_p0_correct_letterbox54", "latency_seconds": 4.416006980463862, "peak_allocated_bytes": 82345777152, "progress": "106/260", "status": "ok"}
Setting `pad_token_id` to `eos_token_id`:151645 for open-end generation.
{"cell": "internvl35_8b_budget54_seed31_strict65_p0_correct_letterbox54", "latency_seconds": 4.41715485136956, "peak_allocated_bytes": 82437375488, "progress": "107/260", "status": "ok"}
Setting `pad_token_id` to `eos_token_id`:151645 for open-end generation.
{"cell": "internvl35_8b_budget54_seed31_strict65_p0_correct_letterbox54", "latency_seconds": 5.259491199627519, "peak_allocated_bytes": 82400728576, "progress": "108/260", "status": "ok"}
Setting `pad_token_id` to `eos_token_id`:151645 for open-end generation.
{"cell": "internvl35_8b_budget54_seed31_strict65_p0_correct_letterbox54", "latency_seconds": 3.501118751242757, "peak_allocated_bytes": 82483197440, "progress": "109/260", "status": "ok"}
Setting `pad_token_id` to `eos_token_id`:151645 for open-end generation.
{"cell": "internvl35_8b_budget54_seed31_strict65_p0_correct_letterbox54", "latency_seconds": 4.421911073848605, "peak_allocated_bytes": 82364091904, "progress": "110/260", "status": "ok"}
Setting `pad_token_id` to `eos_token_id`:151645 for open-end generation.
{"cell": "internvl35_8b_budget54_seed31_strict65_p0_correct_letterbox54", "latency_seconds": 4.4188466174528, "peak_allocated_bytes": 82437375488, "progress": "111/260", "status": "ok"}
Setting `pad_token_id` to `eos_token_id`:151645 for open-end generation.
{"cell": "internvl35_8b_budget54_seed31_strict65_p0_correct_letterbox54", "latency_seconds": 4.568595629185438, "peak_allocated_bytes": 82364091904, "progress": "112/260", "status": "ok"}
Setting `pad_token_id` to `eos_token_id`:151645 for open-end generation.
{"cell": "internvl35_8b_budget54_seed31_strict65_p0_correct_letterbox54", "latency_seconds": 3.5238173278048635, "peak_allocated_bytes": 82483197440, "progress": "113/260", "status": "ok"}
Setting `pad_token_id` to `eos_token_id`:151645 for open-end generation.
{"cell": "internvl35_8b_budget54_seed31_strict65_p0_correct_letterbox54", "latency_seconds": 3.8826792808249593, "peak_allocated_bytes": 82354933248, "progress": "114/260", "status": "ok"}
Setting `pad_token_id` to `eos_token_id`:151645 for open-end generation.
{"cell": "internvl35_8b_budget54_seed31_strict65_p0_correct_letterbox54", "latency_seconds": 3.8914084788411856, "peak_allocated_bytes": 82428211712, "progress": "115/260", "status": "ok"}
Setting `pad_token_id` to `eos_token_id`:151645 for open-end generation.
{"cell": "internvl35_8b_budget54_seed31_strict65_p0_correct_letterbox54", "latency_seconds": 8.139311647042632, "peak_allocated_bytes": 82382408704, "progress": "116/260", "status": "ok"}
Setting `pad_token_id` to `eos_token_id`:151645 for open-end generation.
{"cell": "internvl35_8b_budget54_seed31_strict65_p0_correct_letterbox54", "latency_seconds": 3.5113597875460982, "peak_allocated_bytes": 82558193664, "progress": "117/260", "status": "ok"}
Setting `pad_token_id` to `eos_token_id`:151645 for open-end generation.
{"cell": "internvl35_8b_budget54_seed31_strict65_p0_correct_letterbox54", "latency_seconds": 3.872354509308934, "peak_allocated_bytes": 82373249024, "progress": "118/260", "status": "ok"}
Setting `pad_token_id` to `eos_token_id`:151645 for open-end generation.
{"cell": "internvl35_8b_budget54_seed31_strict65_p0_correct_letterbox54", "latency_seconds": 3.4250259017571807, "peak_allocated_bytes": 82409887744, "progress": "119/260", "status": "ok"}
Setting `pad_token_id` to `eos_token_id`:151645 for open-end generation.
{"cell": "internvl35_8b_budget54_seed31_strict65_p0_correct_letterbox54", "latency_seconds": 4.281196690164506, "peak_allocated_bytes": 82428211712, "progress": "120/260", "status": "ok"}
Setting `pad_token_id` to `eos_token_id`:151645 for open-end generation.
{"cell": "internvl35_8b_budget54_seed31_strict65_p0_correct_letterbox54", "latency_seconds": 5.264882643707097, "peak_allocated_bytes": 82548198912, "progress": "121/260", "status": "ok"}
Setting `pad_token_id` to `eos_token_id`:151645 for open-end generation.
{"cell": "internvl35_8b_budget54_seed31_strict65_p0_correct_letterbox54", "latency_seconds": 4.386409533210099, "peak_allocated_bytes": 82400728576, "progress": "122/260", "status": "ok"}
Setting `pad_token_id` to `eos_token_id`:151645 for open-end generation.
{"cell": "internvl35_8b_budget54_seed31_strict65_p0_correct_letterbox54", "latency_seconds": 4.427796204574406, "peak_allocated_bytes": 82474032640, "progress": "123/260", "status": "ok"}
Setting `pad_token_id` to `eos_token_id`:151645 for open-end generation.
{"cell": "internvl35_8b_budget54_seed31_strict65_p0_correct_letterbox54", "latency_seconds": 3.5714173521846533, "peak_allocated_bytes": 82409887744, "progress": "124/260", "status": "ok"}
Setting `pad_token_id` to `eos_token_id`:151645 for open-end generation.
{"cell": "internvl35_8b_budget54_seed31_strict65_p0_correct_letterbox54", "latency_seconds": 3.9170740814879537, "peak_allocated_bytes": 82539185664, "progress": "125/260", "status": "ok"}
Setting `pad_token_id` to `eos_token_id`:151645 for open-end generation.
{"cell": "internvl35_8b_budget54_seed31_strict65_p0_correct_letterbox54", "latency_seconds": 3.8828718923032284, "peak_allocated_bytes": 82318309376, "progress": "126/260", "status": "ok"}
Setting `pad_token_id` to `eos_token_id`:151645 for open-end generation.
{"cell": "internvl35_8b_budget54_seed31_strict65_p0_correct_letterbox54", "latency_seconds": 4.426281015388668, "peak_allocated_bytes": 82474032640, "progress": "127/260", "status": "ok"}
Setting `pad_token_id` to `eos_token_id`:151645 for open-end generation.
{"cell": "internvl35_8b_budget54_seed31_strict65_p0_correct_letterbox54", "latency_seconds": 5.020018137060106, "peak_allocated_bytes": 82437375488, "progress": "128/260", "status": "ok"}
Setting `pad_token_id` to `eos_token_id`:151645 for open-end generation.
{"cell": "internvl35_8b_budget54_seed31_strict65_p0_correct_letterbox54", "latency_seconds": 5.741660920903087, "peak_allocated_bytes": 82539185664, "progress": "129/260", "status": "ok"}
Setting `pad_token_id` to `eos_token_id`:151645 for open-end generation.
{"cell": "internvl35_8b_budget54_seed31_strict65_p0_correct_letterbox54", "latency_seconds": 4.413908118382096, "peak_allocated_bytes": 82382408704, "progress": "130/260", "status": "ok"}
Setting `pad_token_id` to `eos_token_id`:151645 for open-end generation.
{"cell": "internvl35_8b_budget54_seed31_strict65_p0_correct_letterbox54", "latency_seconds": 3.422260604798794, "peak_allocated_bytes": 82409887744, "progress": "131/260", "status": "ok"}
Setting `pad_token_id` to `eos_token_id`:151645 for open-end generation.
{"cell": "internvl35_8b_budget54_seed31_strict65_p0_correct_letterbox54", "latency_seconds": 4.8089858610183, "peak_allocated_bytes": 82437375488, "progress": "132/260", "status": "ok"}
Setting `pad_token_id` to `eos_token_id`:151645 for open-end generation.
{"cell": "internvl35_8b_budget54_seed31_strict65_p0_correct_letterbox54", "latency_seconds": 3.906605700030923, "peak_allocated_bytes": 82519867392, "progress": "133/260", "status": "ok"}
Setting `pad_token_id` to `eos_token_id`:151645 for open-end generation.
{"cell": "internvl35_8b_budget54_seed31_strict65_p0_correct_letterbox54", "latency_seconds": 4.414898237213492, "peak_allocated_bytes": 82382408704, "progress": "134/260", "status": "ok"}
Setting `pad_token_id` to `eos_token_id`:151645 for open-end generation.
{"cell": "internvl35_8b_budget54_seed31_strict65_p0_correct_letterbox54", "latency_seconds": 4.428236830048263, "peak_allocated_bytes": 82474032640, "progress": "135/260", "status": "ok"}
Setting `pad_token_id` to `eos_token_id`:151645 for open-end generation.
{"cell": "internvl35_8b_budget54_seed31_strict65_p0_correct_letterbox54", "latency_seconds": 4.82008421421051, "peak_allocated_bytes": 82437375488, "progress": "136/260", "status": "ok"}
Setting `pad_token_id` to `eos_token_id`:151645 for open-end generation.
{"cell": "internvl35_8b_budget54_seed31_strict65_p0_correct_letterbox54", "latency_seconds": 3.8913579443469644, "peak_allocated_bytes": 82465369088, "progress": "137/260", "status": "ok"}
Setting `pad_token_id` to `eos_token_id`:151645 for open-end generation.
{"cell": "internvl35_8b_budget54_seed31_strict65_p0_correct_letterbox54", "latency_seconds": 3.889278625138104, "peak_allocated_bytes": 82354933248, "progress": "138/260", "status": "ok"}
Setting `pad_token_id` to `eos_token_id`:151645 for open-end generation.
{"cell": "internvl35_8b_budget54_seed31_strict65_p0_correct_letterbox54", "latency_seconds": 3.881851247511804, "peak_allocated_bytes": 82391567360, "progress": "139/260", "status": "ok"}
Setting `pad_token_id` to `eos_token_id`:151645 for open-end generation.
{"cell": "internvl35_8b_budget54_seed31_strict65_p0_correct_letterbox54", "latency_seconds": 4.820990599691868, "peak_allocated_bytes": 82364091904, "progress": "140/260", "status": "ok"}
Setting `pad_token_id` to `eos_token_id`:151645 for open-end generation.
{"cell": "internvl35_8b_budget54_seed31_strict65_p0_correct_letterbox54", "latency_seconds": 4.501019059680402, "peak_allocated_bytes": 82501531136, "progress": "141/260", "status": "ok"}
Setting `pad_token_id` to `eos_token_id`:151645 for open-end generation.
{"cell": "internvl35_8b_budget54_seed31_strict65_p0_correct_letterbox54", "latency_seconds": 3.422657207585871, "peak_allocated_bytes": 82409887744, "progress": "142/260", "status": "ok"}
Setting `pad_token_id` to `eos_token_id`:151645 for open-end generation.
{"cell": "internvl35_8b_budget54_seed31_strict65_p0_correct_letterbox54", "latency_seconds": 3.8762843841686845, "peak_allocated_bytes": 82446537728, "progress": "143/260", "status": "ok"}
Setting `pad_token_id` to `eos_token_id`:151645 for open-end generation.
{"cell": "internvl35_8b_budget54_seed31_strict65_p0_correct_letterbox54", "latency_seconds": 4.025629453361034, "peak_allocated_bytes": 82391567360, "progress": "144/260", "status": "ok"}
Setting `pad_token_id` to `eos_token_id`:151645 for open-end generation.
{"cell": "internvl35_8b_budget54_seed31_strict65_p0_correct_letterbox54", "latency_seconds": 4.4243196956813335, "peak_allocated_bytes": 82492365312, "progress": "145/260", "status": "ok"}
Setting `pad_token_id` to `eos_token_id`:151645 for open-end generation.
{"cell": "internvl35_8b_budget54_seed31_strict65_p0_correct_letterbox54", "latency_seconds": 4.419779137708247, "peak_allocated_bytes": 82382408704, "progress": "146/260", "status": "ok"}
Setting `pad_token_id` to `eos_token_id`:151645 for open-end generation.
{"cell": "internvl35_8b_budget54_seed31_strict65_p0_correct_letterbox54", "latency_seconds": 3.503245842643082, "peak_allocated_bytes": 82483197440, "progress": "147/260", "status": "ok"}
Setting `pad_token_id` to `eos_token_id`:151645 for open-end generation.
{"cell": "internvl35_8b_budget54_seed31_strict65_p0_correct_letterbox54", "latency_seconds": 4.054533804766834, "peak_allocated_bytes": 82391567360, "progress": "148/260", "status": "ok"}
Setting `pad_token_id` to `eos_token_id`:151645 for open-end generation.
{"cell": "internvl35_8b_budget54_seed31_strict65_p0_correct_letterbox54", "latency_seconds": 5.1148869302123785, "peak_allocated_bytes": 82510700032, "progress": "149/260", "status": "ok"}
Setting `pad_token_id` to `eos_token_id`:151645 for open-end generation.
{"cell": "internvl35_8b_budget54_seed31_strict65_p0_correct_letterbox54", "latency_seconds": 4.41397156752646, "peak_allocated_bytes": 82382408704, "progress": "150/260", "status": "ok"}
Setting `pad_token_id` to `eos_token_id`:151645 for open-end generation.
{"cell": "internvl35_8b_budget54_seed31_strict65_p0_correct_letterbox54", "latency_seconds": 3.8810006324201822, "peak_allocated_bytes": 82428211712, "progress": "151/260", "status": "ok"}
Setting `pad_token_id` to `eos_token_id`:151645 for open-end generation.
{"cell": "internvl35_8b_budget54_seed31_strict65_p0_correct_letterbox54", "latency_seconds": 5.4008007645606995, "peak_allocated_bytes": 82400728576, "progress": "152/260", "status": "ok"}
Setting `pad_token_id` to `eos_token_id`:151645 for open-end generation.
{"cell": "internvl35_8b_budget54_seed31_strict65_p0_correct_letterbox54", "latency_seconds": 4.426467773504555, "peak_allocated_bytes": 82548198912, "progress": "153/260", "status": "ok"}
Setting `pad_token_id` to `eos_token_id`:151645 for open-end generation.
{"cell": "internvl35_8b_budget54_seed31_strict65_p0_correct_letterbox54", "latency_seconds": 4.414878421463072, "peak_allocated_bytes": 82382408704, "progress": "154/260", "status": "ok"}
Setting `pad_token_id` to `eos_token_id`:151645 for open-end generation.
{"cell": "internvl35_8b_budget54_seed31_strict65_p0_correct_letterbox54", "latency_seconds": 3.8915220014750957, "peak_allocated_bytes": 82465369088, "progress": "155/260", "status": "ok"}
Setting `pad_token_id` to `eos_token_id`:151645 for open-end generation.
{"cell": "internvl35_8b_budget54_seed31_strict65_p0_correct_letterbox54", "latency_seconds": 4.257606505416334, "peak_allocated_bytes": 82428211712, "progress": "156/260", "status": "ok"}
Setting `pad_token_id` to `eos_token_id`:151645 for open-end generation.
{"cell": "internvl35_8b_budget54_seed31_strict65_p0_correct_letterbox54", "latency_seconds": 5.169674087315798, "peak_allocated_bytes": 82492365312, "progress": "157/260", "status": "ok"}
Setting `pad_token_id` to `eos_token_id`:151645 for open-end generation.
{"cell": "internvl35_8b_budget54_seed31_strict65_p0_correct_letterbox54", "latency_seconds": 4.4153072983026505, "peak_allocated_bytes": 82382408704, "progress": "158/260", "status": "ok"}
Setting `pad_token_id` to `eos_token_id`:151645 for open-end generation.
{"cell": "internvl35_8b_budget54_seed31_strict65_p0_correct_letterbox54", "latency_seconds": 4.389154587872326, "peak_allocated_bytes": 82419050496, "progress": "159/260", "status": "ok"}
Setting `pad_token_id` to `eos_token_id`:151645 for open-end generation.
{"cell": "internvl35_8b_budget54_seed31_strict65_p0_correct_letterbox54", "latency_seconds": 4.515650784596801, "peak_allocated_bytes": 82428211712, "progress": "160/260", "status": "ok"}
Setting `pad_token_id` to `eos_token_id`:151645 for open-end generation.
{"cell": "internvl35_8b_budget54_seed31_strict65_p0_correct_letterbox54", "latency_seconds": 4.450638184323907, "peak_allocated_bytes": 82529037824, "progress": "161/260", "status": "ok"}
Setting `pad_token_id` to `eos_token_id`:151645 for open-end generation.
{"cell": "internvl35_8b_budget54_seed31_strict65_p0_correct_letterbox54", "latency_seconds": 3.8814461659640074, "peak_allocated_bytes": 82391567360, "progress": "162/260", "status": "ok"}
Setting `pad_token_id` to `eos_token_id`:151645 for open-end generation.
{"cell": "internvl35_8b_budget54_seed31_strict65_p0_correct_letterbox54", "latency_seconds": 4.389945494942367, "peak_allocated_bytes": 82400728576, "progress": "163/260", "status": "ok"}
Setting `pad_token_id` to `eos_token_id`:151645 for open-end generation.
{"cell": "internvl35_8b_budget54_seed31_strict65_p0_correct_letterbox54", "latency_seconds": 4.39863080624491, "peak_allocated_bytes": 82419050496, "progress": "164/260", "status": "ok"}
Setting `pad_token_id` to `eos_token_id`:151645 for open-end generation.
{"cell": "internvl35_8b_budget54_seed31_strict65_p0_correct_letterbox54", "latency_seconds": 4.608761548995972, "peak_allocated_bytes": 82501531136, "progress": "165/260", "status": "ok"}
Setting `pad_token_id` to `eos_token_id`:151645 for open-end generation.
{"cell": "internvl35_8b_budget54_seed31_strict65_p0_correct_letterbox54", "latency_seconds": 4.417769103311002, "peak_allocated_bytes": 82382408704, "progress": "166/260", "status": "ok"}
Setting `pad_token_id` to `eos_token_id`:151645 for open-end generation.
{"cell": "internvl35_8b_budget54_seed31_strict65_p0_correct_letterbox54", "latency_seconds": 4.3908856473863125, "peak_allocated_bytes": 82419050496, "progress": "167/260", "status": "ok"}
Setting `pad_token_id` to `eos_token_id`:151645 for open-end generation.
{"cell": "internvl35_8b_budget54_seed31_strict65_p0_correct_letterbox54", "latency_seconds": 4.4055662248283625, "peak_allocated_bytes": 82419050496, "progress": "168/260", "status": "ok"}
Setting `pad_token_id` to `eos_token_id`:151645 for open-end generation.
{"cell": "internvl35_8b_budget54_seed31_strict65_p0_correct_letterbox54", "latency_seconds": 4.459489684551954, "peak_allocated_bytes": 82474032640, "progress": "169/260", "status": "ok"}
Setting `pad_token_id` to `eos_token_id`:151645 for open-end generation.
{"cell": "internvl35_8b_budget54_seed31_strict65_p0_correct_letterbox54", "latency_seconds": 4.420509869232774, "peak_allocated_bytes": 82345777152, "progress": "170/260", "status": "ok"}
Setting `pad_token_id` to `eos_token_id`:151645 for open-end generation.
{"cell": "internvl35_8b_budget54_seed31_strict65_p0_correct_letterbox54", "latency_seconds": 3.912765458226204, "peak_allocated_bytes": 82465369088, "progress": "171/260", "status": "ok"}
Setting `pad_token_id` to `eos_token_id`:151645 for open-end generation.
{"cell": "internvl35_8b_budget54_seed31_strict65_p0_correct_letterbox54", "latency_seconds": 5.018657532520592, "peak_allocated_bytes": 82400728576, "progress": "172/260", "status": "ok"}
Setting `pad_token_id` to `eos_token_id`:151645 for open-end generation.
{"cell": "internvl35_8b_budget54_seed31_strict65_p0_correct_letterbox54", "latency_seconds": 5.342951215803623, "peak_allocated_bytes": 82548198912, "progress": "173/260", "status": "ok"}
Setting `pad_token_id` to `eos_token_id`:151645 for open-end generation.
{"cell": "internvl35_8b_budget54_seed31_strict65_p0_correct_letterbox54", "latency_seconds": 4.4178458619862795, "peak_allocated_bytes": 82364091904, "progress": "174/260", "status": "ok"}
Setting `pad_token_id` to `eos_token_id`:151645 for open-end generation.
{"cell": "internvl35_8b_budget54_seed31_strict65_p0_correct_letterbox54", "latency_seconds": 3.5013397224247456, "peak_allocated_bytes": 82483197440, "progress": "175/260", "status": "ok"}
Setting `pad_token_id` to `eos_token_id`:151645 for open-end generation.
{"cell": "internvl35_8b_budget54_seed31_strict65_p0_correct_letterbox54", "latency_seconds": 4.482603442855179, "peak_allocated_bytes": 82391567360, "progress": "176/260", "status": "ok"}
Setting `pad_token_id` to `eos_token_id`:151645 for open-end generation.
{"cell": "internvl35_8b_budget54_seed31_strict65_p0_correct_letterbox54", "latency_seconds": 4.423269844613969, "peak_allocated_bytes": 82492365312, "progress": "177/260", "status": "ok"}
Setting `pad_token_id` to `eos_token_id`:151645 for open-end generation.
{"cell": "internvl35_8b_budget54_seed31_strict65_p0_correct_letterbox54", "latency_seconds": 4.4172814432531595, "peak_allocated_bytes": 82382408704, "progress": "178/260", "status": "ok"}
Setting `pad_token_id` to `eos_token_id`:151645 for open-end generation.
{"cell": "internvl35_8b_budget54_seed31_strict65_p0_correct_letterbox54", "latency_seconds": 3.88321004062891, "peak_allocated_bytes": 82428211712, "progress": "179/260", "status": "ok"}
Setting `pad_token_id` to `eos_token_id`:151645 for open-end generation.
{"cell": "internvl35_8b_budget54_seed31_strict65_p0_correct_letterbox54", "latency_seconds": 4.792324846610427, "peak_allocated_bytes": 82400728576, "progress": "180/260", "status": "ok"}
Setting `pad_token_id` to `eos_token_id`:151645 for open-end generation.
{"cell": "internvl35_8b_budget54_seed31_strict65_p0_correct_letterbox54", "latency_seconds": 4.43053740169853, "peak_allocated_bytes": 82548198912, "progress": "181/260", "status": "ok"}
Setting `pad_token_id` to `eos_token_id`:151645 for open-end generation.
{"cell": "internvl35_8b_budget54_seed31_strict65_p0_correct_letterbox54", "latency_seconds": 3.883802669122815, "peak_allocated_bytes": 82354933248, "progress": "182/260", "status": "ok"}
Setting `pad_token_id` to `eos_token_id`:151645 for open-end generation.
{"cell": "internvl35_8b_budget54_seed31_strict65_p0_correct_letterbox54", "latency_seconds": 4.417875518091023, "peak_allocated_bytes": 82437375488, "progress": "183/260", "status": "ok"}
Setting `pad_token_id` to `eos_token_id`:151645 for open-end generation.
{"cell": "internvl35_8b_budget54_seed31_strict65_p0_correct_letterbox54", "latency_seconds": 5.051909552887082, "peak_allocated_bytes": 82437375488, "progress": "184/260", "status": "ok"}
Setting `pad_token_id` to `eos_token_id`:151645 for open-end generation.
{"cell": "internvl35_8b_budget54_seed31_strict65_p0_correct_letterbox54", "latency_seconds": 3.5086147924885154, "peak_allocated_bytes": 82483197440, "progress": "185/260", "status": "ok"}
Setting `pad_token_id` to `eos_token_id`:151645 for open-end generation.
{"cell": "internvl35_8b_budget54_seed31_strict65_p0_correct_letterbox54", "latency_seconds": 3.4250228134915233, "peak_allocated_bytes": 82409887744, "progress": "186/260", "status": "ok"}
Setting `pad_token_id` to `eos_token_id`:151645 for open-end generation.
{"cell": "internvl35_8b_budget54_seed31_strict65_p0_correct_letterbox54", "latency_seconds": 4.425148653797805, "peak_allocated_bytes": 82474032640, "progress": "187/260", "status": "ok"}
Setting `pad_token_id` to `eos_token_id`:151645 for open-end generation.
{"cell": "internvl35_8b_budget54_seed31_strict65_p0_correct_letterbox54", "latency_seconds": 4.817258673720062, "peak_allocated_bytes": 82382408704, "progress": "188/260", "status": "ok"}
Setting `pad_token_id` to `eos_token_id`:151645 for open-end generation.
{"cell": "internvl35_8b_budget54_seed31_strict65_p0_correct_letterbox54", "latency_seconds": 3.894241513684392, "peak_allocated_bytes": 82465369088, "progress": "189/260", "status": "ok"}
Setting `pad_token_id` to `eos_token_id`:151645 for open-end generation.
{"cell": "internvl35_8b_budget54_seed31_strict65_p0_correct_letterbox54", "latency_seconds": 3.883290304802358, "peak_allocated_bytes": 82391567360, "progress": "190/260", "status": "ok"}
Setting `pad_token_id` to `eos_token_id`:151645 for open-end generation.
{"cell": "internvl35_8b_budget54_seed31_strict65_p0_correct_letterbox54", "latency_seconds": 3.890879914164543, "peak_allocated_bytes": 82465369088, "progress": "191/260", "status": "ok"}
Setting `pad_token_id` to `eos_token_id`:151645 for open-end generation.
{"cell": "internvl35_8b_budget54_seed31_strict65_p0_correct_letterbox54", "latency_seconds": 3.8283977061510086, "peak_allocated_bytes": 82409887744, "progress": "192/260", "status": "ok"}
Setting `pad_token_id` to `eos_token_id`:151645 for open-end generation.
{"cell": "internvl35_8b_budget54_seed31_strict65_p0_correct_letterbox54", "latency_seconds": 3.891036353074014, "peak_allocated_bytes": 82501531136, "progress": "193/260", "status": "ok"}
Setting `pad_token_id` to `eos_token_id`:151645 for open-end generation.
{"cell": "internvl35_8b_budget54_seed31_strict65_p0_correct_letterbox54", "latency_seconds": 4.41190392896533, "peak_allocated_bytes": 82382408704, "progress": "194/260", "status": "ok"}
Setting `pad_token_id` to `eos_token_id`:151645 for open-end generation.
{"cell": "internvl35_8b_budget54_seed31_strict65_p0_correct_letterbox54", "latency_seconds": 4.420852463692427, "peak_allocated_bytes": 82455702528, "progress": "195/260", "status": "ok"}
Setting `pad_token_id` to `eos_token_id`:151645 for open-end generation.
{"cell": "internvl35_8b_budget54_seed31_strict65_p0_correct_letterbox54", "latency_seconds": 4.9151660818606615, "peak_allocated_bytes": 82391567360, "progress": "196/260", "status": "ok"}
Setting `pad_token_id` to `eos_token_id`:151645 for open-end generation.
{"cell": "internvl35_8b_budget54_seed31_strict65_p0_correct_letterbox54", "latency_seconds": 4.446368625387549, "peak_allocated_bytes": 82492365312, "progress": "197/260", "status": "ok"}
Setting `pad_token_id` to `eos_token_id`:151645 for open-end generation.
{"cell": "internvl35_8b_budget54_seed31_strict65_p0_correct_letterbox54", "latency_seconds": 3.88227594550699, "peak_allocated_bytes": 82391567360, "progress": "198/260", "status": "ok"}
Setting `pad_token_id` to `eos_token_id`:151645 for open-end generation.
{"cell": "internvl35_8b_budget54_seed31_strict65_p0_correct_letterbox54", "latency_seconds": 3.8831134559586644, "peak_allocated_bytes": 82428211712, "progress": "199/260", "status": "ok"}
Setting `pad_token_id` to `eos_token_id`:151645 for open-end generation.
{"cell": "internvl35_8b_budget54_seed31_strict65_p0_correct_letterbox54", "latency_seconds": 4.650790631771088, "peak_allocated_bytes": 82437375488, "progress": "200/260", "status": "ok"}
Setting `pad_token_id` to `eos_token_id`:151645 for open-end generation.
{"cell": "internvl35_8b_budget54_seed31_strict65_p0_correct_letterbox54", "latency_seconds": 4.95918455440551, "peak_allocated_bytes": 82566225408, "progress": "201/260", "status": "ok"}
Setting `pad_token_id` to `eos_token_id`:151645 for open-end generation.
{"cell": "internvl35_8b_budget54_seed31_strict65_p0_correct_letterbox54", "latency_seconds": 4.415434883907437, "peak_allocated_bytes": 82382408704, "progress": "202/260", "status": "ok"}
Setting `pad_token_id` to `eos_token_id`:151645 for open-end generation.
{"cell": "internvl35_8b_budget54_seed31_strict65_p0_correct_letterbox54", "latency_seconds": 3.891733738593757, "peak_allocated_bytes": 82465369088, "progress": "203/260", "status": "ok"}
Setting `pad_token_id` to `eos_token_id`:151645 for open-end generation.
{"cell": "internvl35_8b_budget54_seed31_strict65_p0_correct_letterbox54", "latency_seconds": 4.704059034585953, "peak_allocated_bytes": 82400728576, "progress": "204/260", "status": "ok"}
Setting `pad_token_id` to `eos_token_id`:151645 for open-end generation.
{"cell": "internvl35_8b_budget54_seed31_strict65_p0_correct_letterbox54", "latency_seconds": 4.612766190432012, "peak_allocated_bytes": 82501531136, "progress": "205/260", "status": "ok"}
Setting `pad_token_id` to `eos_token_id`:151645 for open-end generation.
{"cell": "internvl35_8b_budget54_seed31_strict65_p0_correct_letterbox54", "latency_seconds": 4.428564437665045, "peak_allocated_bytes": 82345777152, "progress": "206/260", "status": "ok"}
Setting `pad_token_id` to `eos_token_id`:151645 for open-end generation.
{"cell": "internvl35_8b_budget54_seed31_strict65_p0_correct_letterbox54", "latency_seconds": 4.394788363017142, "peak_allocated_bytes": 82419050496, "progress": "207/260", "status": "ok"}
Setting `pad_token_id` to `eos_token_id`:151645 for open-end generation.
{"cell": "internvl35_8b_budget54_seed31_strict65_p0_correct_letterbox54", "latency_seconds": 4.556266327388585, "peak_allocated_bytes": 82382408704, "progress": "208/260", "status": "ok"}
Setting `pad_token_id` to `eos_token_id`:151645 for open-end generation.
{"cell": "internvl35_8b_budget54_seed31_strict65_p0_correct_letterbox54", "latency_seconds": 3.889093177393079, "peak_allocated_bytes": 82465369088, "progress": "209/260", "status": "ok"}
Setting `pad_token_id` to `eos_token_id`:151645 for open-end generation.
{"cell": "internvl35_8b_budget54_seed31_strict65_p0_correct_letterbox54", "latency_seconds": 3.8851689994335175, "peak_allocated_bytes": 82354933248, "progress": "210/260", "status": "ok"}
Setting `pad_token_id` to `eos_token_id`:151645 for open-end generation.
{"cell": "internvl35_8b_budget54_seed31_strict65_p0_correct_letterbox54", "latency_seconds": 3.8845197120681405, "peak_allocated_bytes": 82428211712, "progress": "211/260", "status": "ok"}
Setting `pad_token_id` to `eos_token_id`:151645 for open-end generation.
{"cell": "internvl35_8b_budget54_seed31_strict65_p0_correct_letterbox54", "latency_seconds": 3.599615260027349, "peak_allocated_bytes": 82409887744, "progress": "212/260", "status": "ok"}
Setting `pad_token_id` to `eos_token_id`:151645 for open-end generation.
{"cell": "internvl35_8b_budget54_seed31_strict65_p0_correct_letterbox54", "latency_seconds": 3.9063880275934935, "peak_allocated_bytes": 82519867392, "progress": "213/260", "status": "ok"}
Setting `pad_token_id` to `eos_token_id`:151645 for open-end generation.
{"cell": "internvl35_8b_budget54_seed31_strict65_p0_correct_letterbox54", "latency_seconds": 3.872660268098116, "peak_allocated_bytes": 82373249024, "progress": "214/260", "status": "ok"}
Setting `pad_token_id` to `eos_token_id`:151645 for open-end generation.
{"cell": "internvl35_8b_budget54_seed31_strict65_p0_correct_letterbox54", "latency_seconds": 4.429903558455408, "peak_allocated_bytes": 82474032640, "progress": "215/260", "status": "ok"}
Setting `pad_token_id` to `eos_token_id`:151645 for open-end generation.
{"cell": "internvl35_8b_budget54_seed31_strict65_p0_correct_letterbox54", "latency_seconds": 4.74008250143379, "peak_allocated_bytes": 82400728576, "progress": "216/260", "status": "ok"}
Setting `pad_token_id` to `eos_token_id`:151645 for open-end generation.
{"cell": "internvl35_8b_budget54_seed31_strict65_p0_correct_letterbox54", "latency_seconds": 4.449828535318375, "peak_allocated_bytes": 82455702528, "progress": "217/260", "status": "ok"}
Setting `pad_token_id` to `eos_token_id`:151645 for open-end generation.
{"cell": "internvl35_8b_budget54_seed31_strict65_p0_correct_letterbox54", "latency_seconds": 4.413242073729634, "peak_allocated_bytes": 82382408704, "progress": "218/260", "status": "ok"}
Setting `pad_token_id` to `eos_token_id`:151645 for open-end generation.
{"cell": "internvl35_8b_budget54_seed31_strict65_p0_correct_letterbox54", "latency_seconds": 3.4226329792290926, "peak_allocated_bytes": 82409887744, "progress": "219/260", "status": "ok"}
Setting `pad_token_id` to `eos_token_id`:151645 for open-end generation.
{"cell": "internvl35_8b_budget54_seed31_strict65_p0_correct_letterbox54", "latency_seconds": 4.861263062804937, "peak_allocated_bytes": 82419050496, "progress": "220/260", "status": "ok"}
Setting `pad_token_id` to `eos_token_id`:151645 for open-end generation.
{"cell": "internvl35_8b_budget54_seed31_strict65_p0_correct_letterbox54", "latency_seconds": 3.9031656365841627, "peak_allocated_bytes": 82519867392, "progress": "221/260", "status": "ok"}
Setting `pad_token_id` to `eos_token_id`:151645 for open-end generation.
{"cell": "internvl35_8b_budget54_seed31_strict65_p0_correct_letterbox54", "latency_seconds": 3.881975097581744, "peak_allocated_bytes": 82318309376, "progress": "222/260", "status": "ok"}
Setting `pad_token_id` to `eos_token_id`:151645 for open-end generation.
{"cell": "internvl35_8b_budget54_seed31_strict65_p0_correct_letterbox54", "latency_seconds": 4.419358430430293, "peak_allocated_bytes": 82437375488, "progress": "223/260", "status": "ok"}
Setting `pad_token_id` to `eos_token_id`:151645 for open-end generation.
{"cell": "internvl35_8b_budget54_seed31_strict65_p0_correct_letterbox54", "latency_seconds": 4.845237733796239, "peak_allocated_bytes": 82400728576, "progress": "224/260", "status": "ok"}
Setting `pad_token_id` to `eos_token_id`:151645 for open-end generation.
{"cell": "internvl35_8b_budget54_seed31_strict65_p0_correct_letterbox54", "latency_seconds": 4.423604640178382, "peak_allocated_bytes": 82548198912, "progress": "225/260", "status": "ok"}
Setting `pad_token_id` to `eos_token_id`:151645 for open-end generation.
{"cell": "internvl35_8b_budget54_seed31_strict65_p0_correct_letterbox54", "latency_seconds": 3.879775481298566, "peak_allocated_bytes": 82391567360, "progress": "226/260", "status": "ok"}
Setting `pad_token_id` to `eos_token_id`:151645 for open-end generation.
{"cell": "internvl35_8b_budget54_seed31_strict65_p0_correct_letterbox54", "latency_seconds": 4.42964131757617, "peak_allocated_bytes": 82474032640, "progress": "227/260", "status": "ok"}
Setting `pad_token_id` to `eos_token_id`:151645 for open-end generation.
{"cell": "internvl35_8b_budget54_seed31_strict65_p0_correct_letterbox54", "latency_seconds": 4.656758674420416, "peak_allocated_bytes": 82474032640, "progress": "228/260", "status": "ok"}
Setting `pad_token_id` to `eos_token_id`:151645 for open-end generation.
{"cell": "internvl35_8b_budget54_seed31_strict65_p0_correct_letterbox54", "latency_seconds": 3.8922026297077537, "peak_allocated_bytes": 82501531136, "progress": "229/260", "status": "ok"}
Setting `pad_token_id` to `eos_token_id`:151645 for open-end generation.
{"cell": "internvl35_8b_budget54_seed31_strict65_p0_correct_letterbox54", "latency_seconds": 3.8847698345780373, "peak_allocated_bytes": 82318309376, "progress": "230/260", "status": "ok"}
Setting `pad_token_id` to `eos_token_id`:151645 for open-end generation.
{"cell": "internvl35_8b_budget54_seed31_strict65_p0_correct_letterbox54", "latency_seconds": 3.4989088997244835, "peak_allocated_bytes": 82483197440, "progress": "231/260", "status": "ok"}
Setting `pad_token_id` to `eos_token_id`:151645 for open-end generation.
{"cell": "internvl35_8b_budget54_seed31_strict65_p0_correct_letterbox54", "latency_seconds": 4.58573430404067, "peak_allocated_bytes": 82382408704, "progress": "232/260", "status": "ok"}
Setting `pad_token_id` to `eos_token_id`:151645 for open-end generation.
{"cell": "internvl35_8b_budget54_seed31_strict65_p0_correct_letterbox54", "latency_seconds": 4.4922484355047345, "peak_allocated_bytes": 82501531136, "progress": "233/260", "status": "ok"}
Setting `pad_token_id` to `eos_token_id`:151645 for open-end generation.
{"cell": "internvl35_8b_budget54_seed31_strict65_p0_correct_letterbox54", "latency_seconds": 3.428064242005348, "peak_allocated_bytes": 82409887744, "progress": "234/260", "status": "ok"}
Setting `pad_token_id` to `eos_token_id`:151645 for open-end generation.
{"cell": "internvl35_8b_budget54_seed31_strict65_p0_correct_letterbox54", "latency_seconds": 4.422516577877104, "peak_allocated_bytes": 82437375488, "progress": "235/260", "status": "ok"}
Setting `pad_token_id` to `eos_token_id`:151645 for open-end generation.
{"cell": "internvl35_8b_budget54_seed31_strict65_p0_correct_letterbox54", "latency_seconds": 4.588914220221341, "peak_allocated_bytes": 82382408704, "progress": "236/260", "status": "ok"}
Setting `pad_token_id` to `eos_token_id`:151645 for open-end generation.
{"cell": "internvl35_8b_budget54_seed31_strict65_p0_correct_letterbox54", "latency_seconds": 4.454521062783897, "peak_allocated_bytes": 82529037824, "progress": "237/260", "status": "ok"}
Setting `pad_token_id` to `eos_token_id`:151645 for open-end generation.
{"cell": "internvl35_8b_budget54_seed31_strict65_p0_correct_letterbox54", "latency_seconds": 4.41537397261709, "peak_allocated_bytes": 82382408704, "progress": "238/260", "status": "ok"}
Setting `pad_token_id` to `eos_token_id`:151645 for open-end generation.
{"cell": "internvl35_8b_budget54_seed31_strict65_p0_correct_letterbox54", "latency_seconds": 4.389110303483903, "peak_allocated_bytes": 82419050496, "progress": "239/260", "status": "ok"}
Setting `pad_token_id` to `eos_token_id`:151645 for open-end generation.
{"cell": "internvl35_8b_budget54_seed31_strict65_p0_correct_letterbox54", "latency_seconds": 4.110381261445582, "peak_allocated_bytes": 82409887744, "progress": "240/260", "status": "ok"}
Setting `pad_token_id` to `eos_token_id`:151645 for open-end generation.
{"cell": "internvl35_8b_budget54_seed31_strict65_p0_correct_letterbox54", "latency_seconds": 4.425251521170139, "peak_allocated_bytes": 82492365312, "progress": "241/260", "status": "ok"}
Setting `pad_token_id` to `eos_token_id`:151645 for open-end generation.
{"cell": "internvl35_8b_budget54_seed31_strict65_p0_correct_letterbox54", "latency_seconds": 4.417614166624844, "peak_allocated_bytes": 82382408704, "progress": "242/260", "status": "ok"}
Setting `pad_token_id` to `eos_token_id`:151645 for open-end generation.
{"cell": "internvl35_8b_budget54_seed31_strict65_p0_correct_letterbox54", "latency_seconds": 3.881713727489114, "peak_allocated_bytes": 82428211712, "progress": "243/260", "status": "ok"}
Setting `pad_token_id` to `eos_token_id`:151645 for open-end generation.
{"cell": "internvl35_8b_budget54_seed31_strict65_p0_correct_letterbox54", "latency_seconds": 4.39223652984947, "peak_allocated_bytes": 82400728576, "progress": "244/260", "status": "ok"}
Setting `pad_token_id` to `eos_token_id`:151645 for open-end generation.
{"cell": "internvl35_8b_budget54_seed31_strict65_p0_correct_letterbox54", "latency_seconds": 5.089772050268948, "peak_allocated_bytes": 82539185664, "progress": "245/260", "status": "ok"}
Setting `pad_token_id` to `eos_token_id`:151645 for open-end generation.
{"cell": "internvl35_8b_budget54_seed31_strict65_p0_correct_letterbox54", "latency_seconds": 3.8824243377894163, "peak_allocated_bytes": 82391567360, "progress": "246/260", "status": "ok"}
Setting `pad_token_id` to `eos_token_id`:151645 for open-end generation.
{"cell": "internvl35_8b_budget54_seed31_strict65_p0_correct_letterbox54", "latency_seconds": 4.422881316393614, "peak_allocated_bytes": 82474032640, "progress": "247/260", "status": "ok"}
Setting `pad_token_id` to `eos_token_id`:151645 for open-end generation.
{"cell": "internvl35_8b_budget54_seed31_strict65_p0_correct_letterbox54", "latency_seconds": 4.484410258941352, "peak_allocated_bytes": 82391567360, "progress": "248/260", "status": "ok"}
Setting `pad_token_id` to `eos_token_id`:151645 for open-end generation.
{"cell": "internvl35_8b_budget54_seed31_strict65_p0_correct_letterbox54", "latency_seconds": 4.604986387304962, "peak_allocated_bytes": 82501531136, "progress": "249/260", "status": "ok"}
Setting `pad_token_id` to `eos_token_id`:151645 for open-end generation.
{"cell": "internvl35_8b_budget54_seed31_strict65_p0_correct_letterbox54", "latency_seconds": 4.414020702242851, "peak_allocated_bytes": 82382408704, "progress": "250/260", "status": "ok"}
Setting `pad_token_id` to `eos_token_id`:151645 for open-end generation.
{"cell": "internvl35_8b_budget54_seed31_strict65_p0_correct_letterbox54", "latency_seconds": 4.417665735818446, "peak_allocated_bytes": 82437375488, "progress": "251/260", "status": "ok"}
Setting `pad_token_id` to `eos_token_id`:151645 for open-end generation.
{"cell": "internvl35_8b_budget54_seed31_strict65_p0_correct_letterbox54", "latency_seconds": 4.587097723968327, "peak_allocated_bytes": 82364091904, "progress": "252/260", "status": "ok"}
Setting `pad_token_id` to `eos_token_id`:151645 for open-end generation.
{"cell": "internvl35_8b_budget54_seed31_strict65_p0_correct_letterbox54", "latency_seconds": 3.895092597231269, "peak_allocated_bytes": 82501531136, "progress": "253/260", "status": "ok"}
Setting `pad_token_id` to `eos_token_id`:151645 for open-end generation.
{"cell": "internvl35_8b_budget54_seed31_strict65_p0_correct_letterbox54", "latency_seconds": 3.8878578282892704, "peak_allocated_bytes": 82354933248, "progress": "254/260", "status": "ok"}
Setting `pad_token_id` to `eos_token_id`:151645 for open-end generation.
{"cell": "internvl35_8b_budget54_seed31_strict65_p0_correct_letterbox54", "latency_seconds": 4.423170033842325, "peak_allocated_bytes": 82474032640, "progress": "255/260", "status": "ok"}
Setting `pad_token_id` to `eos_token_id`:151645 for open-end generation.
{"cell": "internvl35_8b_budget54_seed31_strict65_p0_correct_letterbox54", "latency_seconds": 3.8231032686308026, "peak_allocated_bytes": 82409887744, "progress": "256/260", "status": "ok"}
Setting `pad_token_id` to `eos_token_id`:151645 for open-end generation.
{"cell": "internvl35_8b_budget54_seed31_strict65_p0_correct_letterbox54", "latency_seconds": 5.319442488253117, "peak_allocated_bytes": 82492365312, "progress": "257/260", "status": "ok"}
Setting `pad_token_id` to `eos_token_id`:151645 for open-end generation.
{"cell": "internvl35_8b_budget54_seed31_strict65_p0_correct_letterbox54", "latency_seconds": 4.411828187294304, "peak_allocated_bytes": 82309164544, "progress": "258/260", "status": "ok"}
Setting `pad_token_id` to `eos_token_id`:151645 for open-end generation.
{"cell": "internvl35_8b_budget54_seed31_strict65_p0_correct_letterbox54", "latency_seconds": 3.4203940583392978, "peak_allocated_bytes": 82409887744, "progress": "259/260", "status": "ok"}
Setting `pad_token_id` to `eos_token_id`:151645 for open-end generation.
{"cell": "internvl35_8b_budget54_seed31_strict65_p0_correct_letterbox54", "latency_seconds": 4.650340874679387, "peak_allocated_bytes": 82400728576, "progress": "260/260", "status": "ok"}
Setting `pad_token_id` to `eos_token_id`:151645 for open-end generation.
{"cell": "internvl35_8b_budget54_seed31_strict65_p0_shuffled_letterbox54", "latency_seconds": 3.9164063911885023, "peak_allocated_bytes": 82465369088, "progress": "1/260", "status": "ok"}
Setting `pad_token_id` to `eos_token_id`:151645 for open-end generation.
{"cell": "internvl35_8b_budget54_seed31_strict65_p0_shuffled_letterbox54", "latency_seconds": 3.8880448266863823, "peak_allocated_bytes": 82354933248, "progress": "2/260", "status": "ok"}
Setting `pad_token_id` to `eos_token_id`:151645 for open-end generation.
{"cell": "internvl35_8b_budget54_seed31_strict65_p0_shuffled_letterbox54", "latency_seconds": 3.8803791059181094, "peak_allocated_bytes": 82428211712, "progress": "3/260", "status": "ok"}
Setting `pad_token_id` to `eos_token_id`:151645 for open-end generation.
{"cell": "internvl35_8b_budget54_seed31_strict65_p0_shuffled_letterbox54", "latency_seconds": 3.8330953754484653, "peak_allocated_bytes": 82409887744, "progress": "4/260", "status": "ok"}
Setting `pad_token_id` to `eos_token_id`:151645 for open-end generation.
{"cell": "internvl35_8b_budget54_seed31_strict65_p0_shuffled_letterbox54", "latency_seconds": 3.9145309161394835, "peak_allocated_bytes": 82465369088, "progress": "5/260", "status": "ok"}
Setting `pad_token_id` to `eos_token_id`:151645 for open-end generation.
{"cell": "internvl35_8b_budget54_seed31_strict65_p0_shuffled_letterbox54", "latency_seconds": 3.8820821354165673, "peak_allocated_bytes": 82318309376, "progress": "6/260", "status": "ok"}
Setting `pad_token_id` to `eos_token_id`:151645 for open-end generation.
{"cell": "internvl35_8b_budget54_seed31_strict65_p0_shuffled_letterbox54", "latency_seconds": 4.389804785139859, "peak_allocated_bytes": 82419050496, "progress": "7/260", "status": "ok"}
Setting `pad_token_id` to `eos_token_id`:151645 for open-end generation.
{"cell": "internvl35_8b_budget54_seed31_strict65_p0_shuffled_letterbox54", "latency_seconds": 3.8257140144705772, "peak_allocated_bytes": 82409887744, "progress": "8/260", "status": "ok"}
Setting `pad_token_id` to `eos_token_id`:151645 for open-end generation.
{"cell": "internvl35_8b_budget54_seed31_strict65_p0_shuffled_letterbox54", "latency_seconds": 5.267478604800999, "peak_allocated_bytes": 82548198912, "progress": "9/260", "status": "ok"}
Setting `pad_token_id` to `eos_token_id`:151645 for open-end generation.
{"cell": "internvl35_8b_budget54_seed31_strict65_p0_shuffled_letterbox54", "latency_seconds": 3.870982744731009, "peak_allocated_bytes": 82373249024, "progress": "10/260", "status": "ok"}
Setting `pad_token_id` to `eos_token_id`:151645 for open-end generation.
{"cell": "internvl35_8b_budget54_seed31_strict65_p0_shuffled_letterbox54", "latency_seconds": 3.889514190144837, "peak_allocated_bytes": 82465369088, "progress": "11/260", "status": "ok"}
Setting `pad_token_id` to `eos_token_id`:151645 for open-end generation.
{"cell": "internvl35_8b_budget54_seed31_strict65_p0_shuffled_letterbox54", "latency_seconds": 4.546781704761088, "peak_allocated_bytes": 82419050496, "progress": "12/260", "status": "ok"}
Setting `pad_token_id` to `eos_token_id`:151645 for open-end generation.
{"cell": "internvl35_8b_budget54_seed31_strict65_p0_shuffled_letterbox54", "latency_seconds": 4.426638022996485, "peak_allocated_bytes": 82510700032, "progress": "13/260", "status": "ok"}
Setting `pad_token_id` to `eos_token_id`:151645 for open-end generation.
{"cell": "internvl35_8b_budget54_seed31_strict65_p0_shuffled_letterbox54", "latency_seconds": 10.653394907712936, "peak_allocated_bytes": 82364091904, "progress": "14/260", "status": "ok"}
Setting `pad_token_id` to `eos_token_id`:151645 for open-end generation.
{"cell": "internvl35_8b_budget54_seed31_strict65_p0_shuffled_letterbox54", "latency_seconds": 4.41911034565419, "peak_allocated_bytes": 82455702528, "progress": "15/260", "status": "ok"}
Setting `pad_token_id` to `eos_token_id`:151645 for open-end generation.
{"cell": "internvl35_8b_budget54_seed31_strict65_p0_shuffled_letterbox54", "latency_seconds": 4.5636723237112164, "peak_allocated_bytes": 82400728576, "progress": "16/260", "status": "ok"}
Setting `pad_token_id` to `eos_token_id`:151645 for open-end generation.
{"cell": "internvl35_8b_budget54_seed31_strict65_p0_shuffled_letterbox54", "latency_seconds": 4.447971606627107, "peak_allocated_bytes": 82510700032, "progress": "17/260", "status": "ok"}
Setting `pad_token_id` to `eos_token_id`:151645 for open-end generation.
{"cell": "internvl35_8b_budget54_seed31_strict65_p0_shuffled_letterbox54", "latency_seconds": 3.423264542594552, "peak_allocated_bytes": 82409887744, "progress": "18/260", "status": "ok"}
Setting `pad_token_id` to `eos_token_id`:151645 for open-end generation.
{"cell": "internvl35_8b_budget54_seed31_strict65_p0_shuffled_letterbox54", "latency_seconds": 3.499845614656806, "peak_allocated_bytes": 82483197440, "progress": "19/260", "status": "ok"}
Setting `pad_token_id` to `eos_token_id`:151645 for open-end generation.
{"cell": "internvl35_8b_budget54_seed31_strict65_p0_shuffled_letterbox54", "latency_seconds": 4.063602336682379, "peak_allocated_bytes": 82465369088, "progress": "20/260", "status": "ok"}
Setting `pad_token_id` to `eos_token_id`:151645 for open-end generation.
{"cell": "internvl35_8b_budget54_seed31_strict65_p0_shuffled_letterbox54", "latency_seconds": 3.5293876100331545, "peak_allocated_bytes": 82483197440, "progress": "21/260", "status": "ok"}
Setting `pad_token_id` to `eos_token_id`:151645 for open-end generation.
{"cell": "internvl35_8b_budget54_seed31_strict65_p0_shuffled_letterbox54", "latency_seconds": 5.367562518455088, "peak_allocated_bytes": 82364091904, "progress": "22/260", "status": "ok"}
Setting `pad_token_id` to `eos_token_id`:151645 for open-end generation.
{"cell": "internvl35_8b_budget54_seed31_strict65_p0_shuffled_letterbox54", "latency_seconds": 4.3930004723370075, "peak_allocated_bytes": 82419050496, "progress": "23/260", "status": "ok"}
Setting `pad_token_id` to `eos_token_id`:151645 for open-end generation.
{"cell": "internvl35_8b_budget54_seed31_strict65_p0_shuffled_letterbox54", "latency_seconds": 4.590868735685945, "peak_allocated_bytes": 82364091904, "progress": "24/260", "status": "ok"}
Setting `pad_token_id` to `eos_token_id`:151645 for open-end generation.
{"cell": "internvl35_8b_budget54_seed31_strict65_p0_shuffled_letterbox54", "latency_seconds": 4.428134188055992, "peak_allocated_bytes": 82548198912, "progress": "25/260", "status": "ok"}
Setting `pad_token_id` to `eos_token_id`:151645 for open-end generation.
{"cell": "internvl35_8b_budget54_seed31_strict65_p0_shuffled_letterbox54", "latency_seconds": 4.41650194581598, "peak_allocated_bytes": 82382408704, "progress": "26/260", "status": "ok"}
Setting `pad_token_id` to `eos_token_id`:151645 for open-end generation.
{"cell": "internvl35_8b_budget54_seed31_strict65_p0_shuffled_letterbox54", "latency_seconds": 3.4236848074942827, "peak_allocated_bytes": 82409887744, "progress": "27/260", "status": "ok"}
Setting `pad_token_id` to `eos_token_id`:151645 for open-end generation.
{"cell": "internvl35_8b_budget54_seed31_strict65_p0_shuffled_letterbox54", "latency_seconds": 4.027417900040746, "peak_allocated_bytes": 82428211712, "progress": "28/260", "status": "ok"}
Setting `pad_token_id` to `eos_token_id`:151645 for open-end generation.
{"cell": "internvl35_8b_budget54_seed31_strict65_p0_shuffled_letterbox54", "latency_seconds": 5.194099291227758, "peak_allocated_bytes": 82529037824, "progress": "29/260", "status": "ok"}
Setting `pad_token_id` to `eos_token_id`:151645 for open-end generation.
{"cell": "internvl35_8b_budget54_seed31_strict65_p0_shuffled_letterbox54", "latency_seconds": 3.8757391162216663, "peak_allocated_bytes": 82373249024, "progress": "30/260", "status": "ok"}
Setting `pad_token_id` to `eos_token_id`:151645 for open-end generation.
{"cell": "internvl35_8b_budget54_seed31_strict65_p0_shuffled_letterbox54", "latency_seconds": 4.392822791822255, "peak_allocated_bytes": 82419050496, "progress": "31/260", "status": "ok"}
Setting `pad_token_id` to `eos_token_id`:151645 for open-end generation.
{"cell": "internvl35_8b_budget54_seed31_strict65_p0_shuffled_letterbox54", "latency_seconds": 5.850747796706855, "peak_allocated_bytes": 82391567360, "progress": "32/260", "status": "ok"}
Setting `pad_token_id` to `eos_token_id`:151645 for open-end generation.
{"cell": "internvl35_8b_budget54_seed31_strict65_p0_shuffled_letterbox54", "latency_seconds": 4.4469605553895235, "peak_allocated_bytes": 82510700032, "progress": "33/260", "status": "ok"}
Setting `pad_token_id` to `eos_token_id`:151645 for open-end generation.
{"cell": "internvl35_8b_budget54_seed31_strict65_p0_shuffled_letterbox54", "latency_seconds": 4.413412695750594, "peak_allocated_bytes": 82364091904, "progress": "34/260", "status": "ok"}
Setting `pad_token_id` to `eos_token_id`:151645 for open-end generation.
{"cell": "internvl35_8b_budget54_seed31_strict65_p0_shuffled_letterbox54", "latency_seconds": 3.8739692037925124, "peak_allocated_bytes": 82446537728, "progress": "35/260", "status": "ok"}
Setting `pad_token_id` to `eos_token_id`:151645 for open-end generation.
{"cell": "internvl35_8b_budget54_seed31_strict65_p0_shuffled_letterbox54", "latency_seconds": 5.374228356406093, "peak_allocated_bytes": 82446537728, "progress": "36/260", "status": "ok"}
Setting `pad_token_id` to `eos_token_id`:151645 for open-end generation.
{"cell": "internvl35_8b_budget54_seed31_strict65_p0_shuffled_letterbox54", "latency_seconds": 3.5023684464395046, "peak_allocated_bytes": 82483197440, "progress": "37/260", "status": "ok"}
Setting `pad_token_id` to `eos_token_id`:151645 for open-end generation.
{"cell": "internvl35_8b_budget54_seed31_strict65_p0_shuffled_letterbox54", "latency_seconds": 3.8813702696934342, "peak_allocated_bytes": 82391567360, "progress": "38/260", "status": "ok"}
Setting `pad_token_id` to `eos_token_id`:151645 for open-end generation.
{"cell": "internvl35_8b_budget54_seed31_strict65_p0_shuffled_letterbox54", "latency_seconds": 4.429578876122832, "peak_allocated_bytes": 82474032640, "progress": "39/260", "status": "ok"}
Setting `pad_token_id` to `eos_token_id`:151645 for open-end generation.
{"cell": "internvl35_8b_budget54_seed31_strict65_p0_shuffled_letterbox54", "latency_seconds": 4.601478170603514, "peak_allocated_bytes": 82474032640, "progress": "40/260", "status": "ok"}
Setting `pad_token_id` to `eos_token_id`:151645 for open-end generation.
{"cell": "internvl35_8b_budget54_seed31_strict65_p0_shuffled_letterbox54", "latency_seconds": 3.888973258435726, "peak_allocated_bytes": 82465369088, "progress": "41/260", "status": "ok"}
Setting `pad_token_id` to `eos_token_id`:151645 for open-end generation.
{"cell": "internvl35_8b_budget54_seed31_strict65_p0_shuffled_letterbox54", "latency_seconds": 4.418599803932011, "peak_allocated_bytes": 82382408704, "progress": "42/260", "status": "ok"}
Setting `pad_token_id` to `eos_token_id`:151645 for open-end generation.
{"cell": "internvl35_8b_budget54_seed31_strict65_p0_shuffled_letterbox54", "latency_seconds": 3.8721082666888833, "peak_allocated_bytes": 82446537728, "progress": "43/260", "status": "ok"}
Setting `pad_token_id` to `eos_token_id`:151645 for open-end generation.
{"cell": "internvl35_8b_budget54_seed31_strict65_p0_shuffled_letterbox54", "latency_seconds": 4.813881972804666, "peak_allocated_bytes": 82382408704, "progress": "44/260", "status": "ok"}
Setting `pad_token_id` to `eos_token_id`:151645 for open-end generation.
{"cell": "internvl35_8b_budget54_seed31_strict65_p0_shuffled_letterbox54", "latency_seconds": 3.9214863078668714, "peak_allocated_bytes": 82501531136, "progress": "45/260", "status": "ok"}
Setting `pad_token_id` to `eos_token_id`:151645 for open-end generation.
{"cell": "internvl35_8b_budget54_seed31_strict65_p0_shuffled_letterbox54", "latency_seconds": 3.8834525402635336, "peak_allocated_bytes": 82354933248, "progress": "46/260", "status": "ok"}
Setting `pad_token_id` to `eos_token_id`:151645 for open-end generation.
{"cell": "internvl35_8b_budget54_seed31_strict65_p0_shuffled_letterbox54", "latency_seconds": 4.3893335442990065, "peak_allocated_bytes": 82419050496, "progress": "47/260", "status": "ok"}
Setting `pad_token_id` to `eos_token_id`:151645 for open-end generation.
{"cell": "internvl35_8b_budget54_seed31_strict65_p0_shuffled_letterbox54", "latency_seconds": 3.5702358968555927, "peak_allocated_bytes": 82409887744, "progress": "48/260", "status": "ok"}
Setting `pad_token_id` to `eos_token_id`:151645 for open-end generation.
{"cell": "internvl35_8b_budget54_seed31_strict65_p0_shuffled_letterbox54", "latency_seconds": 4.526592116802931, "peak_allocated_bytes": 82465369088, "progress": "49/260", "status": "ok"}
Setting `pad_token_id` to `eos_token_id`:151645 for open-end generation.
{"cell": "internvl35_8b_budget54_seed31_strict65_p0_shuffled_letterbox54", "latency_seconds": 3.879354279488325, "peak_allocated_bytes": 82391567360, "progress": "50/260", "status": "ok"}
Setting `pad_token_id` to `eos_token_id`:151645 for open-end generation.
{"cell": "internvl35_8b_budget54_seed31_strict65_p0_shuffled_letterbox54", "latency_seconds": 3.5009243302047253, "peak_allocated_bytes": 82483197440, "progress": "51/260", "status": "ok"}
Setting `pad_token_id` to `eos_token_id`:151645 for open-end generation.
{"cell": "internvl35_8b_budget54_seed31_strict65_p0_shuffled_letterbox54", "latency_seconds": 4.419765891507268, "peak_allocated_bytes": 82437375488, "progress": "52/260", "status": "ok"}
Setting `pad_token_id` to `eos_token_id`:151645 for open-end generation.
{"cell": "internvl35_8b_budget54_seed31_strict65_p0_shuffled_letterbox54", "latency_seconds": 5.14161136187613, "peak_allocated_bytes": 82510700032, "progress": "53/260", "status": "ok"}
Setting `pad_token_id` to `eos_token_id`:151645 for open-end generation.
{"cell": "internvl35_8b_budget54_seed31_strict65_p0_shuffled_letterbox54", "latency_seconds": 3.878941709175706, "peak_allocated_bytes": 82391567360, "progress": "54/260", "status": "ok"}
Setting `pad_token_id` to `eos_token_id`:151645 for open-end generation.
{"cell": "internvl35_8b_budget54_seed31_strict65_p0_shuffled_letterbox54", "latency_seconds": 3.424975000321865, "peak_allocated_bytes": 82409887744, "progress": "55/260", "status": "ok"}
Setting `pad_token_id` to `eos_token_id`:151645 for open-end generation.
{"cell": "internvl35_8b_budget54_seed31_strict65_p0_shuffled_letterbox54", "latency_seconds": 5.044155918061733, "peak_allocated_bytes": 82364091904, "progress": "56/260", "status": "ok"}
Setting `pad_token_id` to `eos_token_id`:151645 for open-end generation.
{"cell": "internvl35_8b_budget54_seed31_strict65_p0_shuffled_letterbox54", "latency_seconds": 4.440783124417067, "peak_allocated_bytes": 82548198912, "progress": "57/260", "status": "ok"}
Setting `pad_token_id` to `eos_token_id`:151645 for open-end generation.
{"cell": "internvl35_8b_budget54_seed31_strict65_p0_shuffled_letterbox54", "latency_seconds": 3.8702773274853826, "peak_allocated_bytes": 82373249024, "progress": "58/260", "status": "ok"}
Setting `pad_token_id` to `eos_token_id`:151645 for open-end generation.
{"cell": "internvl35_8b_budget54_seed31_strict65_p0_shuffled_letterbox54", "latency_seconds": 4.394198440946639, "peak_allocated_bytes": 82419050496, "progress": "59/260", "status": "ok"}
Setting `pad_token_id` to `eos_token_id`:151645 for open-end generation.
{"cell": "internvl35_8b_budget54_seed31_strict65_p0_shuffled_letterbox54", "latency_seconds": 4.770079226233065, "peak_allocated_bytes": 82419050496, "progress": "60/260", "status": "ok"}
Setting `pad_token_id` to `eos_token_id`:151645 for open-end generation.
{"cell": "internvl35_8b_budget54_seed31_strict65_p0_shuffled_letterbox54", "latency_seconds": 5.677936908788979, "peak_allocated_bytes": 82510700032, "progress": "61/260", "status": "ok"}
Setting `pad_token_id` to `eos_token_id`:151645 for open-end generation.
{"cell": "internvl35_8b_budget54_seed31_strict65_p0_shuffled_letterbox54", "latency_seconds": 3.4893162669613957, "peak_allocated_bytes": 82336620032, "progress": "62/260", "status": "ok"}
Setting `pad_token_id` to `eos_token_id`:151645 for open-end generation.
{"cell": "internvl35_8b_budget54_seed31_strict65_p0_shuffled_letterbox54", "latency_seconds": 3.8832309134304523, "peak_allocated_bytes": 82428211712, "progress": "63/260", "status": "ok"}
Setting `pad_token_id` to `eos_token_id`:151645 for open-end generation.
{"cell": "internvl35_8b_budget54_seed31_strict65_p0_shuffled_letterbox54", "latency_seconds": 4.968279039487243, "peak_allocated_bytes": 82428211712, "progress": "64/260", "status": "ok"}
Setting `pad_token_id` to `eos_token_id`:151645 for open-end generation.
{"cell": "internvl35_8b_budget54_seed31_strict65_p0_shuffled_letterbox54", "latency_seconds": 4.814727261662483, "peak_allocated_bytes": 82483197440, "progress": "65/260", "status": "ok"}
Setting `pad_token_id` to `eos_token_id`:151645 for open-end generation.
{"cell": "internvl35_8b_budget54_seed31_strict65_p0_shuffled_letterbox54", "latency_seconds": 4.38982392475009, "peak_allocated_bytes": 82400728576, "progress": "66/260", "status": "ok"}
Setting `pad_token_id` to `eos_token_id`:151645 for open-end generation.
{"cell": "internvl35_8b_budget54_seed31_strict65_p0_shuffled_letterbox54", "latency_seconds": 4.422018275596201, "peak_allocated_bytes": 82455702528, "progress": "67/260", "status": "ok"}
Setting `pad_token_id` to `eos_token_id`:151645 for open-end generation.
{"cell": "internvl35_8b_budget54_seed31_strict65_p0_shuffled_letterbox54", "latency_seconds": 5.388164524920285, "peak_allocated_bytes": 82437375488, "progress": "68/260", "status": "ok"}
Setting `pad_token_id` to `eos_token_id`:151645 for open-end generation.
{"cell": "internvl35_8b_budget54_seed31_strict65_p0_shuffled_letterbox54", "latency_seconds": 3.5015095844864845, "peak_allocated_bytes": 82483197440, "progress": "69/260", "status": "ok"}
Setting `pad_token_id` to `eos_token_id`:151645 for open-end generation.
{"cell": "internvl35_8b_budget54_seed31_strict65_p0_shuffled_letterbox54", "latency_seconds": 4.415941453538835, "peak_allocated_bytes": 82382408704, "progress": "70/260", "status": "ok"}
Setting `pad_token_id` to `eos_token_id`:151645 for open-end generation.
{"cell": "internvl35_8b_budget54_seed31_strict65_p0_shuffled_letterbox54", "latency_seconds": 4.429308287799358, "peak_allocated_bytes": 82474032640, "progress": "71/260", "status": "ok"}
Setting `pad_token_id` to `eos_token_id`:151645 for open-end generation.
{"cell": "internvl35_8b_budget54_seed31_strict65_p0_shuffled_letterbox54", "latency_seconds": 8.512351726181805, "peak_allocated_bytes": 82382408704, "progress": "72/260", "status": "ok"}
Setting `pad_token_id` to `eos_token_id`:151645 for open-end generation.
{"cell": "internvl35_8b_budget54_seed31_strict65_p0_shuffled_letterbox54", "latency_seconds": 4.987906998023391, "peak_allocated_bytes": 82539185664, "progress": "73/260", "status": "ok"}
Setting `pad_token_id` to `eos_token_id`:151645 for open-end generation.
{"cell": "internvl35_8b_budget54_seed31_strict65_p0_shuffled_letterbox54", "latency_seconds": 3.4244295116513968, "peak_allocated_bytes": 82409887744, "progress": "74/260", "status": "ok"}
Setting `pad_token_id` to `eos_token_id`:151645 for open-end generation.
{"cell": "internvl35_8b_budget54_seed31_strict65_p0_shuffled_letterbox54", "latency_seconds": 3.8911710903048515, "peak_allocated_bytes": 82465369088, "progress": "75/260", "status": "ok"}
Setting `pad_token_id` to `eos_token_id`:151645 for open-end generation.
{"cell": "internvl35_8b_budget54_seed31_strict65_p0_shuffled_letterbox54", "latency_seconds": 5.0371761796996, "peak_allocated_bytes": 82419050496, "progress": "76/260", "status": "ok"}
Setting `pad_token_id` to `eos_token_id`:151645 for open-end generation.
{"cell": "internvl35_8b_budget54_seed31_strict65_p0_shuffled_letterbox54", "latency_seconds": 3.509986285120249, "peak_allocated_bytes": 82557210624, "progress": "77/260", "status": "ok"}
Setting `pad_token_id` to `eos_token_id`:151645 for open-end generation.
{"cell": "internvl35_8b_budget54_seed31_strict65_p0_shuffled_letterbox54", "latency_seconds": 4.417556796222925, "peak_allocated_bytes": 82382408704, "progress": "78/260", "status": "ok"}
Setting `pad_token_id` to `eos_token_id`:151645 for open-end generation.
{"cell": "internvl35_8b_budget54_seed31_strict65_p0_shuffled_letterbox54", "latency_seconds": 3.8885638434439898, "peak_allocated_bytes": 82465369088, "progress": "79/260", "status": "ok"}
Setting `pad_token_id` to `eos_token_id`:151645 for open-end generation.
{"cell": "internvl35_8b_budget54_seed31_strict65_p0_shuffled_letterbox54", "latency_seconds": 4.596281240694225, "peak_allocated_bytes": 82391567360, "progress": "80/260", "status": "ok"}
Setting `pad_token_id` to `eos_token_id`:151645 for open-end generation.
{"cell": "internvl35_8b_budget54_seed31_strict65_p0_shuffled_letterbox54", "latency_seconds": 4.4275906682014465, "peak_allocated_bytes": 82492365312, "progress": "81/260", "status": "ok"}
Setting `pad_token_id` to `eos_token_id`:151645 for open-end generation.
{"cell": "internvl35_8b_budget54_seed31_strict65_p0_shuffled_letterbox54", "latency_seconds": 4.416455807164311, "peak_allocated_bytes": 82345777152, "progress": "82/260", "status": "ok"}
Setting `pad_token_id` to `eos_token_id`:151645 for open-end generation.
{"cell": "internvl35_8b_budget54_seed31_strict65_p0_shuffled_letterbox54", "latency_seconds": 4.423818594776094, "peak_allocated_bytes": 82474032640, "progress": "83/260", "status": "ok"}
Setting `pad_token_id` to `eos_token_id`:151645 for open-end generation.
{"cell": "internvl35_8b_budget54_seed31_strict65_p0_shuffled_letterbox54", "latency_seconds": 5.046047133393586, "peak_allocated_bytes": 82382408704, "progress": "84/260", "status": "ok"}
Setting `pad_token_id` to `eos_token_id`:151645 for open-end generation.
{"cell": "internvl35_8b_budget54_seed31_strict65_p0_shuffled_letterbox54", "latency_seconds": 4.456322953104973, "peak_allocated_bytes": 82510700032, "progress": "85/260", "status": "ok"}
Setting `pad_token_id` to `eos_token_id`:151645 for open-end generation.
{"cell": "internvl35_8b_budget54_seed31_strict65_p0_shuffled_letterbox54", "latency_seconds": 3.8854342103004456, "peak_allocated_bytes": 82354933248, "progress": "86/260", "status": "ok"}
Setting `pad_token_id` to `eos_token_id`:151645 for open-end generation.
{"cell": "internvl35_8b_budget54_seed31_strict65_p0_shuffled_letterbox54", "latency_seconds": 4.416645581834018, "peak_allocated_bytes": 82437375488, "progress": "87/260", "status": "ok"}
Setting `pad_token_id` to `eos_token_id`:151645 for open-end generation.
{"cell": "internvl35_8b_budget54_seed31_strict65_p0_shuffled_letterbox54", "latency_seconds": 4.96844788454473, "peak_allocated_bytes": 82391567360, "progress": "88/260", "status": "ok"}
Setting `pad_token_id` to `eos_token_id`:151645 for open-end generation.
{"cell": "internvl35_8b_budget54_seed31_strict65_p0_shuffled_letterbox54", "latency_seconds": 4.420245158486068, "peak_allocated_bytes": 82455702528, "progress": "89/260", "status": "ok"}
Setting `pad_token_id` to `eos_token_id`:151645 for open-end generation.
{"cell": "internvl35_8b_budget54_seed31_strict65_p0_shuffled_letterbox54", "latency_seconds": 4.976022245362401, "peak_allocated_bytes": 82354933248, "progress": "90/260", "status": "ok"}
Setting `pad_token_id` to `eos_token_id`:151645 for open-end generation.
{"cell": "internvl35_8b_budget54_seed31_strict65_p0_shuffled_letterbox54", "latency_seconds": 3.8868500096723437, "peak_allocated_bytes": 82465369088, "progress": "91/260", "status": "ok"}
Setting `pad_token_id` to `eos_token_id`:151645 for open-end generation.
{"cell": "internvl35_8b_budget54_seed31_strict65_p0_shuffled_letterbox54", "latency_seconds": 4.387389235198498, "peak_allocated_bytes": 82373249024, "progress": "92/260", "status": "ok"}
Setting `pad_token_id` to `eos_token_id`:151645 for open-end generation.
{"cell": "internvl35_8b_budget54_seed31_strict65_p0_shuffled_letterbox54", "latency_seconds": 4.456936584785581, "peak_allocated_bytes": 82474032640, "progress": "93/260", "status": "ok"}
Setting `pad_token_id` to `eos_token_id`:151645 for open-end generation.
{"cell": "internvl35_8b_budget54_seed31_strict65_p0_shuffled_letterbox54", "latency_seconds": 3.8683695644140244, "peak_allocated_bytes": 82373249024, "progress": "94/260", "status": "ok"}
Setting `pad_token_id` to `eos_token_id`:151645 for open-end generation.
{"cell": "internvl35_8b_budget54_seed31_strict65_p0_shuffled_letterbox54", "latency_seconds": 3.499902557581663, "peak_allocated_bytes": 82483197440, "progress": "95/260", "status": "ok"}
Setting `pad_token_id` to `eos_token_id`:151645 for open-end generation.
{"cell": "internvl35_8b_budget54_seed31_strict65_p0_shuffled_letterbox54", "latency_seconds": 4.8158644968643785, "peak_allocated_bytes": 82382408704, "progress": "96/260", "status": "ok"}
Setting `pad_token_id` to `eos_token_id`:151645 for open-end generation.
{"cell": "internvl35_8b_budget54_seed31_strict65_p0_shuffled_letterbox54", "latency_seconds": 5.776075632311404, "peak_allocated_bytes": 82455702528, "progress": "97/260", "status": "ok"}
Setting `pad_token_id` to `eos_token_id`:151645 for open-end generation.
{"cell": "internvl35_8b_budget54_seed31_strict65_p0_shuffled_letterbox54", "latency_seconds": 3.425500577315688, "peak_allocated_bytes": 82409887744, "progress": "98/260", "status": "ok"}
Setting `pad_token_id` to `eos_token_id`:151645 for open-end generation.
{"cell": "internvl35_8b_budget54_seed31_strict65_p0_shuffled_letterbox54", "latency_seconds": 3.8887837706133723, "peak_allocated_bytes": 82465369088, "progress": "99/260", "status": "ok"}
Setting `pad_token_id` to `eos_token_id`:151645 for open-end generation.
{"cell": "internvl35_8b_budget54_seed31_strict65_p0_shuffled_letterbox54", "latency_seconds": 9.386608664877713, "peak_allocated_bytes": 82400728576, "progress": "100/260", "status": "ok"}
Setting `pad_token_id` to `eos_token_id`:151645 for open-end generation.
{"cell": "internvl35_8b_budget54_seed31_strict65_p0_shuffled_letterbox54", "latency_seconds": 3.889891991391778, "peak_allocated_bytes": 82539185664, "progress": "101/260", "status": "ok"}
Setting `pad_token_id` to `eos_token_id`:151645 for open-end generation.
{"cell": "internvl35_8b_budget54_seed31_strict65_p0_shuffled_letterbox54", "latency_seconds": 4.421533630229533, "peak_allocated_bytes": 82364091904, "progress": "102/260", "status": "ok"}
Setting `pad_token_id` to `eos_token_id`:151645 for open-end generation.
{"cell": "internvl35_8b_budget54_seed31_strict65_p0_shuffled_letterbox54", "latency_seconds": 4.426183524541557, "peak_allocated_bytes": 82455702528, "progress": "103/260", "status": "ok"}
Setting `pad_token_id` to `eos_token_id`:151645 for open-end generation.
{"cell": "internvl35_8b_budget54_seed31_strict65_p0_shuffled_letterbox54", "latency_seconds": 4.589675794355571, "peak_allocated_bytes": 82382408704, "progress": "104/260", "status": "ok"}
Setting `pad_token_id` to `eos_token_id`:151645 for open-end generation.
{"cell": "internvl35_8b_budget54_seed31_strict65_p0_shuffled_letterbox54", "latency_seconds": 5.113733512349427, "peak_allocated_bytes": 82492365312, "progress": "105/260", "status": "ok"}
Setting `pad_token_id` to `eos_token_id`:151645 for open-end generation.
{"cell": "internvl35_8b_budget54_seed31_strict65_p0_shuffled_letterbox54", "latency_seconds": 4.418708206154406, "peak_allocated_bytes": 82345777152, "progress": "106/260", "status": "ok"}
Setting `pad_token_id` to `eos_token_id`:151645 for open-end generation.
{"cell": "internvl35_8b_budget54_seed31_strict65_p0_shuffled_letterbox54", "latency_seconds": 4.419277020730078, "peak_allocated_bytes": 82437375488, "progress": "107/260", "status": "ok"}
Setting `pad_token_id` to `eos_token_id`:151645 for open-end generation.
{"cell": "internvl35_8b_budget54_seed31_strict65_p0_shuffled_letterbox54", "latency_seconds": 4.558585638180375, "peak_allocated_bytes": 82400728576, "progress": "108/260", "status": "ok"}
Setting `pad_token_id` to `eos_token_id`:151645 for open-end generation.
{"cell": "internvl35_8b_budget54_seed31_strict65_p0_shuffled_letterbox54", "latency_seconds": 3.501911975443363, "peak_allocated_bytes": 82483197440, "progress": "109/260", "status": "ok"}
Setting `pad_token_id` to `eos_token_id`:151645 for open-end generation.
{"cell": "internvl35_8b_budget54_seed31_strict65_p0_shuffled_letterbox54", "latency_seconds": 4.4204089948907495, "peak_allocated_bytes": 82364091904, "progress": "110/260", "status": "ok"}
Setting `pad_token_id` to `eos_token_id`:151645 for open-end generation.
{"cell": "internvl35_8b_budget54_seed31_strict65_p0_shuffled_letterbox54", "latency_seconds": 4.4241096917539835, "peak_allocated_bytes": 82437375488, "progress": "111/260", "status": "ok"}
Setting `pad_token_id` to `eos_token_id`:151645 for open-end generation.
{"cell": "internvl35_8b_budget54_seed31_strict65_p0_shuffled_letterbox54", "latency_seconds": 4.818101121112704, "peak_allocated_bytes": 82364091904, "progress": "112/260", "status": "ok"}
Setting `pad_token_id` to `eos_token_id`:151645 for open-end generation.
{"cell": "internvl35_8b_budget54_seed31_strict65_p0_shuffled_letterbox54", "latency_seconds": 3.502007754519582, "peak_allocated_bytes": 82483197440, "progress": "113/260", "status": "ok"}
Setting `pad_token_id` to `eos_token_id`:151645 for open-end generation.
{"cell": "internvl35_8b_budget54_seed31_strict65_p0_shuffled_letterbox54", "latency_seconds": 3.884038516320288, "peak_allocated_bytes": 82354933248, "progress": "114/260", "status": "ok"}
Setting `pad_token_id` to `eos_token_id`:151645 for open-end generation.
{"cell": "internvl35_8b_budget54_seed31_strict65_p0_shuffled_letterbox54", "latency_seconds": 3.883276174776256, "peak_allocated_bytes": 82428211712, "progress": "115/260", "status": "ok"}
Setting `pad_token_id` to `eos_token_id`:151645 for open-end generation.
{"cell": "internvl35_8b_budget54_seed31_strict65_p0_shuffled_letterbox54", "latency_seconds": 8.392687655054033, "peak_allocated_bytes": 82382408704, "progress": "116/260", "status": "ok"}
Setting `pad_token_id` to `eos_token_id`:151645 for open-end generation.
{"cell": "internvl35_8b_budget54_seed31_strict65_p0_shuffled_letterbox54", "latency_seconds": 3.5102953957393765, "peak_allocated_bytes": 82557210624, "progress": "117/260", "status": "ok"}
Setting `pad_token_id` to `eos_token_id`:151645 for open-end generation.
{"cell": "internvl35_8b_budget54_seed31_strict65_p0_shuffled_letterbox54", "latency_seconds": 3.868470983579755, "peak_allocated_bytes": 82373249024, "progress": "118/260", "status": "ok"}
Setting `pad_token_id` to `eos_token_id`:151645 for open-end generation.
{"cell": "internvl35_8b_budget54_seed31_strict65_p0_shuffled_letterbox54", "latency_seconds": 3.4263505339622498, "peak_allocated_bytes": 82409887744, "progress": "119/260", "status": "ok"}
Setting `pad_token_id` to `eos_token_id`:151645 for open-end generation.
{"cell": "internvl35_8b_budget54_seed31_strict65_p0_shuffled_letterbox54", "latency_seconds": 4.510965770110488, "peak_allocated_bytes": 82428211712, "progress": "120/260", "status": "ok"}
Setting `pad_token_id` to `eos_token_id`:151645 for open-end generation.
{"cell": "internvl35_8b_budget54_seed31_strict65_p0_shuffled_letterbox54", "latency_seconds": 5.343376567587256, "peak_allocated_bytes": 82548198912, "progress": "121/260", "status": "ok"}
Setting `pad_token_id` to `eos_token_id`:151645 for open-end generation.
{"cell": "internvl35_8b_budget54_seed31_strict65_p0_shuffled_letterbox54", "latency_seconds": 4.387259865179658, "peak_allocated_bytes": 82400728576, "progress": "122/260", "status": "ok"}
Setting `pad_token_id` to `eos_token_id`:151645 for open-end generation.
{"cell": "internvl35_8b_budget54_seed31_strict65_p0_shuffled_letterbox54", "latency_seconds": 4.428497599437833, "peak_allocated_bytes": 82474032640, "progress": "123/260", "status": "ok"}
Setting `pad_token_id` to `eos_token_id`:151645 for open-end generation.
{"cell": "internvl35_8b_budget54_seed31_strict65_p0_shuffled_letterbox54", "latency_seconds": 4.087409447878599, "peak_allocated_bytes": 82409887744, "progress": "124/260", "status": "ok"}
Setting `pad_token_id` to `eos_token_id`:151645 for open-end generation.
{"cell": "internvl35_8b_budget54_seed31_strict65_p0_shuffled_letterbox54", "latency_seconds": 3.8908371943980455, "peak_allocated_bytes": 82539185664, "progress": "125/260", "status": "ok"}
Setting `pad_token_id` to `eos_token_id`:151645 for open-end generation.
{"cell": "internvl35_8b_budget54_seed31_strict65_p0_shuffled_letterbox54", "latency_seconds": 3.88283009827137, "peak_allocated_bytes": 82318309376, "progress": "126/260", "status": "ok"}
Setting `pad_token_id` to `eos_token_id`:151645 for open-end generation.
{"cell": "internvl35_8b_budget54_seed31_strict65_p0_shuffled_letterbox54", "latency_seconds": 4.443978762254119, "peak_allocated_bytes": 82474032640, "progress": "127/260", "status": "ok"}
Setting `pad_token_id` to `eos_token_id`:151645 for open-end generation.
{"cell": "internvl35_8b_budget54_seed31_strict65_p0_shuffled_letterbox54", "latency_seconds": 4.758543242700398, "peak_allocated_bytes": 82437375488, "progress": "128/260", "status": "ok"}
Setting `pad_token_id` to `eos_token_id`:151645 for open-end generation.
{"cell": "internvl35_8b_budget54_seed31_strict65_p0_shuffled_letterbox54", "latency_seconds": 3.896616359241307, "peak_allocated_bytes": 82539185664, "progress": "129/260", "status": "ok"}
Setting `pad_token_id` to `eos_token_id`:151645 for open-end generation.
{"cell": "internvl35_8b_budget54_seed31_strict65_p0_shuffled_letterbox54", "latency_seconds": 4.414205640554428, "peak_allocated_bytes": 82382408704, "progress": "130/260", "status": "ok"}
Setting `pad_token_id` to `eos_token_id`:151645 for open-end generation.
{"cell": "internvl35_8b_budget54_seed31_strict65_p0_shuffled_letterbox54", "latency_seconds": 3.4196306047961116, "peak_allocated_bytes": 82409887744, "progress": "131/260", "status": "ok"}
Setting `pad_token_id` to `eos_token_id`:151645 for open-end generation.
{"cell": "internvl35_8b_budget54_seed31_strict65_p0_shuffled_letterbox54", "latency_seconds": 4.82080462295562, "peak_allocated_bytes": 82437375488, "progress": "132/260", "status": "ok"}
Setting `pad_token_id` to `eos_token_id`:151645 for open-end generation.
{"cell": "internvl35_8b_budget54_seed31_strict65_p0_shuffled_letterbox54", "latency_seconds": 5.249871621839702, "peak_allocated_bytes": 82519867392, "progress": "133/260", "status": "ok"}
Setting `pad_token_id` to `eos_token_id`:151645 for open-end generation.
{"cell": "internvl35_8b_budget54_seed31_strict65_p0_shuffled_letterbox54", "latency_seconds": 4.413481479510665, "peak_allocated_bytes": 82382408704, "progress": "134/260", "status": "ok"}
Setting `pad_token_id` to `eos_token_id`:151645 for open-end generation.
{"cell": "internvl35_8b_budget54_seed31_strict65_p0_shuffled_letterbox54", "latency_seconds": 4.427775696851313, "peak_allocated_bytes": 82474032640, "progress": "135/260", "status": "ok"}
Setting `pad_token_id` to `eos_token_id`:151645 for open-end generation.
{"cell": "internvl35_8b_budget54_seed31_strict65_p0_shuffled_letterbox54", "latency_seconds": 4.821908573620021, "peak_allocated_bytes": 82437375488, "progress": "136/260", "status": "ok"}
Setting `pad_token_id` to `eos_token_id`:151645 for open-end generation.
{"cell": "internvl35_8b_budget54_seed31_strict65_p0_shuffled_letterbox54", "latency_seconds": 3.888780522160232, "peak_allocated_bytes": 82465369088, "progress": "137/260", "status": "ok"}
Setting `pad_token_id` to `eos_token_id`:151645 for open-end generation.
{"cell": "internvl35_8b_budget54_seed31_strict65_p0_shuffled_letterbox54", "latency_seconds": 3.883716782554984, "peak_allocated_bytes": 82354933248, "progress": "138/260", "status": "ok"}
Setting `pad_token_id` to `eos_token_id`:151645 for open-end generation.
{"cell": "internvl35_8b_budget54_seed31_strict65_p0_shuffled_letterbox54", "latency_seconds": 3.897986157797277, "peak_allocated_bytes": 82391567360, "progress": "139/260", "status": "ok"}
Setting `pad_token_id` to `eos_token_id`:151645 for open-end generation.
{"cell": "internvl35_8b_budget54_seed31_strict65_p0_shuffled_letterbox54", "latency_seconds": 4.594299045391381, "peak_allocated_bytes": 82364091904, "progress": "140/260", "status": "ok"}
Setting `pad_token_id` to `eos_token_id`:151645 for open-end generation.
{"cell": "internvl35_8b_budget54_seed31_strict65_p0_shuffled_letterbox54", "latency_seconds": 4.493055147118866, "peak_allocated_bytes": 82501531136, "progress": "141/260", "status": "ok"}
Setting `pad_token_id` to `eos_token_id`:151645 for open-end generation.
{"cell": "internvl35_8b_budget54_seed31_strict65_p0_shuffled_letterbox54", "latency_seconds": 3.423220667988062, "peak_allocated_bytes": 82409887744, "progress": "142/260", "status": "ok"}
Setting `pad_token_id` to `eos_token_id`:151645 for open-end generation.
{"cell": "internvl35_8b_budget54_seed31_strict65_p0_shuffled_letterbox54", "latency_seconds": 3.8778548017144203, "peak_allocated_bytes": 82446537728, "progress": "143/260", "status": "ok"}
Setting `pad_token_id` to `eos_token_id`:151645 for open-end generation.
{"cell": "internvl35_8b_budget54_seed31_strict65_p0_shuffled_letterbox54", "latency_seconds": 4.369288340210915, "peak_allocated_bytes": 82391567360, "progress": "144/260", "status": "ok"}
Setting `pad_token_id` to `eos_token_id`:151645 for open-end generation.
{"cell": "internvl35_8b_budget54_seed31_strict65_p0_shuffled_letterbox54", "latency_seconds": 4.421956048347056, "peak_allocated_bytes": 82492365312, "progress": "145/260", "status": "ok"}
Setting `pad_token_id` to `eos_token_id`:151645 for open-end generation.
{"cell": "internvl35_8b_budget54_seed31_strict65_p0_shuffled_letterbox54", "latency_seconds": 4.413723559118807, "peak_allocated_bytes": 82382408704, "progress": "146/260", "status": "ok"}
Setting `pad_token_id` to `eos_token_id`:151645 for open-end generation.
{"cell": "internvl35_8b_budget54_seed31_strict65_p0_shuffled_letterbox54", "latency_seconds": 3.5027945237234235, "peak_allocated_bytes": 82483197440, "progress": "147/260", "status": "ok"}
Setting `pad_token_id` to `eos_token_id`:151645 for open-end generation.
{"cell": "internvl35_8b_budget54_seed31_strict65_p0_shuffled_letterbox54", "latency_seconds": 4.283850568346679, "peak_allocated_bytes": 82391567360, "progress": "148/260", "status": "ok"}
Setting `pad_token_id` to `eos_token_id`:151645 for open-end generation.
{"cell": "internvl35_8b_budget54_seed31_strict65_p0_shuffled_letterbox54", "latency_seconds": 4.424539308063686, "peak_allocated_bytes": 82510700032, "progress": "149/260", "status": "ok"}
Setting `pad_token_id` to `eos_token_id`:151645 for open-end generation.
{"cell": "internvl35_8b_budget54_seed31_strict65_p0_shuffled_letterbox54", "latency_seconds": 4.4161185920238495, "peak_allocated_bytes": 82382408704, "progress": "150/260", "status": "ok"}
Setting `pad_token_id` to `eos_token_id`:151645 for open-end generation.
{"cell": "internvl35_8b_budget54_seed31_strict65_p0_shuffled_letterbox54", "latency_seconds": 3.883011596277356, "peak_allocated_bytes": 82428211712, "progress": "151/260", "status": "ok"}
Setting `pad_token_id` to `eos_token_id`:151645 for open-end generation.
{"cell": "internvl35_8b_budget54_seed31_strict65_p0_shuffled_letterbox54", "latency_seconds": 5.051118653267622, "peak_allocated_bytes": 82400728576, "progress": "152/260", "status": "ok"}
Setting `pad_token_id` to `eos_token_id`:151645 for open-end generation.
{"cell": "internvl35_8b_budget54_seed31_strict65_p0_shuffled_letterbox54", "latency_seconds": 5.8038272531703115, "peak_allocated_bytes": 82548198912, "progress": "153/260", "status": "ok"}
Setting `pad_token_id` to `eos_token_id`:151645 for open-end generation.
{"cell": "internvl35_8b_budget54_seed31_strict65_p0_shuffled_letterbox54", "latency_seconds": 4.415048882365227, "peak_allocated_bytes": 82382408704, "progress": "154/260", "status": "ok"}
Setting `pad_token_id` to `eos_token_id`:151645 for open-end generation.
{"cell": "internvl35_8b_budget54_seed31_strict65_p0_shuffled_letterbox54", "latency_seconds": 3.89204191416502, "peak_allocated_bytes": 82465369088, "progress": "155/260", "status": "ok"}
Setting `pad_token_id` to `eos_token_id`:151645 for open-end generation.
{"cell": "internvl35_8b_budget54_seed31_strict65_p0_shuffled_letterbox54", "latency_seconds": 4.482573957182467, "peak_allocated_bytes": 82428211712, "progress": "156/260", "status": "ok"}
Setting `pad_token_id` to `eos_token_id`:151645 for open-end generation.
{"cell": "internvl35_8b_budget54_seed31_strict65_p0_shuffled_letterbox54", "latency_seconds": 5.171024579554796, "peak_allocated_bytes": 82492365312, "progress": "157/260", "status": "ok"}
Setting `pad_token_id` to `eos_token_id`:151645 for open-end generation.
{"cell": "internvl35_8b_budget54_seed31_strict65_p0_shuffled_letterbox54", "latency_seconds": 4.423979185521603, "peak_allocated_bytes": 82382408704, "progress": "158/260", "status": "ok"}
Setting `pad_token_id` to `eos_token_id`:151645 for open-end generation.
{"cell": "internvl35_8b_budget54_seed31_strict65_p0_shuffled_letterbox54", "latency_seconds": 4.400573003105819, "peak_allocated_bytes": 82419050496, "progress": "159/260", "status": "ok"}
Setting `pad_token_id` to `eos_token_id`:151645 for open-end generation.
{"cell": "internvl35_8b_budget54_seed31_strict65_p0_shuffled_letterbox54", "latency_seconds": 4.287188651040196, "peak_allocated_bytes": 82428211712, "progress": "160/260", "status": "ok"}
Setting `pad_token_id` to `eos_token_id`:151645 for open-end generation.
{"cell": "internvl35_8b_budget54_seed31_strict65_p0_shuffled_letterbox54", "latency_seconds": 4.451260638423264, "peak_allocated_bytes": 82529037824, "progress": "161/260", "status": "ok"}
Setting `pad_token_id` to `eos_token_id`:151645 for open-end generation.
{"cell": "internvl35_8b_budget54_seed31_strict65_p0_shuffled_letterbox54", "latency_seconds": 3.881948941387236, "peak_allocated_bytes": 82391567360, "progress": "162/260", "status": "ok"}
Setting `pad_token_id` to `eos_token_id`:151645 for open-end generation.
{"cell": "internvl35_8b_budget54_seed31_strict65_p0_shuffled_letterbox54", "latency_seconds": 4.392480921931565, "peak_allocated_bytes": 82400728576, "progress": "163/260", "status": "ok"}
Setting `pad_token_id` to `eos_token_id`:151645 for open-end generation.
{"cell": "internvl35_8b_budget54_seed31_strict65_p0_shuffled_letterbox54", "latency_seconds": 4.453280171379447, "peak_allocated_bytes": 82419050496, "progress": "164/260", "status": "ok"}
Setting `pad_token_id` to `eos_token_id`:151645 for open-end generation.
{"cell": "internvl35_8b_budget54_seed31_strict65_p0_shuffled_letterbox54", "latency_seconds": 5.0599305825307965, "peak_allocated_bytes": 82501531136, "progress": "165/260", "status": "ok"}
Setting `pad_token_id` to `eos_token_id`:151645 for open-end generation.
{"cell": "internvl35_8b_budget54_seed31_strict65_p0_shuffled_letterbox54", "latency_seconds": 4.429683883674443, "peak_allocated_bytes": 82382408704, "progress": "166/260", "status": "ok"}
Setting `pad_token_id` to `eos_token_id`:151645 for open-end generation.
{"cell": "internvl35_8b_budget54_seed31_strict65_p0_shuffled_letterbox54", "latency_seconds": 4.391979148611426, "peak_allocated_bytes": 82419050496, "progress": "167/260", "status": "ok"}
Setting `pad_token_id` to `eos_token_id`:151645 for open-end generation.
{"cell": "internvl35_8b_budget54_seed31_strict65_p0_shuffled_letterbox54", "latency_seconds": 4.394275823608041, "peak_allocated_bytes": 82419050496, "progress": "168/260", "status": "ok"}
Setting `pad_token_id` to `eos_token_id`:151645 for open-end generation.
{"cell": "internvl35_8b_budget54_seed31_strict65_p0_shuffled_letterbox54", "latency_seconds": 4.462258774787188, "peak_allocated_bytes": 82474032640, "progress": "169/260", "status": "ok"}
Setting `pad_token_id` to `eos_token_id`:151645 for open-end generation.
{"cell": "internvl35_8b_budget54_seed31_strict65_p0_shuffled_letterbox54", "latency_seconds": 4.41424074023962, "peak_allocated_bytes": 82345777152, "progress": "170/260", "status": "ok"}
Setting `pad_token_id` to `eos_token_id`:151645 for open-end generation.
{"cell": "internvl35_8b_budget54_seed31_strict65_p0_shuffled_letterbox54", "latency_seconds": 3.88687870465219, "peak_allocated_bytes": 82465369088, "progress": "171/260", "status": "ok"}
Setting `pad_token_id` to `eos_token_id`:151645 for open-end generation.
{"cell": "internvl35_8b_budget54_seed31_strict65_p0_shuffled_letterbox54", "latency_seconds": 5.45055559836328, "peak_allocated_bytes": 82400728576, "progress": "172/260", "status": "ok"}
Setting `pad_token_id` to `eos_token_id`:151645 for open-end generation.
{"cell": "internvl35_8b_budget54_seed31_strict65_p0_shuffled_letterbox54", "latency_seconds": 6.3443969106301665, "peak_allocated_bytes": 82548198912, "progress": "173/260", "status": "ok"}
Setting `pad_token_id` to `eos_token_id`:151645 for open-end generation.
{"cell": "internvl35_8b_budget54_seed31_strict65_p0_shuffled_letterbox54", "latency_seconds": 4.449965386651456, "peak_allocated_bytes": 82364091904, "progress": "174/260", "status": "ok"}
Setting `pad_token_id` to `eos_token_id`:151645 for open-end generation.
{"cell": "internvl35_8b_budget54_seed31_strict65_p0_shuffled_letterbox54", "latency_seconds": 3.4971174085512757, "peak_allocated_bytes": 82483197440, "progress": "175/260", "status": "ok"}
Setting `pad_token_id` to `eos_token_id`:151645 for open-end generation.
{"cell": "internvl35_8b_budget54_seed31_strict65_p0_shuffled_letterbox54", "latency_seconds": 4.228532169945538, "peak_allocated_bytes": 82391567360, "progress": "176/260", "status": "ok"}
Setting `pad_token_id` to `eos_token_id`:151645 for open-end generation.
{"cell": "internvl35_8b_budget54_seed31_strict65_p0_shuffled_letterbox54", "latency_seconds": 4.423710940405726, "peak_allocated_bytes": 82492365312, "progress": "177/260", "status": "ok"}
Setting `pad_token_id` to `eos_token_id`:151645 for open-end generation.
{"cell": "internvl35_8b_budget54_seed31_strict65_p0_shuffled_letterbox54", "latency_seconds": 4.413258321583271, "peak_allocated_bytes": 82382408704, "progress": "178/260", "status": "ok"}
Setting `pad_token_id` to `eos_token_id`:151645 for open-end generation.
{"cell": "internvl35_8b_budget54_seed31_strict65_p0_shuffled_letterbox54", "latency_seconds": 3.885099807754159, "peak_allocated_bytes": 82428211712, "progress": "179/260", "status": "ok"}
Setting `pad_token_id` to `eos_token_id`:151645 for open-end generation.
{"cell": "internvl35_8b_budget54_seed31_strict65_p0_shuffled_letterbox54", "latency_seconds": 4.564549695700407, "peak_allocated_bytes": 82400728576, "progress": "180/260", "status": "ok"}
Setting `pad_token_id` to `eos_token_id`:151645 for open-end generation.
{"cell": "internvl35_8b_budget54_seed31_strict65_p0_shuffled_letterbox54", "latency_seconds": 4.429681525565684, "peak_allocated_bytes": 82548198912, "progress": "181/260", "status": "ok"}
Setting `pad_token_id` to `eos_token_id`:151645 for open-end generation.
{"cell": "internvl35_8b_budget54_seed31_strict65_p0_shuffled_letterbox54", "latency_seconds": 3.885478090494871, "peak_allocated_bytes": 82354933248, "progress": "182/260", "status": "ok"}
Setting `pad_token_id` to `eos_token_id`:151645 for open-end generation.
{"cell": "internvl35_8b_budget54_seed31_strict65_p0_shuffled_letterbox54", "latency_seconds": 4.421202681027353, "peak_allocated_bytes": 82437375488, "progress": "183/260", "status": "ok"}
Setting `pad_token_id` to `eos_token_id`:151645 for open-end generation.
{"cell": "internvl35_8b_budget54_seed31_strict65_p0_shuffled_letterbox54", "latency_seconds": 4.827486192807555, "peak_allocated_bytes": 82437375488, "progress": "184/260", "status": "ok"}
Setting `pad_token_id` to `eos_token_id`:151645 for open-end generation.
{"cell": "internvl35_8b_budget54_seed31_strict65_p0_shuffled_letterbox54", "latency_seconds": 3.5055755199864507, "peak_allocated_bytes": 82483197440, "progress": "185/260", "status": "ok"}
Setting `pad_token_id` to `eos_token_id`:151645 for open-end generation.
{"cell": "internvl35_8b_budget54_seed31_strict65_p0_shuffled_letterbox54", "latency_seconds": 3.422913843765855, "peak_allocated_bytes": 82409887744, "progress": "186/260", "status": "ok"}
Setting `pad_token_id` to `eos_token_id`:151645 for open-end generation.
{"cell": "internvl35_8b_budget54_seed31_strict65_p0_shuffled_letterbox54", "latency_seconds": 4.430252633988857, "peak_allocated_bytes": 82474032640, "progress": "187/260", "status": "ok"}
Setting `pad_token_id` to `eos_token_id`:151645 for open-end generation.
{"cell": "internvl35_8b_budget54_seed31_strict65_p0_shuffled_letterbox54", "latency_seconds": 4.884337848983705, "peak_allocated_bytes": 82382408704, "progress": "188/260", "status": "ok"}
Setting `pad_token_id` to `eos_token_id`:151645 for open-end generation.
{"cell": "internvl35_8b_budget54_seed31_strict65_p0_shuffled_letterbox54", "latency_seconds": 3.8983700182288885, "peak_allocated_bytes": 82465369088, "progress": "189/260", "status": "ok"}
Setting `pad_token_id` to `eos_token_id`:151645 for open-end generation.
{"cell": "internvl35_8b_budget54_seed31_strict65_p0_shuffled_letterbox54", "latency_seconds": 3.8787879226729274, "peak_allocated_bytes": 82391567360, "progress": "190/260", "status": "ok"}
Setting `pad_token_id` to `eos_token_id`:151645 for open-end generation.
{"cell": "internvl35_8b_budget54_seed31_strict65_p0_shuffled_letterbox54", "latency_seconds": 3.888885010033846, "peak_allocated_bytes": 82465369088, "progress": "191/260", "status": "ok"}
Setting `pad_token_id` to `eos_token_id`:151645 for open-end generation.
{"cell": "internvl35_8b_budget54_seed31_strict65_p0_shuffled_letterbox54", "latency_seconds": 4.709281671792269, "peak_allocated_bytes": 82409887744, "progress": "192/260", "status": "ok"}
Setting `pad_token_id` to `eos_token_id`:151645 for open-end generation.
{"cell": "internvl35_8b_budget54_seed31_strict65_p0_shuffled_letterbox54", "latency_seconds": 3.8942683804780245, "peak_allocated_bytes": 82501531136, "progress": "193/260", "status": "ok"}
Setting `pad_token_id` to `eos_token_id`:151645 for open-end generation.
{"cell": "internvl35_8b_budget54_seed31_strict65_p0_shuffled_letterbox54", "latency_seconds": 4.41499955393374, "peak_allocated_bytes": 82382408704, "progress": "194/260", "status": "ok"}
Setting `pad_token_id` to `eos_token_id`:151645 for open-end generation.
{"cell": "internvl35_8b_budget54_seed31_strict65_p0_shuffled_letterbox54", "latency_seconds": 4.419722120277584, "peak_allocated_bytes": 82455702528, "progress": "195/260", "status": "ok"}
Setting `pad_token_id` to `eos_token_id`:151645 for open-end generation.
{"cell": "internvl35_8b_budget54_seed31_strict65_p0_shuffled_letterbox54", "latency_seconds": 4.050554728135467, "peak_allocated_bytes": 82391567360, "progress": "196/260", "status": "ok"}
Setting `pad_token_id` to `eos_token_id`:151645 for open-end generation.
{"cell": "internvl35_8b_budget54_seed31_strict65_p0_shuffled_letterbox54", "latency_seconds": 4.425564465112984, "peak_allocated_bytes": 82492365312, "progress": "197/260", "status": "ok"}
Setting `pad_token_id` to `eos_token_id`:151645 for open-end generation.
{"cell": "internvl35_8b_budget54_seed31_strict65_p0_shuffled_letterbox54", "latency_seconds": 3.883543631993234, "peak_allocated_bytes": 82391567360, "progress": "198/260", "status": "ok"}
Setting `pad_token_id` to `eos_token_id`:151645 for open-end generation.
{"cell": "internvl35_8b_budget54_seed31_strict65_p0_shuffled_letterbox54", "latency_seconds": 5.488453730940819, "peak_allocated_bytes": 82428211712, "progress": "199/260", "status": "ok"}
Setting `pad_token_id` to `eos_token_id`:151645 for open-end generation.
{"cell": "internvl35_8b_budget54_seed31_strict65_p0_shuffled_letterbox54", "latency_seconds": 4.6994252149015665, "peak_allocated_bytes": 82437375488, "progress": "200/260", "status": "ok"}
Setting `pad_token_id` to `eos_token_id`:151645 for open-end generation.
{"cell": "internvl35_8b_budget54_seed31_strict65_p0_shuffled_letterbox54", "latency_seconds": 4.424428856000304, "peak_allocated_bytes": 82566225408, "progress": "201/260", "status": "ok"}
Setting `pad_token_id` to `eos_token_id`:151645 for open-end generation.
{"cell": "internvl35_8b_budget54_seed31_strict65_p0_shuffled_letterbox54", "latency_seconds": 4.415967701934278, "peak_allocated_bytes": 82382408704, "progress": "202/260", "status": "ok"}
Setting `pad_token_id` to `eos_token_id`:151645 for open-end generation.
{"cell": "internvl35_8b_budget54_seed31_strict65_p0_shuffled_letterbox54", "latency_seconds": 3.8927187779918313, "peak_allocated_bytes": 82465369088, "progress": "203/260", "status": "ok"}
Setting `pad_token_id` to `eos_token_id`:151645 for open-end generation.
{"cell": "internvl35_8b_budget54_seed31_strict65_p0_shuffled_letterbox54", "latency_seconds": 5.514133958145976, "peak_allocated_bytes": 82400728576, "progress": "204/260", "status": "ok"}
Setting `pad_token_id` to `eos_token_id`:151645 for open-end generation.
{"cell": "internvl35_8b_budget54_seed31_strict65_p0_shuffled_letterbox54", "latency_seconds": 5.178537865169346, "peak_allocated_bytes": 82501531136, "progress": "205/260", "status": "ok"}
Setting `pad_token_id` to `eos_token_id`:151645 for open-end generation.
{"cell": "internvl35_8b_budget54_seed31_strict65_p0_shuffled_letterbox54", "latency_seconds": 4.426302167586982, "peak_allocated_bytes": 82345777152, "progress": "206/260", "status": "ok"}
Setting `pad_token_id` to `eos_token_id`:151645 for open-end generation.
{"cell": "internvl35_8b_budget54_seed31_strict65_p0_shuffled_letterbox54", "latency_seconds": 4.392405348829925, "peak_allocated_bytes": 82419050496, "progress": "207/260", "status": "ok"}
Setting `pad_token_id` to `eos_token_id`:151645 for open-end generation.
{"cell": "internvl35_8b_budget54_seed31_strict65_p0_shuffled_letterbox54", "latency_seconds": 4.563170578330755, "peak_allocated_bytes": 82382408704, "progress": "208/260", "status": "ok"}
Setting `pad_token_id` to `eos_token_id`:151645 for open-end generation.
{"cell": "internvl35_8b_budget54_seed31_strict65_p0_shuffled_letterbox54", "latency_seconds": 3.892791814170778, "peak_allocated_bytes": 82465369088, "progress": "209/260", "status": "ok"}
Setting `pad_token_id` to `eos_token_id`:151645 for open-end generation.
{"cell": "internvl35_8b_budget54_seed31_strict65_p0_shuffled_letterbox54", "latency_seconds": 3.886356637813151, "peak_allocated_bytes": 82354933248, "progress": "210/260", "status": "ok"}
Setting `pad_token_id` to `eos_token_id`:151645 for open-end generation.
{"cell": "internvl35_8b_budget54_seed31_strict65_p0_shuffled_letterbox54", "latency_seconds": 3.884632200933993, "peak_allocated_bytes": 82428211712, "progress": "211/260", "status": "ok"}
Setting `pad_token_id` to `eos_token_id`:151645 for open-end generation.
{"cell": "internvl35_8b_budget54_seed31_strict65_p0_shuffled_letterbox54", "latency_seconds": 3.592459101229906, "peak_allocated_bytes": 82409887744, "progress": "212/260", "status": "ok"}
Setting `pad_token_id` to `eos_token_id`:151645 for open-end generation.
{"cell": "internvl35_8b_budget54_seed31_strict65_p0_shuffled_letterbox54", "latency_seconds": 3.908460509032011, "peak_allocated_bytes": 82519867392, "progress": "213/260", "status": "ok"}
Setting `pad_token_id` to `eos_token_id`:151645 for open-end generation.
{"cell": "internvl35_8b_budget54_seed31_strict65_p0_shuffled_letterbox54", "latency_seconds": 3.870622835122049, "peak_allocated_bytes": 82373249024, "progress": "214/260", "status": "ok"}
Setting `pad_token_id` to `eos_token_id`:151645 for open-end generation.
{"cell": "internvl35_8b_budget54_seed31_strict65_p0_shuffled_letterbox54", "latency_seconds": 4.4242047891020775, "peak_allocated_bytes": 82474032640, "progress": "215/260", "status": "ok"}
Setting `pad_token_id` to `eos_token_id`:151645 for open-end generation.
{"cell": "internvl35_8b_budget54_seed31_strict65_p0_shuffled_letterbox54", "latency_seconds": 4.474788071587682, "peak_allocated_bytes": 82400728576, "progress": "216/260", "status": "ok"}
Setting `pad_token_id` to `eos_token_id`:151645 for open-end generation.
{"cell": "internvl35_8b_budget54_seed31_strict65_p0_shuffled_letterbox54", "latency_seconds": 4.4173111487179995, "peak_allocated_bytes": 82455702528, "progress": "217/260", "status": "ok"}
Setting `pad_token_id` to `eos_token_id`:151645 for open-end generation.
{"cell": "internvl35_8b_budget54_seed31_strict65_p0_shuffled_letterbox54", "latency_seconds": 4.415503696538508, "peak_allocated_bytes": 82382408704, "progress": "218/260", "status": "ok"}
Setting `pad_token_id` to `eos_token_id`:151645 for open-end generation.
{"cell": "internvl35_8b_budget54_seed31_strict65_p0_shuffled_letterbox54", "latency_seconds": 3.423232201486826, "peak_allocated_bytes": 82409887744, "progress": "219/260", "status": "ok"}
Setting `pad_token_id` to `eos_token_id`:151645 for open-end generation.
{"cell": "internvl35_8b_budget54_seed31_strict65_p0_shuffled_letterbox54", "latency_seconds": 4.997532742097974, "peak_allocated_bytes": 82419050496, "progress": "220/260", "status": "ok"}
Setting `pad_token_id` to `eos_token_id`:151645 for open-end generation.
{"cell": "internvl35_8b_budget54_seed31_strict65_p0_shuffled_letterbox54", "latency_seconds": 3.905042704194784, "peak_allocated_bytes": 82519867392, "progress": "221/260", "status": "ok"}
Setting `pad_token_id` to `eos_token_id`:151645 for open-end generation.
{"cell": "internvl35_8b_budget54_seed31_strict65_p0_shuffled_letterbox54", "latency_seconds": 3.8825508384034038, "peak_allocated_bytes": 82318309376, "progress": "222/260", "status": "ok"}
Setting `pad_token_id` to `eos_token_id`:151645 for open-end generation.
{"cell": "internvl35_8b_budget54_seed31_strict65_p0_shuffled_letterbox54", "latency_seconds": 4.415953658521175, "peak_allocated_bytes": 82437375488, "progress": "223/260", "status": "ok"}
Setting `pad_token_id` to `eos_token_id`:151645 for open-end generation.
{"cell": "internvl35_8b_budget54_seed31_strict65_p0_shuffled_letterbox54", "latency_seconds": 5.027747449465096, "peak_allocated_bytes": 82400728576, "progress": "224/260", "status": "ok"}
Setting `pad_token_id` to `eos_token_id`:151645 for open-end generation.
{"cell": "internvl35_8b_budget54_seed31_strict65_p0_shuffled_letterbox54", "latency_seconds": 4.4400981003418565, "peak_allocated_bytes": 82548198912, "progress": "225/260", "status": "ok"}
Setting `pad_token_id` to `eos_token_id`:151645 for open-end generation.
{"cell": "internvl35_8b_budget54_seed31_strict65_p0_shuffled_letterbox54", "latency_seconds": 3.8809286626055837, "peak_allocated_bytes": 82391567360, "progress": "226/260", "status": "ok"}
Setting `pad_token_id` to `eos_token_id`:151645 for open-end generation.
{"cell": "internvl35_8b_budget54_seed31_strict65_p0_shuffled_letterbox54", "latency_seconds": 4.430162386037409, "peak_allocated_bytes": 82474032640, "progress": "227/260", "status": "ok"}
Setting `pad_token_id` to `eos_token_id`:151645 for open-end generation.
{"cell": "internvl35_8b_budget54_seed31_strict65_p0_shuffled_letterbox54", "latency_seconds": 4.51442326977849, "peak_allocated_bytes": 82474032640, "progress": "228/260", "status": "ok"}
Setting `pad_token_id` to `eos_token_id`:151645 for open-end generation.
{"cell": "internvl35_8b_budget54_seed31_strict65_p0_shuffled_letterbox54", "latency_seconds": 3.88601725269109, "peak_allocated_bytes": 82501531136, "progress": "229/260", "status": "ok"}
Setting `pad_token_id` to `eos_token_id`:151645 for open-end generation.
{"cell": "internvl35_8b_budget54_seed31_strict65_p0_shuffled_letterbox54", "latency_seconds": 3.881449040956795, "peak_allocated_bytes": 82318309376, "progress": "230/260", "status": "ok"}
Setting `pad_token_id` to `eos_token_id`:151645 for open-end generation.
{"cell": "internvl35_8b_budget54_seed31_strict65_p0_shuffled_letterbox54", "latency_seconds": 3.4991580452769995, "peak_allocated_bytes": 82483197440, "progress": "231/260", "status": "ok"}
Setting `pad_token_id` to `eos_token_id`:151645 for open-end generation.
{"cell": "internvl35_8b_budget54_seed31_strict65_p0_shuffled_letterbox54", "latency_seconds": 4.8124405685812235, "peak_allocated_bytes": 82382408704, "progress": "232/260", "status": "ok"}
Setting `pad_token_id` to `eos_token_id`:151645 for open-end generation.
{"cell": "internvl35_8b_budget54_seed31_strict65_p0_shuffled_letterbox54", "latency_seconds": 4.489502668380737, "peak_allocated_bytes": 82501531136, "progress": "233/260", "status": "ok"}
Setting `pad_token_id` to `eos_token_id`:151645 for open-end generation.
{"cell": "internvl35_8b_budget54_seed31_strict65_p0_shuffled_letterbox54", "latency_seconds": 3.4253675062209368, "peak_allocated_bytes": 82409887744, "progress": "234/260", "status": "ok"}
Setting `pad_token_id` to `eos_token_id`:151645 for open-end generation.
{"cell": "internvl35_8b_budget54_seed31_strict65_p0_shuffled_letterbox54", "latency_seconds": 4.417749809101224, "peak_allocated_bytes": 82437375488, "progress": "235/260", "status": "ok"}
Setting `pad_token_id` to `eos_token_id`:151645 for open-end generation.
{"cell": "internvl35_8b_budget54_seed31_strict65_p0_shuffled_letterbox54", "latency_seconds": 4.814062802121043, "peak_allocated_bytes": 82382408704, "progress": "236/260", "status": "ok"}
Setting `pad_token_id` to `eos_token_id`:151645 for open-end generation.
{"cell": "internvl35_8b_budget54_seed31_strict65_p0_shuffled_letterbox54", "latency_seconds": 4.418947977013886, "peak_allocated_bytes": 82529037824, "progress": "237/260", "status": "ok"}
Setting `pad_token_id` to `eos_token_id`:151645 for open-end generation.
{"cell": "internvl35_8b_budget54_seed31_strict65_p0_shuffled_letterbox54", "latency_seconds": 4.41511903796345, "peak_allocated_bytes": 82382408704, "progress": "238/260", "status": "ok"}
Setting `pad_token_id` to `eos_token_id`:151645 for open-end generation.
{"cell": "internvl35_8b_budget54_seed31_strict65_p0_shuffled_letterbox54", "latency_seconds": 4.392816722393036, "peak_allocated_bytes": 82419050496, "progress": "239/260", "status": "ok"}
Setting `pad_token_id` to `eos_token_id`:151645 for open-end generation.
{"cell": "internvl35_8b_budget54_seed31_strict65_p0_shuffled_letterbox54", "latency_seconds": 3.6006629364565015, "peak_allocated_bytes": 82409887744, "progress": "240/260", "status": "ok"}
Setting `pad_token_id` to `eos_token_id`:151645 for open-end generation.
{"cell": "internvl35_8b_budget54_seed31_strict65_p0_shuffled_letterbox54", "latency_seconds": 4.426111659966409, "peak_allocated_bytes": 82492365312, "progress": "241/260", "status": "ok"}
Setting `pad_token_id` to `eos_token_id`:151645 for open-end generation.
{"cell": "internvl35_8b_budget54_seed31_strict65_p0_shuffled_letterbox54", "latency_seconds": 4.416798800230026, "peak_allocated_bytes": 82382408704, "progress": "242/260", "status": "ok"}
Setting `pad_token_id` to `eos_token_id`:151645 for open-end generation.
{"cell": "internvl35_8b_budget54_seed31_strict65_p0_shuffled_letterbox54", "latency_seconds": 3.8821814162656665, "peak_allocated_bytes": 82428211712, "progress": "243/260", "status": "ok"}
Setting `pad_token_id` to `eos_token_id`:151645 for open-end generation.
{"cell": "internvl35_8b_budget54_seed31_strict65_p0_shuffled_letterbox54", "latency_seconds": 4.5010871309787035, "peak_allocated_bytes": 82400728576, "progress": "244/260", "status": "ok"}
Setting `pad_token_id` to `eos_token_id`:151645 for open-end generation.
{"cell": "internvl35_8b_budget54_seed31_strict65_p0_shuffled_letterbox54", "latency_seconds": 4.780640814453363, "peak_allocated_bytes": 82539185664, "progress": "245/260", "status": "ok"}
Setting `pad_token_id` to `eos_token_id`:151645 for open-end generation.
{"cell": "internvl35_8b_budget54_seed31_strict65_p0_shuffled_letterbox54", "latency_seconds": 3.8790092589333653, "peak_allocated_bytes": 82391567360, "progress": "246/260", "status": "ok"}
Setting `pad_token_id` to `eos_token_id`:151645 for open-end generation.
{"cell": "internvl35_8b_budget54_seed31_strict65_p0_shuffled_letterbox54", "latency_seconds": 4.429600256495178, "peak_allocated_bytes": 82474032640, "progress": "247/260", "status": "ok"}
Setting `pad_token_id` to `eos_token_id`:151645 for open-end generation.
{"cell": "internvl35_8b_budget54_seed31_strict65_p0_shuffled_letterbox54", "latency_seconds": 4.282200402580202, "peak_allocated_bytes": 82391567360, "progress": "248/260", "status": "ok"}
Setting `pad_token_id` to `eos_token_id`:151645 for open-end generation.
{"cell": "internvl35_8b_budget54_seed31_strict65_p0_shuffled_letterbox54", "latency_seconds": 4.606530519202352, "peak_allocated_bytes": 82501531136, "progress": "249/260", "status": "ok"}
Setting `pad_token_id` to `eos_token_id`:151645 for open-end generation.
{"cell": "internvl35_8b_budget54_seed31_strict65_p0_shuffled_letterbox54", "latency_seconds": 4.4140275893732905, "peak_allocated_bytes": 82382408704, "progress": "250/260", "status": "ok"}
Setting `pad_token_id` to `eos_token_id`:151645 for open-end generation.
{"cell": "internvl35_8b_budget54_seed31_strict65_p0_shuffled_letterbox54", "latency_seconds": 4.414493663236499, "peak_allocated_bytes": 82437375488, "progress": "251/260", "status": "ok"}
Setting `pad_token_id` to `eos_token_id`:151645 for open-end generation.
{"cell": "internvl35_8b_budget54_seed31_strict65_p0_shuffled_letterbox54", "latency_seconds": 5.04294444154948, "peak_allocated_bytes": 82364091904, "progress": "252/260", "status": "ok"}
Setting `pad_token_id` to `eos_token_id`:151645 for open-end generation.
{"cell": "internvl35_8b_budget54_seed31_strict65_p0_shuffled_letterbox54", "latency_seconds": 4.488369137048721, "peak_allocated_bytes": 82501531136, "progress": "253/260", "status": "ok"}
Setting `pad_token_id` to `eos_token_id`:151645 for open-end generation.
{"cell": "internvl35_8b_budget54_seed31_strict65_p0_shuffled_letterbox54", "latency_seconds": 3.880099351517856, "peak_allocated_bytes": 82354933248, "progress": "254/260", "status": "ok"}
Setting `pad_token_id` to `eos_token_id`:151645 for open-end generation.
{"cell": "internvl35_8b_budget54_seed31_strict65_p0_shuffled_letterbox54", "latency_seconds": 4.423318573273718, "peak_allocated_bytes": 82474032640, "progress": "255/260", "status": "ok"}
Setting `pad_token_id` to `eos_token_id`:151645 for open-end generation.
{"cell": "internvl35_8b_budget54_seed31_strict65_p0_shuffled_letterbox54", "latency_seconds": 3.5914187217131257, "peak_allocated_bytes": 82409887744, "progress": "256/260", "status": "ok"}
Setting `pad_token_id` to `eos_token_id`:151645 for open-end generation.
{"cell": "internvl35_8b_budget54_seed31_strict65_p0_shuffled_letterbox54", "latency_seconds": 5.606431499123573, "peak_allocated_bytes": 82492365312, "progress": "257/260", "status": "ok"}
Setting `pad_token_id` to `eos_token_id`:151645 for open-end generation.
{"cell": "internvl35_8b_budget54_seed31_strict65_p0_shuffled_letterbox54", "latency_seconds": 4.408129489980638, "peak_allocated_bytes": 82309164544, "progress": "258/260", "status": "ok"}
Setting `pad_token_id` to `eos_token_id`:151645 for open-end generation.
{"cell": "internvl35_8b_budget54_seed31_strict65_p0_shuffled_letterbox54", "latency_seconds": 3.421496336348355, "peak_allocated_bytes": 82409887744, "progress": "259/260", "status": "ok"}
Setting `pad_token_id` to `eos_token_id`:151645 for open-end generation.
{"cell": "internvl35_8b_budget54_seed31_strict65_p0_shuffled_letterbox54", "latency_seconds": 4.5016146041452885, "peak_allocated_bytes": 82400728576, "progress": "260/260", "status": "ok"}
Setting `pad_token_id` to `eos_token_id`:151645 for open-end generation.
{"cell": "internvl35_8b_budget54_seed31_strict65_p0_text_only_letterbox54", "latency_seconds": 0.10076866112649441, "peak_allocated_bytes": 17119044096, "progress": "1/260", "status": "ok"}
Setting `pad_token_id` to `eos_token_id`:151645 for open-end generation.
{"cell": "internvl35_8b_budget54_seed31_strict65_p0_text_only_letterbox54", "latency_seconds": 0.07001275103539228, "peak_allocated_bytes": 17115843072, "progress": "2/260", "status": "ok"}
Setting `pad_token_id` to `eos_token_id`:151645 for open-end generation.
{"cell": "internvl35_8b_budget54_seed31_strict65_p0_text_only_letterbox54", "latency_seconds": 0.09066385310143232, "peak_allocated_bytes": 17117975040, "progress": "3/260", "status": "ok"}
Setting `pad_token_id` to `eos_token_id`:151645 for open-end generation.
{"cell": "internvl35_8b_budget54_seed31_strict65_p0_text_only_letterbox54", "latency_seconds": 0.47382091358304024, "peak_allocated_bytes": 17117441024, "progress": "4/260", "status": "ok"}
Setting `pad_token_id` to `eos_token_id`:151645 for open-end generation.
{"cell": "internvl35_8b_budget54_seed31_strict65_p0_text_only_letterbox54", "latency_seconds": 0.08679759129881859, "peak_allocated_bytes": 17119044096, "progress": "5/260", "status": "ok"}
Setting `pad_token_id` to `eos_token_id`:151645 for open-end generation.
{"cell": "internvl35_8b_budget54_seed31_strict65_p0_text_only_letterbox54", "latency_seconds": 0.3422120036557317, "peak_allocated_bytes": 17114894848, "progress": "6/260", "status": "ok"}
Setting `pad_token_id` to `eos_token_id`:151645 for open-end generation.
{"cell": "internvl35_8b_budget54_seed31_strict65_p0_text_only_letterbox54", "latency_seconds": 0.05997998081147671, "peak_allocated_bytes": 17117707264, "progress": "7/260", "status": "ok"}
Setting `pad_token_id` to `eos_token_id`:151645 for open-end generation.
{"cell": "internvl35_8b_budget54_seed31_strict65_p0_text_only_letterbox54", "latency_seconds": 0.46691689640283585, "peak_allocated_bytes": 17117441024, "progress": "8/260", "status": "ok"}
Setting `pad_token_id` to `eos_token_id`:151645 for open-end generation.
{"cell": "internvl35_8b_budget54_seed31_strict65_p0_text_only_letterbox54", "latency_seconds": 0.08983382117003202, "peak_allocated_bytes": 17121456128, "progress": "9/260", "status": "ok"}
Setting `pad_token_id` to `eos_token_id`:151645 for open-end generation.
{"cell": "internvl35_8b_budget54_seed31_strict65_p0_text_only_letterbox54", "latency_seconds": 0.05950659979134798, "peak_allocated_bytes": 17116375040, "progress": "10/260", "status": "ok"}
Setting `pad_token_id` to `eos_token_id`:151645 for open-end generation.
{"cell": "internvl35_8b_budget54_seed31_strict65_p0_text_only_letterbox54", "latency_seconds": 0.05514624249190092, "peak_allocated_bytes": 17119044096, "progress": "11/260", "status": "ok"}
Setting `pad_token_id` to `eos_token_id`:151645 for open-end generation.
{"cell": "internvl35_8b_budget54_seed31_strict65_p0_text_only_letterbox54", "latency_seconds": 13.370882978662848, "peak_allocated_bytes": 17205401088, "progress": "12/260", "status": "ok"}
Setting `pad_token_id` to `eos_token_id`:151645 for open-end generation.
{"cell": "internvl35_8b_budget54_seed31_strict65_p0_text_only_letterbox54", "latency_seconds": 0.08976861461997032, "peak_allocated_bytes": 17120382464, "progress": "13/260", "status": "ok"}
Setting `pad_token_id` to `eos_token_id`:151645 for open-end generation.
{"cell": "internvl35_8b_budget54_seed31_strict65_p0_text_only_letterbox54", "latency_seconds": 3.179280538111925, "peak_allocated_bytes": 17129651200, "progress": "14/260", "status": "ok"}
Setting `pad_token_id` to `eos_token_id`:151645 for open-end generation.
{"cell": "internvl35_8b_budget54_seed31_strict65_p0_text_only_letterbox54", "latency_seconds": 0.05989916156977415, "peak_allocated_bytes": 17118775808, "progress": "15/260", "status": "ok"}
Setting `pad_token_id` to `eos_token_id`:151645 for open-end generation.
{"cell": "internvl35_8b_budget54_seed31_strict65_p0_text_only_letterbox54", "latency_seconds": 0.3200159650295973, "peak_allocated_bytes": 17117173760, "progress": "16/260", "status": "ok"}
Setting `pad_token_id` to `eos_token_id`:151645 for open-end generation.
{"cell": "internvl35_8b_budget54_seed31_strict65_p0_text_only_letterbox54", "latency_seconds": 0.08063289988785982, "peak_allocated_bytes": 17120382464, "progress": "17/260", "status": "ok"}
Setting `pad_token_id` to `eos_token_id`:151645 for open-end generation.
{"cell": "internvl35_8b_budget54_seed31_strict65_p0_text_only_letterbox54", "latency_seconds": 0.33994494192302227, "peak_allocated_bytes": 17117441024, "progress": "18/260", "status": "ok"}
Setting `pad_token_id` to `eos_token_id`:151645 for open-end generation.
{"cell": "internvl35_8b_budget54_seed31_strict65_p0_text_only_letterbox54", "latency_seconds": 0.05922790803015232, "peak_allocated_bytes": 17119579136, "progress": "19/260", "status": "ok"}
Setting `pad_token_id` to `eos_token_id`:151645 for open-end generation.
{"cell": "internvl35_8b_budget54_seed31_strict65_p0_text_only_letterbox54", "latency_seconds": 0.05544092878699303, "peak_allocated_bytes": 17119044096, "progress": "20/260", "status": "ok"}
Setting `pad_token_id` to `eos_token_id`:151645 for open-end generation.
{"cell": "internvl35_8b_budget54_seed31_strict65_p0_text_only_letterbox54", "latency_seconds": 0.05651284009218216, "peak_allocated_bytes": 17119579136, "progress": "21/260", "status": "ok"}
Setting `pad_token_id` to `eos_token_id`:151645 for open-end generation.
{"cell": "internvl35_8b_budget54_seed31_strict65_p0_text_only_letterbox54", "latency_seconds": 6.488225208595395, "peak_allocated_bytes": 17149896192, "progress": "22/260", "status": "ok"}
Setting `pad_token_id` to `eos_token_id`:151645 for open-end generation.
{"cell": "internvl35_8b_budget54_seed31_strict65_p0_text_only_letterbox54", "latency_seconds": 0.05539311654865742, "peak_allocated_bytes": 17117707264, "progress": "23/260", "status": "ok"}
Setting `pad_token_id` to `eos_token_id`:151645 for open-end generation.
{"cell": "internvl35_8b_budget54_seed31_strict65_p0_text_only_letterbox54", "latency_seconds": 0.18512628972530365, "peak_allocated_bytes": 17116108288, "progress": "24/260", "status": "ok"}
Setting `pad_token_id` to `eos_token_id`:151645 for open-end generation.
{"cell": "internvl35_8b_budget54_seed31_strict65_p0_text_only_letterbox54", "latency_seconds": 0.08149244450032711, "peak_allocated_bytes": 17121456128, "progress": "25/260", "status": "ok"}
Setting `pad_token_id` to `eos_token_id`:151645 for open-end generation.
{"cell": "internvl35_8b_budget54_seed31_strict65_p0_text_only_letterbox54", "latency_seconds": 0.06037528067827225, "peak_allocated_bytes": 17116640768, "progress": "26/260", "status": "ok"}
Setting `pad_token_id` to `eos_token_id`:151645 for open-end generation.
{"cell": "internvl35_8b_budget54_seed31_strict65_p0_text_only_letterbox54", "latency_seconds": 0.05525918584316969, "peak_allocated_bytes": 17117441024, "progress": "27/260", "status": "ok"}
Setting `pad_token_id` to `eos_token_id`:151645 for open-end generation.
{"cell": "internvl35_8b_budget54_seed31_strict65_p0_text_only_letterbox54", "latency_seconds": 0.5496805114671588, "peak_allocated_bytes": 17117975040, "progress": "28/260", "status": "ok"}
Setting `pad_token_id` to `eos_token_id`:151645 for open-end generation.
{"cell": "internvl35_8b_budget54_seed31_strict65_p0_text_only_letterbox54", "latency_seconds": 0.08560101222246885, "peak_allocated_bytes": 17120919040, "progress": "29/260", "status": "ok"}
Setting `pad_token_id` to `eos_token_id`:151645 for open-end generation.
{"cell": "internvl35_8b_budget54_seed31_strict65_p0_text_only_letterbox54", "latency_seconds": 0.0808824310079217, "peak_allocated_bytes": 17116375040, "progress": "30/260", "status": "ok"}
Setting `pad_token_id` to `eos_token_id`:151645 for open-end generation.
{"cell": "internvl35_8b_budget54_seed31_strict65_p0_text_only_letterbox54", "latency_seconds": 0.055089421570301056, "peak_allocated_bytes": 17117707264, "progress": "31/260", "status": "ok"}
Setting `pad_token_id` to `eos_token_id`:151645 for open-end generation.
{"cell": "internvl35_8b_budget54_seed31_strict65_p0_text_only_letterbox54", "latency_seconds": 0.629927103407681, "peak_allocated_bytes": 17116908032, "progress": "32/260", "status": "ok"}
Setting `pad_token_id` to `eos_token_id`:151645 for open-end generation.
{"cell": "internvl35_8b_budget54_seed31_strict65_p0_text_only_letterbox54", "latency_seconds": 0.08116039074957371, "peak_allocated_bytes": 17120382464, "progress": "33/260", "status": "ok"}
Setting `pad_token_id` to `eos_token_id`:151645 for open-end generation.
{"cell": "internvl35_8b_budget54_seed31_strict65_p0_text_only_letterbox54", "latency_seconds": 1.6691863369196653, "peak_allocated_bytes": 17119357952, "progress": "34/260", "status": "ok"}
Setting `pad_token_id` to `eos_token_id`:151645 for open-end generation.
{"cell": "internvl35_8b_budget54_seed31_strict65_p0_text_only_letterbox54", "latency_seconds": 0.059502619318664074, "peak_allocated_bytes": 17118509056, "progress": "35/260", "status": "ok"}
Setting `pad_token_id` to `eos_token_id`:151645 for open-end generation.
{"cell": "internvl35_8b_budget54_seed31_strict65_p0_text_only_letterbox54", "latency_seconds": 1.093414251692593, "peak_allocated_bytes": 17118509056, "progress": "36/260", "status": "ok"}
Setting `pad_token_id` to `eos_token_id`:151645 for open-end generation.
{"cell": "internvl35_8b_budget54_seed31_strict65_p0_text_only_letterbox54", "latency_seconds": 0.08100858516991138, "peak_allocated_bytes": 17119579136, "progress": "37/260", "status": "ok"}
Setting `pad_token_id` to `eos_token_id`:151645 for open-end generation.
{"cell": "internvl35_8b_budget54_seed31_strict65_p0_text_only_letterbox54", "latency_seconds": 0.055165636353194714, "peak_allocated_bytes": 17116908032, "progress": "38/260", "status": "ok"}
Setting `pad_token_id` to `eos_token_id`:151645 for open-end generation.
{"cell": "internvl35_8b_budget54_seed31_strict65_p0_text_only_letterbox54", "latency_seconds": 0.059334962628781796, "peak_allocated_bytes": 17119310848, "progress": "39/260", "status": "ok"}
Setting `pad_token_id` to `eos_token_id`:151645 for open-end generation.
{"cell": "internvl35_8b_budget54_seed31_strict65_p0_text_only_letterbox54", "latency_seconds": 0.7557870419695973, "peak_allocated_bytes": 17119310848, "progress": "40/260", "status": "ok"}
Setting `pad_token_id` to `eos_token_id`:151645 for open-end generation.
{"cell": "internvl35_8b_budget54_seed31_strict65_p0_text_only_letterbox54", "latency_seconds": 0.08096427470445633, "peak_allocated_bytes": 17119044096, "progress": "41/260", "status": "ok"}
Setting `pad_token_id` to `eos_token_id`:151645 for open-end generation.
{"cell": "internvl35_8b_budget54_seed31_strict65_p0_text_only_letterbox54", "latency_seconds": 0.0813017850741744, "peak_allocated_bytes": 17116640768, "progress": "42/260", "status": "ok"}
Setting `pad_token_id` to `eos_token_id`:151645 for open-end generation.
{"cell": "internvl35_8b_budget54_seed31_strict65_p0_text_only_letterbox54", "latency_seconds": 0.055034004151821136, "peak_allocated_bytes": 17118509056, "progress": "43/260", "status": "ok"}
Setting `pad_token_id` to `eos_token_id`:151645 for open-end generation.
{"cell": "internvl35_8b_budget54_seed31_strict65_p0_text_only_letterbox54", "latency_seconds": 13.373714867047966, "peak_allocated_bytes": 17205301760, "progress": "44/260", "status": "ok"}
Setting `pad_token_id` to `eos_token_id`:151645 for open-end generation.
{"cell": "internvl35_8b_budget54_seed31_strict65_p0_text_only_letterbox54", "latency_seconds": 0.08555685169994831, "peak_allocated_bytes": 17120115200, "progress": "45/260", "status": "ok"}
Setting `pad_token_id` to `eos_token_id`:151645 for open-end generation.
{"cell": "internvl35_8b_budget54_seed31_strict65_p0_text_only_letterbox54", "latency_seconds": 0.05502591002732515, "peak_allocated_bytes": 17115843072, "progress": "46/260", "status": "ok"}
Setting `pad_token_id` to `eos_token_id`:151645 for open-end generation.
{"cell": "internvl35_8b_budget54_seed31_strict65_p0_text_only_letterbox54", "latency_seconds": 0.054834517650306225, "peak_allocated_bytes": 17117707264, "progress": "47/260", "status": "ok"}
Setting `pad_token_id` to `eos_token_id`:151645 for open-end generation.
{"cell": "internvl35_8b_budget54_seed31_strict65_p0_text_only_letterbox54", "latency_seconds": 5.422732864506543, "peak_allocated_bytes": 17144190464, "progress": "48/260", "status": "ok"}
Setting `pad_token_id` to `eos_token_id`:151645 for open-end generation.
{"cell": "internvl35_8b_budget54_seed31_strict65_p0_text_only_letterbox54", "latency_seconds": 0.08121554274111986, "peak_allocated_bytes": 17119044096, "progress": "49/260", "status": "ok"}
Setting `pad_token_id` to `eos_token_id`:151645 for open-end generation.
{"cell": "internvl35_8b_budget54_seed31_strict65_p0_text_only_letterbox54", "latency_seconds": 0.3924907995387912, "peak_allocated_bytes": 17116908032, "progress": "50/260", "status": "ok"}
Setting `pad_token_id` to `eos_token_id`:151645 for open-end generation.
{"cell": "internvl35_8b_budget54_seed31_strict65_p0_text_only_letterbox54", "latency_seconds": 0.05552688427269459, "peak_allocated_bytes": 17119579136, "progress": "51/260", "status": "ok"}
Setting `pad_token_id` to `eos_token_id`:151645 for open-end generation.
{"cell": "internvl35_8b_budget54_seed31_strict65_p0_text_only_letterbox54", "latency_seconds": 13.26704600919038, "peak_allocated_bytes": 17205450240, "progress": "52/260", "status": "ok"}
Setting `pad_token_id` to `eos_token_id`:151645 for open-end generation.
{"cell": "internvl35_8b_budget54_seed31_strict65_p0_text_only_letterbox54", "latency_seconds": 0.08102508541196585, "peak_allocated_bytes": 17120382464, "progress": "53/260", "status": "ok"}
Setting `pad_token_id` to `eos_token_id`:151645 for open-end generation.
{"cell": "internvl35_8b_budget54_seed31_strict65_p0_text_only_letterbox54", "latency_seconds": 0.055334970355033875, "peak_allocated_bytes": 17116908032, "progress": "54/260", "status": "ok"}
Setting `pad_token_id` to `eos_token_id`:151645 for open-end generation.
{"cell": "internvl35_8b_budget54_seed31_strict65_p0_text_only_letterbox54", "latency_seconds": 0.05522176157683134, "peak_allocated_bytes": 17117441024, "progress": "55/260", "status": "ok"}
Setting `pad_token_id` to `eos_token_id`:151645 for open-end generation.
{"cell": "internvl35_8b_budget54_seed31_strict65_p0_text_only_letterbox54", "latency_seconds": 0.3654012084007263, "peak_allocated_bytes": 17116108288, "progress": "56/260", "status": "ok"}
Setting `pad_token_id` to `eos_token_id`:151645 for open-end generation.
{"cell": "internvl35_8b_budget54_seed31_strict65_p0_text_only_letterbox54", "latency_seconds": 0.08118383679538965, "peak_allocated_bytes": 17121456128, "progress": "57/260", "status": "ok"}
Setting `pad_token_id` to `eos_token_id`:151645 for open-end generation.
{"cell": "internvl35_8b_budget54_seed31_strict65_p0_text_only_letterbox54", "latency_seconds": 0.08100937772542238, "peak_allocated_bytes": 17116375040, "progress": "58/260", "status": "ok"}
Setting `pad_token_id` to `eos_token_id`:151645 for open-end generation.
{"cell": "internvl35_8b_budget54_seed31_strict65_p0_text_only_letterbox54", "latency_seconds": 0.05511162430047989, "peak_allocated_bytes": 17117707264, "progress": "59/260", "status": "ok"}
Setting `pad_token_id` to `eos_token_id`:151645 for open-end generation.
{"cell": "internvl35_8b_budget54_seed31_strict65_p0_text_only_letterbox54", "latency_seconds": 13.264126565307379, "peak_allocated_bytes": 17205401088, "progress": "60/260", "status": "ok"}
Setting `pad_token_id` to `eos_token_id`:151645 for open-end generation.
{"cell": "internvl35_8b_budget54_seed31_strict65_p0_text_only_letterbox54", "latency_seconds": 0.08175539318472147, "peak_allocated_bytes": 17120382464, "progress": "61/260", "status": "ok"}
Setting `pad_token_id` to `eos_token_id`:151645 for open-end generation.
{"cell": "internvl35_8b_budget54_seed31_strict65_p0_text_only_letterbox54", "latency_seconds": 0.059547172859311104, "peak_allocated_bytes": 17115328000, "progress": "62/260", "status": "ok"}
Setting `pad_token_id` to `eos_token_id`:151645 for open-end generation.
{"cell": "internvl35_8b_budget54_seed31_strict65_p0_text_only_letterbox54", "latency_seconds": 0.05533140152692795, "peak_allocated_bytes": 17117975040, "progress": "63/260", "status": "ok"}
Setting `pad_token_id` to `eos_token_id`:151645 for open-end generation.
{"cell": "internvl35_8b_budget54_seed31_strict65_p0_text_only_letterbox54", "latency_seconds": 13.35153792053461, "peak_allocated_bytes": 17205425664, "progress": "64/260", "status": "ok"}
Setting `pad_token_id` to `eos_token_id`:151645 for open-end generation.
{"cell": "internvl35_8b_budget54_seed31_strict65_p0_text_only_letterbox54", "latency_seconds": 0.08259994629770517, "peak_allocated_bytes": 17119579136, "progress": "65/260", "status": "ok"}
Setting `pad_token_id` to `eos_token_id`:151645 for open-end generation.
{"cell": "internvl35_8b_budget54_seed31_strict65_p0_text_only_letterbox54", "latency_seconds": 0.3143279701471329, "peak_allocated_bytes": 17117173760, "progress": "66/260", "status": "ok"}
Setting `pad_token_id` to `eos_token_id`:151645 for open-end generation.
{"cell": "internvl35_8b_budget54_seed31_strict65_p0_text_only_letterbox54", "latency_seconds": 0.05541166756302118, "peak_allocated_bytes": 17118775808, "progress": "67/260", "status": "ok"}
Setting `pad_token_id` to `eos_token_id`:151645 for open-end generation.
{"cell": "internvl35_8b_budget54_seed31_strict65_p0_text_only_letterbox54", "latency_seconds": 0.7866950053721666, "peak_allocated_bytes": 17118240768, "progress": "68/260", "status": "ok"}
Setting `pad_token_id` to `eos_token_id`:151645 for open-end generation.
{"cell": "internvl35_8b_budget54_seed31_strict65_p0_text_only_letterbox54", "latency_seconds": 0.08239710330963135, "peak_allocated_bytes": 17119579136, "progress": "69/260", "status": "ok"}
Setting `pad_token_id` to `eos_token_id`:151645 for open-end generation.
{"cell": "internvl35_8b_budget54_seed31_strict65_p0_text_only_letterbox54", "latency_seconds": 0.05579371843487024, "peak_allocated_bytes": 17116640768, "progress": "70/260", "status": "ok"}
Setting `pad_token_id` to `eos_token_id`:151645 for open-end generation.
{"cell": "internvl35_8b_budget54_seed31_strict65_p0_text_only_letterbox54", "latency_seconds": 0.05590108409523964, "peak_allocated_bytes": 17119310848, "progress": "71/260", "status": "ok"}
Setting `pad_token_id` to `eos_token_id`:151645 for open-end generation.
{"cell": "internvl35_8b_budget54_seed31_strict65_p0_text_only_letterbox54", "latency_seconds": 2.4795681359246373, "peak_allocated_bytes": 17124791808, "progress": "72/260", "status": "ok"}
Setting `pad_token_id` to `eos_token_id`:151645 for open-end generation.
{"cell": "internvl35_8b_budget54_seed31_strict65_p0_text_only_letterbox54", "latency_seconds": 0.08660207036882639, "peak_allocated_bytes": 17121188352, "progress": "73/260", "status": "ok"}
Setting `pad_token_id` to `eos_token_id`:151645 for open-end generation.
{"cell": "internvl35_8b_budget54_seed31_strict65_p0_text_only_letterbox54", "latency_seconds": 0.4477015873417258, "peak_allocated_bytes": 17117441024, "progress": "74/260", "status": "ok"}
Setting `pad_token_id` to `eos_token_id`:151645 for open-end generation.
{"cell": "internvl35_8b_budget54_seed31_strict65_p0_text_only_letterbox54", "latency_seconds": 0.05594935454428196, "peak_allocated_bytes": 17119044096, "progress": "75/260", "status": "ok"}
Setting `pad_token_id` to `eos_token_id`:151645 for open-end generation.
{"cell": "internvl35_8b_budget54_seed31_strict65_p0_text_only_letterbox54", "latency_seconds": 13.455782568082213, "peak_allocated_bytes": 17205401088, "progress": "76/260", "status": "ok"}
Setting `pad_token_id` to `eos_token_id`:151645 for open-end generation.
{"cell": "internvl35_8b_budget54_seed31_strict65_p0_text_only_letterbox54", "latency_seconds": 0.08637770172208548, "peak_allocated_bytes": 17121725952, "progress": "77/260", "status": "ok"}
Setting `pad_token_id` to `eos_token_id`:151645 for open-end generation.
{"cell": "internvl35_8b_budget54_seed31_strict65_p0_text_only_letterbox54", "latency_seconds": 0.05546515807509422, "peak_allocated_bytes": 17116640768, "progress": "78/260", "status": "ok"}
Setting `pad_token_id` to `eos_token_id`:151645 for open-end generation.
{"cell": "internvl35_8b_budget54_seed31_strict65_p0_text_only_letterbox54", "latency_seconds": 0.055348615162074566, "peak_allocated_bytes": 17119044096, "progress": "79/260", "status": "ok"}
Setting `pad_token_id` to `eos_token_id`:151645 for open-end generation.
{"cell": "internvl35_8b_budget54_seed31_strict65_p0_text_only_letterbox54", "latency_seconds": 0.13365904055535793, "peak_allocated_bytes": 17116908032, "progress": "80/260", "status": "ok"}
Setting `pad_token_id` to `eos_token_id`:151645 for open-end generation.
{"cell": "internvl35_8b_budget54_seed31_strict65_p0_text_only_letterbox54", "latency_seconds": 0.08563136588782072, "peak_allocated_bytes": 17119846400, "progress": "81/260", "status": "ok"}
Setting `pad_token_id` to `eos_token_id`:151645 for open-end generation.
{"cell": "internvl35_8b_budget54_seed31_strict65_p0_text_only_letterbox54", "latency_seconds": 0.059582204557955265, "peak_allocated_bytes": 17115576320, "progress": "82/260", "status": "ok"}
Setting `pad_token_id` to `eos_token_id`:151645 for open-end generation.
{"cell": "internvl35_8b_budget54_seed31_strict65_p0_text_only_letterbox54", "latency_seconds": 0.055441721342504025, "peak_allocated_bytes": 17119310848, "progress": "83/260", "status": "ok"}
Setting `pad_token_id` to `eos_token_id`:151645 for open-end generation.
{"cell": "internvl35_8b_budget54_seed31_strict65_p0_text_only_letterbox54", "latency_seconds": 0.1073360638692975, "peak_allocated_bytes": 17116640768, "progress": "84/260", "status": "ok"}
Setting `pad_token_id` to `eos_token_id`:151645 for open-end generation.
{"cell": "internvl35_8b_budget54_seed31_strict65_p0_text_only_letterbox54", "latency_seconds": 0.08115940727293491, "peak_allocated_bytes": 17120382464, "progress": "85/260", "status": "ok"}
Setting `pad_token_id` to `eos_token_id`:151645 for open-end generation.
{"cell": "internvl35_8b_budget54_seed31_strict65_p0_text_only_letterbox54", "latency_seconds": 0.055526469834148884, "peak_allocated_bytes": 17115843072, "progress": "86/260", "status": "ok"}
Setting `pad_token_id` to `eos_token_id`:151645 for open-end generation.
{"cell": "internvl35_8b_budget54_seed31_strict65_p0_text_only_letterbox54", "latency_seconds": 0.05510555021464825, "peak_allocated_bytes": 17118240768, "progress": "87/260", "status": "ok"}
Setting `pad_token_id` to `eos_token_id`:151645 for open-end generation.
{"cell": "internvl35_8b_budget54_seed31_strict65_p0_text_only_letterbox54", "latency_seconds": 13.474851929582655, "peak_allocated_bytes": 17205326336, "progress": "88/260", "status": "ok"}
Setting `pad_token_id` to `eos_token_id`:151645 for open-end generation.
{"cell": "internvl35_8b_budget54_seed31_strict65_p0_text_only_letterbox54", "latency_seconds": 0.08274999260902405, "peak_allocated_bytes": 17118775808, "progress": "89/260", "status": "ok"}
Setting `pad_token_id` to `eos_token_id`:151645 for open-end generation.
{"cell": "internvl35_8b_budget54_seed31_strict65_p0_text_only_letterbox54", "latency_seconds": 4.363022367469966, "peak_allocated_bytes": 17134814720, "progress": "90/260", "status": "ok"}
Setting `pad_token_id` to `eos_token_id`:151645 for open-end generation.
{"cell": "internvl35_8b_budget54_seed31_strict65_p0_text_only_letterbox54", "latency_seconds": 0.055496576242148876, "peak_allocated_bytes": 17119044096, "progress": "91/260", "status": "ok"}
Setting `pad_token_id` to `eos_token_id`:151645 for open-end generation.
{"cell": "internvl35_8b_budget54_seed31_strict65_p0_text_only_letterbox54", "latency_seconds": 0.13366435933858156, "peak_allocated_bytes": 17116375040, "progress": "92/260", "status": "ok"}
Setting `pad_token_id` to `eos_token_id`:151645 for open-end generation.
{"cell": "internvl35_8b_budget54_seed31_strict65_p0_text_only_letterbox54", "latency_seconds": 0.08368159551173449, "peak_allocated_bytes": 17119310848, "progress": "93/260", "status": "ok"}
Setting `pad_token_id` to `eos_token_id`:151645 for open-end generation.
{"cell": "internvl35_8b_budget54_seed31_strict65_p0_text_only_letterbox54", "latency_seconds": 1.1221425961703062, "peak_allocated_bytes": 17116375040, "progress": "94/260", "status": "ok"}
Setting `pad_token_id` to `eos_token_id`:151645 for open-end generation.
{"cell": "internvl35_8b_budget54_seed31_strict65_p0_text_only_letterbox54", "latency_seconds": 0.05585741251707077, "peak_allocated_bytes": 17119579136, "progress": "95/260", "status": "ok"}
Setting `pad_token_id` to `eos_token_id`:151645 for open-end generation.
{"cell": "internvl35_8b_budget54_seed31_strict65_p0_text_only_letterbox54", "latency_seconds": 10.780984859913588, "peak_allocated_bytes": 17176426496, "progress": "96/260", "status": "ok"}
Setting `pad_token_id` to `eos_token_id`:151645 for open-end generation.
{"cell": "internvl35_8b_budget54_seed31_strict65_p0_text_only_letterbox54", "latency_seconds": 0.08131109550595284, "peak_allocated_bytes": 17118775808, "progress": "97/260", "status": "ok"}
Setting `pad_token_id` to `eos_token_id`:151645 for open-end generation.
{"cell": "internvl35_8b_budget54_seed31_strict65_p0_text_only_letterbox54", "latency_seconds": 0.34026089310646057, "peak_allocated_bytes": 17117441024, "progress": "98/260", "status": "ok"}
Setting `pad_token_id` to `eos_token_id`:151645 for open-end generation.
{"cell": "internvl35_8b_budget54_seed31_strict65_p0_text_only_letterbox54", "latency_seconds": 0.05524942185729742, "peak_allocated_bytes": 17119044096, "progress": "99/260", "status": "ok"}
Setting `pad_token_id` to `eos_token_id`:151645 for open-end generation.
{"cell": "internvl35_8b_budget54_seed31_strict65_p0_text_only_letterbox54", "latency_seconds": 2.9591965032741427, "peak_allocated_bytes": 17129092608, "progress": "100/260", "status": "ok"}
Setting `pad_token_id` to `eos_token_id`:151645 for open-end generation.
{"cell": "internvl35_8b_budget54_seed31_strict65_p0_text_only_letterbox54", "latency_seconds": 0.08164196647703648, "peak_allocated_bytes": 17121188352, "progress": "101/260", "status": "ok"}
Setting `pad_token_id` to `eos_token_id`:151645 for open-end generation.
{"cell": "internvl35_8b_budget54_seed31_strict65_p0_text_only_letterbox54", "latency_seconds": 0.3678817246109247, "peak_allocated_bytes": 17116108288, "progress": "102/260", "status": "ok"}
Setting `pad_token_id` to `eos_token_id`:151645 for open-end generation.
{"cell": "internvl35_8b_budget54_seed31_strict65_p0_text_only_letterbox54", "latency_seconds": 0.05594740901142359, "peak_allocated_bytes": 17118775808, "progress": "103/260", "status": "ok"}
Setting `pad_token_id` to `eos_token_id`:151645 for open-end generation.
{"cell": "internvl35_8b_budget54_seed31_strict65_p0_text_only_letterbox54", "latency_seconds": 0.9976337682455778, "peak_allocated_bytes": 17116640768, "progress": "104/260", "status": "ok"}
Setting `pad_token_id` to `eos_token_id`:151645 for open-end generation.
{"cell": "internvl35_8b_budget54_seed31_strict65_p0_text_only_letterbox54", "latency_seconds": 0.08154523279517889, "peak_allocated_bytes": 17119846400, "progress": "105/260", "status": "ok"}
Setting `pad_token_id` to `eos_token_id`:151645 for open-end generation.
{"cell": "internvl35_8b_budget54_seed31_strict65_p0_text_only_letterbox54", "latency_seconds": 0.0553676737472415, "peak_allocated_bytes": 17115576320, "progress": "106/260", "status": "ok"}
Setting `pad_token_id` to `eos_token_id`:151645 for open-end generation.
{"cell": "internvl35_8b_budget54_seed31_strict65_p0_text_only_letterbox54", "latency_seconds": 0.055017489939928055, "peak_allocated_bytes": 17118240768, "progress": "107/260", "status": "ok"}
Setting `pad_token_id` to `eos_token_id`:151645 for open-end generation.
{"cell": "internvl35_8b_budget54_seed31_strict65_p0_text_only_letterbox54", "latency_seconds": 1.2156546115875244, "peak_allocated_bytes": 17117257216, "progress": "108/260", "status": "ok"}
Setting `pad_token_id` to `eos_token_id`:151645 for open-end generation.
{"cell": "internvl35_8b_budget54_seed31_strict65_p0_text_only_letterbox54", "latency_seconds": 0.08122688997536898, "peak_allocated_bytes": 17119579136, "progress": "109/260", "status": "ok"}
Setting `pad_token_id` to `eos_token_id`:151645 for open-end generation.
{"cell": "internvl35_8b_budget54_seed31_strict65_p0_text_only_letterbox54", "latency_seconds": 0.054759036749601364, "peak_allocated_bytes": 17116108288, "progress": "110/260", "status": "ok"}
Setting `pad_token_id` to `eos_token_id`:151645 for open-end generation.
{"cell": "internvl35_8b_budget54_seed31_strict65_p0_text_only_letterbox54", "latency_seconds": 0.054931024089455605, "peak_allocated_bytes": 17118240768, "progress": "111/260", "status": "ok"}
Setting `pad_token_id` to `eos_token_id`:151645 for open-end generation.
{"cell": "internvl35_8b_budget54_seed31_strict65_p0_text_only_letterbox54", "latency_seconds": 0.6234180862084031, "peak_allocated_bytes": 17116108288, "progress": "112/260", "status": "ok"}
Setting `pad_token_id` to `eos_token_id`:151645 for open-end generation.
{"cell": "internvl35_8b_budget54_seed31_strict65_p0_text_only_letterbox54", "latency_seconds": 0.08149941544979811, "peak_allocated_bytes": 17119579136, "progress": "113/260", "status": "ok"}
Setting `pad_token_id` to `eos_token_id`:151645 for open-end generation.
{"cell": "internvl35_8b_budget54_seed31_strict65_p0_text_only_letterbox54", "latency_seconds": 0.05563278403133154, "peak_allocated_bytes": 17115843072, "progress": "114/260", "status": "ok"}
Setting `pad_token_id` to `eos_token_id`:151645 for open-end generation.
{"cell": "internvl35_8b_budget54_seed31_strict65_p0_text_only_letterbox54", "latency_seconds": 0.055757973343133926, "peak_allocated_bytes": 17117975040, "progress": "115/260", "status": "ok"}
Setting `pad_token_id` to `eos_token_id`:151645 for open-end generation.
{"cell": "internvl35_8b_budget54_seed31_strict65_p0_text_only_letterbox54", "latency_seconds": 2.5039688060060143, "peak_allocated_bytes": 17124791808, "progress": "116/260", "status": "ok"}
Setting `pad_token_id` to `eos_token_id`:151645 for open-end generation.
{"cell": "internvl35_8b_budget54_seed31_strict65_p0_text_only_letterbox54", "latency_seconds": 0.08234408777207136, "peak_allocated_bytes": 17121725952, "progress": "117/260", "status": "ok"}
Setting `pad_token_id` to `eos_token_id`:151645 for open-end generation.
{"cell": "internvl35_8b_budget54_seed31_strict65_p0_text_only_letterbox54", "latency_seconds": 0.055240715853869915, "peak_allocated_bytes": 17116375040, "progress": "118/260", "status": "ok"}
Setting `pad_token_id` to `eos_token_id`:151645 for open-end generation.
{"cell": "internvl35_8b_budget54_seed31_strict65_p0_text_only_letterbox54", "latency_seconds": 0.05510516371577978, "peak_allocated_bytes": 17117441024, "progress": "119/260", "status": "ok"}
Setting `pad_token_id` to `eos_token_id`:151645 for open-end generation.
{"cell": "internvl35_8b_budget54_seed31_strict65_p0_text_only_letterbox54", "latency_seconds": 0.7276219958439469, "peak_allocated_bytes": 17117975040, "progress": "120/260", "status": "ok"}
Setting `pad_token_id` to `eos_token_id`:151645 for open-end generation.
{"cell": "internvl35_8b_budget54_seed31_strict65_p0_text_only_letterbox54", "latency_seconds": 0.08125401940196753, "peak_allocated_bytes": 17121456128, "progress": "121/260", "status": "ok"}
Setting `pad_token_id` to `eos_token_id`:151645 for open-end generation.
{"cell": "internvl35_8b_budget54_seed31_strict65_p0_text_only_letterbox54", "latency_seconds": 0.3136885380372405, "peak_allocated_bytes": 17117173760, "progress": "122/260", "status": "ok"}
Setting `pad_token_id` to `eos_token_id`:151645 for open-end generation.
{"cell": "internvl35_8b_budget54_seed31_strict65_p0_text_only_letterbox54", "latency_seconds": 0.05496275704354048, "peak_allocated_bytes": 17119310848, "progress": "123/260", "status": "ok"}
Setting `pad_token_id` to `eos_token_id`:151645 for open-end generation.
{"cell": "internvl35_8b_budget54_seed31_strict65_p0_text_only_letterbox54", "latency_seconds": 0.4722477477043867, "peak_allocated_bytes": 17117441024, "progress": "124/260", "status": "ok"}
Setting `pad_token_id` to `eos_token_id`:151645 for open-end generation.
{"cell": "internvl35_8b_budget54_seed31_strict65_p0_text_only_letterbox54", "latency_seconds": 0.08063846360892057, "peak_allocated_bytes": 17121188352, "progress": "125/260", "status": "ok"}
Setting `pad_token_id` to `eos_token_id`:151645 for open-end generation.
{"cell": "internvl35_8b_budget54_seed31_strict65_p0_text_only_letterbox54", "latency_seconds": 0.054789735935628414, "peak_allocated_bytes": 17114894848, "progress": "126/260", "status": "ok"}
Setting `pad_token_id` to `eos_token_id`:151645 for open-end generation.
{"cell": "internvl35_8b_budget54_seed31_strict65_p0_text_only_letterbox54", "latency_seconds": 0.05497687868773937, "peak_allocated_bytes": 17119310848, "progress": "127/260", "status": "ok"}
Setting `pad_token_id` to `eos_token_id`:151645 for open-end generation.
{"cell": "internvl35_8b_budget54_seed31_strict65_p0_text_only_letterbox54", "latency_seconds": 13.317162234336138, "peak_allocated_bytes": 17205450240, "progress": "128/260", "status": "ok"}
Setting `pad_token_id` to `eos_token_id`:151645 for open-end generation.
{"cell": "internvl35_8b_budget54_seed31_strict65_p0_text_only_letterbox54", "latency_seconds": 0.08141320664435625, "peak_allocated_bytes": 17121188352, "progress": "129/260", "status": "ok"}
Setting `pad_token_id` to `eos_token_id`:151645 for open-end generation.
{"cell": "internvl35_8b_budget54_seed31_strict65_p0_text_only_letterbox54", "latency_seconds": 0.05534035060554743, "peak_allocated_bytes": 17116640768, "progress": "130/260", "status": "ok"}
Setting `pad_token_id` to `eos_token_id`:151645 for open-end generation.
{"cell": "internvl35_8b_budget54_seed31_strict65_p0_text_only_letterbox54", "latency_seconds": 0.05588809121400118, "peak_allocated_bytes": 17117441024, "progress": "131/260", "status": "ok"}
Setting `pad_token_id` to `eos_token_id`:151645 for open-end generation.
{"cell": "internvl35_8b_budget54_seed31_strict65_p0_text_only_letterbox54", "latency_seconds": 0.47810295410454273, "peak_allocated_bytes": 17118240768, "progress": "132/260", "status": "ok"}
Setting `pad_token_id` to `eos_token_id`:151645 for open-end generation.
{"cell": "internvl35_8b_budget54_seed31_strict65_p0_text_only_letterbox54", "latency_seconds": 0.08698286209255457, "peak_allocated_bytes": 17120651776, "progress": "133/260", "status": "ok"}
Setting `pad_token_id` to `eos_token_id`:151645 for open-end generation.
{"cell": "internvl35_8b_budget54_seed31_strict65_p0_text_only_letterbox54", "latency_seconds": 0.05625415500253439, "peak_allocated_bytes": 17116640768, "progress": "134/260", "status": "ok"}
Setting `pad_token_id` to `eos_token_id`:151645 for open-end generation.
{"cell": "internvl35_8b_budget54_seed31_strict65_p0_text_only_letterbox54", "latency_seconds": 0.057025290094316006, "peak_allocated_bytes": 17119310848, "progress": "135/260", "status": "ok"}
Setting `pad_token_id` to `eos_token_id`:151645 for open-end generation.
{"cell": "internvl35_8b_budget54_seed31_strict65_p0_text_only_letterbox54", "latency_seconds": 0.4737084498628974, "peak_allocated_bytes": 17118240768, "progress": "136/260", "status": "ok"}
Setting `pad_token_id` to `eos_token_id`:151645 for open-end generation.
{"cell": "internvl35_8b_budget54_seed31_strict65_p0_text_only_letterbox54", "latency_seconds": 0.05589739792048931, "peak_allocated_bytes": 17119044096, "progress": "137/260", "status": "ok"}
Setting `pad_token_id` to `eos_token_id`:151645 for open-end generation.
{"cell": "internvl35_8b_budget54_seed31_strict65_p0_text_only_letterbox54", "latency_seconds": 0.0558038130402565, "peak_allocated_bytes": 17115843072, "progress": "138/260", "status": "ok"}
Setting `pad_token_id` to `eos_token_id`:151645 for open-end generation.
{"cell": "internvl35_8b_budget54_seed31_strict65_p0_text_only_letterbox54", "latency_seconds": 0.05614897981286049, "peak_allocated_bytes": 17116908032, "progress": "139/260", "status": "ok"}
Setting `pad_token_id` to `eos_token_id`:151645 for open-end generation.
{"cell": "internvl35_8b_budget54_seed31_strict65_p0_text_only_letterbox54", "latency_seconds": 13.442805046215653, "peak_allocated_bytes": 17205251072, "progress": "140/260", "status": "ok"}
Setting `pad_token_id` to `eos_token_id`:151645 for open-end generation.
{"cell": "internvl35_8b_budget54_seed31_strict65_p0_text_only_letterbox54", "latency_seconds": 0.08156104199588299, "peak_allocated_bytes": 17120115200, "progress": "141/260", "status": "ok"}
Setting `pad_token_id` to `eos_token_id`:151645 for open-end generation.
{"cell": "internvl35_8b_budget54_seed31_strict65_p0_text_only_letterbox54", "latency_seconds": 0.3426343919709325, "peak_allocated_bytes": 17117441024, "progress": "142/260", "status": "ok"}
Setting `pad_token_id` to `eos_token_id`:151645 for open-end generation.
{"cell": "internvl35_8b_budget54_seed31_strict65_p0_text_only_letterbox54", "latency_seconds": 0.05569360498338938, "peak_allocated_bytes": 17118509056, "progress": "143/260", "status": "ok"}
Setting `pad_token_id` to `eos_token_id`:151645 for open-end generation.
{"cell": "internvl35_8b_budget54_seed31_strict65_p0_text_only_letterbox54", "latency_seconds": 0.47473928332328796, "peak_allocated_bytes": 17116908032, "progress": "144/260", "status": "ok"}
Setting `pad_token_id` to `eos_token_id`:151645 for open-end generation.
{"cell": "internvl35_8b_budget54_seed31_strict65_p0_text_only_letterbox54", "latency_seconds": 0.08292675949633121, "peak_allocated_bytes": 17119846400, "progress": "145/260", "status": "ok"}
Setting `pad_token_id` to `eos_token_id`:151645 for open-end generation.
{"cell": "internvl35_8b_budget54_seed31_strict65_p0_text_only_letterbox54", "latency_seconds": 0.05571065656840801, "peak_allocated_bytes": 17116640768, "progress": "146/260", "status": "ok"}
Setting `pad_token_id` to `eos_token_id`:151645 for open-end generation.
{"cell": "internvl35_8b_budget54_seed31_strict65_p0_text_only_letterbox54", "latency_seconds": 0.05573671404272318, "peak_allocated_bytes": 17119579136, "progress": "147/260", "status": "ok"}
Setting `pad_token_id` to `eos_token_id`:151645 for open-end generation.
{"cell": "internvl35_8b_budget54_seed31_strict65_p0_text_only_letterbox54", "latency_seconds": 0.13441797625273466, "peak_allocated_bytes": 17116908032, "progress": "148/260", "status": "ok"}
Setting `pad_token_id` to `eos_token_id`:151645 for open-end generation.
{"cell": "internvl35_8b_budget54_seed31_strict65_p0_text_only_letterbox54", "latency_seconds": 0.0817780327051878, "peak_allocated_bytes": 17120382464, "progress": "149/260", "status": "ok"}
Setting `pad_token_id` to `eos_token_id`:151645 for open-end generation.
{"cell": "internvl35_8b_budget54_seed31_strict65_p0_text_only_letterbox54", "latency_seconds": 0.055754125118255615, "peak_allocated_bytes": 17116640768, "progress": "150/260", "status": "ok"}
Setting `pad_token_id` to `eos_token_id`:151645 for open-end generation.
{"cell": "internvl35_8b_budget54_seed31_strict65_p0_text_only_letterbox54", "latency_seconds": 0.055828431621193886, "peak_allocated_bytes": 17117975040, "progress": "151/260", "status": "ok"}
Setting `pad_token_id` to `eos_token_id`:151645 for open-end generation.
{"cell": "internvl35_8b_budget54_seed31_strict65_p0_text_only_letterbox54", "latency_seconds": 0.894287072122097, "peak_allocated_bytes": 17117173760, "progress": "152/260", "status": "ok"}
Setting `pad_token_id` to `eos_token_id`:151645 for open-end generation.
{"cell": "internvl35_8b_budget54_seed31_strict65_p0_text_only_letterbox54", "latency_seconds": 0.08269072789698839, "peak_allocated_bytes": 17121456128, "progress": "153/260", "status": "ok"}
Setting `pad_token_id` to `eos_token_id`:151645 for open-end generation.
{"cell": "internvl35_8b_budget54_seed31_strict65_p0_text_only_letterbox54", "latency_seconds": 0.05630042590200901, "peak_allocated_bytes": 17116640768, "progress": "154/260", "status": "ok"}
Setting `pad_token_id` to `eos_token_id`:151645 for open-end generation.
{"cell": "internvl35_8b_budget54_seed31_strict65_p0_text_only_letterbox54", "latency_seconds": 0.055795345455408096, "peak_allocated_bytes": 17119044096, "progress": "155/260", "status": "ok"}
Setting `pad_token_id` to `eos_token_id`:151645 for open-end generation.
{"cell": "internvl35_8b_budget54_seed31_strict65_p0_text_only_letterbox54", "latency_seconds": 0.5285514360293746, "peak_allocated_bytes": 17117975040, "progress": "156/260", "status": "ok"}
Setting `pad_token_id` to `eos_token_id`:151645 for open-end generation.
{"cell": "internvl35_8b_budget54_seed31_strict65_p0_text_only_letterbox54", "latency_seconds": 0.05605838354676962, "peak_allocated_bytes": 17119846400, "progress": "157/260", "status": "ok"}
Setting `pad_token_id` to `eos_token_id`:151645 for open-end generation.
{"cell": "internvl35_8b_budget54_seed31_strict65_p0_text_only_letterbox54", "latency_seconds": 0.05611240118741989, "peak_allocated_bytes": 17116640768, "progress": "158/260", "status": "ok"}
Setting `pad_token_id` to `eos_token_id`:151645 for open-end generation.
{"cell": "internvl35_8b_budget54_seed31_strict65_p0_text_only_letterbox54", "latency_seconds": 0.47533364221453667, "peak_allocated_bytes": 17117707264, "progress": "159/260", "status": "ok"}
Setting `pad_token_id` to `eos_token_id`:151645 for open-end generation.
{"cell": "internvl35_8b_budget54_seed31_strict65_p0_text_only_letterbox54", "latency_seconds": 13.396715404465795, "peak_allocated_bytes": 17205425664, "progress": "160/260", "status": "ok"}
Setting `pad_token_id` to `eos_token_id`:151645 for open-end generation.
{"cell": "internvl35_8b_budget54_seed31_strict65_p0_text_only_letterbox54", "latency_seconds": 0.08181729447096586, "peak_allocated_bytes": 17120919040, "progress": "161/260", "status": "ok"}
Setting `pad_token_id` to `eos_token_id`:151645 for open-end generation.
{"cell": "internvl35_8b_budget54_seed31_strict65_p0_text_only_letterbox54", "latency_seconds": 0.05553251225501299, "peak_allocated_bytes": 17116908032, "progress": "162/260", "status": "ok"}
Setting `pad_token_id` to `eos_token_id`:151645 for open-end generation.
{"cell": "internvl35_8b_budget54_seed31_strict65_p0_text_only_letterbox54", "latency_seconds": 0.055304511450231075, "peak_allocated_bytes": 17117173760, "progress": "163/260", "status": "ok"}
Setting `pad_token_id` to `eos_token_id`:151645 for open-end generation.
{"cell": "internvl35_8b_budget54_seed31_strict65_p0_text_only_letterbox54", "latency_seconds": 0.47040561120957136, "peak_allocated_bytes": 17117707264, "progress": "164/260", "status": "ok"}
Setting `pad_token_id` to `eos_token_id`:151645 for open-end generation.
{"cell": "internvl35_8b_budget54_seed31_strict65_p0_text_only_letterbox54", "latency_seconds": 0.08130151126533747, "peak_allocated_bytes": 17120115200, "progress": "165/260", "status": "ok"}
Setting `pad_token_id` to `eos_token_id`:151645 for open-end generation.
{"cell": "internvl35_8b_budget54_seed31_strict65_p0_text_only_letterbox54", "latency_seconds": 0.055343396961688995, "peak_allocated_bytes": 17116640768, "progress": "166/260", "status": "ok"}
Setting `pad_token_id` to `eos_token_id`:151645 for open-end generation.
{"cell": "internvl35_8b_budget54_seed31_strict65_p0_text_only_letterbox54", "latency_seconds": 0.08247606176882982, "peak_allocated_bytes": 17117707264, "progress": "167/260", "status": "ok"}
Setting `pad_token_id` to `eos_token_id`:151645 for open-end generation.
{"cell": "internvl35_8b_budget54_seed31_strict65_p0_text_only_letterbox54", "latency_seconds": 0.47538177482783794, "peak_allocated_bytes": 17117707264, "progress": "168/260", "status": "ok"}
Setting `pad_token_id` to `eos_token_id`:151645 for open-end generation.
{"cell": "internvl35_8b_budget54_seed31_strict65_p0_text_only_letterbox54", "latency_seconds": 0.08182571362704039, "peak_allocated_bytes": 17119310848, "progress": "169/260", "status": "ok"}
Setting `pad_token_id` to `eos_token_id`:151645 for open-end generation.
{"cell": "internvl35_8b_budget54_seed31_strict65_p0_text_only_letterbox54", "latency_seconds": 0.05579988658428192, "peak_allocated_bytes": 17115576320, "progress": "170/260", "status": "ok"}
Setting `pad_token_id` to `eos_token_id`:151645 for open-end generation.
{"cell": "internvl35_8b_budget54_seed31_strict65_p0_text_only_letterbox54", "latency_seconds": 0.0557068670168519, "peak_allocated_bytes": 17119044096, "progress": "171/260", "status": "ok"}
Setting `pad_token_id` to `eos_token_id`:151645 for open-end generation.
{"cell": "internvl35_8b_budget54_seed31_strict65_p0_text_only_letterbox54", "latency_seconds": 1.3068577963858843, "peak_allocated_bytes": 17117749760, "progress": "172/260", "status": "ok"}
Setting `pad_token_id` to `eos_token_id`:151645 for open-end generation.
{"cell": "internvl35_8b_budget54_seed31_strict65_p0_text_only_letterbox54", "latency_seconds": 0.08185820933431387, "peak_allocated_bytes": 17121456128, "progress": "173/260", "status": "ok"}
Setting `pad_token_id` to `eos_token_id`:151645 for open-end generation.
{"cell": "internvl35_8b_budget54_seed31_strict65_p0_text_only_letterbox54", "latency_seconds": 0.3664501681923866, "peak_allocated_bytes": 17116108288, "progress": "174/260", "status": "ok"}
Setting `pad_token_id` to `eos_token_id`:151645 for open-end generation.
{"cell": "internvl35_8b_budget54_seed31_strict65_p0_text_only_letterbox54", "latency_seconds": 0.055487245321273804, "peak_allocated_bytes": 17119579136, "progress": "175/260", "status": "ok"}
Setting `pad_token_id` to `eos_token_id`:151645 for open-end generation.
{"cell": "internvl35_8b_budget54_seed31_strict65_p0_text_only_letterbox54", "latency_seconds": 0.31502198800444603, "peak_allocated_bytes": 17116908032, "progress": "176/260", "status": "ok"}
Setting `pad_token_id` to `eos_token_id`:151645 for open-end generation.
{"cell": "internvl35_8b_budget54_seed31_strict65_p0_text_only_letterbox54", "latency_seconds": 0.08169169444590807, "peak_allocated_bytes": 17119846400, "progress": "177/260", "status": "ok"}
Setting `pad_token_id` to `eos_token_id`:151645 for open-end generation.
{"cell": "internvl35_8b_budget54_seed31_strict65_p0_text_only_letterbox54", "latency_seconds": 0.08160114847123623, "peak_allocated_bytes": 17116640768, "progress": "178/260", "status": "ok"}
Setting `pad_token_id` to `eos_token_id`:151645 for open-end generation.
{"cell": "internvl35_8b_budget54_seed31_strict65_p0_text_only_letterbox54", "latency_seconds": 0.4977876069024205, "peak_allocated_bytes": 17117975040, "progress": "179/260", "status": "ok"}
Setting `pad_token_id` to `eos_token_id`:151645 for open-end generation.
{"cell": "internvl35_8b_budget54_seed31_strict65_p0_text_only_letterbox54", "latency_seconds": 13.451340928673744, "peak_allocated_bytes": 17205350912, "progress": "180/260", "status": "ok"}
Setting `pad_token_id` to `eos_token_id`:151645 for open-end generation.
{"cell": "internvl35_8b_budget54_seed31_strict65_p0_text_only_letterbox54", "latency_seconds": 0.08160765562206507, "peak_allocated_bytes": 17121456128, "progress": "181/260", "status": "ok"}
Setting `pad_token_id` to `eos_token_id`:151645 for open-end generation.
{"cell": "internvl35_8b_budget54_seed31_strict65_p0_text_only_letterbox54", "latency_seconds": 0.3147680340334773, "peak_allocated_bytes": 17115843072, "progress": "182/260", "status": "ok"}
Setting `pad_token_id` to `eos_token_id`:151645 for open-end generation.
{"cell": "internvl35_8b_budget54_seed31_strict65_p0_text_only_letterbox54", "latency_seconds": 0.055080508813261986, "peak_allocated_bytes": 17118240768, "progress": "183/260", "status": "ok"}
Setting `pad_token_id` to `eos_token_id`:151645 for open-end generation.
{"cell": "internvl35_8b_budget54_seed31_strict65_p0_text_only_letterbox54", "latency_seconds": 0.5737089514732361, "peak_allocated_bytes": 17118240768, "progress": "184/260", "status": "ok"}
Setting `pad_token_id` to `eos_token_id`:151645 for open-end generation.
{"cell": "internvl35_8b_budget54_seed31_strict65_p0_text_only_letterbox54", "latency_seconds": 0.08159039914608002, "peak_allocated_bytes": 17119579136, "progress": "185/260", "status": "ok"}
Setting `pad_token_id` to `eos_token_id`:151645 for open-end generation.
{"cell": "internvl35_8b_budget54_seed31_strict65_p0_text_only_letterbox54", "latency_seconds": 0.4220830900594592, "peak_allocated_bytes": 17117441024, "progress": "186/260", "status": "ok"}
Setting `pad_token_id` to `eos_token_id`:151645 for open-end generation.
{"cell": "internvl35_8b_budget54_seed31_strict65_p0_text_only_letterbox54", "latency_seconds": 0.1695932960137725, "peak_allocated_bytes": 17119310848, "progress": "187/260", "status": "ok"}
Setting `pad_token_id` to `eos_token_id`:151645 for open-end generation.
{"cell": "internvl35_8b_budget54_seed31_strict65_p0_text_only_letterbox54", "latency_seconds": 13.339490383863449, "peak_allocated_bytes": 17205301760, "progress": "188/260", "status": "ok"}
Setting `pad_token_id` to `eos_token_id`:151645 for open-end generation.
{"cell": "internvl35_8b_budget54_seed31_strict65_p0_text_only_letterbox54", "latency_seconds": 0.08151236269623041, "peak_allocated_bytes": 17119044096, "progress": "189/260", "status": "ok"}
Setting `pad_token_id` to `eos_token_id`:151645 for open-end generation.
{"cell": "internvl35_8b_budget54_seed31_strict65_p0_text_only_letterbox54", "latency_seconds": 0.055769980885088444, "peak_allocated_bytes": 17116908032, "progress": "190/260", "status": "ok"}
Setting `pad_token_id` to `eos_token_id`:151645 for open-end generation.
{"cell": "internvl35_8b_budget54_seed31_strict65_p0_text_only_letterbox54", "latency_seconds": 0.055847846902906895, "peak_allocated_bytes": 17119044096, "progress": "191/260", "status": "ok"}
Setting `pad_token_id` to `eos_token_id`:151645 for open-end generation.
{"cell": "internvl35_8b_budget54_seed31_strict65_p0_text_only_letterbox54", "latency_seconds": 13.313425245694816, "peak_allocated_bytes": 17205375488, "progress": "192/260", "status": "ok"}
Setting `pad_token_id` to `eos_token_id`:151645 for open-end generation.
{"cell": "internvl35_8b_budget54_seed31_strict65_p0_text_only_letterbox54", "latency_seconds": 0.08214231487363577, "peak_allocated_bytes": 17120115200, "progress": "193/260", "status": "ok"}
Setting `pad_token_id` to `eos_token_id`:151645 for open-end generation.
{"cell": "internvl35_8b_budget54_seed31_strict65_p0_text_only_letterbox54", "latency_seconds": 0.055828601121902466, "peak_allocated_bytes": 17116640768, "progress": "194/260", "status": "ok"}
Setting `pad_token_id` to `eos_token_id`:151645 for open-end generation.
{"cell": "internvl35_8b_budget54_seed31_strict65_p0_text_only_letterbox54", "latency_seconds": 0.05563662573695183, "peak_allocated_bytes": 17118775808, "progress": "195/260", "status": "ok"}
Setting `pad_token_id` to `eos_token_id`:151645 for open-end generation.
{"cell": "internvl35_8b_budget54_seed31_strict65_p0_text_only_letterbox54", "latency_seconds": 1.186567165888846, "peak_allocated_bytes": 17116908032, "progress": "196/260", "status": "ok"}
Setting `pad_token_id` to `eos_token_id`:151645 for open-end generation.
{"cell": "internvl35_8b_budget54_seed31_strict65_p0_text_only_letterbox54", "latency_seconds": 0.08224666211754084, "peak_allocated_bytes": 17119846400, "progress": "197/260", "status": "ok"}
Setting `pad_token_id` to `eos_token_id`:151645 for open-end generation.
{"cell": "internvl35_8b_budget54_seed31_strict65_p0_text_only_letterbox54", "latency_seconds": 0.39657074585556984, "peak_allocated_bytes": 17116908032, "progress": "198/260", "status": "ok"}
Setting `pad_token_id` to `eos_token_id`:151645 for open-end generation.
{"cell": "internvl35_8b_budget54_seed31_strict65_p0_text_only_letterbox54", "latency_seconds": 0.081998061388731, "peak_allocated_bytes": 17117975040, "progress": "199/260", "status": "ok"}
Setting `pad_token_id` to `eos_token_id`:151645 for open-end generation.
{"cell": "internvl35_8b_budget54_seed31_strict65_p0_text_only_letterbox54", "latency_seconds": 13.46438298933208, "peak_allocated_bytes": 17205450240, "progress": "200/260", "status": "ok"}
Setting `pad_token_id` to `eos_token_id`:151645 for open-end generation.
{"cell": "internvl35_8b_budget54_seed31_strict65_p0_text_only_letterbox54", "latency_seconds": 0.08693022280931473, "peak_allocated_bytes": 17121994240, "progress": "201/260", "status": "ok"}
Setting `pad_token_id` to `eos_token_id`:151645 for open-end generation.
{"cell": "internvl35_8b_budget54_seed31_strict65_p0_text_only_letterbox54", "latency_seconds": 0.055627002380788326, "peak_allocated_bytes": 17116640768, "progress": "202/260", "status": "ok"}
Setting `pad_token_id` to `eos_token_id`:151645 for open-end generation.
{"cell": "internvl35_8b_budget54_seed31_strict65_p0_text_only_letterbox54", "latency_seconds": 0.05546229425817728, "peak_allocated_bytes": 17119044096, "progress": "203/260", "status": "ok"}
Setting `pad_token_id` to `eos_token_id`:151645 for open-end generation.
{"cell": "internvl35_8b_budget54_seed31_strict65_p0_text_only_letterbox54", "latency_seconds": 0.940886608324945, "peak_allocated_bytes": 17117173760, "progress": "204/260", "status": "ok"}
Setting `pad_token_id` to `eos_token_id`:151645 for open-end generation.
{"cell": "internvl35_8b_budget54_seed31_strict65_p0_text_only_letterbox54", "latency_seconds": 0.08198713511228561, "peak_allocated_bytes": 17120115200, "progress": "205/260", "status": "ok"}
Setting `pad_token_id` to `eos_token_id`:151645 for open-end generation.
{"cell": "internvl35_8b_budget54_seed31_strict65_p0_text_only_letterbox54", "latency_seconds": 0.05561983585357666, "peak_allocated_bytes": 17115576320, "progress": "206/260", "status": "ok"}
Setting `pad_token_id` to `eos_token_id`:151645 for open-end generation.
{"cell": "internvl35_8b_budget54_seed31_strict65_p0_text_only_letterbox54", "latency_seconds": 0.05620178673416376, "peak_allocated_bytes": 17117707264, "progress": "207/260", "status": "ok"}
Setting `pad_token_id` to `eos_token_id`:151645 for open-end generation.
{"cell": "internvl35_8b_budget54_seed31_strict65_p0_text_only_letterbox54", "latency_seconds": 0.18678224086761475, "peak_allocated_bytes": 17116640768, "progress": "208/260", "status": "ok"}
Setting `pad_token_id` to `eos_token_id`:151645 for open-end generation.
{"cell": "internvl35_8b_budget54_seed31_strict65_p0_text_only_letterbox54", "latency_seconds": 0.08158849645406008, "peak_allocated_bytes": 17119044096, "progress": "209/260", "status": "ok"}
Setting `pad_token_id` to `eos_token_id`:151645 for open-end generation.
{"cell": "internvl35_8b_budget54_seed31_strict65_p0_text_only_letterbox54", "latency_seconds": 0.056075568310916424, "peak_allocated_bytes": 17115843072, "progress": "210/260", "status": "ok"}
Setting `pad_token_id` to `eos_token_id`:151645 for open-end generation.
{"cell": "internvl35_8b_budget54_seed31_strict65_p0_text_only_letterbox54", "latency_seconds": 0.08187054377049208, "peak_allocated_bytes": 17117975040, "progress": "211/260", "status": "ok"}
Setting `pad_token_id` to `eos_token_id`:151645 for open-end generation.
{"cell": "internvl35_8b_budget54_seed31_strict65_p0_text_only_letterbox54", "latency_seconds": 13.456345446407795, "peak_allocated_bytes": 17205375488, "progress": "212/260", "status": "ok"}
Setting `pad_token_id` to `eos_token_id`:151645 for open-end generation.
{"cell": "internvl35_8b_budget54_seed31_strict65_p0_text_only_letterbox54", "latency_seconds": 0.08237833436578512, "peak_allocated_bytes": 17120651776, "progress": "213/260", "status": "ok"}
Setting `pad_token_id` to `eos_token_id`:151645 for open-end generation.
{"cell": "internvl35_8b_budget54_seed31_strict65_p0_text_only_letterbox54", "latency_seconds": 0.05610210355371237, "peak_allocated_bytes": 17116375040, "progress": "214/260", "status": "ok"}
Setting `pad_token_id` to `eos_token_id`:151645 for open-end generation.
{"cell": "internvl35_8b_budget54_seed31_strict65_p0_text_only_letterbox54", "latency_seconds": 0.05648666061460972, "peak_allocated_bytes": 17119310848, "progress": "215/260", "status": "ok"}
Setting `pad_token_id` to `eos_token_id`:151645 for open-end generation.
{"cell": "internvl35_8b_budget54_seed31_strict65_p0_text_only_letterbox54", "latency_seconds": 0.3195628793910146, "peak_allocated_bytes": 17117173760, "progress": "216/260", "status": "ok"}
Setting `pad_token_id` to `eos_token_id`:151645 for open-end generation.
{"cell": "internvl35_8b_budget54_seed31_strict65_p0_text_only_letterbox54", "latency_seconds": 0.0819948436692357, "peak_allocated_bytes": 17118775808, "progress": "217/260", "status": "ok"}
Setting `pad_token_id` to `eos_token_id`:151645 for open-end generation.
{"cell": "internvl35_8b_budget54_seed31_strict65_p0_text_only_letterbox54", "latency_seconds": 0.05639728531241417, "peak_allocated_bytes": 17116640768, "progress": "218/260", "status": "ok"}
Setting `pad_token_id` to `eos_token_id`:151645 for open-end generation.
{"cell": "internvl35_8b_budget54_seed31_strict65_p0_text_only_letterbox54", "latency_seconds": 0.05600549094378948, "peak_allocated_bytes": 17117441024, "progress": "219/260", "status": "ok"}
Setting `pad_token_id` to `eos_token_id`:151645 for open-end generation.
{"cell": "internvl35_8b_budget54_seed31_strict65_p0_text_only_letterbox54", "latency_seconds": 0.6568381367251277, "peak_allocated_bytes": 17117707264, "progress": "220/260", "status": "ok"}
Setting `pad_token_id` to `eos_token_id`:151645 for open-end generation.
{"cell": "internvl35_8b_budget54_seed31_strict65_p0_text_only_letterbox54", "latency_seconds": 0.0820593386888504, "peak_allocated_bytes": 17120651776, "progress": "221/260", "status": "ok"}
Setting `pad_token_id` to `eos_token_id`:151645 for open-end generation.
{"cell": "internvl35_8b_budget54_seed31_strict65_p0_text_only_letterbox54", "latency_seconds": 0.061819794587790966, "peak_allocated_bytes": 17114894848, "progress": "222/260", "status": "ok"}
Setting `pad_token_id` to `eos_token_id`:151645 for open-end generation.
{"cell": "internvl35_8b_budget54_seed31_strict65_p0_text_only_letterbox54", "latency_seconds": 0.05556532274931669, "peak_allocated_bytes": 17118240768, "progress": "223/260", "status": "ok"}
Setting `pad_token_id` to `eos_token_id`:151645 for open-end generation.
{"cell": "internvl35_8b_budget54_seed31_strict65_p0_text_only_letterbox54", "latency_seconds": 0.8929387768730521, "peak_allocated_bytes": 17117173760, "progress": "224/260", "status": "ok"}
Setting `pad_token_id` to `eos_token_id`:151645 for open-end generation.
{"cell": "internvl35_8b_budget54_seed31_strict65_p0_text_only_letterbox54", "latency_seconds": 0.08197690173983574, "peak_allocated_bytes": 17121456128, "progress": "225/260", "status": "ok"}
Setting `pad_token_id` to `eos_token_id`:151645 for open-end generation.
{"cell": "internvl35_8b_budget54_seed31_strict65_p0_text_only_letterbox54", "latency_seconds": 0.05578488390892744, "peak_allocated_bytes": 17116908032, "progress": "226/260", "status": "ok"}
Setting `pad_token_id` to `eos_token_id`:151645 for open-end generation.
{"cell": "internvl35_8b_budget54_seed31_strict65_p0_text_only_letterbox54", "latency_seconds": 0.055727350525557995, "peak_allocated_bytes": 17119310848, "progress": "227/260", "status": "ok"}
Setting `pad_token_id` to `eos_token_id`:151645 for open-end generation.
{"cell": "internvl35_8b_budget54_seed31_strict65_p0_text_only_letterbox54", "latency_seconds": 0.39650094974786043, "peak_allocated_bytes": 17119310848, "progress": "228/260", "status": "ok"}
Setting `pad_token_id` to `eos_token_id`:151645 for open-end generation.
{"cell": "internvl35_8b_budget54_seed31_strict65_p0_text_only_letterbox54", "latency_seconds": 0.0820193886756897, "peak_allocated_bytes": 17120115200, "progress": "229/260", "status": "ok"}
Setting `pad_token_id` to `eos_token_id`:151645 for open-end generation.
{"cell": "internvl35_8b_budget54_seed31_strict65_p0_text_only_letterbox54", "latency_seconds": 0.05553656257688999, "peak_allocated_bytes": 17114894848, "progress": "230/260", "status": "ok"}
Setting `pad_token_id` to `eos_token_id`:151645 for open-end generation.
{"cell": "internvl35_8b_budget54_seed31_strict65_p0_text_only_letterbox54", "latency_seconds": 0.055909790098667145, "peak_allocated_bytes": 17119579136, "progress": "231/260", "status": "ok"}
Setting `pad_token_id` to `eos_token_id`:151645 for open-end generation.
{"cell": "internvl35_8b_budget54_seed31_strict65_p0_text_only_letterbox54", "latency_seconds": 13.457273649051785, "peak_allocated_bytes": 17205301760, "progress": "232/260", "status": "ok"}
Setting `pad_token_id` to `eos_token_id`:151645 for open-end generation.
{"cell": "internvl35_8b_budget54_seed31_strict65_p0_text_only_letterbox54", "latency_seconds": 0.08262835443019867, "peak_allocated_bytes": 17120115200, "progress": "233/260", "status": "ok"}
Setting `pad_token_id` to `eos_token_id`:151645 for open-end generation.
{"cell": "internvl35_8b_budget54_seed31_strict65_p0_text_only_letterbox54", "latency_seconds": 0.34005699679255486, "peak_allocated_bytes": 17117441024, "progress": "234/260", "status": "ok"}
Setting `pad_token_id` to `eos_token_id`:151645 for open-end generation.
{"cell": "internvl35_8b_budget54_seed31_strict65_p0_text_only_letterbox54", "latency_seconds": 0.05502514634281397, "peak_allocated_bytes": 17118240768, "progress": "235/260", "status": "ok"}
Setting `pad_token_id` to `eos_token_id`:151645 for open-end generation.
{"cell": "internvl35_8b_budget54_seed31_strict65_p0_text_only_letterbox54", "latency_seconds": 13.379075683653355, "peak_allocated_bytes": 17205301760, "progress": "236/260", "status": "ok"}
Setting `pad_token_id` to `eos_token_id`:151645 for open-end generation.
{"cell": "internvl35_8b_budget54_seed31_strict65_p0_text_only_letterbox54", "latency_seconds": 0.08205025549978018, "peak_allocated_bytes": 17120919040, "progress": "237/260", "status": "ok"}
Setting `pad_token_id` to `eos_token_id`:151645 for open-end generation.
{"cell": "internvl35_8b_budget54_seed31_strict65_p0_text_only_letterbox54", "latency_seconds": 0.05526746064424515, "peak_allocated_bytes": 17116640768, "progress": "238/260", "status": "ok"}
Setting `pad_token_id` to `eos_token_id`:151645 for open-end generation.
{"cell": "internvl35_8b_budget54_seed31_strict65_p0_text_only_letterbox54", "latency_seconds": 0.05516038928180933, "peak_allocated_bytes": 17117707264, "progress": "239/260", "status": "ok"}
Setting `pad_token_id` to `eos_token_id`:151645 for open-end generation.
{"cell": "internvl35_8b_budget54_seed31_strict65_p0_text_only_letterbox54", "latency_seconds": 1.577273695729673, "peak_allocated_bytes": 17119398912, "progress": "240/260", "status": "ok"}
Setting `pad_token_id` to `eos_token_id`:151645 for open-end generation.
{"cell": "internvl35_8b_budget54_seed31_strict65_p0_text_only_letterbox54", "latency_seconds": 0.08200585376471281, "peak_allocated_bytes": 17119846400, "progress": "241/260", "status": "ok"}
Setting `pad_token_id` to `eos_token_id`:151645 for open-end generation.
{"cell": "internvl35_8b_budget54_seed31_strict65_p0_text_only_letterbox54", "latency_seconds": 0.08106159046292305, "peak_allocated_bytes": 17116640768, "progress": "242/260", "status": "ok"}
Setting `pad_token_id` to `eos_token_id`:151645 for open-end generation.
{"cell": "internvl35_8b_budget54_seed31_strict65_p0_text_only_letterbox54", "latency_seconds": 0.05578340403735638, "peak_allocated_bytes": 17117975040, "progress": "243/260", "status": "ok"}
Setting `pad_token_id` to `eos_token_id`:151645 for open-end generation.
{"cell": "internvl35_8b_budget54_seed31_strict65_p0_text_only_letterbox54", "latency_seconds": 0.574207030236721, "peak_allocated_bytes": 17117173760, "progress": "244/260", "status": "ok"}
Setting `pad_token_id` to `eos_token_id`:151645 for open-end generation.
{"cell": "internvl35_8b_budget54_seed31_strict65_p0_text_only_letterbox54", "latency_seconds": 0.0804310766980052, "peak_allocated_bytes": 17121188352, "progress": "245/260", "status": "ok"}
Setting `pad_token_id` to `eos_token_id`:151645 for open-end generation.
{"cell": "internvl35_8b_budget54_seed31_strict65_p0_text_only_letterbox54", "latency_seconds": 0.0550572881475091, "peak_allocated_bytes": 17116908032, "progress": "246/260", "status": "ok"}
Setting `pad_token_id` to `eos_token_id`:151645 for open-end generation.
{"cell": "internvl35_8b_budget54_seed31_strict65_p0_text_only_letterbox54", "latency_seconds": 0.054851410910487175, "peak_allocated_bytes": 17119310848, "progress": "247/260", "status": "ok"}
Setting `pad_token_id` to `eos_token_id`:151645 for open-end generation.
{"cell": "internvl35_8b_budget54_seed31_strict65_p0_text_only_letterbox54", "latency_seconds": 0.4718510154634714, "peak_allocated_bytes": 17116908032, "progress": "248/260", "status": "ok"}
Setting `pad_token_id` to `eos_token_id`:151645 for open-end generation.
{"cell": "internvl35_8b_budget54_seed31_strict65_p0_text_only_letterbox54", "latency_seconds": 0.08230853267014027, "peak_allocated_bytes": 17120115200, "progress": "249/260", "status": "ok"}
Setting `pad_token_id` to `eos_token_id`:151645 for open-end generation.
{"cell": "internvl35_8b_budget54_seed31_strict65_p0_text_only_letterbox54", "latency_seconds": 0.055429594591259956, "peak_allocated_bytes": 17116640768, "progress": "250/260", "status": "ok"}
Setting `pad_token_id` to `eos_token_id`:151645 for open-end generation.
{"cell": "internvl35_8b_budget54_seed31_strict65_p0_text_only_letterbox54", "latency_seconds": 0.05540522746741772, "peak_allocated_bytes": 17118240768, "progress": "251/260", "status": "ok"}
Setting `pad_token_id` to `eos_token_id`:151645 for open-end generation.
{"cell": "internvl35_8b_budget54_seed31_strict65_p0_text_only_letterbox54", "latency_seconds": 0.4713359232991934, "peak_allocated_bytes": 17116108288, "progress": "252/260", "status": "ok"}
Setting `pad_token_id` to `eos_token_id`:151645 for open-end generation.
{"cell": "internvl35_8b_budget54_seed31_strict65_p0_text_only_letterbox54", "latency_seconds": 0.08184396382421255, "peak_allocated_bytes": 17120115200, "progress": "253/260", "status": "ok"}
Setting `pad_token_id` to `eos_token_id`:151645 for open-end generation.
{"cell": "internvl35_8b_budget54_seed31_strict65_p0_text_only_letterbox54", "latency_seconds": 0.05533945374190807, "peak_allocated_bytes": 17115843072, "progress": "254/260", "status": "ok"}
Setting `pad_token_id` to `eos_token_id`:151645 for open-end generation.
{"cell": "internvl35_8b_budget54_seed31_strict65_p0_text_only_letterbox54", "latency_seconds": 0.055499727837741375, "peak_allocated_bytes": 17119310848, "progress": "255/260", "status": "ok"}
Setting `pad_token_id` to `eos_token_id`:151645 for open-end generation.
{"cell": "internvl35_8b_budget54_seed31_strict65_p0_text_only_letterbox54", "latency_seconds": 0.472429140470922, "peak_allocated_bytes": 17117441024, "progress": "256/260", "status": "ok"}
Setting `pad_token_id` to `eos_token_id`:151645 for open-end generation.
{"cell": "internvl35_8b_budget54_seed31_strict65_p0_text_only_letterbox54", "latency_seconds": 0.08185058739036322, "peak_allocated_bytes": 17119846400, "progress": "257/260", "status": "ok"}
Setting `pad_token_id` to `eos_token_id`:151645 for open-end generation.
{"cell": "internvl35_8b_budget54_seed31_strict65_p0_text_only_letterbox54", "latency_seconds": 0.059296365827322006, "peak_allocated_bytes": 17114678272, "progress": "258/260", "status": "ok"}
Setting `pad_token_id` to `eos_token_id`:151645 for open-end generation.
{"cell": "internvl35_8b_budget54_seed31_strict65_p0_text_only_letterbox54", "latency_seconds": 0.054941706359386444, "peak_allocated_bytes": 17117441024, "progress": "259/260", "status": "ok"}
Setting `pad_token_id` to `eos_token_id`:151645 for open-end generation.
{"cell": "internvl35_8b_budget54_seed31_strict65_p0_text_only_letterbox54", "latency_seconds": 0.5188497798517346, "peak_allocated_bytes": 17117173760, "progress": "260/260", "status": "ok"}
{"status": "pass", "summary": "/kwkj-k8s/hera_pid_reliability_backups/active_v8_20260812/outputs/internvl35_8b_budget54/run_summary.json"}
/home/hera/pid_reliability_benchmark/scripts/launch_rineng_v8_internvl_shard_h200.sh: line 50: unexpected EOF while looking for matching `"'
