`torch_dtype` is deprecated! Use `dtype` instead!
Loading checkpoint shards:   0%|          | 0/4 [00:00<?, ?it/s]Loading checkpoint shards: 100%|██████████| 4/4 [00:00<00:00, 67.99it/s]
{"status": "pass", "summary": "/kwkj-k8s/hera_pid_reliability_backups/active_v8_20260812/outputs/qwen3vl8b_quality/run_summary.json"}
`torch_dtype` is deprecated! Use `dtype` instead!
Loading checkpoint shards:   0%|          | 0/4 [00:00<?, ?it/s]Loading checkpoint shards: 100%|██████████| 4/4 [00:00<00:00, 69.98it/s]
Setting `pad_token_id` to `eos_token_id`:151645 for open-end generation.
{"cell": "qwen3vl8b_seed31_strict65__clean_p0_correct_3072", "latency_seconds": 1.2238927148282528, "progress": "1/260", "status": "ok"}
Setting `pad_token_id` to `eos_token_id`:151645 for open-end generation.
{"cell": "qwen3vl8b_seed31_strict65__clean_p0_correct_3072", "latency_seconds": 0.6256381589919329, "progress": "2/260", "status": "ok"}
Setting `pad_token_id` to `eos_token_id`:151645 for open-end generation.
{"cell": "qwen3vl8b_seed31_strict65__clean_p0_correct_3072", "latency_seconds": 0.6200683312490582, "progress": "3/260", "status": "ok"}
Setting `pad_token_id` to `eos_token_id`:151645 for open-end generation.
{"cell": "qwen3vl8b_seed31_strict65__clean_p0_correct_3072", "latency_seconds": 1.8959562070667744, "progress": "4/260", "status": "ok"}
Setting `pad_token_id` to `eos_token_id`:151645 for open-end generation.
{"cell": "qwen3vl8b_seed31_strict65__clean_p0_correct_3072", "latency_seconds": 0.6207633232697845, "progress": "5/260", "status": "ok"}
Setting `pad_token_id` to `eos_token_id`:151645 for open-end generation.
{"cell": "qwen3vl8b_seed31_strict65__clean_p0_correct_3072", "latency_seconds": 0.6225774986669421, "progress": "6/260", "status": "ok"}
Setting `pad_token_id` to `eos_token_id`:151645 for open-end generation.
{"cell": "qwen3vl8b_seed31_strict65__clean_p0_correct_3072", "latency_seconds": 0.622816639021039, "progress": "7/260", "status": "ok"}
Setting `pad_token_id` to `eos_token_id`:151645 for open-end generation.
{"cell": "qwen3vl8b_seed31_strict65__clean_p0_correct_3072", "latency_seconds": 1.1555251479148865, "progress": "8/260", "status": "ok"}
Setting `pad_token_id` to `eos_token_id`:151645 for open-end generation.
{"cell": "qwen3vl8b_seed31_strict65__clean_p0_correct_3072", "latency_seconds": 0.621699252165854, "progress": "9/260", "status": "ok"}
Setting `pad_token_id` to `eos_token_id`:151645 for open-end generation.
{"cell": "qwen3vl8b_seed31_strict65__clean_p0_correct_3072", "latency_seconds": 0.6195111265406013, "progress": "10/260", "status": "ok"}
Setting `pad_token_id` to `eos_token_id`:151645 for open-end generation.
{"cell": "qwen3vl8b_seed31_strict65__clean_p0_correct_3072", "latency_seconds": 0.6178758563473821, "progress": "11/260", "status": "ok"}
Setting `pad_token_id` to `eos_token_id`:151645 for open-end generation.
{"cell": "qwen3vl8b_seed31_strict65__clean_p0_correct_3072", "latency_seconds": 0.6220089877024293, "progress": "12/260", "status": "ok"}
Setting `pad_token_id` to `eos_token_id`:151645 for open-end generation.
{"cell": "qwen3vl8b_seed31_strict65__clean_p0_correct_3072", "latency_seconds": 0.6220346670597792, "progress": "13/260", "status": "ok"}
Setting `pad_token_id` to `eos_token_id`:151645 for open-end generation.
{"cell": "qwen3vl8b_seed31_strict65__clean_p0_correct_3072", "latency_seconds": 0.621519910171628, "progress": "14/260", "status": "ok"}
Setting `pad_token_id` to `eos_token_id`:151645 for open-end generation.
{"cell": "qwen3vl8b_seed31_strict65__clean_p0_correct_3072", "latency_seconds": 0.6162330955266953, "progress": "15/260", "status": "ok"}
Setting `pad_token_id` to `eos_token_id`:151645 for open-end generation.
{"cell": "qwen3vl8b_seed31_strict65__clean_p0_correct_3072", "latency_seconds": 0.9671801067888737, "progress": "16/260", "status": "ok"}
Setting `pad_token_id` to `eos_token_id`:151645 for open-end generation.
{"cell": "qwen3vl8b_seed31_strict65__clean_p0_correct_3072", "latency_seconds": 0.6258596181869507, "progress": "17/260", "status": "ok"}
Setting `pad_token_id` to `eos_token_id`:151645 for open-end generation.
{"cell": "qwen3vl8b_seed31_strict65__clean_p0_correct_3072", "latency_seconds": 0.6205333545804024, "progress": "18/260", "status": "ok"}
Setting `pad_token_id` to `eos_token_id`:151645 for open-end generation.
{"cell": "qwen3vl8b_seed31_strict65__clean_p0_correct_3072", "latency_seconds": 0.618293721228838, "progress": "19/260", "status": "ok"}
Setting `pad_token_id` to `eos_token_id`:151645 for open-end generation.
{"cell": "qwen3vl8b_seed31_strict65__clean_p0_correct_3072", "latency_seconds": 0.7580173127353191, "progress": "20/260", "status": "ok"}
Setting `pad_token_id` to `eos_token_id`:151645 for open-end generation.
{"cell": "qwen3vl8b_seed31_strict65__clean_p0_correct_3072", "latency_seconds": 0.623221242800355, "progress": "21/260", "status": "ok"}
Setting `pad_token_id` to `eos_token_id`:151645 for open-end generation.
{"cell": "qwen3vl8b_seed31_strict65__clean_p0_correct_3072", "latency_seconds": 0.9853797974064946, "progress": "22/260", "status": "ok"}
Setting `pad_token_id` to `eos_token_id`:151645 for open-end generation.
{"cell": "qwen3vl8b_seed31_strict65__clean_p0_correct_3072", "latency_seconds": 0.6173989092931151, "progress": "23/260", "status": "ok"}
Setting `pad_token_id` to `eos_token_id`:151645 for open-end generation.
{"cell": "qwen3vl8b_seed31_strict65__clean_p0_correct_3072", "latency_seconds": 1.3027570582926273, "progress": "24/260", "status": "ok"}
Setting `pad_token_id` to `eos_token_id`:151645 for open-end generation.
{"cell": "qwen3vl8b_seed31_strict65__clean_p0_correct_3072", "latency_seconds": 0.6191088678315282, "progress": "25/260", "status": "ok"}
Setting `pad_token_id` to `eos_token_id`:151645 for open-end generation.
{"cell": "qwen3vl8b_seed31_strict65__clean_p0_correct_3072", "latency_seconds": 0.6196091687306762, "progress": "26/260", "status": "ok"}
Setting `pad_token_id` to `eos_token_id`:151645 for open-end generation.
{"cell": "qwen3vl8b_seed31_strict65__clean_p0_correct_3072", "latency_seconds": 0.6217177957296371, "progress": "27/260", "status": "ok"}
Setting `pad_token_id` to `eos_token_id`:151645 for open-end generation.
{"cell": "qwen3vl8b_seed31_strict65__clean_p0_correct_3072", "latency_seconds": 0.7448791433125734, "progress": "28/260", "status": "ok"}
Setting `pad_token_id` to `eos_token_id`:151645 for open-end generation.
{"cell": "qwen3vl8b_seed31_strict65__clean_p0_correct_3072", "latency_seconds": 0.6197757180780172, "progress": "29/260", "status": "ok"}
Setting `pad_token_id` to `eos_token_id`:151645 for open-end generation.
{"cell": "qwen3vl8b_seed31_strict65__clean_p0_correct_3072", "latency_seconds": 0.642789145000279, "progress": "30/260", "status": "ok"}
Setting `pad_token_id` to `eos_token_id`:151645 for open-end generation.
{"cell": "qwen3vl8b_seed31_strict65__clean_p0_correct_3072", "latency_seconds": 0.622120258398354, "progress": "31/260", "status": "ok"}
Setting `pad_token_id` to `eos_token_id`:151645 for open-end generation.
{"cell": "qwen3vl8b_seed31_strict65__clean_p0_correct_3072", "latency_seconds": 1.1203587027266622, "progress": "32/260", "status": "ok"}
Setting `pad_token_id` to `eos_token_id`:151645 for open-end generation.
{"cell": "qwen3vl8b_seed31_strict65__clean_p0_correct_3072", "latency_seconds": 0.6207490097731352, "progress": "33/260", "status": "ok"}
Setting `pad_token_id` to `eos_token_id`:151645 for open-end generation.
{"cell": "qwen3vl8b_seed31_strict65__clean_p0_correct_3072", "latency_seconds": 0.9878656743094325, "progress": "34/260", "status": "ok"}
Setting `pad_token_id` to `eos_token_id`:151645 for open-end generation.
{"cell": "qwen3vl8b_seed31_strict65__clean_p0_correct_3072", "latency_seconds": 0.6188302440568805, "progress": "35/260", "status": "ok"}
Setting `pad_token_id` to `eos_token_id`:151645 for open-end generation.
{"cell": "qwen3vl8b_seed31_strict65__clean_p0_correct_3072", "latency_seconds": 0.7279478339478374, "progress": "36/260", "status": "ok"}
Setting `pad_token_id` to `eos_token_id`:151645 for open-end generation.
{"cell": "qwen3vl8b_seed31_strict65__clean_p0_correct_3072", "latency_seconds": 0.6175936600193381, "progress": "37/260", "status": "ok"}
Setting `pad_token_id` to `eos_token_id`:151645 for open-end generation.
{"cell": "qwen3vl8b_seed31_strict65__clean_p0_correct_3072", "latency_seconds": 0.6204824987798929, "progress": "38/260", "status": "ok"}
Setting `pad_token_id` to `eos_token_id`:151645 for open-end generation.
{"cell": "qwen3vl8b_seed31_strict65__clean_p0_correct_3072", "latency_seconds": 0.6145376553758979, "progress": "39/260", "status": "ok"}
Setting `pad_token_id` to `eos_token_id`:151645 for open-end generation.
{"cell": "qwen3vl8b_seed31_strict65__clean_p0_correct_3072", "latency_seconds": 0.7573494873940945, "progress": "40/260", "status": "ok"}
Setting `pad_token_id` to `eos_token_id`:151645 for open-end generation.
{"cell": "qwen3vl8b_seed31_strict65__clean_p0_correct_3072", "latency_seconds": 0.6229138197377324, "progress": "41/260", "status": "ok"}
Setting `pad_token_id` to `eos_token_id`:151645 for open-end generation.
{"cell": "qwen3vl8b_seed31_strict65__clean_p0_correct_3072", "latency_seconds": 0.6418406059965491, "progress": "42/260", "status": "ok"}
Setting `pad_token_id` to `eos_token_id`:151645 for open-end generation.
{"cell": "qwen3vl8b_seed31_strict65__clean_p0_correct_3072", "latency_seconds": 0.6217194152995944, "progress": "43/260", "status": "ok"}
Setting `pad_token_id` to `eos_token_id`:151645 for open-end generation.
{"cell": "qwen3vl8b_seed31_strict65__clean_p0_correct_3072", "latency_seconds": 1.8512102738022804, "progress": "44/260", "status": "ok"}
Setting `pad_token_id` to `eos_token_id`:151645 for open-end generation.
{"cell": "qwen3vl8b_seed31_strict65__clean_p0_correct_3072", "latency_seconds": 0.6214261651039124, "progress": "45/260", "status": "ok"}
Setting `pad_token_id` to `eos_token_id`:151645 for open-end generation.
{"cell": "qwen3vl8b_seed31_strict65__clean_p0_correct_3072", "latency_seconds": 0.6201647762209177, "progress": "46/260", "status": "ok"}
Setting `pad_token_id` to `eos_token_id`:151645 for open-end generation.
{"cell": "qwen3vl8b_seed31_strict65__clean_p0_correct_3072", "latency_seconds": 0.6201943224295974, "progress": "47/260", "status": "ok"}
Setting `pad_token_id` to `eos_token_id`:151645 for open-end generation.
{"cell": "qwen3vl8b_seed31_strict65__clean_p0_correct_3072", "latency_seconds": 1.0547877484932542, "progress": "48/260", "status": "ok"}
Setting `pad_token_id` to `eos_token_id`:151645 for open-end generation.
{"cell": "qwen3vl8b_seed31_strict65__clean_p0_correct_3072", "latency_seconds": 0.6190464962273836, "progress": "49/260", "status": "ok"}
Setting `pad_token_id` to `eos_token_id`:151645 for open-end generation.
{"cell": "qwen3vl8b_seed31_strict65__clean_p0_correct_3072", "latency_seconds": 0.6219385955482721, "progress": "50/260", "status": "ok"}
Setting `pad_token_id` to `eos_token_id`:151645 for open-end generation.
{"cell": "qwen3vl8b_seed31_strict65__clean_p0_correct_3072", "latency_seconds": 0.6214243713766336, "progress": "51/260", "status": "ok"}
Setting `pad_token_id` to `eos_token_id`:151645 for open-end generation.
{"cell": "qwen3vl8b_seed31_strict65__clean_p0_correct_3072", "latency_seconds": 0.6650141952559352, "progress": "52/260", "status": "ok"}
Setting `pad_token_id` to `eos_token_id`:151645 for open-end generation.
{"cell": "qwen3vl8b_seed31_strict65__clean_p0_correct_3072", "latency_seconds": 0.6212173458188772, "progress": "53/260", "status": "ok"}
Setting `pad_token_id` to `eos_token_id`:151645 for open-end generation.
{"cell": "qwen3vl8b_seed31_strict65__clean_p0_correct_3072", "latency_seconds": 0.6458570314571261, "progress": "54/260", "status": "ok"}
Setting `pad_token_id` to `eos_token_id`:151645 for open-end generation.
{"cell": "qwen3vl8b_seed31_strict65__clean_p0_correct_3072", "latency_seconds": 0.6196159468963742, "progress": "55/260", "status": "ok"}
Setting `pad_token_id` to `eos_token_id`:151645 for open-end generation.
{"cell": "qwen3vl8b_seed31_strict65__clean_p0_correct_3072", "latency_seconds": 1.4109363555908203, "progress": "56/260", "status": "ok"}
Setting `pad_token_id` to `eos_token_id`:151645 for open-end generation.
{"cell": "qwen3vl8b_seed31_strict65__clean_p0_correct_3072", "latency_seconds": 0.6205855282023549, "progress": "57/260", "status": "ok"}
Setting `pad_token_id` to `eos_token_id`:151645 for open-end generation.
{"cell": "qwen3vl8b_seed31_strict65__clean_p0_correct_3072", "latency_seconds": 0.6432732250541449, "progress": "58/260", "status": "ok"}
Setting `pad_token_id` to `eos_token_id`:151645 for open-end generation.
{"cell": "qwen3vl8b_seed31_strict65__clean_p0_correct_3072", "latency_seconds": 0.6192163480445743, "progress": "59/260", "status": "ok"}
Setting `pad_token_id` to `eos_token_id`:151645 for open-end generation.
{"cell": "qwen3vl8b_seed31_strict65__clean_p0_correct_3072", "latency_seconds": 1.6936308946460485, "progress": "60/260", "status": "ok"}
Setting `pad_token_id` to `eos_token_id`:151645 for open-end generation.
{"cell": "qwen3vl8b_seed31_strict65__clean_p0_correct_3072", "latency_seconds": 0.6215187590569258, "progress": "61/260", "status": "ok"}
Setting `pad_token_id` to `eos_token_id`:151645 for open-end generation.
{"cell": "qwen3vl8b_seed31_strict65__clean_p0_correct_3072", "latency_seconds": 0.6200333181768656, "progress": "62/260", "status": "ok"}
Setting `pad_token_id` to `eos_token_id`:151645 for open-end generation.
{"cell": "qwen3vl8b_seed31_strict65__clean_p0_correct_3072", "latency_seconds": 0.6185014508664608, "progress": "63/260", "status": "ok"}
Setting `pad_token_id` to `eos_token_id`:151645 for open-end generation.
{"cell": "qwen3vl8b_seed31_strict65__clean_p0_correct_3072", "latency_seconds": 0.9419129136949778, "progress": "64/260", "status": "ok"}
Setting `pad_token_id` to `eos_token_id`:151645 for open-end generation.
{"cell": "qwen3vl8b_seed31_strict65__clean_p0_correct_3072", "latency_seconds": 0.6199587304145098, "progress": "65/260", "status": "ok"}
Setting `pad_token_id` to `eos_token_id`:151645 for open-end generation.
{"cell": "qwen3vl8b_seed31_strict65__clean_p0_correct_3072", "latency_seconds": 0.6196026792749763, "progress": "66/260", "status": "ok"}
Setting `pad_token_id` to `eos_token_id`:151645 for open-end generation.
{"cell": "qwen3vl8b_seed31_strict65__clean_p0_correct_3072", "latency_seconds": 0.6200880007818341, "progress": "67/260", "status": "ok"}
Setting `pad_token_id` to `eos_token_id`:151645 for open-end generation.
{"cell": "qwen3vl8b_seed31_strict65__clean_p0_correct_3072", "latency_seconds": 1.9373902985826135, "progress": "68/260", "status": "ok"}
Setting `pad_token_id` to `eos_token_id`:151645 for open-end generation.
{"cell": "qwen3vl8b_seed31_strict65__clean_p0_correct_3072", "latency_seconds": 0.6208809185773134, "progress": "69/260", "status": "ok"}
Setting `pad_token_id` to `eos_token_id`:151645 for open-end generation.
{"cell": "qwen3vl8b_seed31_strict65__clean_p0_correct_3072", "latency_seconds": 0.6181394988670945, "progress": "70/260", "status": "ok"}
Setting `pad_token_id` to `eos_token_id`:151645 for open-end generation.
{"cell": "qwen3vl8b_seed31_strict65__clean_p0_correct_3072", "latency_seconds": 0.6197864152491093, "progress": "71/260", "status": "ok"}
Setting `pad_token_id` to `eos_token_id`:151645 for open-end generation.
{"cell": "qwen3vl8b_seed31_strict65__clean_p0_correct_3072", "latency_seconds": 3.133182388730347, "progress": "72/260", "status": "ok"}
Setting `pad_token_id` to `eos_token_id`:151645 for open-end generation.
{"cell": "qwen3vl8b_seed31_strict65__clean_p0_correct_3072", "latency_seconds": 0.6226470777764916, "progress": "73/260", "status": "ok"}
Setting `pad_token_id` to `eos_token_id`:151645 for open-end generation.
{"cell": "qwen3vl8b_seed31_strict65__clean_p0_correct_3072", "latency_seconds": 0.6185072772204876, "progress": "74/260", "status": "ok"}
Setting `pad_token_id` to `eos_token_id`:151645 for open-end generation.
{"cell": "qwen3vl8b_seed31_strict65__clean_p0_correct_3072", "latency_seconds": 0.6219909228384495, "progress": "75/260", "status": "ok"}
Setting `pad_token_id` to `eos_token_id`:151645 for open-end generation.
{"cell": "qwen3vl8b_seed31_strict65__clean_p0_correct_3072", "latency_seconds": 1.4820960983633995, "progress": "76/260", "status": "ok"}
Setting `pad_token_id` to `eos_token_id`:151645 for open-end generation.
{"cell": "qwen3vl8b_seed31_strict65__clean_p0_correct_3072", "latency_seconds": 0.6192446686327457, "progress": "77/260", "status": "ok"}
Setting `pad_token_id` to `eos_token_id`:151645 for open-end generation.
{"cell": "qwen3vl8b_seed31_strict65__clean_p0_correct_3072", "latency_seconds": 0.6434435425326228, "progress": "78/260", "status": "ok"}
Setting `pad_token_id` to `eos_token_id`:151645 for open-end generation.
{"cell": "qwen3vl8b_seed31_strict65__clean_p0_correct_3072", "latency_seconds": 0.6216575037688017, "progress": "79/260", "status": "ok"}
Setting `pad_token_id` to `eos_token_id`:151645 for open-end generation.
{"cell": "qwen3vl8b_seed31_strict65__clean_p0_correct_3072", "latency_seconds": 1.5056657250970602, "progress": "80/260", "status": "ok"}
Setting `pad_token_id` to `eos_token_id`:151645 for open-end generation.
{"cell": "qwen3vl8b_seed31_strict65__clean_p0_correct_3072", "latency_seconds": 0.6188571630045772, "progress": "81/260", "status": "ok"}
Setting `pad_token_id` to `eos_token_id`:151645 for open-end generation.
{"cell": "qwen3vl8b_seed31_strict65__clean_p0_correct_3072", "latency_seconds": 0.6202169880270958, "progress": "82/260", "status": "ok"}
Setting `pad_token_id` to `eos_token_id`:151645 for open-end generation.
{"cell": "qwen3vl8b_seed31_strict65__clean_p0_correct_3072", "latency_seconds": 0.6211355188861489, "progress": "83/260", "status": "ok"}
Setting `pad_token_id` to `eos_token_id`:151645 for open-end generation.
{"cell": "qwen3vl8b_seed31_strict65__clean_p0_correct_3072", "latency_seconds": 1.1180128380656242, "progress": "84/260", "status": "ok"}
Setting `pad_token_id` to `eos_token_id`:151645 for open-end generation.
{"cell": "qwen3vl8b_seed31_strict65__clean_p0_correct_3072", "latency_seconds": 0.6210675230249763, "progress": "85/260", "status": "ok"}
Setting `pad_token_id` to `eos_token_id`:151645 for open-end generation.
{"cell": "qwen3vl8b_seed31_strict65__clean_p0_correct_3072", "latency_seconds": 0.6198709988966584, "progress": "86/260", "status": "ok"}
Setting `pad_token_id` to `eos_token_id`:151645 for open-end generation.
{"cell": "qwen3vl8b_seed31_strict65__clean_p0_correct_3072", "latency_seconds": 0.6212420230731368, "progress": "87/260", "status": "ok"}
Setting `pad_token_id` to `eos_token_id`:151645 for open-end generation.
{"cell": "qwen3vl8b_seed31_strict65__clean_p0_correct_3072", "latency_seconds": 0.9403956206515431, "progress": "88/260", "status": "ok"}
Setting `pad_token_id` to `eos_token_id`:151645 for open-end generation.
{"cell": "qwen3vl8b_seed31_strict65__clean_p0_correct_3072", "latency_seconds": 0.6202049721032381, "progress": "89/260", "status": "ok"}
Setting `pad_token_id` to `eos_token_id`:151645 for open-end generation.
{"cell": "qwen3vl8b_seed31_strict65__clean_p0_correct_3072", "latency_seconds": 0.9627570640295744, "progress": "90/260", "status": "ok"}
Setting `pad_token_id` to `eos_token_id`:151645 for open-end generation.
{"cell": "qwen3vl8b_seed31_strict65__clean_p0_correct_3072", "latency_seconds": 0.6252463702112436, "progress": "91/260", "status": "ok"}
Setting `pad_token_id` to `eos_token_id`:151645 for open-end generation.
{"cell": "qwen3vl8b_seed31_strict65__clean_p0_correct_3072", "latency_seconds": 0.9996128156781197, "progress": "92/260", "status": "ok"}
Setting `pad_token_id` to `eos_token_id`:151645 for open-end generation.
{"cell": "qwen3vl8b_seed31_strict65__clean_p0_correct_3072", "latency_seconds": 0.6196306981146336, "progress": "93/260", "status": "ok"}
Setting `pad_token_id` to `eos_token_id`:151645 for open-end generation.
{"cell": "qwen3vl8b_seed31_strict65__clean_p0_correct_3072", "latency_seconds": 0.620813918299973, "progress": "94/260", "status": "ok"}
Setting `pad_token_id` to `eos_token_id`:151645 for open-end generation.
{"cell": "qwen3vl8b_seed31_strict65__clean_p0_correct_3072", "latency_seconds": 0.6205975543707609, "progress": "95/260", "status": "ok"}
Setting `pad_token_id` to `eos_token_id`:151645 for open-end generation.
{"cell": "qwen3vl8b_seed31_strict65__clean_p0_correct_3072", "latency_seconds": 1.1435863804072142, "progress": "96/260", "status": "ok"}
Setting `pad_token_id` to `eos_token_id`:151645 for open-end generation.
{"cell": "qwen3vl8b_seed31_strict65__clean_p0_correct_3072", "latency_seconds": 0.618801848962903, "progress": "97/260", "status": "ok"}
Setting `pad_token_id` to `eos_token_id`:151645 for open-end generation.
{"cell": "qwen3vl8b_seed31_strict65__clean_p0_correct_3072", "latency_seconds": 0.6209103101864457, "progress": "98/260", "status": "ok"}
Setting `pad_token_id` to `eos_token_id`:151645 for open-end generation.
{"cell": "qwen3vl8b_seed31_strict65__clean_p0_correct_3072", "latency_seconds": 0.6234684232622385, "progress": "99/260", "status": "ok"}
Setting `pad_token_id` to `eos_token_id`:151645 for open-end generation.
{"cell": "qwen3vl8b_seed31_strict65__clean_p0_correct_3072", "latency_seconds": 3.768094149418175, "progress": "100/260", "status": "ok"}
Setting `pad_token_id` to `eos_token_id`:151645 for open-end generation.
{"cell": "qwen3vl8b_seed31_strict65__clean_p0_correct_3072", "latency_seconds": 0.6209996100515127, "progress": "101/260", "status": "ok"}
Setting `pad_token_id` to `eos_token_id`:151645 for open-end generation.
{"cell": "qwen3vl8b_seed31_strict65__clean_p0_correct_3072", "latency_seconds": 0.620309074409306, "progress": "102/260", "status": "ok"}
Setting `pad_token_id` to `eos_token_id`:151645 for open-end generation.
{"cell": "qwen3vl8b_seed31_strict65__clean_p0_correct_3072", "latency_seconds": 0.618809312582016, "progress": "103/260", "status": "ok"}
Setting `pad_token_id` to `eos_token_id`:151645 for open-end generation.
{"cell": "qwen3vl8b_seed31_strict65__clean_p0_correct_3072", "latency_seconds": 1.8837833600118756, "progress": "104/260", "status": "ok"}
Setting `pad_token_id` to `eos_token_id`:151645 for open-end generation.
{"cell": "qwen3vl8b_seed31_strict65__clean_p0_correct_3072", "latency_seconds": 0.6395980380475521, "progress": "105/260", "status": "ok"}
Setting `pad_token_id` to `eos_token_id`:151645 for open-end generation.
{"cell": "qwen3vl8b_seed31_strict65__clean_p0_correct_3072", "latency_seconds": 0.6229873523116112, "progress": "106/260", "status": "ok"}
Setting `pad_token_id` to `eos_token_id`:151645 for open-end generation.
{"cell": "qwen3vl8b_seed31_strict65__clean_p0_correct_3072", "latency_seconds": 0.6184183079749346, "progress": "107/260", "status": "ok"}
Setting `pad_token_id` to `eos_token_id`:151645 for open-end generation.
{"cell": "qwen3vl8b_seed31_strict65__clean_p0_correct_3072", "latency_seconds": 3.1971434568986297, "progress": "108/260", "status": "ok"}
Setting `pad_token_id` to `eos_token_id`:151645 for open-end generation.
{"cell": "qwen3vl8b_seed31_strict65__clean_p0_correct_3072", "latency_seconds": 0.620912074111402, "progress": "109/260", "status": "ok"}
Setting `pad_token_id` to `eos_token_id`:151645 for open-end generation.
{"cell": "qwen3vl8b_seed31_strict65__clean_p0_correct_3072", "latency_seconds": 0.6188553078100085, "progress": "110/260", "status": "ok"}
Setting `pad_token_id` to `eos_token_id`:151645 for open-end generation.
{"cell": "qwen3vl8b_seed31_strict65__clean_p0_correct_3072", "latency_seconds": 0.6202702652662992, "progress": "111/260", "status": "ok"}
Setting `pad_token_id` to `eos_token_id`:151645 for open-end generation.
{"cell": "qwen3vl8b_seed31_strict65__clean_p0_correct_3072", "latency_seconds": 0.754201372154057, "progress": "112/260", "status": "ok"}
Setting `pad_token_id` to `eos_token_id`:151645 for open-end generation.
{"cell": "qwen3vl8b_seed31_strict65__clean_p0_correct_3072", "latency_seconds": 0.6283732037991285, "progress": "113/260", "status": "ok"}
Setting `pad_token_id` to `eos_token_id`:151645 for open-end generation.
{"cell": "qwen3vl8b_seed31_strict65__clean_p0_correct_3072", "latency_seconds": 0.6186918886378407, "progress": "114/260", "status": "ok"}
Setting `pad_token_id` to `eos_token_id`:151645 for open-end generation.
{"cell": "qwen3vl8b_seed31_strict65__clean_p0_correct_3072", "latency_seconds": 0.6204913025721908, "progress": "115/260", "status": "ok"}
Setting `pad_token_id` to `eos_token_id`:151645 for open-end generation.
{"cell": "qwen3vl8b_seed31_strict65__clean_p0_correct_3072", "latency_seconds": 3.133093279786408, "progress": "116/260", "status": "ok"}
Setting `pad_token_id` to `eos_token_id`:151645 for open-end generation.
{"cell": "qwen3vl8b_seed31_strict65__clean_p0_correct_3072", "latency_seconds": 0.6190238455310464, "progress": "117/260", "status": "ok"}
Setting `pad_token_id` to `eos_token_id`:151645 for open-end generation.
{"cell": "qwen3vl8b_seed31_strict65__clean_p0_correct_3072", "latency_seconds": 0.6444112863391638, "progress": "118/260", "status": "ok"}
Setting `pad_token_id` to `eos_token_id`:151645 for open-end generation.
{"cell": "qwen3vl8b_seed31_strict65__clean_p0_correct_3072", "latency_seconds": 0.6201221095398068, "progress": "119/260", "status": "ok"}
Setting `pad_token_id` to `eos_token_id`:151645 for open-end generation.
{"cell": "qwen3vl8b_seed31_strict65__clean_p0_correct_3072", "latency_seconds": 0.9401128832250834, "progress": "120/260", "status": "ok"}
Setting `pad_token_id` to `eos_token_id`:151645 for open-end generation.
{"cell": "qwen3vl8b_seed31_strict65__clean_p0_correct_3072", "latency_seconds": 0.6192560037598014, "progress": "121/260", "status": "ok"}
Setting `pad_token_id` to `eos_token_id`:151645 for open-end generation.
{"cell": "qwen3vl8b_seed31_strict65__clean_p0_correct_3072", "latency_seconds": 0.6203167056664824, "progress": "122/260", "status": "ok"}
Setting `pad_token_id` to `eos_token_id`:151645 for open-end generation.
{"cell": "qwen3vl8b_seed31_strict65__clean_p0_correct_3072", "latency_seconds": 0.6180915255099535, "progress": "123/260", "status": "ok"}
Setting `pad_token_id` to `eos_token_id`:151645 for open-end generation.
{"cell": "qwen3vl8b_seed31_strict65__clean_p0_correct_3072", "latency_seconds": 0.7329727197065949, "progress": "124/260", "status": "ok"}
Setting `pad_token_id` to `eos_token_id`:151645 for open-end generation.
{"cell": "qwen3vl8b_seed31_strict65__clean_p0_correct_3072", "latency_seconds": 0.6207242058590055, "progress": "125/260", "status": "ok"}
Setting `pad_token_id` to `eos_token_id`:151645 for open-end generation.
{"cell": "qwen3vl8b_seed31_strict65__clean_p0_correct_3072", "latency_seconds": 0.6196062481030822, "progress": "126/260", "status": "ok"}
Setting `pad_token_id` to `eos_token_id`:151645 for open-end generation.
{"cell": "qwen3vl8b_seed31_strict65__clean_p0_correct_3072", "latency_seconds": 0.6201920639723539, "progress": "127/260", "status": "ok"}
Setting `pad_token_id` to `eos_token_id`:151645 for open-end generation.
{"cell": "qwen3vl8b_seed31_strict65__clean_p0_correct_3072", "latency_seconds": 0.6165960738435388, "progress": "128/260", "status": "ok"}
Setting `pad_token_id` to `eos_token_id`:151645 for open-end generation.
{"cell": "qwen3vl8b_seed31_strict65__clean_p0_correct_3072", "latency_seconds": 0.6160615300759673, "progress": "129/260", "status": "ok"}
Setting `pad_token_id` to `eos_token_id`:151645 for open-end generation.
{"cell": "qwen3vl8b_seed31_strict65__clean_p0_correct_3072", "latency_seconds": 0.6185606420040131, "progress": "130/260", "status": "ok"}
Setting `pad_token_id` to `eos_token_id`:151645 for open-end generation.
{"cell": "qwen3vl8b_seed31_strict65__clean_p0_correct_3072", "latency_seconds": 0.6410235203802586, "progress": "131/260", "status": "ok"}
Setting `pad_token_id` to `eos_token_id`:151645 for open-end generation.
{"cell": "qwen3vl8b_seed31_strict65__clean_p0_correct_3072", "latency_seconds": 1.1155222933739424, "progress": "132/260", "status": "ok"}
Setting `pad_token_id` to `eos_token_id`:151645 for open-end generation.
{"cell": "qwen3vl8b_seed31_strict65__clean_p0_correct_3072", "latency_seconds": 0.6199985202401876, "progress": "133/260", "status": "ok"}
Setting `pad_token_id` to `eos_token_id`:151645 for open-end generation.
{"cell": "qwen3vl8b_seed31_strict65__clean_p0_correct_3072", "latency_seconds": 0.6186857270076871, "progress": "134/260", "status": "ok"}
Setting `pad_token_id` to `eos_token_id`:151645 for open-end generation.
{"cell": "qwen3vl8b_seed31_strict65__clean_p0_correct_3072", "latency_seconds": 0.6187525577843189, "progress": "135/260", "status": "ok"}
Setting `pad_token_id` to `eos_token_id`:151645 for open-end generation.
{"cell": "qwen3vl8b_seed31_strict65__clean_p0_correct_3072", "latency_seconds": 1.1168727669864893, "progress": "136/260", "status": "ok"}
Setting `pad_token_id` to `eos_token_id`:151645 for open-end generation.
{"cell": "qwen3vl8b_seed31_strict65__clean_p0_correct_3072", "latency_seconds": 0.6207912676036358, "progress": "137/260", "status": "ok"}
Setting `pad_token_id` to `eos_token_id`:151645 for open-end generation.
{"cell": "qwen3vl8b_seed31_strict65__clean_p0_correct_3072", "latency_seconds": 0.6200200170278549, "progress": "138/260", "status": "ok"}
Setting `pad_token_id` to `eos_token_id`:151645 for open-end generation.
{"cell": "qwen3vl8b_seed31_strict65__clean_p0_correct_3072", "latency_seconds": 0.619181839749217, "progress": "139/260", "status": "ok"}
Setting `pad_token_id` to `eos_token_id`:151645 for open-end generation.
{"cell": "qwen3vl8b_seed31_strict65__clean_p0_correct_3072", "latency_seconds": 0.7580376490950584, "progress": "140/260", "status": "ok"}
Setting `pad_token_id` to `eos_token_id`:151645 for open-end generation.
{"cell": "qwen3vl8b_seed31_strict65__clean_p0_correct_3072", "latency_seconds": 0.6208976041525602, "progress": "141/260", "status": "ok"}
Setting `pad_token_id` to `eos_token_id`:151645 for open-end generation.
{"cell": "qwen3vl8b_seed31_strict65__clean_p0_correct_3072", "latency_seconds": 0.6154737444594502, "progress": "142/260", "status": "ok"}
Setting `pad_token_id` to `eos_token_id`:151645 for open-end generation.
{"cell": "qwen3vl8b_seed31_strict65__clean_p0_correct_3072", "latency_seconds": 0.6190798385068774, "progress": "143/260", "status": "ok"}
Setting `pad_token_id` to `eos_token_id`:151645 for open-end generation.
{"cell": "qwen3vl8b_seed31_strict65__clean_p0_correct_3072", "latency_seconds": 0.868695261888206, "progress": "144/260", "status": "ok"}
Setting `pad_token_id` to `eos_token_id`:151645 for open-end generation.
{"cell": "qwen3vl8b_seed31_strict65__clean_p0_correct_3072", "latency_seconds": 0.6184524139389396, "progress": "145/260", "status": "ok"}
Setting `pad_token_id` to `eos_token_id`:151645 for open-end generation.
{"cell": "qwen3vl8b_seed31_strict65__clean_p0_correct_3072", "latency_seconds": 0.643448474816978, "progress": "146/260", "status": "ok"}
Setting `pad_token_id` to `eos_token_id`:151645 for open-end generation.
{"cell": "qwen3vl8b_seed31_strict65__clean_p0_correct_3072", "latency_seconds": 0.6197629850357771, "progress": "147/260", "status": "ok"}
Setting `pad_token_id` to `eos_token_id`:151645 for open-end generation.
{"cell": "qwen3vl8b_seed31_strict65__clean_p0_correct_3072", "latency_seconds": 0.9409730350598693, "progress": "148/260", "status": "ok"}
Setting `pad_token_id` to `eos_token_id`:151645 for open-end generation.
{"cell": "qwen3vl8b_seed31_strict65__clean_p0_correct_3072", "latency_seconds": 0.6313690254464746, "progress": "149/260", "status": "ok"}
Setting `pad_token_id` to `eos_token_id`:151645 for open-end generation.
{"cell": "qwen3vl8b_seed31_strict65__clean_p0_correct_3072", "latency_seconds": 0.6209301631897688, "progress": "150/260", "status": "ok"}
Setting `pad_token_id` to `eos_token_id`:151645 for open-end generation.
{"cell": "qwen3vl8b_seed31_strict65__clean_p0_correct_3072", "latency_seconds": 0.6207627225667238, "progress": "151/260", "status": "ok"}
Setting `pad_token_id` to `eos_token_id`:151645 for open-end generation.
{"cell": "qwen3vl8b_seed31_strict65__clean_p0_correct_3072", "latency_seconds": 1.1448695128783584, "progress": "152/260", "status": "ok"}
Setting `pad_token_id` to `eos_token_id`:151645 for open-end generation.
{"cell": "qwen3vl8b_seed31_strict65__clean_p0_correct_3072", "latency_seconds": 0.6210894081741571, "progress": "153/260", "status": "ok"}
Setting `pad_token_id` to `eos_token_id`:151645 for open-end generation.
{"cell": "qwen3vl8b_seed31_strict65__clean_p0_correct_3072", "latency_seconds": 0.6209126459434628, "progress": "154/260", "status": "ok"}
Setting `pad_token_id` to `eos_token_id`:151645 for open-end generation.
{"cell": "qwen3vl8b_seed31_strict65__clean_p0_correct_3072", "latency_seconds": 0.6197737138718367, "progress": "155/260", "status": "ok"}
Setting `pad_token_id` to `eos_token_id`:151645 for open-end generation.
{"cell": "qwen3vl8b_seed31_strict65__clean_p0_correct_3072", "latency_seconds": 1.1226821150630713, "progress": "156/260", "status": "ok"}
Setting `pad_token_id` to `eos_token_id`:151645 for open-end generation.
{"cell": "qwen3vl8b_seed31_strict65__clean_p0_correct_3072", "latency_seconds": 0.6216173870489001, "progress": "157/260", "status": "ok"}
Setting `pad_token_id` to `eos_token_id`:151645 for open-end generation.
{"cell": "qwen3vl8b_seed31_strict65__clean_p0_correct_3072", "latency_seconds": 0.6173807140439749, "progress": "158/260", "status": "ok"}
Setting `pad_token_id` to `eos_token_id`:151645 for open-end generation.
{"cell": "qwen3vl8b_seed31_strict65__clean_p0_correct_3072", "latency_seconds": 0.619762759655714, "progress": "159/260", "status": "ok"}
Setting `pad_token_id` to `eos_token_id`:151645 for open-end generation.
{"cell": "qwen3vl8b_seed31_strict65__clean_p0_correct_3072", "latency_seconds": 1.904204247519374, "progress": "160/260", "status": "ok"}
Setting `pad_token_id` to `eos_token_id`:151645 for open-end generation.
{"cell": "qwen3vl8b_seed31_strict65__clean_p0_correct_3072", "latency_seconds": 0.6192393526434898, "progress": "161/260", "status": "ok"}
Setting `pad_token_id` to `eos_token_id`:151645 for open-end generation.
{"cell": "qwen3vl8b_seed31_strict65__clean_p0_correct_3072", "latency_seconds": 0.6218036664649844, "progress": "162/260", "status": "ok"}
Setting `pad_token_id` to `eos_token_id`:151645 for open-end generation.
{"cell": "qwen3vl8b_seed31_strict65__clean_p0_correct_3072", "latency_seconds": 0.6217189952731133, "progress": "163/260", "status": "ok"}
Setting `pad_token_id` to `eos_token_id`:151645 for open-end generation.
{"cell": "qwen3vl8b_seed31_strict65__clean_p0_correct_3072", "latency_seconds": 0.9409028580412269, "progress": "164/260", "status": "ok"}
Setting `pad_token_id` to `eos_token_id`:151645 for open-end generation.
{"cell": "qwen3vl8b_seed31_strict65__clean_p0_correct_3072", "latency_seconds": 0.6204365808516741, "progress": "165/260", "status": "ok"}
Setting `pad_token_id` to `eos_token_id`:151645 for open-end generation.
{"cell": "qwen3vl8b_seed31_strict65__clean_p0_correct_3072", "latency_seconds": 0.6186980614438653, "progress": "166/260", "status": "ok"}
Setting `pad_token_id` to `eos_token_id`:151645 for open-end generation.
{"cell": "qwen3vl8b_seed31_strict65__clean_p0_correct_3072", "latency_seconds": 0.6194834047928452, "progress": "167/260", "status": "ok"}
Setting `pad_token_id` to `eos_token_id`:151645 for open-end generation.
{"cell": "qwen3vl8b_seed31_strict65__clean_p0_correct_3072", "latency_seconds": 0.6189482230693102, "progress": "168/260", "status": "ok"}
Setting `pad_token_id` to `eos_token_id`:151645 for open-end generation.
{"cell": "qwen3vl8b_seed31_strict65__clean_p0_correct_3072", "latency_seconds": 0.6162649476900697, "progress": "169/260", "status": "ok"}
Setting `pad_token_id` to `eos_token_id`:151645 for open-end generation.
{"cell": "qwen3vl8b_seed31_strict65__clean_p0_correct_3072", "latency_seconds": 0.6160604571923614, "progress": "170/260", "status": "ok"}
Setting `pad_token_id` to `eos_token_id`:151645 for open-end generation.
{"cell": "qwen3vl8b_seed31_strict65__clean_p0_correct_3072", "latency_seconds": 0.6203810777515173, "progress": "171/260", "status": "ok"}
Setting `pad_token_id` to `eos_token_id`:151645 for open-end generation.
{"cell": "qwen3vl8b_seed31_strict65__clean_p0_correct_3072", "latency_seconds": 1.512558363378048, "progress": "172/260", "status": "ok"}
Setting `pad_token_id` to `eos_token_id`:151645 for open-end generation.
{"cell": "qwen3vl8b_seed31_strict65__clean_p0_correct_3072", "latency_seconds": 0.6187416445463896, "progress": "173/260", "status": "ok"}
Setting `pad_token_id` to `eos_token_id`:151645 for open-end generation.
{"cell": "qwen3vl8b_seed31_strict65__clean_p0_correct_3072", "latency_seconds": 0.6205827426165342, "progress": "174/260", "status": "ok"}
Setting `pad_token_id` to `eos_token_id`:151645 for open-end generation.
{"cell": "qwen3vl8b_seed31_strict65__clean_p0_correct_3072", "latency_seconds": 0.6171786207705736, "progress": "175/260", "status": "ok"}
Setting `pad_token_id` to `eos_token_id`:151645 for open-end generation.
{"cell": "qwen3vl8b_seed31_strict65__clean_p0_correct_3072", "latency_seconds": 1.1227809088304639, "progress": "176/260", "status": "ok"}
Setting `pad_token_id` to `eos_token_id`:151645 for open-end generation.
{"cell": "qwen3vl8b_seed31_strict65__clean_p0_correct_3072", "latency_seconds": 0.6192264501005411, "progress": "177/260", "status": "ok"}
Setting `pad_token_id` to `eos_token_id`:151645 for open-end generation.
{"cell": "qwen3vl8b_seed31_strict65__clean_p0_correct_3072", "latency_seconds": 0.6173059483990073, "progress": "178/260", "status": "ok"}
Setting `pad_token_id` to `eos_token_id`:151645 for open-end generation.
{"cell": "qwen3vl8b_seed31_strict65__clean_p0_correct_3072", "latency_seconds": 0.6204225514084101, "progress": "179/260", "status": "ok"}
Setting `pad_token_id` to `eos_token_id`:151645 for open-end generation.
{"cell": "qwen3vl8b_seed31_strict65__clean_p0_correct_3072", "latency_seconds": 1.3031470039859414, "progress": "180/260", "status": "ok"}
Setting `pad_token_id` to `eos_token_id`:151645 for open-end generation.
{"cell": "qwen3vl8b_seed31_strict65__clean_p0_correct_3072", "latency_seconds": 0.6168600348755717, "progress": "181/260", "status": "ok"}
Setting `pad_token_id` to `eos_token_id`:151645 for open-end generation.
{"cell": "qwen3vl8b_seed31_strict65__clean_p0_correct_3072", "latency_seconds": 0.6237527700141072, "progress": "182/260", "status": "ok"}
Setting `pad_token_id` to `eos_token_id`:151645 for open-end generation.
{"cell": "qwen3vl8b_seed31_strict65__clean_p0_correct_3072", "latency_seconds": 0.6200884627178311, "progress": "183/260", "status": "ok"}
Setting `pad_token_id` to `eos_token_id`:151645 for open-end generation.
{"cell": "qwen3vl8b_seed31_strict65__clean_p0_correct_3072", "latency_seconds": 0.9325410705059767, "progress": "184/260", "status": "ok"}
Setting `pad_token_id` to `eos_token_id`:151645 for open-end generation.
{"cell": "qwen3vl8b_seed31_strict65__clean_p0_correct_3072", "latency_seconds": 0.6207276294007897, "progress": "185/260", "status": "ok"}
Setting `pad_token_id` to `eos_token_id`:151645 for open-end generation.
{"cell": "qwen3vl8b_seed31_strict65__clean_p0_correct_3072", "latency_seconds": 0.6436866009607911, "progress": "186/260", "status": "ok"}
Setting `pad_token_id` to `eos_token_id`:151645 for open-end generation.
{"cell": "qwen3vl8b_seed31_strict65__clean_p0_correct_3072", "latency_seconds": 0.6202409388497472, "progress": "187/260", "status": "ok"}
Setting `pad_token_id` to `eos_token_id`:151645 for open-end generation.
{"cell": "qwen3vl8b_seed31_strict65__clean_p0_correct_3072", "latency_seconds": 1.1883232407271862, "progress": "188/260", "status": "ok"}
Setting `pad_token_id` to `eos_token_id`:151645 for open-end generation.
{"cell": "qwen3vl8b_seed31_strict65__clean_p0_correct_3072", "latency_seconds": 0.6225556060671806, "progress": "189/260", "status": "ok"}
Setting `pad_token_id` to `eos_token_id`:151645 for open-end generation.
{"cell": "qwen3vl8b_seed31_strict65__clean_p0_correct_3072", "latency_seconds": 0.6178786950185895, "progress": "190/260", "status": "ok"}
Setting `pad_token_id` to `eos_token_id`:151645 for open-end generation.
{"cell": "qwen3vl8b_seed31_strict65__clean_p0_correct_3072", "latency_seconds": 0.6196477618068457, "progress": "191/260", "status": "ok"}
Setting `pad_token_id` to `eos_token_id`:151645 for open-end generation.
{"cell": "qwen3vl8b_seed31_strict65__clean_p0_correct_3072", "latency_seconds": 1.482557357288897, "progress": "192/260", "status": "ok"}
Setting `pad_token_id` to `eos_token_id`:151645 for open-end generation.
{"cell": "qwen3vl8b_seed31_strict65__clean_p0_correct_3072", "latency_seconds": 0.6196362590417266, "progress": "193/260", "status": "ok"}
Setting `pad_token_id` to `eos_token_id`:151645 for open-end generation.
{"cell": "qwen3vl8b_seed31_strict65__clean_p0_correct_3072", "latency_seconds": 0.6196165690198541, "progress": "194/260", "status": "ok"}
Setting `pad_token_id` to `eos_token_id`:151645 for open-end generation.
{"cell": "qwen3vl8b_seed31_strict65__clean_p0_correct_3072", "latency_seconds": 0.6209326991811395, "progress": "195/260", "status": "ok"}
Setting `pad_token_id` to `eos_token_id`:151645 for open-end generation.
{"cell": "qwen3vl8b_seed31_strict65__clean_p0_correct_3072", "latency_seconds": 2.34548272844404, "progress": "196/260", "status": "ok"}
Setting `pad_token_id` to `eos_token_id`:151645 for open-end generation.
{"cell": "qwen3vl8b_seed31_strict65__clean_p0_correct_3072", "latency_seconds": 0.6201702877879143, "progress": "197/260", "status": "ok"}
Setting `pad_token_id` to `eos_token_id`:151645 for open-end generation.
{"cell": "qwen3vl8b_seed31_strict65__clean_p0_correct_3072", "latency_seconds": 0.6170376120135188, "progress": "198/260", "status": "ok"}
Setting `pad_token_id` to `eos_token_id`:151645 for open-end generation.
{"cell": "qwen3vl8b_seed31_strict65__clean_p0_correct_3072", "latency_seconds": 0.6178464377298951, "progress": "199/260", "status": "ok"}
Setting `pad_token_id` to `eos_token_id`:151645 for open-end generation.
{"cell": "qwen3vl8b_seed31_strict65__clean_p0_correct_3072", "latency_seconds": 0.6863895179703832, "progress": "200/260", "status": "ok"}
Setting `pad_token_id` to `eos_token_id`:151645 for open-end generation.
{"cell": "qwen3vl8b_seed31_strict65__clean_p0_correct_3072", "latency_seconds": 0.6210691649466753, "progress": "201/260", "status": "ok"}
Setting `pad_token_id` to `eos_token_id`:151645 for open-end generation.
{"cell": "qwen3vl8b_seed31_strict65__clean_p0_correct_3072", "latency_seconds": 0.6181913008913398, "progress": "202/260", "status": "ok"}
Setting `pad_token_id` to `eos_token_id`:151645 for open-end generation.
{"cell": "qwen3vl8b_seed31_strict65__clean_p0_correct_3072", "latency_seconds": 0.6189993619918823, "progress": "203/260", "status": "ok"}
Setting `pad_token_id` to `eos_token_id`:151645 for open-end generation.
{"cell": "qwen3vl8b_seed31_strict65__clean_p0_correct_3072", "latency_seconds": 0.893697639927268, "progress": "204/260", "status": "ok"}
Setting `pad_token_id` to `eos_token_id`:151645 for open-end generation.
{"cell": "qwen3vl8b_seed31_strict65__clean_p0_correct_3072", "latency_seconds": 0.6201078621670604, "progress": "205/260", "status": "ok"}
Setting `pad_token_id` to `eos_token_id`:151645 for open-end generation.
{"cell": "qwen3vl8b_seed31_strict65__clean_p0_correct_3072", "latency_seconds": 0.6258208649232984, "progress": "206/260", "status": "ok"}
Setting `pad_token_id` to `eos_token_id`:151645 for open-end generation.
{"cell": "qwen3vl8b_seed31_strict65__clean_p0_correct_3072", "latency_seconds": 0.6183771900832653, "progress": "207/260", "status": "ok"}
Setting `pad_token_id` to `eos_token_id`:151645 for open-end generation.
{"cell": "qwen3vl8b_seed31_strict65__clean_p0_correct_3072", "latency_seconds": 0.6219010436907411, "progress": "208/260", "status": "ok"}
Setting `pad_token_id` to `eos_token_id`:151645 for open-end generation.
{"cell": "qwen3vl8b_seed31_strict65__clean_p0_correct_3072", "latency_seconds": 0.6224538004025817, "progress": "209/260", "status": "ok"}
Setting `pad_token_id` to `eos_token_id`:151645 for open-end generation.
{"cell": "qwen3vl8b_seed31_strict65__clean_p0_correct_3072", "latency_seconds": 0.6260218899697065, "progress": "210/260", "status": "ok"}
Setting `pad_token_id` to `eos_token_id`:151645 for open-end generation.
{"cell": "qwen3vl8b_seed31_strict65__clean_p0_correct_3072", "latency_seconds": 0.6200668597593904, "progress": "211/260", "status": "ok"}
Setting `pad_token_id` to `eos_token_id`:151645 for open-end generation.
{"cell": "qwen3vl8b_seed31_strict65__clean_p0_correct_3072", "latency_seconds": 0.7629675632342696, "progress": "212/260", "status": "ok"}
Setting `pad_token_id` to `eos_token_id`:151645 for open-end generation.
{"cell": "qwen3vl8b_seed31_strict65__clean_p0_correct_3072", "latency_seconds": 0.6211628597229719, "progress": "213/260", "status": "ok"}
Setting `pad_token_id` to `eos_token_id`:151645 for open-end generation.
{"cell": "qwen3vl8b_seed31_strict65__clean_p0_correct_3072", "latency_seconds": 0.6204308141022921, "progress": "214/260", "status": "ok"}
Setting `pad_token_id` to `eos_token_id`:151645 for open-end generation.
{"cell": "qwen3vl8b_seed31_strict65__clean_p0_correct_3072", "latency_seconds": 0.6142235156148672, "progress": "215/260", "status": "ok"}
Setting `pad_token_id` to `eos_token_id`:151645 for open-end generation.
{"cell": "qwen3vl8b_seed31_strict65__clean_p0_correct_3072", "latency_seconds": 0.8872106084600091, "progress": "216/260", "status": "ok"}
Setting `pad_token_id` to `eos_token_id`:151645 for open-end generation.
{"cell": "qwen3vl8b_seed31_strict65__clean_p0_correct_3072", "latency_seconds": 0.620531864464283, "progress": "217/260", "status": "ok"}
Setting `pad_token_id` to `eos_token_id`:151645 for open-end generation.
{"cell": "qwen3vl8b_seed31_strict65__clean_p0_correct_3072", "latency_seconds": 0.6184106236323714, "progress": "218/260", "status": "ok"}
Setting `pad_token_id` to `eos_token_id`:151645 for open-end generation.
{"cell": "qwen3vl8b_seed31_strict65__clean_p0_correct_3072", "latency_seconds": 0.6212586024776101, "progress": "219/260", "status": "ok"}
Setting `pad_token_id` to `eos_token_id`:151645 for open-end generation.
{"cell": "qwen3vl8b_seed31_strict65__clean_p0_correct_3072", "latency_seconds": 0.7319467645138502, "progress": "220/260", "status": "ok"}
Setting `pad_token_id` to `eos_token_id`:151645 for open-end generation.
{"cell": "qwen3vl8b_seed31_strict65__clean_p0_correct_3072", "latency_seconds": 0.6217227978631854, "progress": "221/260", "status": "ok"}
Setting `pad_token_id` to `eos_token_id`:151645 for open-end generation.
{"cell": "qwen3vl8b_seed31_strict65__clean_p0_correct_3072", "latency_seconds": 0.668556334450841, "progress": "222/260", "status": "ok"}
Setting `pad_token_id` to `eos_token_id`:151645 for open-end generation.
{"cell": "qwen3vl8b_seed31_strict65__clean_p0_correct_3072", "latency_seconds": 0.6210995968431234, "progress": "223/260", "status": "ok"}
Setting `pad_token_id` to `eos_token_id`:151645 for open-end generation.
{"cell": "qwen3vl8b_seed31_strict65__clean_p0_correct_3072", "latency_seconds": 1.6061814920976758, "progress": "224/260", "status": "ok"}
Setting `pad_token_id` to `eos_token_id`:151645 for open-end generation.
{"cell": "qwen3vl8b_seed31_strict65__clean_p0_correct_3072", "latency_seconds": 0.6194566525518894, "progress": "225/260", "status": "ok"}
Setting `pad_token_id` to `eos_token_id`:151645 for open-end generation.
{"cell": "qwen3vl8b_seed31_strict65__clean_p0_correct_3072", "latency_seconds": 0.62367342133075, "progress": "226/260", "status": "ok"}
Setting `pad_token_id` to `eos_token_id`:151645 for open-end generation.
{"cell": "qwen3vl8b_seed31_strict65__clean_p0_correct_3072", "latency_seconds": 0.6206870498135686, "progress": "227/260", "status": "ok"}
Setting `pad_token_id` to `eos_token_id`:151645 for open-end generation.
{"cell": "qwen3vl8b_seed31_strict65__clean_p0_correct_3072", "latency_seconds": 0.6903921039775014, "progress": "228/260", "status": "ok"}
Setting `pad_token_id` to `eos_token_id`:151645 for open-end generation.
{"cell": "qwen3vl8b_seed31_strict65__clean_p0_correct_3072", "latency_seconds": 0.6247674385085702, "progress": "229/260", "status": "ok"}
Setting `pad_token_id` to `eos_token_id`:151645 for open-end generation.
{"cell": "qwen3vl8b_seed31_strict65__clean_p0_correct_3072", "latency_seconds": 0.6207952257245779, "progress": "230/260", "status": "ok"}
Setting `pad_token_id` to `eos_token_id`:151645 for open-end generation.
{"cell": "qwen3vl8b_seed31_strict65__clean_p0_correct_3072", "latency_seconds": 0.620294576510787, "progress": "231/260", "status": "ok"}
Setting `pad_token_id` to `eos_token_id`:151645 for open-end generation.
{"cell": "qwen3vl8b_seed31_strict65__clean_p0_correct_3072", "latency_seconds": 1.116767548955977, "progress": "232/260", "status": "ok"}
Setting `pad_token_id` to `eos_token_id`:151645 for open-end generation.
{"cell": "qwen3vl8b_seed31_strict65__clean_p0_correct_3072", "latency_seconds": 0.6217410089448094, "progress": "233/260", "status": "ok"}
Setting `pad_token_id` to `eos_token_id`:151645 for open-end generation.
{"cell": "qwen3vl8b_seed31_strict65__clean_p0_correct_3072", "latency_seconds": 0.6450991574674845, "progress": "234/260", "status": "ok"}
Setting `pad_token_id` to `eos_token_id`:151645 for open-end generation.
{"cell": "qwen3vl8b_seed31_strict65__clean_p0_correct_3072", "latency_seconds": 0.6182230059057474, "progress": "235/260", "status": "ok"}
Setting `pad_token_id` to `eos_token_id`:151645 for open-end generation.
{"cell": "qwen3vl8b_seed31_strict65__clean_p0_correct_3072", "latency_seconds": 0.7545481007546186, "progress": "236/260", "status": "ok"}
Setting `pad_token_id` to `eos_token_id`:151645 for open-end generation.
{"cell": "qwen3vl8b_seed31_strict65__clean_p0_correct_3072", "latency_seconds": 0.620019887574017, "progress": "237/260", "status": "ok"}
Setting `pad_token_id` to `eos_token_id`:151645 for open-end generation.
{"cell": "qwen3vl8b_seed31_strict65__clean_p0_correct_3072", "latency_seconds": 0.6196103030815721, "progress": "238/260", "status": "ok"}
Setting `pad_token_id` to `eos_token_id`:151645 for open-end generation.
{"cell": "qwen3vl8b_seed31_strict65__clean_p0_correct_3072", "latency_seconds": 0.6187021052464843, "progress": "239/260", "status": "ok"}
Setting `pad_token_id` to `eos_token_id`:151645 for open-end generation.
{"cell": "qwen3vl8b_seed31_strict65__clean_p0_correct_3072", "latency_seconds": 1.605179258622229, "progress": "240/260", "status": "ok"}
Setting `pad_token_id` to `eos_token_id`:151645 for open-end generation.
{"cell": "qwen3vl8b_seed31_strict65__clean_p0_correct_3072", "latency_seconds": 0.6256003500893712, "progress": "241/260", "status": "ok"}
Setting `pad_token_id` to `eos_token_id`:151645 for open-end generation.
{"cell": "qwen3vl8b_seed31_strict65__clean_p0_correct_3072", "latency_seconds": 0.617175180464983, "progress": "242/260", "status": "ok"}
Setting `pad_token_id` to `eos_token_id`:151645 for open-end generation.
{"cell": "qwen3vl8b_seed31_strict65__clean_p0_correct_3072", "latency_seconds": 0.6186632700264454, "progress": "243/260", "status": "ok"}
Setting `pad_token_id` to `eos_token_id`:151645 for open-end generation.
{"cell": "qwen3vl8b_seed31_strict65__clean_p0_correct_3072", "latency_seconds": 0.7564540589228272, "progress": "244/260", "status": "ok"}
Setting `pad_token_id` to `eos_token_id`:151645 for open-end generation.
{"cell": "qwen3vl8b_seed31_strict65__clean_p0_correct_3072", "latency_seconds": 0.6193672278895974, "progress": "245/260", "status": "ok"}
Setting `pad_token_id` to `eos_token_id`:151645 for open-end generation.
{"cell": "qwen3vl8b_seed31_strict65__clean_p0_correct_3072", "latency_seconds": 0.6205135248601437, "progress": "246/260", "status": "ok"}
Setting `pad_token_id` to `eos_token_id`:151645 for open-end generation.
{"cell": "qwen3vl8b_seed31_strict65__clean_p0_correct_3072", "latency_seconds": 0.6196606941521168, "progress": "247/260", "status": "ok"}
Setting `pad_token_id` to `eos_token_id`:151645 for open-end generation.
{"cell": "qwen3vl8b_seed31_strict65__clean_p0_correct_3072", "latency_seconds": 1.1158603765070438, "progress": "248/260", "status": "ok"}
Setting `pad_token_id` to `eos_token_id`:151645 for open-end generation.
{"cell": "qwen3vl8b_seed31_strict65__clean_p0_correct_3072", "latency_seconds": 0.6198492450639606, "progress": "249/260", "status": "ok"}
Setting `pad_token_id` to `eos_token_id`:151645 for open-end generation.
{"cell": "qwen3vl8b_seed31_strict65__clean_p0_correct_3072", "latency_seconds": 0.6181810554116964, "progress": "250/260", "status": "ok"}
Setting `pad_token_id` to `eos_token_id`:151645 for open-end generation.
{"cell": "qwen3vl8b_seed31_strict65__clean_p0_correct_3072", "latency_seconds": 0.6214347276836634, "progress": "251/260", "status": "ok"}
Setting `pad_token_id` to `eos_token_id`:151645 for open-end generation.
{"cell": "qwen3vl8b_seed31_strict65__clean_p0_correct_3072", "latency_seconds": 1.1074510645121336, "progress": "252/260", "status": "ok"}
Setting `pad_token_id` to `eos_token_id`:151645 for open-end generation.
{"cell": "qwen3vl8b_seed31_strict65__clean_p0_correct_3072", "latency_seconds": 0.6160423848778009, "progress": "253/260", "status": "ok"}
Setting `pad_token_id` to `eos_token_id`:151645 for open-end generation.
{"cell": "qwen3vl8b_seed31_strict65__clean_p0_correct_3072", "latency_seconds": 0.6201881300657988, "progress": "254/260", "status": "ok"}
Setting `pad_token_id` to `eos_token_id`:151645 for open-end generation.
{"cell": "qwen3vl8b_seed31_strict65__clean_p0_correct_3072", "latency_seconds": 0.6287127649411559, "progress": "255/260", "status": "ok"}
Setting `pad_token_id` to `eos_token_id`:151645 for open-end generation.
{"cell": "qwen3vl8b_seed31_strict65__clean_p0_correct_3072", "latency_seconds": 0.7582634864374995, "progress": "256/260", "status": "ok"}
Setting `pad_token_id` to `eos_token_id`:151645 for open-end generation.
{"cell": "qwen3vl8b_seed31_strict65__clean_p0_correct_3072", "latency_seconds": 0.6220420263707638, "progress": "257/260", "status": "ok"}
Setting `pad_token_id` to `eos_token_id`:151645 for open-end generation.
{"cell": "qwen3vl8b_seed31_strict65__clean_p0_correct_3072", "latency_seconds": 0.6432335758581758, "progress": "258/260", "status": "ok"}
Setting `pad_token_id` to `eos_token_id`:151645 for open-end generation.
{"cell": "qwen3vl8b_seed31_strict65__clean_p0_correct_3072", "latency_seconds": 0.6208128035068512, "progress": "259/260", "status": "ok"}
Setting `pad_token_id` to `eos_token_id`:151645 for open-end generation.
{"cell": "qwen3vl8b_seed31_strict65__clean_p0_correct_3072", "latency_seconds": 0.6266887756064534, "progress": "260/260", "status": "ok"}
Setting `pad_token_id` to `eos_token_id`:151645 for open-end generation.
{"cell": "qwen3vl8b_seed31_strict65__jpeg_q70_p0_correct_3072", "latency_seconds": 0.6252569686621428, "progress": "1/260", "status": "ok"}
Setting `pad_token_id` to `eos_token_id`:151645 for open-end generation.
{"cell": "qwen3vl8b_seed31_strict65__jpeg_q70_p0_correct_3072", "latency_seconds": 0.6222593421116471, "progress": "2/260", "status": "ok"}
Setting `pad_token_id` to `eos_token_id`:151645 for open-end generation.
{"cell": "qwen3vl8b_seed31_strict65__jpeg_q70_p0_correct_3072", "latency_seconds": 0.6216893596574664, "progress": "3/260", "status": "ok"}
Setting `pad_token_id` to `eos_token_id`:151645 for open-end generation.
{"cell": "qwen3vl8b_seed31_strict65__jpeg_q70_p0_correct_3072", "latency_seconds": 2.237554690800607, "progress": "4/260", "status": "ok"}
Setting `pad_token_id` to `eos_token_id`:151645 for open-end generation.
{"cell": "qwen3vl8b_seed31_strict65__jpeg_q70_p0_correct_3072", "latency_seconds": 0.623098854906857, "progress": "5/260", "status": "ok"}
Setting `pad_token_id` to `eos_token_id`:151645 for open-end generation.
{"cell": "qwen3vl8b_seed31_strict65__jpeg_q70_p0_correct_3072", "latency_seconds": 0.617172671481967, "progress": "6/260", "status": "ok"}
Setting `pad_token_id` to `eos_token_id`:151645 for open-end generation.
{"cell": "qwen3vl8b_seed31_strict65__jpeg_q70_p0_correct_3072", "latency_seconds": 0.6204564943909645, "progress": "7/260", "status": "ok"}
Setting `pad_token_id` to `eos_token_id`:151645 for open-end generation.
{"cell": "qwen3vl8b_seed31_strict65__jpeg_q70_p0_correct_3072", "latency_seconds": 1.1184137733653188, "progress": "8/260", "status": "ok"}
Setting `pad_token_id` to `eos_token_id`:151645 for open-end generation.
{"cell": "qwen3vl8b_seed31_strict65__jpeg_q70_p0_correct_3072", "latency_seconds": 0.6200864193961024, "progress": "9/260", "status": "ok"}
Setting `pad_token_id` to `eos_token_id`:151645 for open-end generation.
{"cell": "qwen3vl8b_seed31_strict65__jpeg_q70_p0_correct_3072", "latency_seconds": 0.6216418091207743, "progress": "10/260", "status": "ok"}
Setting `pad_token_id` to `eos_token_id`:151645 for open-end generation.
{"cell": "qwen3vl8b_seed31_strict65__jpeg_q70_p0_correct_3072", "latency_seconds": 0.6228372436016798, "progress": "11/260", "status": "ok"}
Setting `pad_token_id` to `eos_token_id`:151645 for open-end generation.
{"cell": "qwen3vl8b_seed31_strict65__jpeg_q70_p0_correct_3072", "latency_seconds": 0.6223566979169846, "progress": "12/260", "status": "ok"}
Setting `pad_token_id` to `eos_token_id`:151645 for open-end generation.
{"cell": "qwen3vl8b_seed31_strict65__jpeg_q70_p0_correct_3072", "latency_seconds": 0.6182969426736236, "progress": "13/260", "status": "ok"}
Setting `pad_token_id` to `eos_token_id`:151645 for open-end generation.
{"cell": "qwen3vl8b_seed31_strict65__jpeg_q70_p0_correct_3072", "latency_seconds": 0.615042214281857, "progress": "14/260", "status": "ok"}
Setting `pad_token_id` to `eos_token_id`:151645 for open-end generation.
{"cell": "qwen3vl8b_seed31_strict65__jpeg_q70_p0_correct_3072", "latency_seconds": 0.6267543807625771, "progress": "15/260", "status": "ok"}
Setting `pad_token_id` to `eos_token_id`:151645 for open-end generation.
{"cell": "qwen3vl8b_seed31_strict65__jpeg_q70_p0_correct_3072", "latency_seconds": 0.9437666144222021, "progress": "16/260", "status": "ok"}
Setting `pad_token_id` to `eos_token_id`:151645 for open-end generation.
{"cell": "qwen3vl8b_seed31_strict65__jpeg_q70_p0_correct_3072", "latency_seconds": 0.6180742839351296, "progress": "17/260", "status": "ok"}
Setting `pad_token_id` to `eos_token_id`:151645 for open-end generation.
{"cell": "qwen3vl8b_seed31_strict65__jpeg_q70_p0_correct_3072", "latency_seconds": 0.6201001014560461, "progress": "18/260", "status": "ok"}
Setting `pad_token_id` to `eos_token_id`:151645 for open-end generation.
{"cell": "qwen3vl8b_seed31_strict65__jpeg_q70_p0_correct_3072", "latency_seconds": 0.6202779291197658, "progress": "19/260", "status": "ok"}
Setting `pad_token_id` to `eos_token_id`:151645 for open-end generation.
{"cell": "qwen3vl8b_seed31_strict65__jpeg_q70_p0_correct_3072", "latency_seconds": 0.7567557413130999, "progress": "20/260", "status": "ok"}
Setting `pad_token_id` to `eos_token_id`:151645 for open-end generation.
{"cell": "qwen3vl8b_seed31_strict65__jpeg_q70_p0_correct_3072", "latency_seconds": 0.6180132646113634, "progress": "21/260", "status": "ok"}
Setting `pad_token_id` to `eos_token_id`:151645 for open-end generation.
{"cell": "qwen3vl8b_seed31_strict65__jpeg_q70_p0_correct_3072", "latency_seconds": 1.012923788279295, "progress": "22/260", "status": "ok"}
Setting `pad_token_id` to `eos_token_id`:151645 for open-end generation.
{"cell": "qwen3vl8b_seed31_strict65__jpeg_q70_p0_correct_3072", "latency_seconds": 0.6214057505130768, "progress": "23/260", "status": "ok"}
Setting `pad_token_id` to `eos_token_id`:151645 for open-end generation.
{"cell": "qwen3vl8b_seed31_strict65__jpeg_q70_p0_correct_3072", "latency_seconds": 1.2984040630981326, "progress": "24/260", "status": "ok"}
Setting `pad_token_id` to `eos_token_id`:151645 for open-end generation.
{"cell": "qwen3vl8b_seed31_strict65__jpeg_q70_p0_correct_3072", "latency_seconds": 0.6209957310929894, "progress": "25/260", "status": "ok"}
Setting `pad_token_id` to `eos_token_id`:151645 for open-end generation.
{"cell": "qwen3vl8b_seed31_strict65__jpeg_q70_p0_correct_3072", "latency_seconds": 0.6196800442412496, "progress": "26/260", "status": "ok"}
Setting `pad_token_id` to `eos_token_id`:151645 for open-end generation.
{"cell": "qwen3vl8b_seed31_strict65__jpeg_q70_p0_correct_3072", "latency_seconds": 0.6162981986999512, "progress": "27/260", "status": "ok"}
Setting `pad_token_id` to `eos_token_id`:151645 for open-end generation.
{"cell": "qwen3vl8b_seed31_strict65__jpeg_q70_p0_correct_3072", "latency_seconds": 0.7327958690002561, "progress": "28/260", "status": "ok"}
Setting `pad_token_id` to `eos_token_id`:151645 for open-end generation.
{"cell": "qwen3vl8b_seed31_strict65__jpeg_q70_p0_correct_3072", "latency_seconds": 0.6196311023086309, "progress": "29/260", "status": "ok"}
Setting `pad_token_id` to `eos_token_id`:151645 for open-end generation.
{"cell": "qwen3vl8b_seed31_strict65__jpeg_q70_p0_correct_3072", "latency_seconds": 0.642821665853262, "progress": "30/260", "status": "ok"}
Setting `pad_token_id` to `eos_token_id`:151645 for open-end generation.
{"cell": "qwen3vl8b_seed31_strict65__jpeg_q70_p0_correct_3072", "latency_seconds": 0.619376108981669, "progress": "31/260", "status": "ok"}
Setting `pad_token_id` to `eos_token_id`:151645 for open-end generation.
{"cell": "qwen3vl8b_seed31_strict65__jpeg_q70_p0_correct_3072", "latency_seconds": 1.1170352967455983, "progress": "32/260", "status": "ok"}
Setting `pad_token_id` to `eos_token_id`:151645 for open-end generation.
{"cell": "qwen3vl8b_seed31_strict65__jpeg_q70_p0_correct_3072", "latency_seconds": 0.6220529461279511, "progress": "33/260", "status": "ok"}
Setting `pad_token_id` to `eos_token_id`:151645 for open-end generation.
{"cell": "qwen3vl8b_seed31_strict65__jpeg_q70_p0_correct_3072", "latency_seconds": 0.984210985712707, "progress": "34/260", "status": "ok"}
Setting `pad_token_id` to `eos_token_id`:151645 for open-end generation.
{"cell": "qwen3vl8b_seed31_strict65__jpeg_q70_p0_correct_3072", "latency_seconds": 0.6207073209807277, "progress": "35/260", "status": "ok"}
Setting `pad_token_id` to `eos_token_id`:151645 for open-end generation.
{"cell": "qwen3vl8b_seed31_strict65__jpeg_q70_p0_correct_3072", "latency_seconds": 0.7570522129535675, "progress": "36/260", "status": "ok"}
Setting `pad_token_id` to `eos_token_id`:151645 for open-end generation.
{"cell": "qwen3vl8b_seed31_strict65__jpeg_q70_p0_correct_3072", "latency_seconds": 0.6199290137737989, "progress": "37/260", "status": "ok"}
Setting `pad_token_id` to `eos_token_id`:151645 for open-end generation.
{"cell": "qwen3vl8b_seed31_strict65__jpeg_q70_p0_correct_3072", "latency_seconds": 0.6220687692984939, "progress": "38/260", "status": "ok"}
Setting `pad_token_id` to `eos_token_id`:151645 for open-end generation.
{"cell": "qwen3vl8b_seed31_strict65__jpeg_q70_p0_correct_3072", "latency_seconds": 0.6225934689864516, "progress": "39/260", "status": "ok"}
Setting `pad_token_id` to `eos_token_id`:151645 for open-end generation.
{"cell": "qwen3vl8b_seed31_strict65__jpeg_q70_p0_correct_3072", "latency_seconds": 0.7586716925725341, "progress": "40/260", "status": "ok"}
Setting `pad_token_id` to `eos_token_id`:151645 for open-end generation.
{"cell": "qwen3vl8b_seed31_strict65__jpeg_q70_p0_correct_3072", "latency_seconds": 0.6218760842457414, "progress": "41/260", "status": "ok"}
Setting `pad_token_id` to `eos_token_id`:151645 for open-end generation.
{"cell": "qwen3vl8b_seed31_strict65__jpeg_q70_p0_correct_3072", "latency_seconds": 0.6430186256766319, "progress": "42/260", "status": "ok"}
Setting `pad_token_id` to `eos_token_id`:151645 for open-end generation.
{"cell": "qwen3vl8b_seed31_strict65__jpeg_q70_p0_correct_3072", "latency_seconds": 0.6195091847330332, "progress": "43/260", "status": "ok"}
Setting `pad_token_id` to `eos_token_id`:151645 for open-end generation.
{"cell": "qwen3vl8b_seed31_strict65__jpeg_q70_p0_correct_3072", "latency_seconds": 1.8266995688900352, "progress": "44/260", "status": "ok"}
Setting `pad_token_id` to `eos_token_id`:151645 for open-end generation.
{"cell": "qwen3vl8b_seed31_strict65__jpeg_q70_p0_correct_3072", "latency_seconds": 0.6185486195608974, "progress": "45/260", "status": "ok"}
Setting `pad_token_id` to `eos_token_id`:151645 for open-end generation.
{"cell": "qwen3vl8b_seed31_strict65__jpeg_q70_p0_correct_3072", "latency_seconds": 0.6195259429514408, "progress": "46/260", "status": "ok"}
Setting `pad_token_id` to `eos_token_id`:151645 for open-end generation.
{"cell": "qwen3vl8b_seed31_strict65__jpeg_q70_p0_correct_3072", "latency_seconds": 0.6192716583609581, "progress": "47/260", "status": "ok"}
Setting `pad_token_id` to `eos_token_id`:151645 for open-end generation.
{"cell": "qwen3vl8b_seed31_strict65__jpeg_q70_p0_correct_3072", "latency_seconds": 1.0491912588477135, "progress": "48/260", "status": "ok"}
Setting `pad_token_id` to `eos_token_id`:151645 for open-end generation.
{"cell": "qwen3vl8b_seed31_strict65__jpeg_q70_p0_correct_3072", "latency_seconds": 0.6214863639324903, "progress": "49/260", "status": "ok"}
Setting `pad_token_id` to `eos_token_id`:151645 for open-end generation.
{"cell": "qwen3vl8b_seed31_strict65__jpeg_q70_p0_correct_3072", "latency_seconds": 0.6217254092916846, "progress": "50/260", "status": "ok"}
Setting `pad_token_id` to `eos_token_id`:151645 for open-end generation.
{"cell": "qwen3vl8b_seed31_strict65__jpeg_q70_p0_correct_3072", "latency_seconds": 0.6199986152350903, "progress": "51/260", "status": "ok"}
Setting `pad_token_id` to `eos_token_id`:151645 for open-end generation.
{"cell": "qwen3vl8b_seed31_strict65__jpeg_q70_p0_correct_3072", "latency_seconds": 0.6688145902007818, "progress": "52/260", "status": "ok"}
Setting `pad_token_id` to `eos_token_id`:151645 for open-end generation.
{"cell": "qwen3vl8b_seed31_strict65__jpeg_q70_p0_correct_3072", "latency_seconds": 0.6219638520851731, "progress": "53/260", "status": "ok"}
Setting `pad_token_id` to `eos_token_id`:151645 for open-end generation.
{"cell": "qwen3vl8b_seed31_strict65__jpeg_q70_p0_correct_3072", "latency_seconds": 0.6427596043795347, "progress": "54/260", "status": "ok"}
Setting `pad_token_id` to `eos_token_id`:151645 for open-end generation.
{"cell": "qwen3vl8b_seed31_strict65__jpeg_q70_p0_correct_3072", "latency_seconds": 0.6163253448903561, "progress": "55/260", "status": "ok"}
Setting `pad_token_id` to `eos_token_id`:151645 for open-end generation.
{"cell": "qwen3vl8b_seed31_strict65__jpeg_q70_p0_correct_3072", "latency_seconds": 1.4355741767212749, "progress": "56/260", "status": "ok"}
Setting `pad_token_id` to `eos_token_id`:151645 for open-end generation.
{"cell": "qwen3vl8b_seed31_strict65__jpeg_q70_p0_correct_3072", "latency_seconds": 0.6176811195909977, "progress": "57/260", "status": "ok"}
Setting `pad_token_id` to `eos_token_id`:151645 for open-end generation.
{"cell": "qwen3vl8b_seed31_strict65__jpeg_q70_p0_correct_3072", "latency_seconds": 0.6422793157398701, "progress": "58/260", "status": "ok"}
Setting `pad_token_id` to `eos_token_id`:151645 for open-end generation.
{"cell": "qwen3vl8b_seed31_strict65__jpeg_q70_p0_correct_3072", "latency_seconds": 0.6214285548776388, "progress": "59/260", "status": "ok"}
Setting `pad_token_id` to `eos_token_id`:151645 for open-end generation.
{"cell": "qwen3vl8b_seed31_strict65__jpeg_q70_p0_correct_3072", "latency_seconds": 1.8062239680439234, "progress": "60/260", "status": "ok"}
Setting `pad_token_id` to `eos_token_id`:151645 for open-end generation.
{"cell": "qwen3vl8b_seed31_strict65__jpeg_q70_p0_correct_3072", "latency_seconds": 0.6195970382541418, "progress": "61/260", "status": "ok"}
Setting `pad_token_id` to `eos_token_id`:151645 for open-end generation.
{"cell": "qwen3vl8b_seed31_strict65__jpeg_q70_p0_correct_3072", "latency_seconds": 0.6179655445739627, "progress": "62/260", "status": "ok"}
Setting `pad_token_id` to `eos_token_id`:151645 for open-end generation.
{"cell": "qwen3vl8b_seed31_strict65__jpeg_q70_p0_correct_3072", "latency_seconds": 0.6202572332695127, "progress": "63/260", "status": "ok"}
Setting `pad_token_id` to `eos_token_id`:151645 for open-end generation.
{"cell": "qwen3vl8b_seed31_strict65__jpeg_q70_p0_correct_3072", "latency_seconds": 0.9379061972722411, "progress": "64/260", "status": "ok"}
Setting `pad_token_id` to `eos_token_id`:151645 for open-end generation.
{"cell": "qwen3vl8b_seed31_strict65__jpeg_q70_p0_correct_3072", "latency_seconds": 0.6198675744235516, "progress": "65/260", "status": "ok"}
Setting `pad_token_id` to `eos_token_id`:151645 for open-end generation.
{"cell": "qwen3vl8b_seed31_strict65__jpeg_q70_p0_correct_3072", "latency_seconds": 0.6197698805481195, "progress": "66/260", "status": "ok"}
Setting `pad_token_id` to `eos_token_id`:151645 for open-end generation.
{"cell": "qwen3vl8b_seed31_strict65__jpeg_q70_p0_correct_3072", "latency_seconds": 0.6241466868668795, "progress": "67/260", "status": "ok"}
Setting `pad_token_id` to `eos_token_id`:151645 for open-end generation.
{"cell": "qwen3vl8b_seed31_strict65__jpeg_q70_p0_correct_3072", "latency_seconds": 2.0180161036551, "progress": "68/260", "status": "ok"}
Setting `pad_token_id` to `eos_token_id`:151645 for open-end generation.
{"cell": "qwen3vl8b_seed31_strict65__jpeg_q70_p0_correct_3072", "latency_seconds": 0.6255457485094666, "progress": "69/260", "status": "ok"}
Setting `pad_token_id` to `eos_token_id`:151645 for open-end generation.
{"cell": "qwen3vl8b_seed31_strict65__jpeg_q70_p0_correct_3072", "latency_seconds": 0.6248690141364932, "progress": "70/260", "status": "ok"}
Setting `pad_token_id` to `eos_token_id`:151645 for open-end generation.
{"cell": "qwen3vl8b_seed31_strict65__jpeg_q70_p0_correct_3072", "latency_seconds": 0.6397776389494538, "progress": "71/260", "status": "ok"}
Setting `pad_token_id` to `eos_token_id`:151645 for open-end generation.
{"cell": "qwen3vl8b_seed31_strict65__jpeg_q70_p0_correct_3072", "latency_seconds": 4.245610712096095, "progress": "72/260", "status": "ok"}
Setting `pad_token_id` to `eos_token_id`:151645 for open-end generation.
{"cell": "qwen3vl8b_seed31_strict65__jpeg_q70_p0_correct_3072", "latency_seconds": 0.6250273026525974, "progress": "73/260", "status": "ok"}
Setting `pad_token_id` to `eos_token_id`:151645 for open-end generation.
{"cell": "qwen3vl8b_seed31_strict65__jpeg_q70_p0_correct_3072", "latency_seconds": 0.6201013531535864, "progress": "74/260", "status": "ok"}
Setting `pad_token_id` to `eos_token_id`:151645 for open-end generation.
{"cell": "qwen3vl8b_seed31_strict65__jpeg_q70_p0_correct_3072", "latency_seconds": 0.6187863079831004, "progress": "75/260", "status": "ok"}
Setting `pad_token_id` to `eos_token_id`:151645 for open-end generation.
{"cell": "qwen3vl8b_seed31_strict65__jpeg_q70_p0_correct_3072", "latency_seconds": 1.4846974182873964, "progress": "76/260", "status": "ok"}
Setting `pad_token_id` to `eos_token_id`:151645 for open-end generation.
{"cell": "qwen3vl8b_seed31_strict65__jpeg_q70_p0_correct_3072", "latency_seconds": 0.6169386059045792, "progress": "77/260", "status": "ok"}
Setting `pad_token_id` to `eos_token_id`:151645 for open-end generation.
{"cell": "qwen3vl8b_seed31_strict65__jpeg_q70_p0_correct_3072", "latency_seconds": 0.642223228700459, "progress": "78/260", "status": "ok"}
Setting `pad_token_id` to `eos_token_id`:151645 for open-end generation.
{"cell": "qwen3vl8b_seed31_strict65__jpeg_q70_p0_correct_3072", "latency_seconds": 0.6209704345092177, "progress": "79/260", "status": "ok"}
Setting `pad_token_id` to `eos_token_id`:151645 for open-end generation.
{"cell": "qwen3vl8b_seed31_strict65__jpeg_q70_p0_correct_3072", "latency_seconds": 1.53356855455786, "progress": "80/260", "status": "ok"}
Setting `pad_token_id` to `eos_token_id`:151645 for open-end generation.
{"cell": "qwen3vl8b_seed31_strict65__jpeg_q70_p0_correct_3072", "latency_seconds": 0.6228176662698388, "progress": "81/260", "status": "ok"}
Setting `pad_token_id` to `eos_token_id`:151645 for open-end generation.
{"cell": "qwen3vl8b_seed31_strict65__jpeg_q70_p0_correct_3072", "latency_seconds": 0.6200600871816278, "progress": "82/260", "status": "ok"}
Setting `pad_token_id` to `eos_token_id`:151645 for open-end generation.
{"cell": "qwen3vl8b_seed31_strict65__jpeg_q70_p0_correct_3072", "latency_seconds": 0.6228429572656751, "progress": "83/260", "status": "ok"}
Setting `pad_token_id` to `eos_token_id`:151645 for open-end generation.
{"cell": "qwen3vl8b_seed31_strict65__jpeg_q70_p0_correct_3072", "latency_seconds": 1.148653551004827, "progress": "84/260", "status": "ok"}
Setting `pad_token_id` to `eos_token_id`:151645 for open-end generation.
{"cell": "qwen3vl8b_seed31_strict65__jpeg_q70_p0_correct_3072", "latency_seconds": 0.6200310625135899, "progress": "85/260", "status": "ok"}
Setting `pad_token_id` to `eos_token_id`:151645 for open-end generation.
{"cell": "qwen3vl8b_seed31_strict65__jpeg_q70_p0_correct_3072", "latency_seconds": 0.6227288385853171, "progress": "86/260", "status": "ok"}
Setting `pad_token_id` to `eos_token_id`:151645 for open-end generation.
{"cell": "qwen3vl8b_seed31_strict65__jpeg_q70_p0_correct_3072", "latency_seconds": 0.6429699063301086, "progress": "87/260", "status": "ok"}
Setting `pad_token_id` to `eos_token_id`:151645 for open-end generation.
{"cell": "qwen3vl8b_seed31_strict65__jpeg_q70_p0_correct_3072", "latency_seconds": 0.9367239009588957, "progress": "88/260", "status": "ok"}
Setting `pad_token_id` to `eos_token_id`:151645 for open-end generation.
{"cell": "qwen3vl8b_seed31_strict65__jpeg_q70_p0_correct_3072", "latency_seconds": 0.617358548566699, "progress": "89/260", "status": "ok"}
Setting `pad_token_id` to `eos_token_id`:151645 for open-end generation.
{"cell": "qwen3vl8b_seed31_strict65__jpeg_q70_p0_correct_3072", "latency_seconds": 0.9901480507105589, "progress": "90/260", "status": "ok"}
Setting `pad_token_id` to `eos_token_id`:151645 for open-end generation.
{"cell": "qwen3vl8b_seed31_strict65__jpeg_q70_p0_correct_3072", "latency_seconds": 0.62463803216815, "progress": "91/260", "status": "ok"}
Setting `pad_token_id` to `eos_token_id`:151645 for open-end generation.
{"cell": "qwen3vl8b_seed31_strict65__jpeg_q70_p0_correct_3072", "latency_seconds": 1.0114480899646878, "progress": "92/260", "status": "ok"}
Setting `pad_token_id` to `eos_token_id`:151645 for open-end generation.
{"cell": "qwen3vl8b_seed31_strict65__jpeg_q70_p0_correct_3072", "latency_seconds": 0.6193759357556701, "progress": "93/260", "status": "ok"}
Setting `pad_token_id` to `eos_token_id`:151645 for open-end generation.
{"cell": "qwen3vl8b_seed31_strict65__jpeg_q70_p0_correct_3072", "latency_seconds": 0.6209269957616925, "progress": "94/260", "status": "ok"}
Setting `pad_token_id` to `eos_token_id`:151645 for open-end generation.
{"cell": "qwen3vl8b_seed31_strict65__jpeg_q70_p0_correct_3072", "latency_seconds": 0.6219224482774734, "progress": "95/260", "status": "ok"}
Setting `pad_token_id` to `eos_token_id`:151645 for open-end generation.
{"cell": "qwen3vl8b_seed31_strict65__jpeg_q70_p0_correct_3072", "latency_seconds": 1.1208892473950982, "progress": "96/260", "status": "ok"}
Setting `pad_token_id` to `eos_token_id`:151645 for open-end generation.
{"cell": "qwen3vl8b_seed31_strict65__jpeg_q70_p0_correct_3072", "latency_seconds": 0.6257583042606711, "progress": "97/260", "status": "ok"}
Setting `pad_token_id` to `eos_token_id`:151645 for open-end generation.
{"cell": "qwen3vl8b_seed31_strict65__jpeg_q70_p0_correct_3072", "latency_seconds": 0.6208576299250126, "progress": "98/260", "status": "ok"}
Setting `pad_token_id` to `eos_token_id`:151645 for open-end generation.
{"cell": "qwen3vl8b_seed31_strict65__jpeg_q70_p0_correct_3072", "latency_seconds": 0.622603053227067, "progress": "99/260", "status": "ok"}
Setting `pad_token_id` to `eos_token_id`:151645 for open-end generation.
{"cell": "qwen3vl8b_seed31_strict65__jpeg_q70_p0_correct_3072", "latency_seconds": 3.737701604142785, "progress": "100/260", "status": "ok"}
Setting `pad_token_id` to `eos_token_id`:151645 for open-end generation.
{"cell": "qwen3vl8b_seed31_strict65__jpeg_q70_p0_correct_3072", "latency_seconds": 0.6213603466749191, "progress": "101/260", "status": "ok"}
Setting `pad_token_id` to `eos_token_id`:151645 for open-end generation.
{"cell": "qwen3vl8b_seed31_strict65__jpeg_q70_p0_correct_3072", "latency_seconds": 0.6159851215779781, "progress": "102/260", "status": "ok"}
Setting `pad_token_id` to `eos_token_id`:151645 for open-end generation.
{"cell": "qwen3vl8b_seed31_strict65__jpeg_q70_p0_correct_3072", "latency_seconds": 0.6206725817173719, "progress": "103/260", "status": "ok"}
Setting `pad_token_id` to `eos_token_id`:151645 for open-end generation.
{"cell": "qwen3vl8b_seed31_strict65__jpeg_q70_p0_correct_3072", "latency_seconds": 1.7147269025444984, "progress": "104/260", "status": "ok"}
Setting `pad_token_id` to `eos_token_id`:151645 for open-end generation.
{"cell": "qwen3vl8b_seed31_strict65__jpeg_q70_p0_correct_3072", "latency_seconds": 0.6209208397194743, "progress": "105/260", "status": "ok"}
Setting `pad_token_id` to `eos_token_id`:151645 for open-end generation.
{"cell": "qwen3vl8b_seed31_strict65__jpeg_q70_p0_correct_3072", "latency_seconds": 0.6262476593255997, "progress": "106/260", "status": "ok"}
Setting `pad_token_id` to `eos_token_id`:151645 for open-end generation.
{"cell": "qwen3vl8b_seed31_strict65__jpeg_q70_p0_correct_3072", "latency_seconds": 0.6253650523722172, "progress": "107/260", "status": "ok"}
Setting `pad_token_id` to `eos_token_id`:151645 for open-end generation.
{"cell": "qwen3vl8b_seed31_strict65__jpeg_q70_p0_correct_3072", "latency_seconds": 3.1646835766732693, "progress": "108/260", "status": "ok"}
Setting `pad_token_id` to `eos_token_id`:151645 for open-end generation.
{"cell": "qwen3vl8b_seed31_strict65__jpeg_q70_p0_correct_3072", "latency_seconds": 0.6184944976121187, "progress": "109/260", "status": "ok"}
Setting `pad_token_id` to `eos_token_id`:151645 for open-end generation.
{"cell": "qwen3vl8b_seed31_strict65__jpeg_q70_p0_correct_3072", "latency_seconds": 0.6388332359492779, "progress": "110/260", "status": "ok"}
Setting `pad_token_id` to `eos_token_id`:151645 for open-end generation.
{"cell": "qwen3vl8b_seed31_strict65__jpeg_q70_p0_correct_3072", "latency_seconds": 0.6174286669120193, "progress": "111/260", "status": "ok"}
Setting `pad_token_id` to `eos_token_id`:151645 for open-end generation.
{"cell": "qwen3vl8b_seed31_strict65__jpeg_q70_p0_correct_3072", "latency_seconds": 0.7800556384027004, "progress": "112/260", "status": "ok"}
Setting `pad_token_id` to `eos_token_id`:151645 for open-end generation.
{"cell": "qwen3vl8b_seed31_strict65__jpeg_q70_p0_correct_3072", "latency_seconds": 0.6175055699422956, "progress": "113/260", "status": "ok"}
Setting `pad_token_id` to `eos_token_id`:151645 for open-end generation.
{"cell": "qwen3vl8b_seed31_strict65__jpeg_q70_p0_correct_3072", "latency_seconds": 0.6225706953555346, "progress": "114/260", "status": "ok"}
Setting `pad_token_id` to `eos_token_id`:151645 for open-end generation.
{"cell": "qwen3vl8b_seed31_strict65__jpeg_q70_p0_correct_3072", "latency_seconds": 0.620070893317461, "progress": "115/260", "status": "ok"}
Setting `pad_token_id` to `eos_token_id`:151645 for open-end generation.
{"cell": "qwen3vl8b_seed31_strict65__jpeg_q70_p0_correct_3072", "latency_seconds": 3.165132623165846, "progress": "116/260", "status": "ok"}
Setting `pad_token_id` to `eos_token_id`:151645 for open-end generation.
{"cell": "qwen3vl8b_seed31_strict65__jpeg_q70_p0_correct_3072", "latency_seconds": 0.6156025221571326, "progress": "117/260", "status": "ok"}
Setting `pad_token_id` to `eos_token_id`:151645 for open-end generation.
{"cell": "qwen3vl8b_seed31_strict65__jpeg_q70_p0_correct_3072", "latency_seconds": 0.6413929061964154, "progress": "118/260", "status": "ok"}
Setting `pad_token_id` to `eos_token_id`:151645 for open-end generation.
{"cell": "qwen3vl8b_seed31_strict65__jpeg_q70_p0_correct_3072", "latency_seconds": 0.6176539603620768, "progress": "119/260", "status": "ok"}
Setting `pad_token_id` to `eos_token_id`:151645 for open-end generation.
{"cell": "qwen3vl8b_seed31_strict65__jpeg_q70_p0_correct_3072", "latency_seconds": 0.9419497279450297, "progress": "120/260", "status": "ok"}
Setting `pad_token_id` to `eos_token_id`:151645 for open-end generation.
{"cell": "qwen3vl8b_seed31_strict65__jpeg_q70_p0_correct_3072", "latency_seconds": 0.6197221232578158, "progress": "121/260", "status": "ok"}
Setting `pad_token_id` to `eos_token_id`:151645 for open-end generation.
{"cell": "qwen3vl8b_seed31_strict65__jpeg_q70_p0_correct_3072", "latency_seconds": 0.6184702618047595, "progress": "122/260", "status": "ok"}
Setting `pad_token_id` to `eos_token_id`:151645 for open-end generation.
{"cell": "qwen3vl8b_seed31_strict65__jpeg_q70_p0_correct_3072", "latency_seconds": 0.6205864399671555, "progress": "123/260", "status": "ok"}
Setting `pad_token_id` to `eos_token_id`:151645 for open-end generation.
{"cell": "qwen3vl8b_seed31_strict65__jpeg_q70_p0_correct_3072", "latency_seconds": 0.7338408976793289, "progress": "124/260", "status": "ok"}
Setting `pad_token_id` to `eos_token_id`:151645 for open-end generation.
{"cell": "qwen3vl8b_seed31_strict65__jpeg_q70_p0_correct_3072", "latency_seconds": 0.6184424376115203, "progress": "125/260", "status": "ok"}
Setting `pad_token_id` to `eos_token_id`:151645 for open-end generation.
{"cell": "qwen3vl8b_seed31_strict65__jpeg_q70_p0_correct_3072", "latency_seconds": 0.6405955059453845, "progress": "126/260", "status": "ok"}
Setting `pad_token_id` to `eos_token_id`:151645 for open-end generation.
{"cell": "qwen3vl8b_seed31_strict65__jpeg_q70_p0_correct_3072", "latency_seconds": 0.6198882507160306, "progress": "127/260", "status": "ok"}
Setting `pad_token_id` to `eos_token_id`:151645 for open-end generation.
{"cell": "qwen3vl8b_seed31_strict65__jpeg_q70_p0_correct_3072", "latency_seconds": 0.617357219569385, "progress": "128/260", "status": "ok"}
Setting `pad_token_id` to `eos_token_id`:151645 for open-end generation.
{"cell": "qwen3vl8b_seed31_strict65__jpeg_q70_p0_correct_3072", "latency_seconds": 0.6190722845494747, "progress": "129/260", "status": "ok"}
Setting `pad_token_id` to `eos_token_id`:151645 for open-end generation.
{"cell": "qwen3vl8b_seed31_strict65__jpeg_q70_p0_correct_3072", "latency_seconds": 0.6220522569492459, "progress": "130/260", "status": "ok"}
Setting `pad_token_id` to `eos_token_id`:151645 for open-end generation.
{"cell": "qwen3vl8b_seed31_strict65__jpeg_q70_p0_correct_3072", "latency_seconds": 0.6206311257556081, "progress": "131/260", "status": "ok"}
Setting `pad_token_id` to `eos_token_id`:151645 for open-end generation.
{"cell": "qwen3vl8b_seed31_strict65__jpeg_q70_p0_correct_3072", "latency_seconds": 1.122111365199089, "progress": "132/260", "status": "ok"}
Setting `pad_token_id` to `eos_token_id`:151645 for open-end generation.
{"cell": "qwen3vl8b_seed31_strict65__jpeg_q70_p0_correct_3072", "latency_seconds": 0.6209315918385983, "progress": "133/260", "status": "ok"}
Setting `pad_token_id` to `eos_token_id`:151645 for open-end generation.
{"cell": "qwen3vl8b_seed31_strict65__jpeg_q70_p0_correct_3072", "latency_seconds": 0.6166007788851857, "progress": "134/260", "status": "ok"}
Setting `pad_token_id` to `eos_token_id`:151645 for open-end generation.
{"cell": "qwen3vl8b_seed31_strict65__jpeg_q70_p0_correct_3072", "latency_seconds": 0.6214301101863384, "progress": "135/260", "status": "ok"}
Setting `pad_token_id` to `eos_token_id`:151645 for open-end generation.
{"cell": "qwen3vl8b_seed31_strict65__jpeg_q70_p0_correct_3072", "latency_seconds": 0.9444405846297741, "progress": "136/260", "status": "ok"}
Setting `pad_token_id` to `eos_token_id`:151645 for open-end generation.
{"cell": "qwen3vl8b_seed31_strict65__jpeg_q70_p0_correct_3072", "latency_seconds": 0.6206749156117439, "progress": "137/260", "status": "ok"}
Setting `pad_token_id` to `eos_token_id`:151645 for open-end generation.
{"cell": "qwen3vl8b_seed31_strict65__jpeg_q70_p0_correct_3072", "latency_seconds": 0.6402775971218944, "progress": "138/260", "status": "ok"}
Setting `pad_token_id` to `eos_token_id`:151645 for open-end generation.
{"cell": "qwen3vl8b_seed31_strict65__jpeg_q70_p0_correct_3072", "latency_seconds": 0.6218128371983767, "progress": "139/260", "status": "ok"}
Setting `pad_token_id` to `eos_token_id`:151645 for open-end generation.
{"cell": "qwen3vl8b_seed31_strict65__jpeg_q70_p0_correct_3072", "latency_seconds": 0.9698733491823077, "progress": "140/260", "status": "ok"}
Setting `pad_token_id` to `eos_token_id`:151645 for open-end generation.
{"cell": "qwen3vl8b_seed31_strict65__jpeg_q70_p0_correct_3072", "latency_seconds": 0.6181120937690139, "progress": "141/260", "status": "ok"}
Setting `pad_token_id` to `eos_token_id`:151645 for open-end generation.
{"cell": "qwen3vl8b_seed31_strict65__jpeg_q70_p0_correct_3072", "latency_seconds": 0.6212854003533721, "progress": "142/260", "status": "ok"}
Setting `pad_token_id` to `eos_token_id`:151645 for open-end generation.
{"cell": "qwen3vl8b_seed31_strict65__jpeg_q70_p0_correct_3072", "latency_seconds": 0.6179066207259893, "progress": "143/260", "status": "ok"}
Setting `pad_token_id` to `eos_token_id`:151645 for open-end generation.
{"cell": "qwen3vl8b_seed31_strict65__jpeg_q70_p0_correct_3072", "latency_seconds": 0.8758470201864839, "progress": "144/260", "status": "ok"}
Setting `pad_token_id` to `eos_token_id`:151645 for open-end generation.
{"cell": "qwen3vl8b_seed31_strict65__jpeg_q70_p0_correct_3072", "latency_seconds": 0.6206221245229244, "progress": "145/260", "status": "ok"}
Setting `pad_token_id` to `eos_token_id`:151645 for open-end generation.
{"cell": "qwen3vl8b_seed31_strict65__jpeg_q70_p0_correct_3072", "latency_seconds": 0.6424319595098495, "progress": "146/260", "status": "ok"}
Setting `pad_token_id` to `eos_token_id`:151645 for open-end generation.
{"cell": "qwen3vl8b_seed31_strict65__jpeg_q70_p0_correct_3072", "latency_seconds": 0.6213350230827928, "progress": "147/260", "status": "ok"}
Setting `pad_token_id` to `eos_token_id`:151645 for open-end generation.
{"cell": "qwen3vl8b_seed31_strict65__jpeg_q70_p0_correct_3072", "latency_seconds": 0.9409462073817849, "progress": "148/260", "status": "ok"}
Setting `pad_token_id` to `eos_token_id`:151645 for open-end generation.
{"cell": "qwen3vl8b_seed31_strict65__jpeg_q70_p0_correct_3072", "latency_seconds": 0.6225141240283847, "progress": "149/260", "status": "ok"}
Setting `pad_token_id` to `eos_token_id`:151645 for open-end generation.
{"cell": "qwen3vl8b_seed31_strict65__jpeg_q70_p0_correct_3072", "latency_seconds": 0.6277612028643489, "progress": "150/260", "status": "ok"}
Setting `pad_token_id` to `eos_token_id`:151645 for open-end generation.
{"cell": "qwen3vl8b_seed31_strict65__jpeg_q70_p0_correct_3072", "latency_seconds": 0.6210818458348513, "progress": "151/260", "status": "ok"}
Setting `pad_token_id` to `eos_token_id`:151645 for open-end generation.
{"cell": "qwen3vl8b_seed31_strict65__jpeg_q70_p0_correct_3072", "latency_seconds": 1.1461635762825608, "progress": "152/260", "status": "ok"}
Setting `pad_token_id` to `eos_token_id`:151645 for open-end generation.
{"cell": "qwen3vl8b_seed31_strict65__jpeg_q70_p0_correct_3072", "latency_seconds": 0.6211415808647871, "progress": "153/260", "status": "ok"}
Setting `pad_token_id` to `eos_token_id`:151645 for open-end generation.
{"cell": "qwen3vl8b_seed31_strict65__jpeg_q70_p0_correct_3072", "latency_seconds": 0.6204807795584202, "progress": "154/260", "status": "ok"}
Setting `pad_token_id` to `eos_token_id`:151645 for open-end generation.
{"cell": "qwen3vl8b_seed31_strict65__jpeg_q70_p0_correct_3072", "latency_seconds": 0.6217404613271356, "progress": "155/260", "status": "ok"}
Setting `pad_token_id` to `eos_token_id`:151645 for open-end generation.
{"cell": "qwen3vl8b_seed31_strict65__jpeg_q70_p0_correct_3072", "latency_seconds": 1.1012288555502892, "progress": "156/260", "status": "ok"}
Setting `pad_token_id` to `eos_token_id`:151645 for open-end generation.
{"cell": "qwen3vl8b_seed31_strict65__jpeg_q70_p0_correct_3072", "latency_seconds": 0.6182714011520147, "progress": "157/260", "status": "ok"}
Setting `pad_token_id` to `eos_token_id`:151645 for open-end generation.
{"cell": "qwen3vl8b_seed31_strict65__jpeg_q70_p0_correct_3072", "latency_seconds": 0.6184391789138317, "progress": "158/260", "status": "ok"}
Setting `pad_token_id` to `eos_token_id`:151645 for open-end generation.
{"cell": "qwen3vl8b_seed31_strict65__jpeg_q70_p0_correct_3072", "latency_seconds": 0.6178170684725046, "progress": "159/260", "status": "ok"}
Setting `pad_token_id` to `eos_token_id`:151645 for open-end generation.
{"cell": "qwen3vl8b_seed31_strict65__jpeg_q70_p0_correct_3072", "latency_seconds": 1.8535504452884197, "progress": "160/260", "status": "ok"}
Setting `pad_token_id` to `eos_token_id`:151645 for open-end generation.
{"cell": "qwen3vl8b_seed31_strict65__jpeg_q70_p0_correct_3072", "latency_seconds": 0.6201986158266664, "progress": "161/260", "status": "ok"}
Setting `pad_token_id` to `eos_token_id`:151645 for open-end generation.
{"cell": "qwen3vl8b_seed31_strict65__jpeg_q70_p0_correct_3072", "latency_seconds": 0.6214741626754403, "progress": "162/260", "status": "ok"}
Setting `pad_token_id` to `eos_token_id`:151645 for open-end generation.
{"cell": "qwen3vl8b_seed31_strict65__jpeg_q70_p0_correct_3072", "latency_seconds": 0.6209906032308936, "progress": "163/260", "status": "ok"}
Setting `pad_token_id` to `eos_token_id`:151645 for open-end generation.
{"cell": "qwen3vl8b_seed31_strict65__jpeg_q70_p0_correct_3072", "latency_seconds": 0.9333797469735146, "progress": "164/260", "status": "ok"}
Setting `pad_token_id` to `eos_token_id`:151645 for open-end generation.
{"cell": "qwen3vl8b_seed31_strict65__jpeg_q70_p0_correct_3072", "latency_seconds": 0.6192815555259585, "progress": "165/260", "status": "ok"}
Setting `pad_token_id` to `eos_token_id`:151645 for open-end generation.
{"cell": "qwen3vl8b_seed31_strict65__jpeg_q70_p0_correct_3072", "latency_seconds": 0.6202320978045464, "progress": "166/260", "status": "ok"}
Setting `pad_token_id` to `eos_token_id`:151645 for open-end generation.
{"cell": "qwen3vl8b_seed31_strict65__jpeg_q70_p0_correct_3072", "latency_seconds": 0.6173372222110629, "progress": "167/260", "status": "ok"}
Setting `pad_token_id` to `eos_token_id`:151645 for open-end generation.
{"cell": "qwen3vl8b_seed31_strict65__jpeg_q70_p0_correct_3072", "latency_seconds": 0.6227739974856377, "progress": "168/260", "status": "ok"}
Setting `pad_token_id` to `eos_token_id`:151645 for open-end generation.
{"cell": "qwen3vl8b_seed31_strict65__jpeg_q70_p0_correct_3072", "latency_seconds": 0.6207239646464586, "progress": "169/260", "status": "ok"}
Setting `pad_token_id` to `eos_token_id`:151645 for open-end generation.
{"cell": "qwen3vl8b_seed31_strict65__jpeg_q70_p0_correct_3072", "latency_seconds": 0.6230772668495774, "progress": "170/260", "status": "ok"}
Setting `pad_token_id` to `eos_token_id`:151645 for open-end generation.
{"cell": "qwen3vl8b_seed31_strict65__jpeg_q70_p0_correct_3072", "latency_seconds": 0.6237106788903475, "progress": "171/260", "status": "ok"}
Setting `pad_token_id` to `eos_token_id`:151645 for open-end generation.
{"cell": "qwen3vl8b_seed31_strict65__jpeg_q70_p0_correct_3072", "latency_seconds": 1.3032057862728834, "progress": "172/260", "status": "ok"}
Setting `pad_token_id` to `eos_token_id`:151645 for open-end generation.
{"cell": "qwen3vl8b_seed31_strict65__jpeg_q70_p0_correct_3072", "latency_seconds": 0.6169617595151067, "progress": "173/260", "status": "ok"}
Setting `pad_token_id` to `eos_token_id`:151645 for open-end generation.
{"cell": "qwen3vl8b_seed31_strict65__jpeg_q70_p0_correct_3072", "latency_seconds": 0.6194392656907439, "progress": "174/260", "status": "ok"}
Setting `pad_token_id` to `eos_token_id`:151645 for open-end generation.
{"cell": "qwen3vl8b_seed31_strict65__jpeg_q70_p0_correct_3072", "latency_seconds": 0.6192070636898279, "progress": "175/260", "status": "ok"}
Setting `pad_token_id` to `eos_token_id`:151645 for open-end generation.
{"cell": "qwen3vl8b_seed31_strict65__jpeg_q70_p0_correct_3072", "latency_seconds": 1.1248000897467136, "progress": "176/260", "status": "ok"}
Setting `pad_token_id` to `eos_token_id`:151645 for open-end generation.
{"cell": "qwen3vl8b_seed31_strict65__jpeg_q70_p0_correct_3072", "latency_seconds": 0.6218281388282776, "progress": "177/260", "status": "ok"}
Setting `pad_token_id` to `eos_token_id`:151645 for open-end generation.
{"cell": "qwen3vl8b_seed31_strict65__jpeg_q70_p0_correct_3072", "latency_seconds": 0.6227752277627587, "progress": "178/260", "status": "ok"}
Setting `pad_token_id` to `eos_token_id`:151645 for open-end generation.
{"cell": "qwen3vl8b_seed31_strict65__jpeg_q70_p0_correct_3072", "latency_seconds": 0.6203364888206124, "progress": "179/260", "status": "ok"}
Setting `pad_token_id` to `eos_token_id`:151645 for open-end generation.
{"cell": "qwen3vl8b_seed31_strict65__jpeg_q70_p0_correct_3072", "latency_seconds": 1.2736096950247884, "progress": "180/260", "status": "ok"}
Setting `pad_token_id` to `eos_token_id`:151645 for open-end generation.
{"cell": "qwen3vl8b_seed31_strict65__jpeg_q70_p0_correct_3072", "latency_seconds": 0.6207612007856369, "progress": "181/260", "status": "ok"}
Setting `pad_token_id` to `eos_token_id`:151645 for open-end generation.
{"cell": "qwen3vl8b_seed31_strict65__jpeg_q70_p0_correct_3072", "latency_seconds": 0.6204553451389074, "progress": "182/260", "status": "ok"}
Setting `pad_token_id` to `eos_token_id`:151645 for open-end generation.
{"cell": "qwen3vl8b_seed31_strict65__jpeg_q70_p0_correct_3072", "latency_seconds": 0.6193287754431367, "progress": "183/260", "status": "ok"}
Setting `pad_token_id` to `eos_token_id`:151645 for open-end generation.
{"cell": "qwen3vl8b_seed31_strict65__jpeg_q70_p0_correct_3072", "latency_seconds": 0.9350496232509613, "progress": "184/260", "status": "ok"}
Setting `pad_token_id` to `eos_token_id`:151645 for open-end generation.
{"cell": "qwen3vl8b_seed31_strict65__jpeg_q70_p0_correct_3072", "latency_seconds": 0.6222854219377041, "progress": "185/260", "status": "ok"}
Setting `pad_token_id` to `eos_token_id`:151645 for open-end generation.
{"cell": "qwen3vl8b_seed31_strict65__jpeg_q70_p0_correct_3072", "latency_seconds": 0.6434517055749893, "progress": "186/260", "status": "ok"}
Setting `pad_token_id` to `eos_token_id`:151645 for open-end generation.
{"cell": "qwen3vl8b_seed31_strict65__jpeg_q70_p0_correct_3072", "latency_seconds": 0.619137354195118, "progress": "187/260", "status": "ok"}
Setting `pad_token_id` to `eos_token_id`:151645 for open-end generation.
{"cell": "qwen3vl8b_seed31_strict65__jpeg_q70_p0_correct_3072", "latency_seconds": 1.219365892931819, "progress": "188/260", "status": "ok"}
Setting `pad_token_id` to `eos_token_id`:151645 for open-end generation.
{"cell": "qwen3vl8b_seed31_strict65__jpeg_q70_p0_correct_3072", "latency_seconds": 0.6216229712590575, "progress": "189/260", "status": "ok"}
Setting `pad_token_id` to `eos_token_id`:151645 for open-end generation.
{"cell": "qwen3vl8b_seed31_strict65__jpeg_q70_p0_correct_3072", "latency_seconds": 0.6220786180347204, "progress": "190/260", "status": "ok"}
Setting `pad_token_id` to `eos_token_id`:151645 for open-end generation.
{"cell": "qwen3vl8b_seed31_strict65__jpeg_q70_p0_correct_3072", "latency_seconds": 0.6227812059223652, "progress": "191/260", "status": "ok"}
Setting `pad_token_id` to `eos_token_id`:151645 for open-end generation.
{"cell": "qwen3vl8b_seed31_strict65__jpeg_q70_p0_correct_3072", "latency_seconds": 1.4893107004463673, "progress": "192/260", "status": "ok"}
Setting `pad_token_id` to `eos_token_id`:151645 for open-end generation.
{"cell": "qwen3vl8b_seed31_strict65__jpeg_q70_p0_correct_3072", "latency_seconds": 0.6207087757065892, "progress": "193/260", "status": "ok"}
Setting `pad_token_id` to `eos_token_id`:151645 for open-end generation.
{"cell": "qwen3vl8b_seed31_strict65__jpeg_q70_p0_correct_3072", "latency_seconds": 0.6191346645355225, "progress": "194/260", "status": "ok"}
Setting `pad_token_id` to `eos_token_id`:151645 for open-end generation.
{"cell": "qwen3vl8b_seed31_strict65__jpeg_q70_p0_correct_3072", "latency_seconds": 0.6202388219535351, "progress": "195/260", "status": "ok"}
Setting `pad_token_id` to `eos_token_id`:151645 for open-end generation.
{"cell": "qwen3vl8b_seed31_strict65__jpeg_q70_p0_correct_3072", "latency_seconds": 2.227210845798254, "progress": "196/260", "status": "ok"}
Setting `pad_token_id` to `eos_token_id`:151645 for open-end generation.
{"cell": "qwen3vl8b_seed31_strict65__jpeg_q70_p0_correct_3072", "latency_seconds": 0.617329915985465, "progress": "197/260", "status": "ok"}
Setting `pad_token_id` to `eos_token_id`:151645 for open-end generation.
{"cell": "qwen3vl8b_seed31_strict65__jpeg_q70_p0_correct_3072", "latency_seconds": 0.6209445456042886, "progress": "198/260", "status": "ok"}
Setting `pad_token_id` to `eos_token_id`:151645 for open-end generation.
{"cell": "qwen3vl8b_seed31_strict65__jpeg_q70_p0_correct_3072", "latency_seconds": 0.6289100851863623, "progress": "199/260", "status": "ok"}
Setting `pad_token_id` to `eos_token_id`:151645 for open-end generation.
{"cell": "qwen3vl8b_seed31_strict65__jpeg_q70_p0_correct_3072", "latency_seconds": 0.6888459771871567, "progress": "200/260", "status": "ok"}
Setting `pad_token_id` to `eos_token_id`:151645 for open-end generation.
{"cell": "qwen3vl8b_seed31_strict65__jpeg_q70_p0_correct_3072", "latency_seconds": 0.6382246594876051, "progress": "201/260", "status": "ok"}
Setting `pad_token_id` to `eos_token_id`:151645 for open-end generation.
{"cell": "qwen3vl8b_seed31_strict65__jpeg_q70_p0_correct_3072", "latency_seconds": 0.61681869905442, "progress": "202/260", "status": "ok"}
Setting `pad_token_id` to `eos_token_id`:151645 for open-end generation.
{"cell": "qwen3vl8b_seed31_strict65__jpeg_q70_p0_correct_3072", "latency_seconds": 0.6218943791463971, "progress": "203/260", "status": "ok"}
Setting `pad_token_id` to `eos_token_id`:151645 for open-end generation.
{"cell": "qwen3vl8b_seed31_strict65__jpeg_q70_p0_correct_3072", "latency_seconds": 0.885389007627964, "progress": "204/260", "status": "ok"}
Setting `pad_token_id` to `eos_token_id`:151645 for open-end generation.
{"cell": "qwen3vl8b_seed31_strict65__jpeg_q70_p0_correct_3072", "latency_seconds": 0.6177693279460073, "progress": "205/260", "status": "ok"}
Setting `pad_token_id` to `eos_token_id`:151645 for open-end generation.
{"cell": "qwen3vl8b_seed31_strict65__jpeg_q70_p0_correct_3072", "latency_seconds": 0.6184319481253624, "progress": "206/260", "status": "ok"}
Setting `pad_token_id` to `eos_token_id`:151645 for open-end generation.
{"cell": "qwen3vl8b_seed31_strict65__jpeg_q70_p0_correct_3072", "latency_seconds": 0.619353991933167, "progress": "207/260", "status": "ok"}
Setting `pad_token_id` to `eos_token_id`:151645 for open-end generation.
{"cell": "qwen3vl8b_seed31_strict65__jpeg_q70_p0_correct_3072", "latency_seconds": 0.6206928882747889, "progress": "208/260", "status": "ok"}
Setting `pad_token_id` to `eos_token_id`:151645 for open-end generation.
{"cell": "qwen3vl8b_seed31_strict65__jpeg_q70_p0_correct_3072", "latency_seconds": 0.6214343663305044, "progress": "209/260", "status": "ok"}
Setting `pad_token_id` to `eos_token_id`:151645 for open-end generation.
{"cell": "qwen3vl8b_seed31_strict65__jpeg_q70_p0_correct_3072", "latency_seconds": 0.6189285218715668, "progress": "210/260", "status": "ok"}
Setting `pad_token_id` to `eos_token_id`:151645 for open-end generation.
{"cell": "qwen3vl8b_seed31_strict65__jpeg_q70_p0_correct_3072", "latency_seconds": 0.6458575604483485, "progress": "211/260", "status": "ok"}
Setting `pad_token_id` to `eos_token_id`:151645 for open-end generation.
{"cell": "qwen3vl8b_seed31_strict65__jpeg_q70_p0_correct_3072", "latency_seconds": 0.7854132950305939, "progress": "212/260", "status": "ok"}
Setting `pad_token_id` to `eos_token_id`:151645 for open-end generation.
{"cell": "qwen3vl8b_seed31_strict65__jpeg_q70_p0_correct_3072", "latency_seconds": 0.6188388550654054, "progress": "213/260", "status": "ok"}
Setting `pad_token_id` to `eos_token_id`:151645 for open-end generation.
{"cell": "qwen3vl8b_seed31_strict65__jpeg_q70_p0_correct_3072", "latency_seconds": 0.6203440139070153, "progress": "214/260", "status": "ok"}
Setting `pad_token_id` to `eos_token_id`:151645 for open-end generation.
{"cell": "qwen3vl8b_seed31_strict65__jpeg_q70_p0_correct_3072", "latency_seconds": 0.6203619465231895, "progress": "215/260", "status": "ok"}
Setting `pad_token_id` to `eos_token_id`:151645 for open-end generation.
{"cell": "qwen3vl8b_seed31_strict65__jpeg_q70_p0_correct_3072", "latency_seconds": 0.8929226454347372, "progress": "216/260", "status": "ok"}
Setting `pad_token_id` to `eos_token_id`:151645 for open-end generation.
{"cell": "qwen3vl8b_seed31_strict65__jpeg_q70_p0_correct_3072", "latency_seconds": 0.6206346871331334, "progress": "217/260", "status": "ok"}
Setting `pad_token_id` to `eos_token_id`:151645 for open-end generation.
{"cell": "qwen3vl8b_seed31_strict65__jpeg_q70_p0_correct_3072", "latency_seconds": 0.6219119485467672, "progress": "218/260", "status": "ok"}
Setting `pad_token_id` to `eos_token_id`:151645 for open-end generation.
{"cell": "qwen3vl8b_seed31_strict65__jpeg_q70_p0_correct_3072", "latency_seconds": 0.6227226136252284, "progress": "219/260", "status": "ok"}
Setting `pad_token_id` to `eos_token_id`:151645 for open-end generation.
{"cell": "qwen3vl8b_seed31_strict65__jpeg_q70_p0_correct_3072", "latency_seconds": 0.7326948549598455, "progress": "220/260", "status": "ok"}
Setting `pad_token_id` to `eos_token_id`:151645 for open-end generation.
{"cell": "qwen3vl8b_seed31_strict65__jpeg_q70_p0_correct_3072", "latency_seconds": 0.6171793779358268, "progress": "221/260", "status": "ok"}
Setting `pad_token_id` to `eos_token_id`:151645 for open-end generation.
{"cell": "qwen3vl8b_seed31_strict65__jpeg_q70_p0_correct_3072", "latency_seconds": 0.6651573879644275, "progress": "222/260", "status": "ok"}
Setting `pad_token_id` to `eos_token_id`:151645 for open-end generation.
{"cell": "qwen3vl8b_seed31_strict65__jpeg_q70_p0_correct_3072", "latency_seconds": 0.6191495088860393, "progress": "223/260", "status": "ok"}
Setting `pad_token_id` to `eos_token_id`:151645 for open-end generation.
{"cell": "qwen3vl8b_seed31_strict65__jpeg_q70_p0_correct_3072", "latency_seconds": 1.568819023668766, "progress": "224/260", "status": "ok"}
Setting `pad_token_id` to `eos_token_id`:151645 for open-end generation.
{"cell": "qwen3vl8b_seed31_strict65__jpeg_q70_p0_correct_3072", "latency_seconds": 0.6188683547079563, "progress": "225/260", "status": "ok"}
Setting `pad_token_id` to `eos_token_id`:151645 for open-end generation.
{"cell": "qwen3vl8b_seed31_strict65__jpeg_q70_p0_correct_3072", "latency_seconds": 0.6201370730996132, "progress": "226/260", "status": "ok"}
Setting `pad_token_id` to `eos_token_id`:151645 for open-end generation.
{"cell": "qwen3vl8b_seed31_strict65__jpeg_q70_p0_correct_3072", "latency_seconds": 0.6279963552951813, "progress": "227/260", "status": "ok"}
Setting `pad_token_id` to `eos_token_id`:151645 for open-end generation.
{"cell": "qwen3vl8b_seed31_strict65__jpeg_q70_p0_correct_3072", "latency_seconds": 0.6833096062764525, "progress": "228/260", "status": "ok"}
Setting `pad_token_id` to `eos_token_id`:151645 for open-end generation.
{"cell": "qwen3vl8b_seed31_strict65__jpeg_q70_p0_correct_3072", "latency_seconds": 0.6197955487295985, "progress": "229/260", "status": "ok"}
Setting `pad_token_id` to `eos_token_id`:151645 for open-end generation.
{"cell": "qwen3vl8b_seed31_strict65__jpeg_q70_p0_correct_3072", "latency_seconds": 0.6189694916829467, "progress": "230/260", "status": "ok"}
Setting `pad_token_id` to `eos_token_id`:151645 for open-end generation.
{"cell": "qwen3vl8b_seed31_strict65__jpeg_q70_p0_correct_3072", "latency_seconds": 0.6198707614094019, "progress": "231/260", "status": "ok"}
Setting `pad_token_id` to `eos_token_id`:151645 for open-end generation.
{"cell": "qwen3vl8b_seed31_strict65__jpeg_q70_p0_correct_3072", "latency_seconds": 1.1451747985556722, "progress": "232/260", "status": "ok"}
Setting `pad_token_id` to `eos_token_id`:151645 for open-end generation.
{"cell": "qwen3vl8b_seed31_strict65__jpeg_q70_p0_correct_3072", "latency_seconds": 0.6197231318801641, "progress": "233/260", "status": "ok"}
Setting `pad_token_id` to `eos_token_id`:151645 for open-end generation.
{"cell": "qwen3vl8b_seed31_strict65__jpeg_q70_p0_correct_3072", "latency_seconds": 0.6173919681459665, "progress": "234/260", "status": "ok"}
Setting `pad_token_id` to `eos_token_id`:151645 for open-end generation.
{"cell": "qwen3vl8b_seed31_strict65__jpeg_q70_p0_correct_3072", "latency_seconds": 0.6207307362928987, "progress": "235/260", "status": "ok"}
Setting `pad_token_id` to `eos_token_id`:151645 for open-end generation.
{"cell": "qwen3vl8b_seed31_strict65__jpeg_q70_p0_correct_3072", "latency_seconds": 0.7566762575879693, "progress": "236/260", "status": "ok"}
Setting `pad_token_id` to `eos_token_id`:151645 for open-end generation.
{"cell": "qwen3vl8b_seed31_strict65__jpeg_q70_p0_correct_3072", "latency_seconds": 0.6183413313701749, "progress": "237/260", "status": "ok"}
Setting `pad_token_id` to `eos_token_id`:151645 for open-end generation.
{"cell": "qwen3vl8b_seed31_strict65__jpeg_q70_p0_correct_3072", "latency_seconds": 0.6208018269389868, "progress": "238/260", "status": "ok"}
Setting `pad_token_id` to `eos_token_id`:151645 for open-end generation.
{"cell": "qwen3vl8b_seed31_strict65__jpeg_q70_p0_correct_3072", "latency_seconds": 0.6204913854598999, "progress": "239/260", "status": "ok"}
Setting `pad_token_id` to `eos_token_id`:151645 for open-end generation.
{"cell": "qwen3vl8b_seed31_strict65__jpeg_q70_p0_correct_3072", "latency_seconds": 1.3663512449711561, "progress": "240/260", "status": "ok"}
Setting `pad_token_id` to `eos_token_id`:151645 for open-end generation.
{"cell": "qwen3vl8b_seed31_strict65__jpeg_q70_p0_correct_3072", "latency_seconds": 0.6184937478974462, "progress": "241/260", "status": "ok"}
Setting `pad_token_id` to `eos_token_id`:151645 for open-end generation.
{"cell": "qwen3vl8b_seed31_strict65__jpeg_q70_p0_correct_3072", "latency_seconds": 0.6218211883679032, "progress": "242/260", "status": "ok"}
Setting `pad_token_id` to `eos_token_id`:151645 for open-end generation.
{"cell": "qwen3vl8b_seed31_strict65__jpeg_q70_p0_correct_3072", "latency_seconds": 0.6200429601594806, "progress": "243/260", "status": "ok"}
Setting `pad_token_id` to `eos_token_id`:151645 for open-end generation.
{"cell": "qwen3vl8b_seed31_strict65__jpeg_q70_p0_correct_3072", "latency_seconds": 0.7581426678225398, "progress": "244/260", "status": "ok"}
Setting `pad_token_id` to `eos_token_id`:151645 for open-end generation.
{"cell": "qwen3vl8b_seed31_strict65__jpeg_q70_p0_correct_3072", "latency_seconds": 0.6238944856449962, "progress": "245/260", "status": "ok"}
Setting `pad_token_id` to `eos_token_id`:151645 for open-end generation.
{"cell": "qwen3vl8b_seed31_strict65__jpeg_q70_p0_correct_3072", "latency_seconds": 0.6231129094958305, "progress": "246/260", "status": "ok"}
Setting `pad_token_id` to `eos_token_id`:151645 for open-end generation.
{"cell": "qwen3vl8b_seed31_strict65__jpeg_q70_p0_correct_3072", "latency_seconds": 0.6197048518806696, "progress": "247/260", "status": "ok"}
Setting `pad_token_id` to `eos_token_id`:151645 for open-end generation.
{"cell": "qwen3vl8b_seed31_strict65__jpeg_q70_p0_correct_3072", "latency_seconds": 1.1482899328693748, "progress": "248/260", "status": "ok"}
Setting `pad_token_id` to `eos_token_id`:151645 for open-end generation.
{"cell": "qwen3vl8b_seed31_strict65__jpeg_q70_p0_correct_3072", "latency_seconds": 0.6191307734698057, "progress": "249/260", "status": "ok"}
Setting `pad_token_id` to `eos_token_id`:151645 for open-end generation.
{"cell": "qwen3vl8b_seed31_strict65__jpeg_q70_p0_correct_3072", "latency_seconds": 0.6191587438806891, "progress": "250/260", "status": "ok"}
Setting `pad_token_id` to `eos_token_id`:151645 for open-end generation.
{"cell": "qwen3vl8b_seed31_strict65__jpeg_q70_p0_correct_3072", "latency_seconds": 0.6346906684339046, "progress": "251/260", "status": "ok"}
Setting `pad_token_id` to `eos_token_id`:151645 for open-end generation.
{"cell": "qwen3vl8b_seed31_strict65__jpeg_q70_p0_correct_3072", "latency_seconds": 1.0750896101817489, "progress": "252/260", "status": "ok"}
Setting `pad_token_id` to `eos_token_id`:151645 for open-end generation.
{"cell": "qwen3vl8b_seed31_strict65__jpeg_q70_p0_correct_3072", "latency_seconds": 0.6198937268927693, "progress": "253/260", "status": "ok"}
Setting `pad_token_id` to `eos_token_id`:151645 for open-end generation.
{"cell": "qwen3vl8b_seed31_strict65__jpeg_q70_p0_correct_3072", "latency_seconds": 0.6203310983255506, "progress": "254/260", "status": "ok"}
Setting `pad_token_id` to `eos_token_id`:151645 for open-end generation.
{"cell": "qwen3vl8b_seed31_strict65__jpeg_q70_p0_correct_3072", "latency_seconds": 0.6202824376523495, "progress": "255/260", "status": "ok"}
Setting `pad_token_id` to `eos_token_id`:151645 for open-end generation.
{"cell": "qwen3vl8b_seed31_strict65__jpeg_q70_p0_correct_3072", "latency_seconds": 0.7588754063472152, "progress": "256/260", "status": "ok"}
Setting `pad_token_id` to `eos_token_id`:151645 for open-end generation.
{"cell": "qwen3vl8b_seed31_strict65__jpeg_q70_p0_correct_3072", "latency_seconds": 0.6203608633950353, "progress": "257/260", "status": "ok"}
Setting `pad_token_id` to `eos_token_id`:151645 for open-end generation.
{"cell": "qwen3vl8b_seed31_strict65__jpeg_q70_p0_correct_3072", "latency_seconds": 0.6397303193807602, "progress": "258/260", "status": "ok"}
Setting `pad_token_id` to `eos_token_id`:151645 for open-end generation.
{"cell": "qwen3vl8b_seed31_strict65__jpeg_q70_p0_correct_3072", "latency_seconds": 0.6185113620012999, "progress": "259/260", "status": "ok"}
Setting `pad_token_id` to `eos_token_id`:151645 for open-end generation.
{"cell": "qwen3vl8b_seed31_strict65__jpeg_q70_p0_correct_3072", "latency_seconds": 0.6190748512744904, "progress": "260/260", "status": "ok"}
Setting `pad_token_id` to `eos_token_id`:151645 for open-end generation.
{"cell": "qwen3vl8b_seed31_strict65__blur_r1_p0_correct_3072", "latency_seconds": 0.6230925973504782, "progress": "1/260", "status": "ok"}
Setting `pad_token_id` to `eos_token_id`:151645 for open-end generation.
{"cell": "qwen3vl8b_seed31_strict65__blur_r1_p0_correct_3072", "latency_seconds": 0.6179886572062969, "progress": "2/260", "status": "ok"}
Setting `pad_token_id` to `eos_token_id`:151645 for open-end generation.
{"cell": "qwen3vl8b_seed31_strict65__blur_r1_p0_correct_3072", "latency_seconds": 0.6168826706707478, "progress": "3/260", "status": "ok"}
Setting `pad_token_id` to `eos_token_id`:151645 for open-end generation.
{"cell": "qwen3vl8b_seed31_strict65__blur_r1_p0_correct_3072", "latency_seconds": 2.0272552464157343, "progress": "4/260", "status": "ok"}
Setting `pad_token_id` to `eos_token_id`:151645 for open-end generation.
{"cell": "qwen3vl8b_seed31_strict65__blur_r1_p0_correct_3072", "latency_seconds": 0.6229911269620061, "progress": "5/260", "status": "ok"}
Setting `pad_token_id` to `eos_token_id`:151645 for open-end generation.
{"cell": "qwen3vl8b_seed31_strict65__blur_r1_p0_correct_3072", "latency_seconds": 0.6194783328101039, "progress": "6/260", "status": "ok"}
Setting `pad_token_id` to `eos_token_id`:151645 for open-end generation.
{"cell": "qwen3vl8b_seed31_strict65__blur_r1_p0_correct_3072", "latency_seconds": 0.6189901372417808, "progress": "7/260", "status": "ok"}
Setting `pad_token_id` to `eos_token_id`:151645 for open-end generation.
{"cell": "qwen3vl8b_seed31_strict65__blur_r1_p0_correct_3072", "latency_seconds": 1.121287627145648, "progress": "8/260", "status": "ok"}
Setting `pad_token_id` to `eos_token_id`:151645 for open-end generation.
{"cell": "qwen3vl8b_seed31_strict65__blur_r1_p0_correct_3072", "latency_seconds": 0.619123705662787, "progress": "9/260", "status": "ok"}
Setting `pad_token_id` to `eos_token_id`:151645 for open-end generation.
{"cell": "qwen3vl8b_seed31_strict65__blur_r1_p0_correct_3072", "latency_seconds": 0.6190843973308802, "progress": "10/260", "status": "ok"}
Setting `pad_token_id` to `eos_token_id`:151645 for open-end generation.
{"cell": "qwen3vl8b_seed31_strict65__blur_r1_p0_correct_3072", "latency_seconds": 0.6213861117139459, "progress": "11/260", "status": "ok"}
Setting `pad_token_id` to `eos_token_id`:151645 for open-end generation.
{"cell": "qwen3vl8b_seed31_strict65__blur_r1_p0_correct_3072", "latency_seconds": 0.6205640565603971, "progress": "12/260", "status": "ok"}
Setting `pad_token_id` to `eos_token_id`:151645 for open-end generation.
{"cell": "qwen3vl8b_seed31_strict65__blur_r1_p0_correct_3072", "latency_seconds": 0.6194371161982417, "progress": "13/260", "status": "ok"}
Setting `pad_token_id` to `eos_token_id`:151645 for open-end generation.
{"cell": "qwen3vl8b_seed31_strict65__blur_r1_p0_correct_3072", "latency_seconds": 0.6180364694446325, "progress": "14/260", "status": "ok"}
Setting `pad_token_id` to `eos_token_id`:151645 for open-end generation.
{"cell": "qwen3vl8b_seed31_strict65__blur_r1_p0_correct_3072", "latency_seconds": 0.6210558144375682, "progress": "15/260", "status": "ok"}
Setting `pad_token_id` to `eos_token_id`:151645 for open-end generation.
{"cell": "qwen3vl8b_seed31_strict65__blur_r1_p0_correct_3072", "latency_seconds": 1.0871509946882725, "progress": "16/260", "status": "ok"}
Setting `pad_token_id` to `eos_token_id`:151645 for open-end generation.
{"cell": "qwen3vl8b_seed31_strict65__blur_r1_p0_correct_3072", "latency_seconds": 0.6184073090553284, "progress": "17/260", "status": "ok"}
Setting `pad_token_id` to `eos_token_id`:151645 for open-end generation.
{"cell": "qwen3vl8b_seed31_strict65__blur_r1_p0_correct_3072", "latency_seconds": 0.620228223502636, "progress": "18/260", "status": "ok"}
Setting `pad_token_id` to `eos_token_id`:151645 for open-end generation.
{"cell": "qwen3vl8b_seed31_strict65__blur_r1_p0_correct_3072", "latency_seconds": 0.6196219706907868, "progress": "19/260", "status": "ok"}
Setting `pad_token_id` to `eos_token_id`:151645 for open-end generation.
{"cell": "qwen3vl8b_seed31_strict65__blur_r1_p0_correct_3072", "latency_seconds": 0.7605552254244685, "progress": "20/260", "status": "ok"}
Setting `pad_token_id` to `eos_token_id`:151645 for open-end generation.
{"cell": "qwen3vl8b_seed31_strict65__blur_r1_p0_correct_3072", "latency_seconds": 0.6190324984490871, "progress": "21/260", "status": "ok"}
Setting `pad_token_id` to `eos_token_id`:151645 for open-end generation.
{"cell": "qwen3vl8b_seed31_strict65__blur_r1_p0_correct_3072", "latency_seconds": 1.0160817513242364, "progress": "22/260", "status": "ok"}
Setting `pad_token_id` to `eos_token_id`:151645 for open-end generation.
{"cell": "qwen3vl8b_seed31_strict65__blur_r1_p0_correct_3072", "latency_seconds": 0.621918904595077, "progress": "23/260", "status": "ok"}
Setting `pad_token_id` to `eos_token_id`:151645 for open-end generation.
{"cell": "qwen3vl8b_seed31_strict65__blur_r1_p0_correct_3072", "latency_seconds": 1.3535164538770914, "progress": "24/260", "status": "ok"}
Setting `pad_token_id` to `eos_token_id`:151645 for open-end generation.
{"cell": "qwen3vl8b_seed31_strict65__blur_r1_p0_correct_3072", "latency_seconds": 0.6167935868725181, "progress": "25/260", "status": "ok"}
Setting `pad_token_id` to `eos_token_id`:151645 for open-end generation.
{"cell": "qwen3vl8b_seed31_strict65__blur_r1_p0_correct_3072", "latency_seconds": 0.6203014953061938, "progress": "26/260", "status": "ok"}
Setting `pad_token_id` to `eos_token_id`:151645 for open-end generation.
{"cell": "qwen3vl8b_seed31_strict65__blur_r1_p0_correct_3072", "latency_seconds": 0.6190187828615308, "progress": "27/260", "status": "ok"}
Setting `pad_token_id` to `eos_token_id`:151645 for open-end generation.
{"cell": "qwen3vl8b_seed31_strict65__blur_r1_p0_correct_3072", "latency_seconds": 0.7329125124961138, "progress": "28/260", "status": "ok"}
Setting `pad_token_id` to `eos_token_id`:151645 for open-end generation.
{"cell": "qwen3vl8b_seed31_strict65__blur_r1_p0_correct_3072", "latency_seconds": 0.6214921493083239, "progress": "29/260", "status": "ok"}
Setting `pad_token_id` to `eos_token_id`:151645 for open-end generation.
{"cell": "qwen3vl8b_seed31_strict65__blur_r1_p0_correct_3072", "latency_seconds": 0.6465059174224734, "progress": "30/260", "status": "ok"}
Setting `pad_token_id` to `eos_token_id`:151645 for open-end generation.
{"cell": "qwen3vl8b_seed31_strict65__blur_r1_p0_correct_3072", "latency_seconds": 0.6211014818400145, "progress": "31/260", "status": "ok"}
Setting `pad_token_id` to `eos_token_id`:151645 for open-end generation.
{"cell": "qwen3vl8b_seed31_strict65__blur_r1_p0_correct_3072", "latency_seconds": 1.1511699231341481, "progress": "32/260", "status": "ok"}
Setting `pad_token_id` to `eos_token_id`:151645 for open-end generation.
{"cell": "qwen3vl8b_seed31_strict65__blur_r1_p0_correct_3072", "latency_seconds": 0.6206381907686591, "progress": "33/260", "status": "ok"}
Setting `pad_token_id` to `eos_token_id`:151645 for open-end generation.
{"cell": "qwen3vl8b_seed31_strict65__blur_r1_p0_correct_3072", "latency_seconds": 0.9825850380584598, "progress": "34/260", "status": "ok"}
Setting `pad_token_id` to `eos_token_id`:151645 for open-end generation.
{"cell": "qwen3vl8b_seed31_strict65__blur_r1_p0_correct_3072", "latency_seconds": 0.62020268663764, "progress": "35/260", "status": "ok"}
Setting `pad_token_id` to `eos_token_id`:151645 for open-end generation.
{"cell": "qwen3vl8b_seed31_strict65__blur_r1_p0_correct_3072", "latency_seconds": 0.7333591701462865, "progress": "36/260", "status": "ok"}
Setting `pad_token_id` to `eos_token_id`:151645 for open-end generation.
{"cell": "qwen3vl8b_seed31_strict65__blur_r1_p0_correct_3072", "latency_seconds": 0.6187186716124415, "progress": "37/260", "status": "ok"}
Setting `pad_token_id` to `eos_token_id`:151645 for open-end generation.
{"cell": "qwen3vl8b_seed31_strict65__blur_r1_p0_correct_3072", "latency_seconds": 0.6209202334284782, "progress": "38/260", "status": "ok"}
Setting `pad_token_id` to `eos_token_id`:151645 for open-end generation.
{"cell": "qwen3vl8b_seed31_strict65__blur_r1_p0_correct_3072", "latency_seconds": 0.6248253788799047, "progress": "39/260", "status": "ok"}
Setting `pad_token_id` to `eos_token_id`:151645 for open-end generation.
{"cell": "qwen3vl8b_seed31_strict65__blur_r1_p0_correct_3072", "latency_seconds": 0.757360857911408, "progress": "40/260", "status": "ok"}
Setting `pad_token_id` to `eos_token_id`:151645 for open-end generation.
{"cell": "qwen3vl8b_seed31_strict65__blur_r1_p0_correct_3072", "latency_seconds": 0.6241846438497305, "progress": "41/260", "status": "ok"}
Setting `pad_token_id` to `eos_token_id`:151645 for open-end generation.
{"cell": "qwen3vl8b_seed31_strict65__blur_r1_p0_correct_3072", "latency_seconds": 0.6399906231090426, "progress": "42/260", "status": "ok"}
Setting `pad_token_id` to `eos_token_id`:151645 for open-end generation.
{"cell": "qwen3vl8b_seed31_strict65__blur_r1_p0_correct_3072", "latency_seconds": 0.6173077747225761, "progress": "43/260", "status": "ok"}
Setting `pad_token_id` to `eos_token_id`:151645 for open-end generation.
{"cell": "qwen3vl8b_seed31_strict65__blur_r1_p0_correct_3072", "latency_seconds": 1.6743440683931112, "progress": "44/260", "status": "ok"}
Setting `pad_token_id` to `eos_token_id`:151645 for open-end generation.
{"cell": "qwen3vl8b_seed31_strict65__blur_r1_p0_correct_3072", "latency_seconds": 0.6241023112088442, "progress": "45/260", "status": "ok"}
Setting `pad_token_id` to `eos_token_id`:151645 for open-end generation.
{"cell": "qwen3vl8b_seed31_strict65__blur_r1_p0_correct_3072", "latency_seconds": 0.620282513089478, "progress": "46/260", "status": "ok"}
Setting `pad_token_id` to `eos_token_id`:151645 for open-end generation.
{"cell": "qwen3vl8b_seed31_strict65__blur_r1_p0_correct_3072", "latency_seconds": 0.6195550365373492, "progress": "47/260", "status": "ok"}
Setting `pad_token_id` to `eos_token_id`:151645 for open-end generation.
{"cell": "qwen3vl8b_seed31_strict65__blur_r1_p0_correct_3072", "latency_seconds": 0.8922325698658824, "progress": "48/260", "status": "ok"}
Setting `pad_token_id` to `eos_token_id`:151645 for open-end generation.
{"cell": "qwen3vl8b_seed31_strict65__blur_r1_p0_correct_3072", "latency_seconds": 0.6220850069075823, "progress": "49/260", "status": "ok"}
Setting `pad_token_id` to `eos_token_id`:151645 for open-end generation.
{"cell": "qwen3vl8b_seed31_strict65__blur_r1_p0_correct_3072", "latency_seconds": 0.622168879956007, "progress": "50/260", "status": "ok"}
Setting `pad_token_id` to `eos_token_id`:151645 for open-end generation.
{"cell": "qwen3vl8b_seed31_strict65__blur_r1_p0_correct_3072", "latency_seconds": 0.6189763266593218, "progress": "51/260", "status": "ok"}
Setting `pad_token_id` to `eos_token_id`:151645 for open-end generation.
{"cell": "qwen3vl8b_seed31_strict65__blur_r1_p0_correct_3072", "latency_seconds": 0.6666016196832061, "progress": "52/260", "status": "ok"}
Setting `pad_token_id` to `eos_token_id`:151645 for open-end generation.
{"cell": "qwen3vl8b_seed31_strict65__blur_r1_p0_correct_3072", "latency_seconds": 0.6189416060224175, "progress": "53/260", "status": "ok"}
Setting `pad_token_id` to `eos_token_id`:151645 for open-end generation.
{"cell": "qwen3vl8b_seed31_strict65__blur_r1_p0_correct_3072", "latency_seconds": 0.6465070843696594, "progress": "54/260", "status": "ok"}
Setting `pad_token_id` to `eos_token_id`:151645 for open-end generation.
{"cell": "qwen3vl8b_seed31_strict65__blur_r1_p0_correct_3072", "latency_seconds": 0.6197692640125751, "progress": "55/260", "status": "ok"}
Setting `pad_token_id` to `eos_token_id`:151645 for open-end generation.
{"cell": "qwen3vl8b_seed31_strict65__blur_r1_p0_correct_3072", "latency_seconds": 0.9421945493668318, "progress": "56/260", "status": "ok"}
Setting `pad_token_id` to `eos_token_id`:151645 for open-end generation.
{"cell": "qwen3vl8b_seed31_strict65__blur_r1_p0_correct_3072", "latency_seconds": 0.6177579099312425, "progress": "57/260", "status": "ok"}
Setting `pad_token_id` to `eos_token_id`:151645 for open-end generation.
{"cell": "qwen3vl8b_seed31_strict65__blur_r1_p0_correct_3072", "latency_seconds": 0.6439774865284562, "progress": "58/260", "status": "ok"}
Setting `pad_token_id` to `eos_token_id`:151645 for open-end generation.
{"cell": "qwen3vl8b_seed31_strict65__blur_r1_p0_correct_3072", "latency_seconds": 0.6217846730723977, "progress": "59/260", "status": "ok"}
Setting `pad_token_id` to `eos_token_id`:151645 for open-end generation.
{"cell": "qwen3vl8b_seed31_strict65__blur_r1_p0_correct_3072", "latency_seconds": 1.8350166864693165, "progress": "60/260", "status": "ok"}
Setting `pad_token_id` to `eos_token_id`:151645 for open-end generation.
{"cell": "qwen3vl8b_seed31_strict65__blur_r1_p0_correct_3072", "latency_seconds": 0.6229490581899881, "progress": "61/260", "status": "ok"}
Setting `pad_token_id` to `eos_token_id`:151645 for open-end generation.
{"cell": "qwen3vl8b_seed31_strict65__blur_r1_p0_correct_3072", "latency_seconds": 0.6216442007571459, "progress": "62/260", "status": "ok"}
Setting `pad_token_id` to `eos_token_id`:151645 for open-end generation.
{"cell": "qwen3vl8b_seed31_strict65__blur_r1_p0_correct_3072", "latency_seconds": 0.6194535056129098, "progress": "63/260", "status": "ok"}
Setting `pad_token_id` to `eos_token_id`:151645 for open-end generation.
{"cell": "qwen3vl8b_seed31_strict65__blur_r1_p0_correct_3072", "latency_seconds": 0.9385956414043903, "progress": "64/260", "status": "ok"}
Setting `pad_token_id` to `eos_token_id`:151645 for open-end generation.
{"cell": "qwen3vl8b_seed31_strict65__blur_r1_p0_correct_3072", "latency_seconds": 0.6191744152456522, "progress": "65/260", "status": "ok"}
Setting `pad_token_id` to `eos_token_id`:151645 for open-end generation.
{"cell": "qwen3vl8b_seed31_strict65__blur_r1_p0_correct_3072", "latency_seconds": 0.6211248757317662, "progress": "66/260", "status": "ok"}
Setting `pad_token_id` to `eos_token_id`:151645 for open-end generation.
{"cell": "qwen3vl8b_seed31_strict65__blur_r1_p0_correct_3072", "latency_seconds": 0.6205071108415723, "progress": "67/260", "status": "ok"}
Setting `pad_token_id` to `eos_token_id`:151645 for open-end generation.
{"cell": "qwen3vl8b_seed31_strict65__blur_r1_p0_correct_3072", "latency_seconds": 1.7997389286756516, "progress": "68/260", "status": "ok"}
Setting `pad_token_id` to `eos_token_id`:151645 for open-end generation.
{"cell": "qwen3vl8b_seed31_strict65__blur_r1_p0_correct_3072", "latency_seconds": 0.6208717282861471, "progress": "69/260", "status": "ok"}
Setting `pad_token_id` to `eos_token_id`:151645 for open-end generation.
{"cell": "qwen3vl8b_seed31_strict65__blur_r1_p0_correct_3072", "latency_seconds": 0.6175006562843919, "progress": "70/260", "status": "ok"}
Setting `pad_token_id` to `eos_token_id`:151645 for open-end generation.
{"cell": "qwen3vl8b_seed31_strict65__blur_r1_p0_correct_3072", "latency_seconds": 0.6216381303966045, "progress": "71/260", "status": "ok"}
Setting `pad_token_id` to `eos_token_id`:151645 for open-end generation.
{"cell": "qwen3vl8b_seed31_strict65__blur_r1_p0_correct_3072", "latency_seconds": 3.0829124292358756, "progress": "72/260", "status": "ok"}
Setting `pad_token_id` to `eos_token_id`:151645 for open-end generation.
{"cell": "qwen3vl8b_seed31_strict65__blur_r1_p0_correct_3072", "latency_seconds": 0.6174877621233463, "progress": "73/260", "status": "ok"}
Setting `pad_token_id` to `eos_token_id`:151645 for open-end generation.
{"cell": "qwen3vl8b_seed31_strict65__blur_r1_p0_correct_3072", "latency_seconds": 0.6200081203132868, "progress": "74/260", "status": "ok"}
Setting `pad_token_id` to `eos_token_id`:151645 for open-end generation.
{"cell": "qwen3vl8b_seed31_strict65__blur_r1_p0_correct_3072", "latency_seconds": 0.6222610725089908, "progress": "75/260", "status": "ok"}
Setting `pad_token_id` to `eos_token_id`:151645 for open-end generation.
{"cell": "qwen3vl8b_seed31_strict65__blur_r1_p0_correct_3072", "latency_seconds": 12.179568271152675, "progress": "76/260", "status": "ok"}
Setting `pad_token_id` to `eos_token_id`:151645 for open-end generation.
{"cell": "qwen3vl8b_seed31_strict65__blur_r1_p0_correct_3072", "latency_seconds": 0.6185085447505116, "progress": "77/260", "status": "ok"}
Setting `pad_token_id` to `eos_token_id`:151645 for open-end generation.
{"cell": "qwen3vl8b_seed31_strict65__blur_r1_p0_correct_3072", "latency_seconds": 0.6426955591887236, "progress": "78/260", "status": "ok"}
Setting `pad_token_id` to `eos_token_id`:151645 for open-end generation.
{"cell": "qwen3vl8b_seed31_strict65__blur_r1_p0_correct_3072", "latency_seconds": 0.6223172610625625, "progress": "79/260", "status": "ok"}
Setting `pad_token_id` to `eos_token_id`:151645 for open-end generation.
{"cell": "qwen3vl8b_seed31_strict65__blur_r1_p0_correct_3072", "latency_seconds": 0.709978898987174, "progress": "80/260", "status": "ok"}
Setting `pad_token_id` to `eos_token_id`:151645 for open-end generation.
{"cell": "qwen3vl8b_seed31_strict65__blur_r1_p0_correct_3072", "latency_seconds": 0.6215506698936224, "progress": "81/260", "status": "ok"}
Setting `pad_token_id` to `eos_token_id`:151645 for open-end generation.
{"cell": "qwen3vl8b_seed31_strict65__blur_r1_p0_correct_3072", "latency_seconds": 0.6162124024704099, "progress": "82/260", "status": "ok"}
Setting `pad_token_id` to `eos_token_id`:151645 for open-end generation.
{"cell": "qwen3vl8b_seed31_strict65__blur_r1_p0_correct_3072", "latency_seconds": 0.618216653354466, "progress": "83/260", "status": "ok"}
Setting `pad_token_id` to `eos_token_id`:151645 for open-end generation.
{"cell": "qwen3vl8b_seed31_strict65__blur_r1_p0_correct_3072", "latency_seconds": 0.9331067958846688, "progress": "84/260", "status": "ok"}
Setting `pad_token_id` to `eos_token_id`:151645 for open-end generation.
{"cell": "qwen3vl8b_seed31_strict65__blur_r1_p0_correct_3072", "latency_seconds": 0.620121069252491, "progress": "85/260", "status": "ok"}
Setting `pad_token_id` to `eos_token_id`:151645 for open-end generation.
{"cell": "qwen3vl8b_seed31_strict65__blur_r1_p0_correct_3072", "latency_seconds": 0.6215939037501812, "progress": "86/260", "status": "ok"}
Setting `pad_token_id` to `eos_token_id`:151645 for open-end generation.
{"cell": "qwen3vl8b_seed31_strict65__blur_r1_p0_correct_3072", "latency_seconds": 0.6190748643130064, "progress": "87/260", "status": "ok"}
Setting `pad_token_id` to `eos_token_id`:151645 for open-end generation.
{"cell": "qwen3vl8b_seed31_strict65__blur_r1_p0_correct_3072", "latency_seconds": 0.9653693707659841, "progress": "88/260", "status": "ok"}
Setting `pad_token_id` to `eos_token_id`:151645 for open-end generation.
{"cell": "qwen3vl8b_seed31_strict65__blur_r1_p0_correct_3072", "latency_seconds": 0.6216591196134686, "progress": "89/260", "status": "ok"}
Setting `pad_token_id` to `eos_token_id`:151645 for open-end generation.
{"cell": "qwen3vl8b_seed31_strict65__blur_r1_p0_correct_3072", "latency_seconds": 0.9589448738843203, "progress": "90/260", "status": "ok"}
Setting `pad_token_id` to `eos_token_id`:151645 for open-end generation.
{"cell": "qwen3vl8b_seed31_strict65__blur_r1_p0_correct_3072", "latency_seconds": 0.6249397732317448, "progress": "91/260", "status": "ok"}
Setting `pad_token_id` to `eos_token_id`:151645 for open-end generation.
{"cell": "qwen3vl8b_seed31_strict65__blur_r1_p0_correct_3072", "latency_seconds": 1.0015768548473716, "progress": "92/260", "status": "ok"}
Setting `pad_token_id` to `eos_token_id`:151645 for open-end generation.
{"cell": "qwen3vl8b_seed31_strict65__blur_r1_p0_correct_3072", "latency_seconds": 0.6183695951476693, "progress": "93/260", "status": "ok"}
Setting `pad_token_id` to `eos_token_id`:151645 for open-end generation.
{"cell": "qwen3vl8b_seed31_strict65__blur_r1_p0_correct_3072", "latency_seconds": 0.6215179348364472, "progress": "94/260", "status": "ok"}
Setting `pad_token_id` to `eos_token_id`:151645 for open-end generation.
{"cell": "qwen3vl8b_seed31_strict65__blur_r1_p0_correct_3072", "latency_seconds": 0.6198558621108532, "progress": "95/260", "status": "ok"}
Setting `pad_token_id` to `eos_token_id`:151645 for open-end generation.
{"cell": "qwen3vl8b_seed31_strict65__blur_r1_p0_correct_3072", "latency_seconds": 1.144835882820189, "progress": "96/260", "status": "ok"}
Setting `pad_token_id` to `eos_token_id`:151645 for open-end generation.
{"cell": "qwen3vl8b_seed31_strict65__blur_r1_p0_correct_3072", "latency_seconds": 0.6198545210063457, "progress": "97/260", "status": "ok"}
Setting `pad_token_id` to `eos_token_id`:151645 for open-end generation.
{"cell": "qwen3vl8b_seed31_strict65__blur_r1_p0_correct_3072", "latency_seconds": 0.6189323915168643, "progress": "98/260", "status": "ok"}
Setting `pad_token_id` to `eos_token_id`:151645 for open-end generation.
{"cell": "qwen3vl8b_seed31_strict65__blur_r1_p0_correct_3072", "latency_seconds": 0.6212767623364925, "progress": "99/260", "status": "ok"}
Setting `pad_token_id` to `eos_token_id`:151645 for open-end generation.
{"cell": "qwen3vl8b_seed31_strict65__blur_r1_p0_correct_3072", "latency_seconds": 3.7483002236112952, "progress": "100/260", "status": "ok"}
Setting `pad_token_id` to `eos_token_id`:151645 for open-end generation.
{"cell": "qwen3vl8b_seed31_strict65__blur_r1_p0_correct_3072", "latency_seconds": 0.6188103938475251, "progress": "101/260", "status": "ok"}
Setting `pad_token_id` to `eos_token_id`:151645 for open-end generation.
{"cell": "qwen3vl8b_seed31_strict65__blur_r1_p0_correct_3072", "latency_seconds": 0.6213862262666225, "progress": "102/260", "status": "ok"}
Setting `pad_token_id` to `eos_token_id`:151645 for open-end generation.
{"cell": "qwen3vl8b_seed31_strict65__blur_r1_p0_correct_3072", "latency_seconds": 0.6202338133007288, "progress": "103/260", "status": "ok"}
Setting `pad_token_id` to `eos_token_id`:151645 for open-end generation.
{"cell": "qwen3vl8b_seed31_strict65__blur_r1_p0_correct_3072", "latency_seconds": 1.6665347339585423, "progress": "104/260", "status": "ok"}
Setting `pad_token_id` to `eos_token_id`:151645 for open-end generation.
{"cell": "qwen3vl8b_seed31_strict65__blur_r1_p0_correct_3072", "latency_seconds": 0.6173524353653193, "progress": "105/260", "status": "ok"}
Setting `pad_token_id` to `eos_token_id`:151645 for open-end generation.
{"cell": "qwen3vl8b_seed31_strict65__blur_r1_p0_correct_3072", "latency_seconds": 0.618953462690115, "progress": "106/260", "status": "ok"}
Setting `pad_token_id` to `eos_token_id`:151645 for open-end generation.
{"cell": "qwen3vl8b_seed31_strict65__blur_r1_p0_correct_3072", "latency_seconds": 0.6212204108014703, "progress": "107/260", "status": "ok"}
Setting `pad_token_id` to `eos_token_id`:151645 for open-end generation.
{"cell": "qwen3vl8b_seed31_strict65__blur_r1_p0_correct_3072", "latency_seconds": 3.1150484029203653, "progress": "108/260", "status": "ok"}
Setting `pad_token_id` to `eos_token_id`:151645 for open-end generation.
{"cell": "qwen3vl8b_seed31_strict65__blur_r1_p0_correct_3072", "latency_seconds": 0.6157008949667215, "progress": "109/260", "status": "ok"}
Setting `pad_token_id` to `eos_token_id`:151645 for open-end generation.
{"cell": "qwen3vl8b_seed31_strict65__blur_r1_p0_correct_3072", "latency_seconds": 0.6220949683338404, "progress": "110/260", "status": "ok"}
Setting `pad_token_id` to `eos_token_id`:151645 for open-end generation.
{"cell": "qwen3vl8b_seed31_strict65__blur_r1_p0_correct_3072", "latency_seconds": 0.6219125119969249, "progress": "111/260", "status": "ok"}
Setting `pad_token_id` to `eos_token_id`:151645 for open-end generation.
{"cell": "qwen3vl8b_seed31_strict65__blur_r1_p0_correct_3072", "latency_seconds": 0.757051489315927, "progress": "112/260", "status": "ok"}
Setting `pad_token_id` to `eos_token_id`:151645 for open-end generation.
{"cell": "qwen3vl8b_seed31_strict65__blur_r1_p0_correct_3072", "latency_seconds": 0.6212398316711187, "progress": "113/260", "status": "ok"}
Setting `pad_token_id` to `eos_token_id`:151645 for open-end generation.
{"cell": "qwen3vl8b_seed31_strict65__blur_r1_p0_correct_3072", "latency_seconds": 0.6203615656122565, "progress": "114/260", "status": "ok"}
Setting `pad_token_id` to `eos_token_id`:151645 for open-end generation.
{"cell": "qwen3vl8b_seed31_strict65__blur_r1_p0_correct_3072", "latency_seconds": 0.6218675579875708, "progress": "115/260", "status": "ok"}
Setting `pad_token_id` to `eos_token_id`:151645 for open-end generation.
{"cell": "qwen3vl8b_seed31_strict65__blur_r1_p0_correct_3072", "latency_seconds": 3.078335205093026, "progress": "116/260", "status": "ok"}
Setting `pad_token_id` to `eos_token_id`:151645 for open-end generation.
{"cell": "qwen3vl8b_seed31_strict65__blur_r1_p0_correct_3072", "latency_seconds": 0.6194506287574768, "progress": "117/260", "status": "ok"}
Setting `pad_token_id` to `eos_token_id`:151645 for open-end generation.
{"cell": "qwen3vl8b_seed31_strict65__blur_r1_p0_correct_3072", "latency_seconds": 0.643807957880199, "progress": "118/260", "status": "ok"}
Setting `pad_token_id` to `eos_token_id`:151645 for open-end generation.
{"cell": "qwen3vl8b_seed31_strict65__blur_r1_p0_correct_3072", "latency_seconds": 0.6190929617732763, "progress": "119/260", "status": "ok"}
Setting `pad_token_id` to `eos_token_id`:151645 for open-end generation.
{"cell": "qwen3vl8b_seed31_strict65__blur_r1_p0_correct_3072", "latency_seconds": 0.9385896176099777, "progress": "120/260", "status": "ok"}
Setting `pad_token_id` to `eos_token_id`:151645 for open-end generation.
{"cell": "qwen3vl8b_seed31_strict65__blur_r1_p0_correct_3072", "latency_seconds": 0.6190639585256577, "progress": "121/260", "status": "ok"}
Setting `pad_token_id` to `eos_token_id`:151645 for open-end generation.
{"cell": "qwen3vl8b_seed31_strict65__blur_r1_p0_correct_3072", "latency_seconds": 0.6205211328342557, "progress": "122/260", "status": "ok"}
Setting `pad_token_id` to `eos_token_id`:151645 for open-end generation.
{"cell": "qwen3vl8b_seed31_strict65__blur_r1_p0_correct_3072", "latency_seconds": 0.6197908343747258, "progress": "123/260", "status": "ok"}
Setting `pad_token_id` to `eos_token_id`:151645 for open-end generation.
{"cell": "qwen3vl8b_seed31_strict65__blur_r1_p0_correct_3072", "latency_seconds": 0.7325848527252674, "progress": "124/260", "status": "ok"}
Setting `pad_token_id` to `eos_token_id`:151645 for open-end generation.
{"cell": "qwen3vl8b_seed31_strict65__blur_r1_p0_correct_3072", "latency_seconds": 0.6181460432708263, "progress": "125/260", "status": "ok"}
Setting `pad_token_id` to `eos_token_id`:151645 for open-end generation.
{"cell": "qwen3vl8b_seed31_strict65__blur_r1_p0_correct_3072", "latency_seconds": 0.6174682062119246, "progress": "126/260", "status": "ok"}
Setting `pad_token_id` to `eos_token_id`:151645 for open-end generation.
{"cell": "qwen3vl8b_seed31_strict65__blur_r1_p0_correct_3072", "latency_seconds": 0.6153530068695545, "progress": "127/260", "status": "ok"}
Setting `pad_token_id` to `eos_token_id`:151645 for open-end generation.
{"cell": "qwen3vl8b_seed31_strict65__blur_r1_p0_correct_3072", "latency_seconds": 0.6180842416360974, "progress": "128/260", "status": "ok"}
Setting `pad_token_id` to `eos_token_id`:151645 for open-end generation.
{"cell": "qwen3vl8b_seed31_strict65__blur_r1_p0_correct_3072", "latency_seconds": 0.6211851900443435, "progress": "129/260", "status": "ok"}
Setting `pad_token_id` to `eos_token_id`:151645 for open-end generation.
{"cell": "qwen3vl8b_seed31_strict65__blur_r1_p0_correct_3072", "latency_seconds": 0.6202854523435235, "progress": "130/260", "status": "ok"}
Setting `pad_token_id` to `eos_token_id`:151645 for open-end generation.
{"cell": "qwen3vl8b_seed31_strict65__blur_r1_p0_correct_3072", "latency_seconds": 0.618179576471448, "progress": "131/260", "status": "ok"}
Setting `pad_token_id` to `eos_token_id`:151645 for open-end generation.
{"cell": "qwen3vl8b_seed31_strict65__blur_r1_p0_correct_3072", "latency_seconds": 1.1230473313480616, "progress": "132/260", "status": "ok"}
Setting `pad_token_id` to `eos_token_id`:151645 for open-end generation.
{"cell": "qwen3vl8b_seed31_strict65__blur_r1_p0_correct_3072", "latency_seconds": 0.6171754598617554, "progress": "133/260", "status": "ok"}
Setting `pad_token_id` to `eos_token_id`:151645 for open-end generation.
{"cell": "qwen3vl8b_seed31_strict65__blur_r1_p0_correct_3072", "latency_seconds": 0.6189601756632328, "progress": "134/260", "status": "ok"}
Setting `pad_token_id` to `eos_token_id`:151645 for open-end generation.
{"cell": "qwen3vl8b_seed31_strict65__blur_r1_p0_correct_3072", "latency_seconds": 0.6206719139590859, "progress": "135/260", "status": "ok"}
Setting `pad_token_id` to `eos_token_id`:151645 for open-end generation.
{"cell": "qwen3vl8b_seed31_strict65__blur_r1_p0_correct_3072", "latency_seconds": 1.1193447783589363, "progress": "136/260", "status": "ok"}
Setting `pad_token_id` to `eos_token_id`:151645 for open-end generation.
{"cell": "qwen3vl8b_seed31_strict65__blur_r1_p0_correct_3072", "latency_seconds": 0.6220620898529887, "progress": "137/260", "status": "ok"}
Setting `pad_token_id` to `eos_token_id`:151645 for open-end generation.
{"cell": "qwen3vl8b_seed31_strict65__blur_r1_p0_correct_3072", "latency_seconds": 0.6201712712645531, "progress": "138/260", "status": "ok"}
Setting `pad_token_id` to `eos_token_id`:151645 for open-end generation.
{"cell": "qwen3vl8b_seed31_strict65__blur_r1_p0_correct_3072", "latency_seconds": 0.622336302883923, "progress": "139/260", "status": "ok"}
Setting `pad_token_id` to `eos_token_id`:151645 for open-end generation.
{"cell": "qwen3vl8b_seed31_strict65__blur_r1_p0_correct_3072", "latency_seconds": 1.1472566789016128, "progress": "140/260", "status": "ok"}
Setting `pad_token_id` to `eos_token_id`:151645 for open-end generation.
{"cell": "qwen3vl8b_seed31_strict65__blur_r1_p0_correct_3072", "latency_seconds": 0.6213164189830422, "progress": "141/260", "status": "ok"}
Setting `pad_token_id` to `eos_token_id`:151645 for open-end generation.
{"cell": "qwen3vl8b_seed31_strict65__blur_r1_p0_correct_3072", "latency_seconds": 0.6170289423316717, "progress": "142/260", "status": "ok"}
Setting `pad_token_id` to `eos_token_id`:151645 for open-end generation.
{"cell": "qwen3vl8b_seed31_strict65__blur_r1_p0_correct_3072", "latency_seconds": 0.6259348569437861, "progress": "143/260", "status": "ok"}
Setting `pad_token_id` to `eos_token_id`:151645 for open-end generation.
{"cell": "qwen3vl8b_seed31_strict65__blur_r1_p0_correct_3072", "latency_seconds": 1.0351069131866097, "progress": "144/260", "status": "ok"}
Setting `pad_token_id` to `eos_token_id`:151645 for open-end generation.
{"cell": "qwen3vl8b_seed31_strict65__blur_r1_p0_correct_3072", "latency_seconds": 0.6212359480559826, "progress": "145/260", "status": "ok"}
Setting `pad_token_id` to `eos_token_id`:151645 for open-end generation.
{"cell": "qwen3vl8b_seed31_strict65__blur_r1_p0_correct_3072", "latency_seconds": 0.6438276190310717, "progress": "146/260", "status": "ok"}
Setting `pad_token_id` to `eos_token_id`:151645 for open-end generation.
{"cell": "qwen3vl8b_seed31_strict65__blur_r1_p0_correct_3072", "latency_seconds": 0.6179174445569515, "progress": "147/260", "status": "ok"}
Setting `pad_token_id` to `eos_token_id`:151645 for open-end generation.
{"cell": "qwen3vl8b_seed31_strict65__blur_r1_p0_correct_3072", "latency_seconds": 0.7622303096577525, "progress": "148/260", "status": "ok"}
Setting `pad_token_id` to `eos_token_id`:151645 for open-end generation.
{"cell": "qwen3vl8b_seed31_strict65__blur_r1_p0_correct_3072", "latency_seconds": 0.6203571101650596, "progress": "149/260", "status": "ok"}
Setting `pad_token_id` to `eos_token_id`:151645 for open-end generation.
{"cell": "qwen3vl8b_seed31_strict65__blur_r1_p0_correct_3072", "latency_seconds": 0.6202017348259687, "progress": "150/260", "status": "ok"}
Setting `pad_token_id` to `eos_token_id`:151645 for open-end generation.
{"cell": "qwen3vl8b_seed31_strict65__blur_r1_p0_correct_3072", "latency_seconds": 0.6211385410279036, "progress": "151/260", "status": "ok"}
Setting `pad_token_id` to `eos_token_id`:151645 for open-end generation.
{"cell": "qwen3vl8b_seed31_strict65__blur_r1_p0_correct_3072", "latency_seconds": 1.119905541650951, "progress": "152/260", "status": "ok"}
Setting `pad_token_id` to `eos_token_id`:151645 for open-end generation.
{"cell": "qwen3vl8b_seed31_strict65__blur_r1_p0_correct_3072", "latency_seconds": 0.6152087384834886, "progress": "153/260", "status": "ok"}
Setting `pad_token_id` to `eos_token_id`:151645 for open-end generation.
{"cell": "qwen3vl8b_seed31_strict65__blur_r1_p0_correct_3072", "latency_seconds": 0.625143637880683, "progress": "154/260", "status": "ok"}
Setting `pad_token_id` to `eos_token_id`:151645 for open-end generation.
{"cell": "qwen3vl8b_seed31_strict65__blur_r1_p0_correct_3072", "latency_seconds": 0.6240315958857536, "progress": "155/260", "status": "ok"}
Setting `pad_token_id` to `eos_token_id`:151645 for open-end generation.
{"cell": "qwen3vl8b_seed31_strict65__blur_r1_p0_correct_3072", "latency_seconds": 1.0946626355871558, "progress": "156/260", "status": "ok"}
Setting `pad_token_id` to `eos_token_id`:151645 for open-end generation.
{"cell": "qwen3vl8b_seed31_strict65__blur_r1_p0_correct_3072", "latency_seconds": 0.6194086940959096, "progress": "157/260", "status": "ok"}
Setting `pad_token_id` to `eos_token_id`:151645 for open-end generation.
{"cell": "qwen3vl8b_seed31_strict65__blur_r1_p0_correct_3072", "latency_seconds": 0.6191436853259802, "progress": "158/260", "status": "ok"}
Setting `pad_token_id` to `eos_token_id`:151645 for open-end generation.
{"cell": "qwen3vl8b_seed31_strict65__blur_r1_p0_correct_3072", "latency_seconds": 0.6173689439892769, "progress": "159/260", "status": "ok"}
Setting `pad_token_id` to `eos_token_id`:151645 for open-end generation.
{"cell": "qwen3vl8b_seed31_strict65__blur_r1_p0_correct_3072", "latency_seconds": 1.8674477450549603, "progress": "160/260", "status": "ok"}
Setting `pad_token_id` to `eos_token_id`:151645 for open-end generation.
{"cell": "qwen3vl8b_seed31_strict65__blur_r1_p0_correct_3072", "latency_seconds": 0.6196848591789603, "progress": "161/260", "status": "ok"}
Setting `pad_token_id` to `eos_token_id`:151645 for open-end generation.
{"cell": "qwen3vl8b_seed31_strict65__blur_r1_p0_correct_3072", "latency_seconds": 0.6254268055781722, "progress": "162/260", "status": "ok"}
Setting `pad_token_id` to `eos_token_id`:151645 for open-end generation.
{"cell": "qwen3vl8b_seed31_strict65__blur_r1_p0_correct_3072", "latency_seconds": 0.6207085801288486, "progress": "163/260", "status": "ok"}
Setting `pad_token_id` to `eos_token_id`:151645 for open-end generation.
{"cell": "qwen3vl8b_seed31_strict65__blur_r1_p0_correct_3072", "latency_seconds": 1.0239601489156485, "progress": "164/260", "status": "ok"}
Setting `pad_token_id` to `eos_token_id`:151645 for open-end generation.
{"cell": "qwen3vl8b_seed31_strict65__blur_r1_p0_correct_3072", "latency_seconds": 0.6188087007030845, "progress": "165/260", "status": "ok"}
Setting `pad_token_id` to `eos_token_id`:151645 for open-end generation.
{"cell": "qwen3vl8b_seed31_strict65__blur_r1_p0_correct_3072", "latency_seconds": 0.6187761295586824, "progress": "166/260", "status": "ok"}
Setting `pad_token_id` to `eos_token_id`:151645 for open-end generation.
{"cell": "qwen3vl8b_seed31_strict65__blur_r1_p0_correct_3072", "latency_seconds": 0.619819556362927, "progress": "167/260", "status": "ok"}
Setting `pad_token_id` to `eos_token_id`:151645 for open-end generation.
{"cell": "qwen3vl8b_seed31_strict65__blur_r1_p0_correct_3072", "latency_seconds": 0.637149516493082, "progress": "168/260", "status": "ok"}
Setting `pad_token_id` to `eos_token_id`:151645 for open-end generation.
{"cell": "qwen3vl8b_seed31_strict65__blur_r1_p0_correct_3072", "latency_seconds": 0.6196792218834162, "progress": "169/260", "status": "ok"}
Setting `pad_token_id` to `eos_token_id`:151645 for open-end generation.
{"cell": "qwen3vl8b_seed31_strict65__blur_r1_p0_correct_3072", "latency_seconds": 0.6164583219215274, "progress": "170/260", "status": "ok"}
Setting `pad_token_id` to `eos_token_id`:151645 for open-end generation.
{"cell": "qwen3vl8b_seed31_strict65__blur_r1_p0_correct_3072", "latency_seconds": 0.6202829480171204, "progress": "171/260", "status": "ok"}
Setting `pad_token_id` to `eos_token_id`:151645 for open-end generation.
{"cell": "qwen3vl8b_seed31_strict65__blur_r1_p0_correct_3072", "latency_seconds": 1.5321279726922512, "progress": "172/260", "status": "ok"}
Setting `pad_token_id` to `eos_token_id`:151645 for open-end generation.
{"cell": "qwen3vl8b_seed31_strict65__blur_r1_p0_correct_3072", "latency_seconds": 0.62599753215909, "progress": "173/260", "status": "ok"}
Setting `pad_token_id` to `eos_token_id`:151645 for open-end generation.
{"cell": "qwen3vl8b_seed31_strict65__blur_r1_p0_correct_3072", "latency_seconds": 0.6205977452918887, "progress": "174/260", "status": "ok"}
Setting `pad_token_id` to `eos_token_id`:151645 for open-end generation.
{"cell": "qwen3vl8b_seed31_strict65__blur_r1_p0_correct_3072", "latency_seconds": 0.623709193430841, "progress": "175/260", "status": "ok"}
Setting `pad_token_id` to `eos_token_id`:151645 for open-end generation.
{"cell": "qwen3vl8b_seed31_strict65__blur_r1_p0_correct_3072", "latency_seconds": 1.1172014251351357, "progress": "176/260", "status": "ok"}
Setting `pad_token_id` to `eos_token_id`:151645 for open-end generation.
{"cell": "qwen3vl8b_seed31_strict65__blur_r1_p0_correct_3072", "latency_seconds": 0.6210303939878941, "progress": "177/260", "status": "ok"}
Setting `pad_token_id` to `eos_token_id`:151645 for open-end generation.
{"cell": "qwen3vl8b_seed31_strict65__blur_r1_p0_correct_3072", "latency_seconds": 0.6228631278499961, "progress": "178/260", "status": "ok"}
Setting `pad_token_id` to `eos_token_id`:151645 for open-end generation.
{"cell": "qwen3vl8b_seed31_strict65__blur_r1_p0_correct_3072", "latency_seconds": 0.6276098703965545, "progress": "179/260", "status": "ok"}
Setting `pad_token_id` to `eos_token_id`:151645 for open-end generation.
{"cell": "qwen3vl8b_seed31_strict65__blur_r1_p0_correct_3072", "latency_seconds": 1.256668376736343, "progress": "180/260", "status": "ok"}
Setting `pad_token_id` to `eos_token_id`:151645 for open-end generation.
{"cell": "qwen3vl8b_seed31_strict65__blur_r1_p0_correct_3072", "latency_seconds": 0.6219793297350407, "progress": "181/260", "status": "ok"}
Setting `pad_token_id` to `eos_token_id`:151645 for open-end generation.
{"cell": "qwen3vl8b_seed31_strict65__blur_r1_p0_correct_3072", "latency_seconds": 0.6208460824564099, "progress": "182/260", "status": "ok"}
Setting `pad_token_id` to `eos_token_id`:151645 for open-end generation.
{"cell": "qwen3vl8b_seed31_strict65__blur_r1_p0_correct_3072", "latency_seconds": 0.6180354133248329, "progress": "183/260", "status": "ok"}
Setting `pad_token_id` to `eos_token_id`:151645 for open-end generation.
{"cell": "qwen3vl8b_seed31_strict65__blur_r1_p0_correct_3072", "latency_seconds": 0.9642916545271873, "progress": "184/260", "status": "ok"}
Setting `pad_token_id` to `eos_token_id`:151645 for open-end generation.
{"cell": "qwen3vl8b_seed31_strict65__blur_r1_p0_correct_3072", "latency_seconds": 0.6202354291453958, "progress": "185/260", "status": "ok"}
Setting `pad_token_id` to `eos_token_id`:151645 for open-end generation.
{"cell": "qwen3vl8b_seed31_strict65__blur_r1_p0_correct_3072", "latency_seconds": 0.6684170635417104, "progress": "186/260", "status": "ok"}
Setting `pad_token_id` to `eos_token_id`:151645 for open-end generation.
{"cell": "qwen3vl8b_seed31_strict65__blur_r1_p0_correct_3072", "latency_seconds": 0.6189805716276169, "progress": "187/260", "status": "ok"}
Setting `pad_token_id` to `eos_token_id`:151645 for open-end generation.
{"cell": "qwen3vl8b_seed31_strict65__blur_r1_p0_correct_3072", "latency_seconds": 1.194425666704774, "progress": "188/260", "status": "ok"}
Setting `pad_token_id` to `eos_token_id`:151645 for open-end generation.
{"cell": "qwen3vl8b_seed31_strict65__blur_r1_p0_correct_3072", "latency_seconds": 0.6220481982454658, "progress": "189/260", "status": "ok"}
Setting `pad_token_id` to `eos_token_id`:151645 for open-end generation.
{"cell": "qwen3vl8b_seed31_strict65__blur_r1_p0_correct_3072", "latency_seconds": 0.6224660994485021, "progress": "190/260", "status": "ok"}
Setting `pad_token_id` to `eos_token_id`:151645 for open-end generation.
{"cell": "qwen3vl8b_seed31_strict65__blur_r1_p0_correct_3072", "latency_seconds": 0.6229362385347486, "progress": "191/260", "status": "ok"}
Setting `pad_token_id` to `eos_token_id`:151645 for open-end generation.
{"cell": "qwen3vl8b_seed31_strict65__blur_r1_p0_correct_3072", "latency_seconds": 1.304109800606966, "progress": "192/260", "status": "ok"}
Setting `pad_token_id` to `eos_token_id`:151645 for open-end generation.
{"cell": "qwen3vl8b_seed31_strict65__blur_r1_p0_correct_3072", "latency_seconds": 0.6218548268079758, "progress": "193/260", "status": "ok"}
Setting `pad_token_id` to `eos_token_id`:151645 for open-end generation.
{"cell": "qwen3vl8b_seed31_strict65__blur_r1_p0_correct_3072", "latency_seconds": 0.6171019794419408, "progress": "194/260", "status": "ok"}
Setting `pad_token_id` to `eos_token_id`:151645 for open-end generation.
{"cell": "qwen3vl8b_seed31_strict65__blur_r1_p0_correct_3072", "latency_seconds": 0.6212948225438595, "progress": "195/260", "status": "ok"}
Setting `pad_token_id` to `eos_token_id`:151645 for open-end generation.
{"cell": "qwen3vl8b_seed31_strict65__blur_r1_p0_correct_3072", "latency_seconds": 2.209026691503823, "progress": "196/260", "status": "ok"}
Setting `pad_token_id` to `eos_token_id`:151645 for open-end generation.
{"cell": "qwen3vl8b_seed31_strict65__blur_r1_p0_correct_3072", "latency_seconds": 0.640320741571486, "progress": "197/260", "status": "ok"}
Setting `pad_token_id` to `eos_token_id`:151645 for open-end generation.
{"cell": "qwen3vl8b_seed31_strict65__blur_r1_p0_correct_3072", "latency_seconds": 0.6207879027351737, "progress": "198/260", "status": "ok"}
Setting `pad_token_id` to `eos_token_id`:151645 for open-end generation.
{"cell": "qwen3vl8b_seed31_strict65__blur_r1_p0_correct_3072", "latency_seconds": 0.6196697186678648, "progress": "199/260", "status": "ok"}
Setting `pad_token_id` to `eos_token_id`:151645 for open-end generation.
{"cell": "qwen3vl8b_seed31_strict65__blur_r1_p0_correct_3072", "latency_seconds": 0.6871764650568366, "progress": "200/260", "status": "ok"}
Setting `pad_token_id` to `eos_token_id`:151645 for open-end generation.
{"cell": "qwen3vl8b_seed31_strict65__blur_r1_p0_correct_3072", "latency_seconds": 0.6174764772877097, "progress": "201/260", "status": "ok"}
Setting `pad_token_id` to `eos_token_id`:151645 for open-end generation.
{"cell": "qwen3vl8b_seed31_strict65__blur_r1_p0_correct_3072", "latency_seconds": 0.616784168407321, "progress": "202/260", "status": "ok"}
Setting `pad_token_id` to `eos_token_id`:151645 for open-end generation.
{"cell": "qwen3vl8b_seed31_strict65__blur_r1_p0_correct_3072", "latency_seconds": 0.6320159425958991, "progress": "203/260", "status": "ok"}
Setting `pad_token_id` to `eos_token_id`:151645 for open-end generation.
{"cell": "qwen3vl8b_seed31_strict65__blur_r1_p0_correct_3072", "latency_seconds": 0.8971717599779367, "progress": "204/260", "status": "ok"}
Setting `pad_token_id` to `eos_token_id`:151645 for open-end generation.
{"cell": "qwen3vl8b_seed31_strict65__blur_r1_p0_correct_3072", "latency_seconds": 0.6191183645278215, "progress": "205/260", "status": "ok"}
Setting `pad_token_id` to `eos_token_id`:151645 for open-end generation.
{"cell": "qwen3vl8b_seed31_strict65__blur_r1_p0_correct_3072", "latency_seconds": 0.6157052330672741, "progress": "206/260", "status": "ok"}
Setting `pad_token_id` to `eos_token_id`:151645 for open-end generation.
{"cell": "qwen3vl8b_seed31_strict65__blur_r1_p0_correct_3072", "latency_seconds": 0.6224596910178661, "progress": "207/260", "status": "ok"}
Setting `pad_token_id` to `eos_token_id`:151645 for open-end generation.
{"cell": "qwen3vl8b_seed31_strict65__blur_r1_p0_correct_3072", "latency_seconds": 0.6179553540423512, "progress": "208/260", "status": "ok"}
Setting `pad_token_id` to `eos_token_id`:151645 for open-end generation.
{"cell": "qwen3vl8b_seed31_strict65__blur_r1_p0_correct_3072", "latency_seconds": 0.6222502812743187, "progress": "209/260", "status": "ok"}
Setting `pad_token_id` to `eos_token_id`:151645 for open-end generation.
{"cell": "qwen3vl8b_seed31_strict65__blur_r1_p0_correct_3072", "latency_seconds": 0.6159680979326367, "progress": "210/260", "status": "ok"}
Setting `pad_token_id` to `eos_token_id`:151645 for open-end generation.
{"cell": "qwen3vl8b_seed31_strict65__blur_r1_p0_correct_3072", "latency_seconds": 0.6209282819181681, "progress": "211/260", "status": "ok"}
Setting `pad_token_id` to `eos_token_id`:151645 for open-end generation.
{"cell": "qwen3vl8b_seed31_strict65__blur_r1_p0_correct_3072", "latency_seconds": 0.757737779058516, "progress": "212/260", "status": "ok"}
Setting `pad_token_id` to `eos_token_id`:151645 for open-end generation.
{"cell": "qwen3vl8b_seed31_strict65__blur_r1_p0_correct_3072", "latency_seconds": 0.616742099635303, "progress": "213/260", "status": "ok"}
Setting `pad_token_id` to `eos_token_id`:151645 for open-end generation.
{"cell": "qwen3vl8b_seed31_strict65__blur_r1_p0_correct_3072", "latency_seconds": 0.6156558878719807, "progress": "214/260", "status": "ok"}
Setting `pad_token_id` to `eos_token_id`:151645 for open-end generation.
{"cell": "qwen3vl8b_seed31_strict65__blur_r1_p0_correct_3072", "latency_seconds": 0.6194697190076113, "progress": "215/260", "status": "ok"}
Setting `pad_token_id` to `eos_token_id`:151645 for open-end generation.
{"cell": "qwen3vl8b_seed31_strict65__blur_r1_p0_correct_3072", "latency_seconds": 0.9085246147587895, "progress": "216/260", "status": "ok"}
Setting `pad_token_id` to `eos_token_id`:151645 for open-end generation.
{"cell": "qwen3vl8b_seed31_strict65__blur_r1_p0_correct_3072", "latency_seconds": 0.6172633618116379, "progress": "217/260", "status": "ok"}
Setting `pad_token_id` to `eos_token_id`:151645 for open-end generation.
{"cell": "qwen3vl8b_seed31_strict65__blur_r1_p0_correct_3072", "latency_seconds": 0.6202733004465699, "progress": "218/260", "status": "ok"}
Setting `pad_token_id` to `eos_token_id`:151645 for open-end generation.
{"cell": "qwen3vl8b_seed31_strict65__blur_r1_p0_correct_3072", "latency_seconds": 0.6189001724123955, "progress": "219/260", "status": "ok"}
Setting `pad_token_id` to `eos_token_id`:151645 for open-end generation.
{"cell": "qwen3vl8b_seed31_strict65__blur_r1_p0_correct_3072", "latency_seconds": 0.7320749219506979, "progress": "220/260", "status": "ok"}
Setting `pad_token_id` to `eos_token_id`:151645 for open-end generation.
{"cell": "qwen3vl8b_seed31_strict65__blur_r1_p0_correct_3072", "latency_seconds": 0.6201316611841321, "progress": "221/260", "status": "ok"}
Setting `pad_token_id` to `eos_token_id`:151645 for open-end generation.
{"cell": "qwen3vl8b_seed31_strict65__blur_r1_p0_correct_3072", "latency_seconds": 0.6225222907960415, "progress": "222/260", "status": "ok"}
Setting `pad_token_id` to `eos_token_id`:151645 for open-end generation.
{"cell": "qwen3vl8b_seed31_strict65__blur_r1_p0_correct_3072", "latency_seconds": 0.6199265560135245, "progress": "223/260", "status": "ok"}
Setting `pad_token_id` to `eos_token_id`:151645 for open-end generation.
{"cell": "qwen3vl8b_seed31_strict65__blur_r1_p0_correct_3072", "latency_seconds": 1.6005775276571512, "progress": "224/260", "status": "ok"}
Setting `pad_token_id` to `eos_token_id`:151645 for open-end generation.
{"cell": "qwen3vl8b_seed31_strict65__blur_r1_p0_correct_3072", "latency_seconds": 0.6184604596346617, "progress": "225/260", "status": "ok"}
Setting `pad_token_id` to `eos_token_id`:151645 for open-end generation.
{"cell": "qwen3vl8b_seed31_strict65__blur_r1_p0_correct_3072", "latency_seconds": 0.6191486231982708, "progress": "226/260", "status": "ok"}
Setting `pad_token_id` to `eos_token_id`:151645 for open-end generation.
{"cell": "qwen3vl8b_seed31_strict65__blur_r1_p0_correct_3072", "latency_seconds": 0.6179380174726248, "progress": "227/260", "status": "ok"}
Setting `pad_token_id` to `eos_token_id`:151645 for open-end generation.
{"cell": "qwen3vl8b_seed31_strict65__blur_r1_p0_correct_3072", "latency_seconds": 0.6894485261291265, "progress": "228/260", "status": "ok"}
Setting `pad_token_id` to `eos_token_id`:151645 for open-end generation.
{"cell": "qwen3vl8b_seed31_strict65__blur_r1_p0_correct_3072", "latency_seconds": 0.6201675068587065, "progress": "229/260", "status": "ok"}
Setting `pad_token_id` to `eos_token_id`:151645 for open-end generation.
{"cell": "qwen3vl8b_seed31_strict65__blur_r1_p0_correct_3072", "latency_seconds": 0.6187626365572214, "progress": "230/260", "status": "ok"}
Setting `pad_token_id` to `eos_token_id`:151645 for open-end generation.
{"cell": "qwen3vl8b_seed31_strict65__blur_r1_p0_correct_3072", "latency_seconds": 0.6214954163879156, "progress": "231/260", "status": "ok"}
Setting `pad_token_id` to `eos_token_id`:151645 for open-end generation.
{"cell": "qwen3vl8b_seed31_strict65__blur_r1_p0_correct_3072", "latency_seconds": 1.1235970985144377, "progress": "232/260", "status": "ok"}
Setting `pad_token_id` to `eos_token_id`:151645 for open-end generation.
{"cell": "qwen3vl8b_seed31_strict65__blur_r1_p0_correct_3072", "latency_seconds": 0.6203201059252024, "progress": "233/260", "status": "ok"}
Setting `pad_token_id` to `eos_token_id`:151645 for open-end generation.
{"cell": "qwen3vl8b_seed31_strict65__blur_r1_p0_correct_3072", "latency_seconds": 0.618860156275332, "progress": "234/260", "status": "ok"}
Setting `pad_token_id` to `eos_token_id`:151645 for open-end generation.
{"cell": "qwen3vl8b_seed31_strict65__blur_r1_p0_correct_3072", "latency_seconds": 0.6181868873536587, "progress": "235/260", "status": "ok"}
Setting `pad_token_id` to `eos_token_id`:151645 for open-end generation.
{"cell": "qwen3vl8b_seed31_strict65__blur_r1_p0_correct_3072", "latency_seconds": 0.7534226225689054, "progress": "236/260", "status": "ok"}
Setting `pad_token_id` to `eos_token_id`:151645 for open-end generation.
{"cell": "qwen3vl8b_seed31_strict65__blur_r1_p0_correct_3072", "latency_seconds": 0.6185289984568954, "progress": "237/260", "status": "ok"}
Setting `pad_token_id` to `eos_token_id`:151645 for open-end generation.
{"cell": "qwen3vl8b_seed31_strict65__blur_r1_p0_correct_3072", "latency_seconds": 0.6226177448406816, "progress": "238/260", "status": "ok"}
Setting `pad_token_id` to `eos_token_id`:151645 for open-end generation.
{"cell": "qwen3vl8b_seed31_strict65__blur_r1_p0_correct_3072", "latency_seconds": 0.6194376610219479, "progress": "239/260", "status": "ok"}
Setting `pad_token_id` to `eos_token_id`:151645 for open-end generation.
{"cell": "qwen3vl8b_seed31_strict65__blur_r1_p0_correct_3072", "latency_seconds": 1.596213142387569, "progress": "240/260", "status": "ok"}
Setting `pad_token_id` to `eos_token_id`:151645 for open-end generation.
{"cell": "qwen3vl8b_seed31_strict65__blur_r1_p0_correct_3072", "latency_seconds": 0.6213348153978586, "progress": "241/260", "status": "ok"}
Setting `pad_token_id` to `eos_token_id`:151645 for open-end generation.
{"cell": "qwen3vl8b_seed31_strict65__blur_r1_p0_correct_3072", "latency_seconds": 0.6221783338114619, "progress": "242/260", "status": "ok"}
Setting `pad_token_id` to `eos_token_id`:151645 for open-end generation.
{"cell": "qwen3vl8b_seed31_strict65__blur_r1_p0_correct_3072", "latency_seconds": 0.6237313952296972, "progress": "243/260", "status": "ok"}
Setting `pad_token_id` to `eos_token_id`:151645 for open-end generation.
{"cell": "qwen3vl8b_seed31_strict65__blur_r1_p0_correct_3072", "latency_seconds": 0.75471031665802, "progress": "244/260", "status": "ok"}
Setting `pad_token_id` to `eos_token_id`:151645 for open-end generation.
{"cell": "qwen3vl8b_seed31_strict65__blur_r1_p0_correct_3072", "latency_seconds": 0.6210570642724633, "progress": "245/260", "status": "ok"}
Setting `pad_token_id` to `eos_token_id`:151645 for open-end generation.
{"cell": "qwen3vl8b_seed31_strict65__blur_r1_p0_correct_3072", "latency_seconds": 0.6218321966007352, "progress": "246/260", "status": "ok"}
Setting `pad_token_id` to `eos_token_id`:151645 for open-end generation.
{"cell": "qwen3vl8b_seed31_strict65__blur_r1_p0_correct_3072", "latency_seconds": 0.6317984219640493, "progress": "247/260", "status": "ok"}
Setting `pad_token_id` to `eos_token_id`:151645 for open-end generation.
{"cell": "qwen3vl8b_seed31_strict65__blur_r1_p0_correct_3072", "latency_seconds": 1.1200111554935575, "progress": "248/260", "status": "ok"}
Setting `pad_token_id` to `eos_token_id`:151645 for open-end generation.
{"cell": "qwen3vl8b_seed31_strict65__blur_r1_p0_correct_3072", "latency_seconds": 0.6196961319074035, "progress": "249/260", "status": "ok"}
Setting `pad_token_id` to `eos_token_id`:151645 for open-end generation.
{"cell": "qwen3vl8b_seed31_strict65__blur_r1_p0_correct_3072", "latency_seconds": 0.6187492571771145, "progress": "250/260", "status": "ok"}
Setting `pad_token_id` to `eos_token_id`:151645 for open-end generation.
{"cell": "qwen3vl8b_seed31_strict65__blur_r1_p0_correct_3072", "latency_seconds": 0.6206323569640517, "progress": "251/260", "status": "ok"}
Setting `pad_token_id` to `eos_token_id`:151645 for open-end generation.
{"cell": "qwen3vl8b_seed31_strict65__blur_r1_p0_correct_3072", "latency_seconds": 1.1188373416662216, "progress": "252/260", "status": "ok"}
Setting `pad_token_id` to `eos_token_id`:151645 for open-end generation.
{"cell": "qwen3vl8b_seed31_strict65__blur_r1_p0_correct_3072", "latency_seconds": 0.6211813259869814, "progress": "253/260", "status": "ok"}
Setting `pad_token_id` to `eos_token_id`:151645 for open-end generation.
{"cell": "qwen3vl8b_seed31_strict65__blur_r1_p0_correct_3072", "latency_seconds": 0.6216107029467821, "progress": "254/260", "status": "ok"}
Setting `pad_token_id` to `eos_token_id`:151645 for open-end generation.
{"cell": "qwen3vl8b_seed31_strict65__blur_r1_p0_correct_3072", "latency_seconds": 0.6169370301067829, "progress": "255/260", "status": "ok"}
Setting `pad_token_id` to `eos_token_id`:151645 for open-end generation.
{"cell": "qwen3vl8b_seed31_strict65__blur_r1_p0_correct_3072", "latency_seconds": 0.7583734057843685, "progress": "256/260", "status": "ok"}
Setting `pad_token_id` to `eos_token_id`:151645 for open-end generation.
{"cell": "qwen3vl8b_seed31_strict65__blur_r1_p0_correct_3072", "latency_seconds": 0.6202640431001782, "progress": "257/260", "status": "ok"}
Setting `pad_token_id` to `eos_token_id`:151645 for open-end generation.
{"cell": "qwen3vl8b_seed31_strict65__blur_r1_p0_correct_3072", "latency_seconds": 0.6201106226071715, "progress": "258/260", "status": "ok"}
Setting `pad_token_id` to `eos_token_id`:151645 for open-end generation.
{"cell": "qwen3vl8b_seed31_strict65__blur_r1_p0_correct_3072", "latency_seconds": 0.6206014202907681, "progress": "259/260", "status": "ok"}
Setting `pad_token_id` to `eos_token_id`:151645 for open-end generation.
{"cell": "qwen3vl8b_seed31_strict65__blur_r1_p0_correct_3072", "latency_seconds": 0.620749999769032, "progress": "260/260", "status": "ok"}
Setting `pad_token_id` to `eos_token_id`:151645 for open-end generation.
{"cell": "qwen3vl8b_seed31_strict65__downsample_s075_p0_correct_3072", "latency_seconds": 0.622048451565206, "progress": "1/260", "status": "ok"}
Setting `pad_token_id` to `eos_token_id`:151645 for open-end generation.
{"cell": "qwen3vl8b_seed31_strict65__downsample_s075_p0_correct_3072", "latency_seconds": 0.6191797396168113, "progress": "2/260", "status": "ok"}
Setting `pad_token_id` to `eos_token_id`:151645 for open-end generation.
{"cell": "qwen3vl8b_seed31_strict65__downsample_s075_p0_correct_3072", "latency_seconds": 0.6337162684649229, "progress": "3/260", "status": "ok"}
Setting `pad_token_id` to `eos_token_id`:151645 for open-end generation.
{"cell": "qwen3vl8b_seed31_strict65__downsample_s075_p0_correct_3072", "latency_seconds": 1.8677331637591124, "progress": "4/260", "status": "ok"}
Setting `pad_token_id` to `eos_token_id`:151645 for open-end generation.
{"cell": "qwen3vl8b_seed31_strict65__downsample_s075_p0_correct_3072", "latency_seconds": 0.6234114319086075, "progress": "5/260", "status": "ok"}
Setting `pad_token_id` to `eos_token_id`:151645 for open-end generation.
{"cell": "qwen3vl8b_seed31_strict65__downsample_s075_p0_correct_3072", "latency_seconds": 0.633267062716186, "progress": "6/260", "status": "ok"}
Setting `pad_token_id` to `eos_token_id`:151645 for open-end generation.
{"cell": "qwen3vl8b_seed31_strict65__downsample_s075_p0_correct_3072", "latency_seconds": 0.6200794484466314, "progress": "7/260", "status": "ok"}
Setting `pad_token_id` to `eos_token_id`:151645 for open-end generation.
{"cell": "qwen3vl8b_seed31_strict65__downsample_s075_p0_correct_3072", "latency_seconds": 1.1455517457798123, "progress": "8/260", "status": "ok"}
Setting `pad_token_id` to `eos_token_id`:151645 for open-end generation.
{"cell": "qwen3vl8b_seed31_strict65__downsample_s075_p0_correct_3072", "latency_seconds": 0.6199087705463171, "progress": "9/260", "status": "ok"}
Setting `pad_token_id` to `eos_token_id`:151645 for open-end generation.
{"cell": "qwen3vl8b_seed31_strict65__downsample_s075_p0_correct_3072", "latency_seconds": 0.6198960011824965, "progress": "10/260", "status": "ok"}
Setting `pad_token_id` to `eos_token_id`:151645 for open-end generation.
{"cell": "qwen3vl8b_seed31_strict65__downsample_s075_p0_correct_3072", "latency_seconds": 0.6183508411049843, "progress": "11/260", "status": "ok"}
Setting `pad_token_id` to `eos_token_id`:151645 for open-end generation.
{"cell": "qwen3vl8b_seed31_strict65__downsample_s075_p0_correct_3072", "latency_seconds": 0.6199460364878178, "progress": "12/260", "status": "ok"}
Setting `pad_token_id` to `eos_token_id`:151645 for open-end generation.
{"cell": "qwen3vl8b_seed31_strict65__downsample_s075_p0_correct_3072", "latency_seconds": 0.6178836785256863, "progress": "13/260", "status": "ok"}
Setting `pad_token_id` to `eos_token_id`:151645 for open-end generation.
{"cell": "qwen3vl8b_seed31_strict65__downsample_s075_p0_correct_3072", "latency_seconds": 0.6386194108054042, "progress": "14/260", "status": "ok"}
Setting `pad_token_id` to `eos_token_id`:151645 for open-end generation.
{"cell": "qwen3vl8b_seed31_strict65__downsample_s075_p0_correct_3072", "latency_seconds": 0.618369322270155, "progress": "15/260", "status": "ok"}
Setting `pad_token_id` to `eos_token_id`:151645 for open-end generation.
{"cell": "qwen3vl8b_seed31_strict65__downsample_s075_p0_correct_3072", "latency_seconds": 0.9411340691149235, "progress": "16/260", "status": "ok"}
Setting `pad_token_id` to `eos_token_id`:151645 for open-end generation.
{"cell": "qwen3vl8b_seed31_strict65__downsample_s075_p0_correct_3072", "latency_seconds": 0.6203691782429814, "progress": "17/260", "status": "ok"}
Setting `pad_token_id` to `eos_token_id`:151645 for open-end generation.
{"cell": "qwen3vl8b_seed31_strict65__downsample_s075_p0_correct_3072", "latency_seconds": 0.6172097930684686, "progress": "18/260", "status": "ok"}
Setting `pad_token_id` to `eos_token_id`:151645 for open-end generation.
{"cell": "qwen3vl8b_seed31_strict65__downsample_s075_p0_correct_3072", "latency_seconds": 0.6209875680506229, "progress": "19/260", "status": "ok"}
Setting `pad_token_id` to `eos_token_id`:151645 for open-end generation.
{"cell": "qwen3vl8b_seed31_strict65__downsample_s075_p0_correct_3072", "latency_seconds": 0.7558692479506135, "progress": "20/260", "status": "ok"}
Setting `pad_token_id` to `eos_token_id`:151645 for open-end generation.
{"cell": "qwen3vl8b_seed31_strict65__downsample_s075_p0_correct_3072", "latency_seconds": 0.6209585284814239, "progress": "21/260", "status": "ok"}
Setting `pad_token_id` to `eos_token_id`:151645 for open-end generation.
{"cell": "qwen3vl8b_seed31_strict65__downsample_s075_p0_correct_3072", "latency_seconds": 0.9819147158414125, "progress": "22/260", "status": "ok"}
Setting `pad_token_id` to `eos_token_id`:151645 for open-end generation.
{"cell": "qwen3vl8b_seed31_strict65__downsample_s075_p0_correct_3072", "latency_seconds": 0.623352525755763, "progress": "23/260", "status": "ok"}
Setting `pad_token_id` to `eos_token_id`:151645 for open-end generation.
{"cell": "qwen3vl8b_seed31_strict65__downsample_s075_p0_correct_3072", "latency_seconds": 1.2926006875932217, "progress": "24/260", "status": "ok"}
Setting `pad_token_id` to `eos_token_id`:151645 for open-end generation.
{"cell": "qwen3vl8b_seed31_strict65__downsample_s075_p0_correct_3072", "latency_seconds": 0.625781069509685, "progress": "25/260", "status": "ok"}
Setting `pad_token_id` to `eos_token_id`:151645 for open-end generation.
{"cell": "qwen3vl8b_seed31_strict65__downsample_s075_p0_correct_3072", "latency_seconds": 0.6188918417319655, "progress": "26/260", "status": "ok"}
Setting `pad_token_id` to `eos_token_id`:151645 for open-end generation.
{"cell": "qwen3vl8b_seed31_strict65__downsample_s075_p0_correct_3072", "latency_seconds": 0.6199692562222481, "progress": "27/260", "status": "ok"}
Setting `pad_token_id` to `eos_token_id`:151645 for open-end generation.
{"cell": "qwen3vl8b_seed31_strict65__downsample_s075_p0_correct_3072", "latency_seconds": 0.7332994500175118, "progress": "28/260", "status": "ok"}
Setting `pad_token_id` to `eos_token_id`:151645 for open-end generation.
{"cell": "qwen3vl8b_seed31_strict65__downsample_s075_p0_correct_3072", "latency_seconds": 0.6225279532372952, "progress": "29/260", "status": "ok"}
Setting `pad_token_id` to `eos_token_id`:151645 for open-end generation.
{"cell": "qwen3vl8b_seed31_strict65__downsample_s075_p0_correct_3072", "latency_seconds": 0.6449680430814624, "progress": "30/260", "status": "ok"}
Setting `pad_token_id` to `eos_token_id`:151645 for open-end generation.
{"cell": "qwen3vl8b_seed31_strict65__downsample_s075_p0_correct_3072", "latency_seconds": 0.6232463773339987, "progress": "31/260", "status": "ok"}
Setting `pad_token_id` to `eos_token_id`:151645 for open-end generation.
{"cell": "qwen3vl8b_seed31_strict65__downsample_s075_p0_correct_3072", "latency_seconds": 1.126797935925424, "progress": "32/260", "status": "ok"}
Setting `pad_token_id` to `eos_token_id`:151645 for open-end generation.
{"cell": "qwen3vl8b_seed31_strict65__downsample_s075_p0_correct_3072", "latency_seconds": 0.6172960884869099, "progress": "33/260", "status": "ok"}
Setting `pad_token_id` to `eos_token_id`:151645 for open-end generation.
{"cell": "qwen3vl8b_seed31_strict65__downsample_s075_p0_correct_3072", "latency_seconds": 1.0152547908946872, "progress": "34/260", "status": "ok"}
Setting `pad_token_id` to `eos_token_id`:151645 for open-end generation.
{"cell": "qwen3vl8b_seed31_strict65__downsample_s075_p0_correct_3072", "latency_seconds": 0.624111638404429, "progress": "35/260", "status": "ok"}
Setting `pad_token_id` to `eos_token_id`:151645 for open-end generation.
{"cell": "qwen3vl8b_seed31_strict65__downsample_s075_p0_correct_3072", "latency_seconds": 0.7342224605381489, "progress": "36/260", "status": "ok"}
Setting `pad_token_id` to `eos_token_id`:151645 for open-end generation.
{"cell": "qwen3vl8b_seed31_strict65__downsample_s075_p0_correct_3072", "latency_seconds": 0.6297931801527739, "progress": "37/260", "status": "ok"}
Setting `pad_token_id` to `eos_token_id`:151645 for open-end generation.
{"cell": "qwen3vl8b_seed31_strict65__downsample_s075_p0_correct_3072", "latency_seconds": 0.6230741171166301, "progress": "38/260", "status": "ok"}
Setting `pad_token_id` to `eos_token_id`:151645 for open-end generation.
{"cell": "qwen3vl8b_seed31_strict65__downsample_s075_p0_correct_3072", "latency_seconds": 0.6181870400905609, "progress": "39/260", "status": "ok"}
Setting `pad_token_id` to `eos_token_id`:151645 for open-end generation.
{"cell": "qwen3vl8b_seed31_strict65__downsample_s075_p0_correct_3072", "latency_seconds": 0.7848051721230149, "progress": "40/260", "status": "ok"}
Setting `pad_token_id` to `eos_token_id`:151645 for open-end generation.
{"cell": "qwen3vl8b_seed31_strict65__downsample_s075_p0_correct_3072", "latency_seconds": 0.6217875704169273, "progress": "41/260", "status": "ok"}
Setting `pad_token_id` to `eos_token_id`:151645 for open-end generation.
{"cell": "qwen3vl8b_seed31_strict65__downsample_s075_p0_correct_3072", "latency_seconds": 0.6409110222011805, "progress": "42/260", "status": "ok"}
Setting `pad_token_id` to `eos_token_id`:151645 for open-end generation.
{"cell": "qwen3vl8b_seed31_strict65__downsample_s075_p0_correct_3072", "latency_seconds": 0.6194001166149974, "progress": "43/260", "status": "ok"}
Setting `pad_token_id` to `eos_token_id`:151645 for open-end generation.
{"cell": "qwen3vl8b_seed31_strict65__downsample_s075_p0_correct_3072", "latency_seconds": 1.8754960829392076, "progress": "44/260", "status": "ok"}
Setting `pad_token_id` to `eos_token_id`:151645 for open-end generation.
{"cell": "qwen3vl8b_seed31_strict65__downsample_s075_p0_correct_3072", "latency_seconds": 0.6187523463740945, "progress": "45/260", "status": "ok"}
Setting `pad_token_id` to `eos_token_id`:151645 for open-end generation.
{"cell": "qwen3vl8b_seed31_strict65__downsample_s075_p0_correct_3072", "latency_seconds": 0.6199974929913878, "progress": "46/260", "status": "ok"}
Setting `pad_token_id` to `eos_token_id`:151645 for open-end generation.
{"cell": "qwen3vl8b_seed31_strict65__downsample_s075_p0_correct_3072", "latency_seconds": 0.6199371730908751, "progress": "47/260", "status": "ok"}
Setting `pad_token_id` to `eos_token_id`:151645 for open-end generation.
{"cell": "qwen3vl8b_seed31_strict65__downsample_s075_p0_correct_3072", "latency_seconds": 1.0775323435664177, "progress": "48/260", "status": "ok"}
Setting `pad_token_id` to `eos_token_id`:151645 for open-end generation.
{"cell": "qwen3vl8b_seed31_strict65__downsample_s075_p0_correct_3072", "latency_seconds": 0.6237121345475316, "progress": "49/260", "status": "ok"}
Setting `pad_token_id` to `eos_token_id`:151645 for open-end generation.
{"cell": "qwen3vl8b_seed31_strict65__downsample_s075_p0_correct_3072", "latency_seconds": 0.6221218015998602, "progress": "50/260", "status": "ok"}
Setting `pad_token_id` to `eos_token_id`:151645 for open-end generation.
{"cell": "qwen3vl8b_seed31_strict65__downsample_s075_p0_correct_3072", "latency_seconds": 0.6207222528755665, "progress": "51/260", "status": "ok"}
Setting `pad_token_id` to `eos_token_id`:151645 for open-end generation.
{"cell": "qwen3vl8b_seed31_strict65__downsample_s075_p0_correct_3072", "latency_seconds": 0.6655178861692548, "progress": "52/260", "status": "ok"}
Setting `pad_token_id` to `eos_token_id`:151645 for open-end generation.
{"cell": "qwen3vl8b_seed31_strict65__downsample_s075_p0_correct_3072", "latency_seconds": 0.61940798163414, "progress": "53/260", "status": "ok"}
Setting `pad_token_id` to `eos_token_id`:151645 for open-end generation.
{"cell": "qwen3vl8b_seed31_strict65__downsample_s075_p0_correct_3072", "latency_seconds": 0.6522266231477261, "progress": "54/260", "status": "ok"}
Setting `pad_token_id` to `eos_token_id`:151645 for open-end generation.
{"cell": "qwen3vl8b_seed31_strict65__downsample_s075_p0_correct_3072", "latency_seconds": 0.6225416492670774, "progress": "55/260", "status": "ok"}
Setting `pad_token_id` to `eos_token_id`:151645 for open-end generation.
{"cell": "qwen3vl8b_seed31_strict65__downsample_s075_p0_correct_3072", "latency_seconds": 0.7550952034071088, "progress": "56/260", "status": "ok"}
Setting `pad_token_id` to `eos_token_id`:151645 for open-end generation.
{"cell": "qwen3vl8b_seed31_strict65__downsample_s075_p0_correct_3072", "latency_seconds": 0.6208670809864998, "progress": "57/260", "status": "ok"}
Setting `pad_token_id` to `eos_token_id`:151645 for open-end generation.
{"cell": "qwen3vl8b_seed31_strict65__downsample_s075_p0_correct_3072", "latency_seconds": 0.6453024679794908, "progress": "58/260", "status": "ok"}
Setting `pad_token_id` to `eos_token_id`:151645 for open-end generation.
{"cell": "qwen3vl8b_seed31_strict65__downsample_s075_p0_correct_3072", "latency_seconds": 0.6271289065480232, "progress": "59/260", "status": "ok"}
Setting `pad_token_id` to `eos_token_id`:151645 for open-end generation.
{"cell": "qwen3vl8b_seed31_strict65__downsample_s075_p0_correct_3072", "latency_seconds": 1.6947452034801245, "progress": "60/260", "status": "ok"}
Setting `pad_token_id` to `eos_token_id`:151645 for open-end generation.
{"cell": "qwen3vl8b_seed31_strict65__downsample_s075_p0_correct_3072", "latency_seconds": 0.6229022303596139, "progress": "61/260", "status": "ok"}
Setting `pad_token_id` to `eos_token_id`:151645 for open-end generation.
{"cell": "qwen3vl8b_seed31_strict65__downsample_s075_p0_correct_3072", "latency_seconds": 0.6188690541312099, "progress": "62/260", "status": "ok"}
Setting `pad_token_id` to `eos_token_id`:151645 for open-end generation.
{"cell": "qwen3vl8b_seed31_strict65__downsample_s075_p0_correct_3072", "latency_seconds": 0.6231008563190699, "progress": "63/260", "status": "ok"}
Setting `pad_token_id` to `eos_token_id`:151645 for open-end generation.
{"cell": "qwen3vl8b_seed31_strict65__downsample_s075_p0_correct_3072", "latency_seconds": 0.9385389676317573, "progress": "64/260", "status": "ok"}
Setting `pad_token_id` to `eos_token_id`:151645 for open-end generation.
{"cell": "qwen3vl8b_seed31_strict65__downsample_s075_p0_correct_3072", "latency_seconds": 0.621112703345716, "progress": "65/260", "status": "ok"}
Setting `pad_token_id` to `eos_token_id`:151645 for open-end generation.
{"cell": "qwen3vl8b_seed31_strict65__downsample_s075_p0_correct_3072", "latency_seconds": 0.618901289999485, "progress": "66/260", "status": "ok"}
Setting `pad_token_id` to `eos_token_id`:151645 for open-end generation.
{"cell": "qwen3vl8b_seed31_strict65__downsample_s075_p0_correct_3072", "latency_seconds": 0.6229665838181973, "progress": "67/260", "status": "ok"}
Setting `pad_token_id` to `eos_token_id`:151645 for open-end generation.
{"cell": "qwen3vl8b_seed31_strict65__downsample_s075_p0_correct_3072", "latency_seconds": 1.9786155382171273, "progress": "68/260", "status": "ok"}
Setting `pad_token_id` to `eos_token_id`:151645 for open-end generation.
{"cell": "qwen3vl8b_seed31_strict65__downsample_s075_p0_correct_3072", "latency_seconds": 0.6220238311216235, "progress": "69/260", "status": "ok"}
Setting `pad_token_id` to `eos_token_id`:151645 for open-end generation.
{"cell": "qwen3vl8b_seed31_strict65__downsample_s075_p0_correct_3072", "latency_seconds": 0.6360221682116389, "progress": "70/260", "status": "ok"}
Setting `pad_token_id` to `eos_token_id`:151645 for open-end generation.
{"cell": "qwen3vl8b_seed31_strict65__downsample_s075_p0_correct_3072", "latency_seconds": 0.6197209069505334, "progress": "71/260", "status": "ok"}
Setting `pad_token_id` to `eos_token_id`:151645 for open-end generation.
{"cell": "qwen3vl8b_seed31_strict65__downsample_s075_p0_correct_3072", "latency_seconds": 3.2258983636274934, "progress": "72/260", "status": "ok"}
Setting `pad_token_id` to `eos_token_id`:151645 for open-end generation.
{"cell": "qwen3vl8b_seed31_strict65__downsample_s075_p0_correct_3072", "latency_seconds": 0.6154498411342502, "progress": "73/260", "status": "ok"}
Setting `pad_token_id` to `eos_token_id`:151645 for open-end generation.
{"cell": "qwen3vl8b_seed31_strict65__downsample_s075_p0_correct_3072", "latency_seconds": 0.6196730472147465, "progress": "74/260", "status": "ok"}
Setting `pad_token_id` to `eos_token_id`:151645 for open-end generation.
{"cell": "qwen3vl8b_seed31_strict65__downsample_s075_p0_correct_3072", "latency_seconds": 0.6212642109021544, "progress": "75/260", "status": "ok"}
Setting `pad_token_id` to `eos_token_id`:151645 for open-end generation.
{"cell": "qwen3vl8b_seed31_strict65__downsample_s075_p0_correct_3072", "latency_seconds": 1.5145424865186214, "progress": "76/260", "status": "ok"}
Setting `pad_token_id` to `eos_token_id`:151645 for open-end generation.
{"cell": "qwen3vl8b_seed31_strict65__downsample_s075_p0_correct_3072", "latency_seconds": 0.6187667734920979, "progress": "77/260", "status": "ok"}
Setting `pad_token_id` to `eos_token_id`:151645 for open-end generation.
{"cell": "qwen3vl8b_seed31_strict65__downsample_s075_p0_correct_3072", "latency_seconds": 0.6427484154701233, "progress": "78/260", "status": "ok"}
Setting `pad_token_id` to `eos_token_id`:151645 for open-end generation.
{"cell": "qwen3vl8b_seed31_strict65__downsample_s075_p0_correct_3072", "latency_seconds": 0.6220575971528888, "progress": "79/260", "status": "ok"}
Setting `pad_token_id` to `eos_token_id`:151645 for open-end generation.
{"cell": "qwen3vl8b_seed31_strict65__downsample_s075_p0_correct_3072", "latency_seconds": 1.541270699352026, "progress": "80/260", "status": "ok"}
Setting `pad_token_id` to `eos_token_id`:151645 for open-end generation.
{"cell": "qwen3vl8b_seed31_strict65__downsample_s075_p0_correct_3072", "latency_seconds": 0.6222082702443004, "progress": "81/260", "status": "ok"}
Setting `pad_token_id` to `eos_token_id`:151645 for open-end generation.
{"cell": "qwen3vl8b_seed31_strict65__downsample_s075_p0_correct_3072", "latency_seconds": 0.6208802480250597, "progress": "82/260", "status": "ok"}
Setting `pad_token_id` to `eos_token_id`:151645 for open-end generation.
{"cell": "qwen3vl8b_seed31_strict65__downsample_s075_p0_correct_3072", "latency_seconds": 0.6204988844692707, "progress": "83/260", "status": "ok"}
Setting `pad_token_id` to `eos_token_id`:151645 for open-end generation.
{"cell": "qwen3vl8b_seed31_strict65__downsample_s075_p0_correct_3072", "latency_seconds": 1.3339813202619553, "progress": "84/260", "status": "ok"}
Setting `pad_token_id` to `eos_token_id`:151645 for open-end generation.
{"cell": "qwen3vl8b_seed31_strict65__downsample_s075_p0_correct_3072", "latency_seconds": 0.6213045949116349, "progress": "85/260", "status": "ok"}
Setting `pad_token_id` to `eos_token_id`:151645 for open-end generation.
{"cell": "qwen3vl8b_seed31_strict65__downsample_s075_p0_correct_3072", "latency_seconds": 0.6203997749835253, "progress": "86/260", "status": "ok"}
Setting `pad_token_id` to `eos_token_id`:151645 for open-end generation.
{"cell": "qwen3vl8b_seed31_strict65__downsample_s075_p0_correct_3072", "latency_seconds": 0.6204200396314263, "progress": "87/260", "status": "ok"}
Setting `pad_token_id` to `eos_token_id`:151645 for open-end generation.
{"cell": "qwen3vl8b_seed31_strict65__downsample_s075_p0_correct_3072", "latency_seconds": 0.9412401681765914, "progress": "88/260", "status": "ok"}
Setting `pad_token_id` to `eos_token_id`:151645 for open-end generation.
{"cell": "qwen3vl8b_seed31_strict65__downsample_s075_p0_correct_3072", "latency_seconds": 0.6198361413553357, "progress": "89/260", "status": "ok"}
Setting `pad_token_id` to `eos_token_id`:151645 for open-end generation.
{"cell": "qwen3vl8b_seed31_strict65__downsample_s075_p0_correct_3072", "latency_seconds": 0.9924376383423805, "progress": "90/260", "status": "ok"}
Setting `pad_token_id` to `eos_token_id`:151645 for open-end generation.
{"cell": "qwen3vl8b_seed31_strict65__downsample_s075_p0_correct_3072", "latency_seconds": 0.6217768788337708, "progress": "91/260", "status": "ok"}
Setting `pad_token_id` to `eos_token_id`:151645 for open-end generation.
{"cell": "qwen3vl8b_seed31_strict65__downsample_s075_p0_correct_3072", "latency_seconds": 1.0077703660354018, "progress": "92/260", "status": "ok"}
Setting `pad_token_id` to `eos_token_id`:151645 for open-end generation.
{"cell": "qwen3vl8b_seed31_strict65__downsample_s075_p0_correct_3072", "latency_seconds": 0.6205974398180842, "progress": "93/260", "status": "ok"}
Setting `pad_token_id` to `eos_token_id`:151645 for open-end generation.
{"cell": "qwen3vl8b_seed31_strict65__downsample_s075_p0_correct_3072", "latency_seconds": 0.6225544773042202, "progress": "94/260", "status": "ok"}
Setting `pad_token_id` to `eos_token_id`:151645 for open-end generation.
{"cell": "qwen3vl8b_seed31_strict65__downsample_s075_p0_correct_3072", "latency_seconds": 0.6182161774486303, "progress": "95/260", "status": "ok"}
Setting `pad_token_id` to `eos_token_id`:151645 for open-end generation.
{"cell": "qwen3vl8b_seed31_strict65__downsample_s075_p0_correct_3072", "latency_seconds": 1.1145602380856872, "progress": "96/260", "status": "ok"}
Setting `pad_token_id` to `eos_token_id`:151645 for open-end generation.
{"cell": "qwen3vl8b_seed31_strict65__downsample_s075_p0_correct_3072", "latency_seconds": 0.6210307292640209, "progress": "97/260", "status": "ok"}
Setting `pad_token_id` to `eos_token_id`:151645 for open-end generation.
{"cell": "qwen3vl8b_seed31_strict65__downsample_s075_p0_correct_3072", "latency_seconds": 0.6202018652111292, "progress": "98/260", "status": "ok"}
Setting `pad_token_id` to `eos_token_id`:151645 for open-end generation.
{"cell": "qwen3vl8b_seed31_strict65__downsample_s075_p0_correct_3072", "latency_seconds": 0.6230738218873739, "progress": "99/260", "status": "ok"}
Setting `pad_token_id` to `eos_token_id`:151645 for open-end generation.
{"cell": "qwen3vl8b_seed31_strict65__downsample_s075_p0_correct_3072", "latency_seconds": 3.7740590292960405, "progress": "100/260", "status": "ok"}
Setting `pad_token_id` to `eos_token_id`:151645 for open-end generation.
{"cell": "qwen3vl8b_seed31_strict65__downsample_s075_p0_correct_3072", "latency_seconds": 0.6189171271398664, "progress": "101/260", "status": "ok"}
Setting `pad_token_id` to `eos_token_id`:151645 for open-end generation.
{"cell": "qwen3vl8b_seed31_strict65__downsample_s075_p0_correct_3072", "latency_seconds": 0.6232886202633381, "progress": "102/260", "status": "ok"}
Setting `pad_token_id` to `eos_token_id`:151645 for open-end generation.
{"cell": "qwen3vl8b_seed31_strict65__downsample_s075_p0_correct_3072", "latency_seconds": 0.618069906719029, "progress": "103/260", "status": "ok"}
Setting `pad_token_id` to `eos_token_id`:151645 for open-end generation.
{"cell": "qwen3vl8b_seed31_strict65__downsample_s075_p0_correct_3072", "latency_seconds": 12.45159522164613, "progress": "104/260", "status": "ok"}
Setting `pad_token_id` to `eos_token_id`:151645 for open-end generation.
{"cell": "qwen3vl8b_seed31_strict65__downsample_s075_p0_correct_3072", "latency_seconds": 0.6232310552150011, "progress": "105/260", "status": "ok"}
Setting `pad_token_id` to `eos_token_id`:151645 for open-end generation.
{"cell": "qwen3vl8b_seed31_strict65__downsample_s075_p0_correct_3072", "latency_seconds": 0.620099812746048, "progress": "106/260", "status": "ok"}
Setting `pad_token_id` to `eos_token_id`:151645 for open-end generation.
{"cell": "qwen3vl8b_seed31_strict65__downsample_s075_p0_correct_3072", "latency_seconds": 0.6172536071389914, "progress": "107/260", "status": "ok"}
Setting `pad_token_id` to `eos_token_id`:151645 for open-end generation.
{"cell": "qwen3vl8b_seed31_strict65__downsample_s075_p0_correct_3072", "latency_seconds": 3.1198035422712564, "progress": "108/260", "status": "ok"}
Setting `pad_token_id` to `eos_token_id`:151645 for open-end generation.
{"cell": "qwen3vl8b_seed31_strict65__downsample_s075_p0_correct_3072", "latency_seconds": 0.6219381662085652, "progress": "109/260", "status": "ok"}
Setting `pad_token_id` to `eos_token_id`:151645 for open-end generation.
{"cell": "qwen3vl8b_seed31_strict65__downsample_s075_p0_correct_3072", "latency_seconds": 0.620003717020154, "progress": "110/260", "status": "ok"}
Setting `pad_token_id` to `eos_token_id`:151645 for open-end generation.
{"cell": "qwen3vl8b_seed31_strict65__downsample_s075_p0_correct_3072", "latency_seconds": 0.6176507202908397, "progress": "111/260", "status": "ok"}
Setting `pad_token_id` to `eos_token_id`:151645 for open-end generation.
{"cell": "qwen3vl8b_seed31_strict65__downsample_s075_p0_correct_3072", "latency_seconds": 0.7553840642794967, "progress": "112/260", "status": "ok"}
Setting `pad_token_id` to `eos_token_id`:151645 for open-end generation.
{"cell": "qwen3vl8b_seed31_strict65__downsample_s075_p0_correct_3072", "latency_seconds": 0.6193316346034408, "progress": "113/260", "status": "ok"}
Setting `pad_token_id` to `eos_token_id`:151645 for open-end generation.
{"cell": "qwen3vl8b_seed31_strict65__downsample_s075_p0_correct_3072", "latency_seconds": 0.6184206679463387, "progress": "114/260", "status": "ok"}
Setting `pad_token_id` to `eos_token_id`:151645 for open-end generation.
{"cell": "qwen3vl8b_seed31_strict65__downsample_s075_p0_correct_3072", "latency_seconds": 0.6174799650907516, "progress": "115/260", "status": "ok"}
Setting `pad_token_id` to `eos_token_id`:151645 for open-end generation.
{"cell": "qwen3vl8b_seed31_strict65__downsample_s075_p0_correct_3072", "latency_seconds": 3.0734673105180264, "progress": "116/260", "status": "ok"}
Setting `pad_token_id` to `eos_token_id`:151645 for open-end generation.
{"cell": "qwen3vl8b_seed31_strict65__downsample_s075_p0_correct_3072", "latency_seconds": 0.6158385472372174, "progress": "117/260", "status": "ok"}
Setting `pad_token_id` to `eos_token_id`:151645 for open-end generation.
{"cell": "qwen3vl8b_seed31_strict65__downsample_s075_p0_correct_3072", "latency_seconds": 0.6430157981812954, "progress": "118/260", "status": "ok"}
Setting `pad_token_id` to `eos_token_id`:151645 for open-end generation.
{"cell": "qwen3vl8b_seed31_strict65__downsample_s075_p0_correct_3072", "latency_seconds": 0.618175788782537, "progress": "119/260", "status": "ok"}
Setting `pad_token_id` to `eos_token_id`:151645 for open-end generation.
{"cell": "qwen3vl8b_seed31_strict65__downsample_s075_p0_correct_3072", "latency_seconds": 0.9368294673040509, "progress": "120/260", "status": "ok"}
Setting `pad_token_id` to `eos_token_id`:151645 for open-end generation.
{"cell": "qwen3vl8b_seed31_strict65__downsample_s075_p0_correct_3072", "latency_seconds": 0.6197643987834454, "progress": "121/260", "status": "ok"}
Setting `pad_token_id` to `eos_token_id`:151645 for open-end generation.
{"cell": "qwen3vl8b_seed31_strict65__downsample_s075_p0_correct_3072", "latency_seconds": 0.6191810630261898, "progress": "122/260", "status": "ok"}
Setting `pad_token_id` to `eos_token_id`:151645 for open-end generation.
{"cell": "qwen3vl8b_seed31_strict65__downsample_s075_p0_correct_3072", "latency_seconds": 0.6193674309179187, "progress": "123/260", "status": "ok"}
Setting `pad_token_id` to `eos_token_id`:151645 for open-end generation.
{"cell": "qwen3vl8b_seed31_strict65__downsample_s075_p0_correct_3072", "latency_seconds": 0.7297589518129826, "progress": "124/260", "status": "ok"}
Setting `pad_token_id` to `eos_token_id`:151645 for open-end generation.
{"cell": "qwen3vl8b_seed31_strict65__downsample_s075_p0_correct_3072", "latency_seconds": 0.6197735592722893, "progress": "125/260", "status": "ok"}
Setting `pad_token_id` to `eos_token_id`:151645 for open-end generation.
{"cell": "qwen3vl8b_seed31_strict65__downsample_s075_p0_correct_3072", "latency_seconds": 0.6212585084140301, "progress": "126/260", "status": "ok"}
Setting `pad_token_id` to `eos_token_id`:151645 for open-end generation.
{"cell": "qwen3vl8b_seed31_strict65__downsample_s075_p0_correct_3072", "latency_seconds": 0.6228566756471992, "progress": "127/260", "status": "ok"}
Setting `pad_token_id` to `eos_token_id`:151645 for open-end generation.
{"cell": "qwen3vl8b_seed31_strict65__downsample_s075_p0_correct_3072", "latency_seconds": 0.6205600127577782, "progress": "128/260", "status": "ok"}
Setting `pad_token_id` to `eos_token_id`:151645 for open-end generation.
{"cell": "qwen3vl8b_seed31_strict65__downsample_s075_p0_correct_3072", "latency_seconds": 0.618869174271822, "progress": "129/260", "status": "ok"}
Setting `pad_token_id` to `eos_token_id`:151645 for open-end generation.
{"cell": "qwen3vl8b_seed31_strict65__downsample_s075_p0_correct_3072", "latency_seconds": 0.6197959072887897, "progress": "130/260", "status": "ok"}
Setting `pad_token_id` to `eos_token_id`:151645 for open-end generation.
{"cell": "qwen3vl8b_seed31_strict65__downsample_s075_p0_correct_3072", "latency_seconds": 0.6211835313588381, "progress": "131/260", "status": "ok"}
Setting `pad_token_id` to `eos_token_id`:151645 for open-end generation.
{"cell": "qwen3vl8b_seed31_strict65__downsample_s075_p0_correct_3072", "latency_seconds": 1.1159598855301738, "progress": "132/260", "status": "ok"}
Setting `pad_token_id` to `eos_token_id`:151645 for open-end generation.
{"cell": "qwen3vl8b_seed31_strict65__downsample_s075_p0_correct_3072", "latency_seconds": 0.6197674367576838, "progress": "133/260", "status": "ok"}
Setting `pad_token_id` to `eos_token_id`:151645 for open-end generation.
{"cell": "qwen3vl8b_seed31_strict65__downsample_s075_p0_correct_3072", "latency_seconds": 0.6183177782222629, "progress": "134/260", "status": "ok"}
Setting `pad_token_id` to `eos_token_id`:151645 for open-end generation.
{"cell": "qwen3vl8b_seed31_strict65__downsample_s075_p0_correct_3072", "latency_seconds": 0.6232050824910402, "progress": "135/260", "status": "ok"}
Setting `pad_token_id` to `eos_token_id`:151645 for open-end generation.
{"cell": "qwen3vl8b_seed31_strict65__downsample_s075_p0_correct_3072", "latency_seconds": 0.9378063045442104, "progress": "136/260", "status": "ok"}
Setting `pad_token_id` to `eos_token_id`:151645 for open-end generation.
{"cell": "qwen3vl8b_seed31_strict65__downsample_s075_p0_correct_3072", "latency_seconds": 0.6253849565982819, "progress": "137/260", "status": "ok"}
Setting `pad_token_id` to `eos_token_id`:151645 for open-end generation.
{"cell": "qwen3vl8b_seed31_strict65__downsample_s075_p0_correct_3072", "latency_seconds": 0.6173524791374803, "progress": "138/260", "status": "ok"}
Setting `pad_token_id` to `eos_token_id`:151645 for open-end generation.
{"cell": "qwen3vl8b_seed31_strict65__downsample_s075_p0_correct_3072", "latency_seconds": 0.620284884236753, "progress": "139/260", "status": "ok"}
Setting `pad_token_id` to `eos_token_id`:151645 for open-end generation.
{"cell": "qwen3vl8b_seed31_strict65__downsample_s075_p0_correct_3072", "latency_seconds": 0.7572459112852812, "progress": "140/260", "status": "ok"}
Setting `pad_token_id` to `eos_token_id`:151645 for open-end generation.
{"cell": "qwen3vl8b_seed31_strict65__downsample_s075_p0_correct_3072", "latency_seconds": 0.6182178249582648, "progress": "141/260", "status": "ok"}
Setting `pad_token_id` to `eos_token_id`:151645 for open-end generation.
{"cell": "qwen3vl8b_seed31_strict65__downsample_s075_p0_correct_3072", "latency_seconds": 0.6212238967418671, "progress": "142/260", "status": "ok"}
Setting `pad_token_id` to `eos_token_id`:151645 for open-end generation.
{"cell": "qwen3vl8b_seed31_strict65__downsample_s075_p0_correct_3072", "latency_seconds": 0.6213239133358002, "progress": "143/260", "status": "ok"}
Setting `pad_token_id` to `eos_token_id`:151645 for open-end generation.
{"cell": "qwen3vl8b_seed31_strict65__downsample_s075_p0_correct_3072", "latency_seconds": 0.8703106567263603, "progress": "144/260", "status": "ok"}
Setting `pad_token_id` to `eos_token_id`:151645 for open-end generation.
{"cell": "qwen3vl8b_seed31_strict65__downsample_s075_p0_correct_3072", "latency_seconds": 0.6167579842731357, "progress": "145/260", "status": "ok"}
Setting `pad_token_id` to `eos_token_id`:151645 for open-end generation.
{"cell": "qwen3vl8b_seed31_strict65__downsample_s075_p0_correct_3072", "latency_seconds": 0.6473415680229664, "progress": "146/260", "status": "ok"}
Setting `pad_token_id` to `eos_token_id`:151645 for open-end generation.
{"cell": "qwen3vl8b_seed31_strict65__downsample_s075_p0_correct_3072", "latency_seconds": 0.6223598914220929, "progress": "147/260", "status": "ok"}
Setting `pad_token_id` to `eos_token_id`:151645 for open-end generation.
{"cell": "qwen3vl8b_seed31_strict65__downsample_s075_p0_correct_3072", "latency_seconds": 0.9445020658895373, "progress": "148/260", "status": "ok"}
Setting `pad_token_id` to `eos_token_id`:151645 for open-end generation.
{"cell": "qwen3vl8b_seed31_strict65__downsample_s075_p0_correct_3072", "latency_seconds": 0.6184795387089252, "progress": "149/260", "status": "ok"}
Setting `pad_token_id` to `eos_token_id`:151645 for open-end generation.
{"cell": "qwen3vl8b_seed31_strict65__downsample_s075_p0_correct_3072", "latency_seconds": 0.6206035297363997, "progress": "150/260", "status": "ok"}
Setting `pad_token_id` to `eos_token_id`:151645 for open-end generation.
{"cell": "qwen3vl8b_seed31_strict65__downsample_s075_p0_correct_3072", "latency_seconds": 0.6166974445804954, "progress": "151/260", "status": "ok"}
Setting `pad_token_id` to `eos_token_id`:151645 for open-end generation.
{"cell": "qwen3vl8b_seed31_strict65__downsample_s075_p0_correct_3072", "latency_seconds": 1.1249478189274669, "progress": "152/260", "status": "ok"}
Setting `pad_token_id` to `eos_token_id`:151645 for open-end generation.
{"cell": "qwen3vl8b_seed31_strict65__downsample_s075_p0_correct_3072", "latency_seconds": 0.619148887693882, "progress": "153/260", "status": "ok"}
Setting `pad_token_id` to `eos_token_id`:151645 for open-end generation.
{"cell": "qwen3vl8b_seed31_strict65__downsample_s075_p0_correct_3072", "latency_seconds": 0.6171138118952513, "progress": "154/260", "status": "ok"}
Setting `pad_token_id` to `eos_token_id`:151645 for open-end generation.
{"cell": "qwen3vl8b_seed31_strict65__downsample_s075_p0_correct_3072", "latency_seconds": 0.6267051128670573, "progress": "155/260", "status": "ok"}
Setting `pad_token_id` to `eos_token_id`:151645 for open-end generation.
{"cell": "qwen3vl8b_seed31_strict65__downsample_s075_p0_correct_3072", "latency_seconds": 1.1028774129226804, "progress": "156/260", "status": "ok"}
Setting `pad_token_id` to `eos_token_id`:151645 for open-end generation.
{"cell": "qwen3vl8b_seed31_strict65__downsample_s075_p0_correct_3072", "latency_seconds": 0.6207956233993173, "progress": "157/260", "status": "ok"}
Setting `pad_token_id` to `eos_token_id`:151645 for open-end generation.
{"cell": "qwen3vl8b_seed31_strict65__downsample_s075_p0_correct_3072", "latency_seconds": 0.6269672252237797, "progress": "158/260", "status": "ok"}
Setting `pad_token_id` to `eos_token_id`:151645 for open-end generation.
{"cell": "qwen3vl8b_seed31_strict65__downsample_s075_p0_correct_3072", "latency_seconds": 0.6203806977719069, "progress": "159/260", "status": "ok"}
Setting `pad_token_id` to `eos_token_id`:151645 for open-end generation.
{"cell": "qwen3vl8b_seed31_strict65__downsample_s075_p0_correct_3072", "latency_seconds": 1.8816542066633701, "progress": "160/260", "status": "ok"}
Setting `pad_token_id` to `eos_token_id`:151645 for open-end generation.
{"cell": "qwen3vl8b_seed31_strict65__downsample_s075_p0_correct_3072", "latency_seconds": 0.6213320828974247, "progress": "161/260", "status": "ok"}
Setting `pad_token_id` to `eos_token_id`:151645 for open-end generation.
{"cell": "qwen3vl8b_seed31_strict65__downsample_s075_p0_correct_3072", "latency_seconds": 0.6212211605161428, "progress": "162/260", "status": "ok"}
Setting `pad_token_id` to `eos_token_id`:151645 for open-end generation.
{"cell": "qwen3vl8b_seed31_strict65__downsample_s075_p0_correct_3072", "latency_seconds": 0.6182577079162002, "progress": "163/260", "status": "ok"}
Setting `pad_token_id` to `eos_token_id`:151645 for open-end generation.
{"cell": "qwen3vl8b_seed31_strict65__downsample_s075_p0_correct_3072", "latency_seconds": 0.9454460199922323, "progress": "164/260", "status": "ok"}
Setting `pad_token_id` to `eos_token_id`:151645 for open-end generation.
{"cell": "qwen3vl8b_seed31_strict65__downsample_s075_p0_correct_3072", "latency_seconds": 0.6211563190445304, "progress": "165/260", "status": "ok"}
Setting `pad_token_id` to `eos_token_id`:151645 for open-end generation.
{"cell": "qwen3vl8b_seed31_strict65__downsample_s075_p0_correct_3072", "latency_seconds": 0.6209405986592174, "progress": "166/260", "status": "ok"}
Setting `pad_token_id` to `eos_token_id`:151645 for open-end generation.
{"cell": "qwen3vl8b_seed31_strict65__downsample_s075_p0_correct_3072", "latency_seconds": 0.6199447568506002, "progress": "167/260", "status": "ok"}
Setting `pad_token_id` to `eos_token_id`:151645 for open-end generation.
{"cell": "qwen3vl8b_seed31_strict65__downsample_s075_p0_correct_3072", "latency_seconds": 0.6211474044248462, "progress": "168/260", "status": "ok"}
Setting `pad_token_id` to `eos_token_id`:151645 for open-end generation.
{"cell": "qwen3vl8b_seed31_strict65__downsample_s075_p0_correct_3072", "latency_seconds": 0.6211511818692088, "progress": "169/260", "status": "ok"}
Setting `pad_token_id` to `eos_token_id`:151645 for open-end generation.
{"cell": "qwen3vl8b_seed31_strict65__downsample_s075_p0_correct_3072", "latency_seconds": 0.6220744093880057, "progress": "170/260", "status": "ok"}
Setting `pad_token_id` to `eos_token_id`:151645 for open-end generation.
{"cell": "qwen3vl8b_seed31_strict65__downsample_s075_p0_correct_3072", "latency_seconds": 0.6227067857980728, "progress": "171/260", "status": "ok"}
Setting `pad_token_id` to `eos_token_id`:151645 for open-end generation.
{"cell": "qwen3vl8b_seed31_strict65__downsample_s075_p0_correct_3072", "latency_seconds": 1.4840391799807549, "progress": "172/260", "status": "ok"}
Setting `pad_token_id` to `eos_token_id`:151645 for open-end generation.
{"cell": "qwen3vl8b_seed31_strict65__downsample_s075_p0_correct_3072", "latency_seconds": 0.6177457077428699, "progress": "173/260", "status": "ok"}
Setting `pad_token_id` to `eos_token_id`:151645 for open-end generation.
{"cell": "qwen3vl8b_seed31_strict65__downsample_s075_p0_correct_3072", "latency_seconds": 0.6183988312259316, "progress": "174/260", "status": "ok"}
Setting `pad_token_id` to `eos_token_id`:151645 for open-end generation.
{"cell": "qwen3vl8b_seed31_strict65__downsample_s075_p0_correct_3072", "latency_seconds": 0.6184727484360337, "progress": "175/260", "status": "ok"}
Setting `pad_token_id` to `eos_token_id`:151645 for open-end generation.
{"cell": "qwen3vl8b_seed31_strict65__downsample_s075_p0_correct_3072", "latency_seconds": 1.120158614590764, "progress": "176/260", "status": "ok"}
Setting `pad_token_id` to `eos_token_id`:151645 for open-end generation.
{"cell": "qwen3vl8b_seed31_strict65__downsample_s075_p0_correct_3072", "latency_seconds": 0.6201687380671501, "progress": "177/260", "status": "ok"}
Setting `pad_token_id` to `eos_token_id`:151645 for open-end generation.
{"cell": "qwen3vl8b_seed31_strict65__downsample_s075_p0_correct_3072", "latency_seconds": 0.6220780462026596, "progress": "178/260", "status": "ok"}
Setting `pad_token_id` to `eos_token_id`:151645 for open-end generation.
{"cell": "qwen3vl8b_seed31_strict65__downsample_s075_p0_correct_3072", "latency_seconds": 0.6172346733510494, "progress": "179/260", "status": "ok"}
Setting `pad_token_id` to `eos_token_id`:151645 for open-end generation.
{"cell": "qwen3vl8b_seed31_strict65__downsample_s075_p0_correct_3072", "latency_seconds": 1.2783337067812681, "progress": "180/260", "status": "ok"}
Setting `pad_token_id` to `eos_token_id`:151645 for open-end generation.
{"cell": "qwen3vl8b_seed31_strict65__downsample_s075_p0_correct_3072", "latency_seconds": 0.6230561072006822, "progress": "181/260", "status": "ok"}
Setting `pad_token_id` to `eos_token_id`:151645 for open-end generation.
{"cell": "qwen3vl8b_seed31_strict65__downsample_s075_p0_correct_3072", "latency_seconds": 0.620529075153172, "progress": "182/260", "status": "ok"}
Setting `pad_token_id` to `eos_token_id`:151645 for open-end generation.
{"cell": "qwen3vl8b_seed31_strict65__downsample_s075_p0_correct_3072", "latency_seconds": 0.6223410330712795, "progress": "183/260", "status": "ok"}
Setting `pad_token_id` to `eos_token_id`:151645 for open-end generation.
{"cell": "qwen3vl8b_seed31_strict65__downsample_s075_p0_correct_3072", "latency_seconds": 0.9381071152165532, "progress": "184/260", "status": "ok"}
Setting `pad_token_id` to `eos_token_id`:151645 for open-end generation.
{"cell": "qwen3vl8b_seed31_strict65__downsample_s075_p0_correct_3072", "latency_seconds": 0.6189230922609568, "progress": "185/260", "status": "ok"}
Setting `pad_token_id` to `eos_token_id`:151645 for open-end generation.
{"cell": "qwen3vl8b_seed31_strict65__downsample_s075_p0_correct_3072", "latency_seconds": 0.6414064709097147, "progress": "186/260", "status": "ok"}
Setting `pad_token_id` to `eos_token_id`:151645 for open-end generation.
{"cell": "qwen3vl8b_seed31_strict65__downsample_s075_p0_correct_3072", "latency_seconds": 0.6213555205613375, "progress": "187/260", "status": "ok"}
Setting `pad_token_id` to `eos_token_id`:151645 for open-end generation.
{"cell": "qwen3vl8b_seed31_strict65__downsample_s075_p0_correct_3072", "latency_seconds": 1.1919052470475435, "progress": "188/260", "status": "ok"}
Setting `pad_token_id` to `eos_token_id`:151645 for open-end generation.
{"cell": "qwen3vl8b_seed31_strict65__downsample_s075_p0_correct_3072", "latency_seconds": 0.6404077913612127, "progress": "189/260", "status": "ok"}
Setting `pad_token_id` to `eos_token_id`:151645 for open-end generation.
{"cell": "qwen3vl8b_seed31_strict65__downsample_s075_p0_correct_3072", "latency_seconds": 0.621087878011167, "progress": "190/260", "status": "ok"}
Setting `pad_token_id` to `eos_token_id`:151645 for open-end generation.
{"cell": "qwen3vl8b_seed31_strict65__downsample_s075_p0_correct_3072", "latency_seconds": 0.6235037315636873, "progress": "191/260", "status": "ok"}
Setting `pad_token_id` to `eos_token_id`:151645 for open-end generation.
{"cell": "qwen3vl8b_seed31_strict65__downsample_s075_p0_correct_3072", "latency_seconds": 1.3016058877110481, "progress": "192/260", "status": "ok"}
Setting `pad_token_id` to `eos_token_id`:151645 for open-end generation.
{"cell": "qwen3vl8b_seed31_strict65__downsample_s075_p0_correct_3072", "latency_seconds": 0.6183000663295388, "progress": "193/260", "status": "ok"}
Setting `pad_token_id` to `eos_token_id`:151645 for open-end generation.
{"cell": "qwen3vl8b_seed31_strict65__downsample_s075_p0_correct_3072", "latency_seconds": 0.6179428212344646, "progress": "194/260", "status": "ok"}
Setting `pad_token_id` to `eos_token_id`:151645 for open-end generation.
{"cell": "qwen3vl8b_seed31_strict65__downsample_s075_p0_correct_3072", "latency_seconds": 0.6211113724857569, "progress": "195/260", "status": "ok"}
Setting `pad_token_id` to `eos_token_id`:151645 for open-end generation.
{"cell": "qwen3vl8b_seed31_strict65__downsample_s075_p0_correct_3072", "latency_seconds": 2.233459746465087, "progress": "196/260", "status": "ok"}
Setting `pad_token_id` to `eos_token_id`:151645 for open-end generation.
{"cell": "qwen3vl8b_seed31_strict65__downsample_s075_p0_correct_3072", "latency_seconds": 0.6202953420579433, "progress": "197/260", "status": "ok"}
Setting `pad_token_id` to `eos_token_id`:151645 for open-end generation.
{"cell": "qwen3vl8b_seed31_strict65__downsample_s075_p0_correct_3072", "latency_seconds": 0.628759884275496, "progress": "198/260", "status": "ok"}
Setting `pad_token_id` to `eos_token_id`:151645 for open-end generation.
{"cell": "qwen3vl8b_seed31_strict65__downsample_s075_p0_correct_3072", "latency_seconds": 0.6339218365028501, "progress": "199/260", "status": "ok"}
Setting `pad_token_id` to `eos_token_id`:151645 for open-end generation.
{"cell": "qwen3vl8b_seed31_strict65__downsample_s075_p0_correct_3072", "latency_seconds": 0.6894877692684531, "progress": "200/260", "status": "ok"}
Setting `pad_token_id` to `eos_token_id`:151645 for open-end generation.
{"cell": "qwen3vl8b_seed31_strict65__downsample_s075_p0_correct_3072", "latency_seconds": 0.6172148957848549, "progress": "201/260", "status": "ok"}
Setting `pad_token_id` to `eos_token_id`:151645 for open-end generation.
{"cell": "qwen3vl8b_seed31_strict65__downsample_s075_p0_correct_3072", "latency_seconds": 0.6174622345715761, "progress": "202/260", "status": "ok"}
Setting `pad_token_id` to `eos_token_id`:151645 for open-end generation.
{"cell": "qwen3vl8b_seed31_strict65__downsample_s075_p0_correct_3072", "latency_seconds": 0.62248261179775, "progress": "203/260", "status": "ok"}
Setting `pad_token_id` to `eos_token_id`:151645 for open-end generation.
{"cell": "qwen3vl8b_seed31_strict65__downsample_s075_p0_correct_3072", "latency_seconds": 0.8951087333261967, "progress": "204/260", "status": "ok"}
Setting `pad_token_id` to `eos_token_id`:151645 for open-end generation.
{"cell": "qwen3vl8b_seed31_strict65__downsample_s075_p0_correct_3072", "latency_seconds": 0.6207784293219447, "progress": "205/260", "status": "ok"}
Setting `pad_token_id` to `eos_token_id`:151645 for open-end generation.
{"cell": "qwen3vl8b_seed31_strict65__downsample_s075_p0_correct_3072", "latency_seconds": 0.6200033146888018, "progress": "206/260", "status": "ok"}
Setting `pad_token_id` to `eos_token_id`:151645 for open-end generation.
{"cell": "qwen3vl8b_seed31_strict65__downsample_s075_p0_correct_3072", "latency_seconds": 0.6203274438157678, "progress": "207/260", "status": "ok"}
Setting `pad_token_id` to `eos_token_id`:151645 for open-end generation.
{"cell": "qwen3vl8b_seed31_strict65__downsample_s075_p0_correct_3072", "latency_seconds": 0.6170887826010585, "progress": "208/260", "status": "ok"}
Setting `pad_token_id` to `eos_token_id`:151645 for open-end generation.
{"cell": "qwen3vl8b_seed31_strict65__downsample_s075_p0_correct_3072", "latency_seconds": 0.6173903020098805, "progress": "209/260", "status": "ok"}
Setting `pad_token_id` to `eos_token_id`:151645 for open-end generation.
{"cell": "qwen3vl8b_seed31_strict65__downsample_s075_p0_correct_3072", "latency_seconds": 0.6191524202004075, "progress": "210/260", "status": "ok"}
Setting `pad_token_id` to `eos_token_id`:151645 for open-end generation.
{"cell": "qwen3vl8b_seed31_strict65__downsample_s075_p0_correct_3072", "latency_seconds": 0.6191921075806022, "progress": "211/260", "status": "ok"}
Setting `pad_token_id` to `eos_token_id`:151645 for open-end generation.
{"cell": "qwen3vl8b_seed31_strict65__downsample_s075_p0_correct_3072", "latency_seconds": 0.7845187559723854, "progress": "212/260", "status": "ok"}
Setting `pad_token_id` to `eos_token_id`:151645 for open-end generation.
{"cell": "qwen3vl8b_seed31_strict65__downsample_s075_p0_correct_3072", "latency_seconds": 0.6194329783320427, "progress": "213/260", "status": "ok"}
Setting `pad_token_id` to `eos_token_id`:151645 for open-end generation.
{"cell": "qwen3vl8b_seed31_strict65__downsample_s075_p0_correct_3072", "latency_seconds": 0.6207427633926272, "progress": "214/260", "status": "ok"}
Setting `pad_token_id` to `eos_token_id`:151645 for open-end generation.
{"cell": "qwen3vl8b_seed31_strict65__downsample_s075_p0_correct_3072", "latency_seconds": 0.6201317925006151, "progress": "215/260", "status": "ok"}
Setting `pad_token_id` to `eos_token_id`:151645 for open-end generation.
{"cell": "qwen3vl8b_seed31_strict65__downsample_s075_p0_correct_3072", "latency_seconds": 0.8945673787966371, "progress": "216/260", "status": "ok"}
Setting `pad_token_id` to `eos_token_id`:151645 for open-end generation.
{"cell": "qwen3vl8b_seed31_strict65__downsample_s075_p0_correct_3072", "latency_seconds": 0.6194113967940211, "progress": "217/260", "status": "ok"}
Setting `pad_token_id` to `eos_token_id`:151645 for open-end generation.
{"cell": "qwen3vl8b_seed31_strict65__downsample_s075_p0_correct_3072", "latency_seconds": 0.6180029669776559, "progress": "218/260", "status": "ok"}
Setting `pad_token_id` to `eos_token_id`:151645 for open-end generation.
{"cell": "qwen3vl8b_seed31_strict65__downsample_s075_p0_correct_3072", "latency_seconds": 0.6231565214693546, "progress": "219/260", "status": "ok"}
Setting `pad_token_id` to `eos_token_id`:151645 for open-end generation.
{"cell": "qwen3vl8b_seed31_strict65__downsample_s075_p0_correct_3072", "latency_seconds": 0.7355596711859107, "progress": "220/260", "status": "ok"}
Setting `pad_token_id` to `eos_token_id`:151645 for open-end generation.
{"cell": "qwen3vl8b_seed31_strict65__downsample_s075_p0_correct_3072", "latency_seconds": 0.6206476083025336, "progress": "221/260", "status": "ok"}
Setting `pad_token_id` to `eos_token_id`:151645 for open-end generation.
{"cell": "qwen3vl8b_seed31_strict65__downsample_s075_p0_correct_3072", "latency_seconds": 0.6662696953862906, "progress": "222/260", "status": "ok"}
Setting `pad_token_id` to `eos_token_id`:151645 for open-end generation.
{"cell": "qwen3vl8b_seed31_strict65__downsample_s075_p0_correct_3072", "latency_seconds": 0.6197512075304985, "progress": "223/260", "status": "ok"}
Setting `pad_token_id` to `eos_token_id`:151645 for open-end generation.
{"cell": "qwen3vl8b_seed31_strict65__downsample_s075_p0_correct_3072", "latency_seconds": 1.6090386444702744, "progress": "224/260", "status": "ok"}
Setting `pad_token_id` to `eos_token_id`:151645 for open-end generation.
{"cell": "qwen3vl8b_seed31_strict65__downsample_s075_p0_correct_3072", "latency_seconds": 0.6208883160725236, "progress": "225/260", "status": "ok"}
Setting `pad_token_id` to `eos_token_id`:151645 for open-end generation.
{"cell": "qwen3vl8b_seed31_strict65__downsample_s075_p0_correct_3072", "latency_seconds": 0.6212243931367993, "progress": "226/260", "status": "ok"}
Setting `pad_token_id` to `eos_token_id`:151645 for open-end generation.
{"cell": "qwen3vl8b_seed31_strict65__downsample_s075_p0_correct_3072", "latency_seconds": 0.6194810597226024, "progress": "227/260", "status": "ok"}
Setting `pad_token_id` to `eos_token_id`:151645 for open-end generation.
{"cell": "qwen3vl8b_seed31_strict65__downsample_s075_p0_correct_3072", "latency_seconds": 0.6882821982726455, "progress": "228/260", "status": "ok"}
Setting `pad_token_id` to `eos_token_id`:151645 for open-end generation.
{"cell": "qwen3vl8b_seed31_strict65__downsample_s075_p0_correct_3072", "latency_seconds": 0.6220247130841017, "progress": "229/260", "status": "ok"}
Setting `pad_token_id` to `eos_token_id`:151645 for open-end generation.
{"cell": "qwen3vl8b_seed31_strict65__downsample_s075_p0_correct_3072", "latency_seconds": 0.6187557140365243, "progress": "230/260", "status": "ok"}
Setting `pad_token_id` to `eos_token_id`:151645 for open-end generation.
{"cell": "qwen3vl8b_seed31_strict65__downsample_s075_p0_correct_3072", "latency_seconds": 0.6253783572465181, "progress": "231/260", "status": "ok"}
Setting `pad_token_id` to `eos_token_id`:151645 for open-end generation.
{"cell": "qwen3vl8b_seed31_strict65__downsample_s075_p0_correct_3072", "latency_seconds": 1.143373066559434, "progress": "232/260", "status": "ok"}
Setting `pad_token_id` to `eos_token_id`:151645 for open-end generation.
{"cell": "qwen3vl8b_seed31_strict65__downsample_s075_p0_correct_3072", "latency_seconds": 0.6281550982967019, "progress": "233/260", "status": "ok"}
Setting `pad_token_id` to `eos_token_id`:151645 for open-end generation.
{"cell": "qwen3vl8b_seed31_strict65__downsample_s075_p0_correct_3072", "latency_seconds": 0.6164939338341355, "progress": "234/260", "status": "ok"}
Setting `pad_token_id` to `eos_token_id`:151645 for open-end generation.
{"cell": "qwen3vl8b_seed31_strict65__downsample_s075_p0_correct_3072", "latency_seconds": 0.6191021669656038, "progress": "235/260", "status": "ok"}
Setting `pad_token_id` to `eos_token_id`:151645 for open-end generation.
{"cell": "qwen3vl8b_seed31_strict65__downsample_s075_p0_correct_3072", "latency_seconds": 0.7603664817288518, "progress": "236/260", "status": "ok"}
Setting `pad_token_id` to `eos_token_id`:151645 for open-end generation.
{"cell": "qwen3vl8b_seed31_strict65__downsample_s075_p0_correct_3072", "latency_seconds": 0.6282442826777697, "progress": "237/260", "status": "ok"}
Setting `pad_token_id` to `eos_token_id`:151645 for open-end generation.
{"cell": "qwen3vl8b_seed31_strict65__downsample_s075_p0_correct_3072", "latency_seconds": 0.6189551455900073, "progress": "238/260", "status": "ok"}
Setting `pad_token_id` to `eos_token_id`:151645 for open-end generation.
{"cell": "qwen3vl8b_seed31_strict65__downsample_s075_p0_correct_3072", "latency_seconds": 0.618010769598186, "progress": "239/260", "status": "ok"}
Setting `pad_token_id` to `eos_token_id`:151645 for open-end generation.
{"cell": "qwen3vl8b_seed31_strict65__downsample_s075_p0_correct_3072", "latency_seconds": 1.3955835234373808, "progress": "240/260", "status": "ok"}
Setting `pad_token_id` to `eos_token_id`:151645 for open-end generation.
{"cell": "qwen3vl8b_seed31_strict65__downsample_s075_p0_correct_3072", "latency_seconds": 0.6175294378772378, "progress": "241/260", "status": "ok"}
Setting `pad_token_id` to `eos_token_id`:151645 for open-end generation.
{"cell": "qwen3vl8b_seed31_strict65__downsample_s075_p0_correct_3072", "latency_seconds": 0.6206730250269175, "progress": "242/260", "status": "ok"}
Setting `pad_token_id` to `eos_token_id`:151645 for open-end generation.
{"cell": "qwen3vl8b_seed31_strict65__downsample_s075_p0_correct_3072", "latency_seconds": 0.6172134224325418, "progress": "243/260", "status": "ok"}
Setting `pad_token_id` to `eos_token_id`:151645 for open-end generation.
{"cell": "qwen3vl8b_seed31_strict65__downsample_s075_p0_correct_3072", "latency_seconds": 0.7570952819660306, "progress": "244/260", "status": "ok"}
Setting `pad_token_id` to `eos_token_id`:151645 for open-end generation.
{"cell": "qwen3vl8b_seed31_strict65__downsample_s075_p0_correct_3072", "latency_seconds": 0.6210546009242535, "progress": "245/260", "status": "ok"}
Setting `pad_token_id` to `eos_token_id`:151645 for open-end generation.
{"cell": "qwen3vl8b_seed31_strict65__downsample_s075_p0_correct_3072", "latency_seconds": 0.6426404509693384, "progress": "246/260", "status": "ok"}
Setting `pad_token_id` to `eos_token_id`:151645 for open-end generation.
{"cell": "qwen3vl8b_seed31_strict65__downsample_s075_p0_correct_3072", "latency_seconds": 0.6201389189809561, "progress": "247/260", "status": "ok"}
Setting `pad_token_id` to `eos_token_id`:151645 for open-end generation.
{"cell": "qwen3vl8b_seed31_strict65__downsample_s075_p0_correct_3072", "latency_seconds": 1.1460732007399201, "progress": "248/260", "status": "ok"}
Setting `pad_token_id` to `eos_token_id`:151645 for open-end generation.
{"cell": "qwen3vl8b_seed31_strict65__downsample_s075_p0_correct_3072", "latency_seconds": 0.6192553574219346, "progress": "249/260", "status": "ok"}
Setting `pad_token_id` to `eos_token_id`:151645 for open-end generation.
{"cell": "qwen3vl8b_seed31_strict65__downsample_s075_p0_correct_3072", "latency_seconds": 0.6212799660861492, "progress": "250/260", "status": "ok"}
Setting `pad_token_id` to `eos_token_id`:151645 for open-end generation.
{"cell": "qwen3vl8b_seed31_strict65__downsample_s075_p0_correct_3072", "latency_seconds": 0.6197262927889824, "progress": "251/260", "status": "ok"}
Setting `pad_token_id` to `eos_token_id`:151645 for open-end generation.
{"cell": "qwen3vl8b_seed31_strict65__downsample_s075_p0_correct_3072", "latency_seconds": 1.0807927111163735, "progress": "252/260", "status": "ok"}
Setting `pad_token_id` to `eos_token_id`:151645 for open-end generation.
{"cell": "qwen3vl8b_seed31_strict65__downsample_s075_p0_correct_3072", "latency_seconds": 0.6190050654113293, "progress": "253/260", "status": "ok"}
Setting `pad_token_id` to `eos_token_id`:151645 for open-end generation.
{"cell": "qwen3vl8b_seed31_strict65__downsample_s075_p0_correct_3072", "latency_seconds": 0.6211724299937487, "progress": "254/260", "status": "ok"}
Setting `pad_token_id` to `eos_token_id`:151645 for open-end generation.
{"cell": "qwen3vl8b_seed31_strict65__downsample_s075_p0_correct_3072", "latency_seconds": 0.6209365213289857, "progress": "255/260", "status": "ok"}
Setting `pad_token_id` to `eos_token_id`:151645 for open-end generation.
{"cell": "qwen3vl8b_seed31_strict65__downsample_s075_p0_correct_3072", "latency_seconds": 0.7659590765833855, "progress": "256/260", "status": "ok"}
Setting `pad_token_id` to `eos_token_id`:151645 for open-end generation.
{"cell": "qwen3vl8b_seed31_strict65__downsample_s075_p0_correct_3072", "latency_seconds": 0.6200327500700951, "progress": "257/260", "status": "ok"}
Setting `pad_token_id` to `eos_token_id`:151645 for open-end generation.
{"cell": "qwen3vl8b_seed31_strict65__downsample_s075_p0_correct_3072", "latency_seconds": 0.6432751938700676, "progress": "258/260", "status": "ok"}
Setting `pad_token_id` to `eos_token_id`:151645 for open-end generation.
{"cell": "qwen3vl8b_seed31_strict65__downsample_s075_p0_correct_3072", "latency_seconds": 0.6192200379446149, "progress": "259/260", "status": "ok"}
Setting `pad_token_id` to `eos_token_id`:151645 for open-end generation.
{"cell": "qwen3vl8b_seed31_strict65__downsample_s075_p0_correct_3072", "latency_seconds": 0.6221705581992865, "progress": "260/260", "status": "ok"}
{"status": "pass", "summary": "/kwkj-k8s/hera_pid_reliability_backups/active_v8_20260812/outputs/qwen3vl8b_quality/run_summary.json"}
