`torch_dtype` is deprecated! Use `dtype` instead!
Loading checkpoint shards:   0%|          | 0/4 [00:00<?, ?it/s]Loading checkpoint shards: 100%|██████████| 4/4 [00:00<00:00, 70.62it/s]
{"status": "pass", "summary": "/kwkj-k8s/hera_pid_reliability_backups/active_v8_20260812/outputs/qwen3vl8b_quality/run_summary.json"}
`torch_dtype` is deprecated! Use `dtype` instead!
Loading checkpoint shards:   0%|          | 0/4 [00:00<?, ?it/s]Loading checkpoint shards: 100%|██████████| 4/4 [00:00<00:00, 69.35it/s]
Setting `pad_token_id` to `eos_token_id`:151645 for open-end generation.
{"cell": "qwen3vl8b_seed31_strict65__clean_p0_shuffled_3072", "latency_seconds": 1.139414357021451, "progress": "1/260", "status": "ok"}
Setting `pad_token_id` to `eos_token_id`:151645 for open-end generation.
{"cell": "qwen3vl8b_seed31_strict65__clean_p0_shuffled_3072", "latency_seconds": 0.6283190604299307, "progress": "2/260", "status": "ok"}
Setting `pad_token_id` to `eos_token_id`:151645 for open-end generation.
{"cell": "qwen3vl8b_seed31_strict65__clean_p0_shuffled_3072", "latency_seconds": 0.6184004116803408, "progress": "3/260", "status": "ok"}
Setting `pad_token_id` to `eos_token_id`:151645 for open-end generation.
{"cell": "qwen3vl8b_seed31_strict65__clean_p0_shuffled_3072", "latency_seconds": 1.093110952526331, "progress": "4/260", "status": "ok"}
Setting `pad_token_id` to `eos_token_id`:151645 for open-end generation.
{"cell": "qwen3vl8b_seed31_strict65__clean_p0_shuffled_3072", "latency_seconds": 0.6199466232210398, "progress": "5/260", "status": "ok"}
Setting `pad_token_id` to `eos_token_id`:151645 for open-end generation.
{"cell": "qwen3vl8b_seed31_strict65__clean_p0_shuffled_3072", "latency_seconds": 0.621253720484674, "progress": "6/260", "status": "ok"}
Setting `pad_token_id` to `eos_token_id`:151645 for open-end generation.
{"cell": "qwen3vl8b_seed31_strict65__clean_p0_shuffled_3072", "latency_seconds": 0.6145264795050025, "progress": "7/260", "status": "ok"}
Setting `pad_token_id` to `eos_token_id`:151645 for open-end generation.
{"cell": "qwen3vl8b_seed31_strict65__clean_p0_shuffled_3072", "latency_seconds": 1.0615738779306412, "progress": "8/260", "status": "ok"}
Setting `pad_token_id` to `eos_token_id`:151645 for open-end generation.
{"cell": "qwen3vl8b_seed31_strict65__clean_p0_shuffled_3072", "latency_seconds": 0.6195647809654474, "progress": "9/260", "status": "ok"}
Setting `pad_token_id` to `eos_token_id`:151645 for open-end generation.
{"cell": "qwen3vl8b_seed31_strict65__clean_p0_shuffled_3072", "latency_seconds": 0.6194165209308267, "progress": "10/260", "status": "ok"}
Setting `pad_token_id` to `eos_token_id`:151645 for open-end generation.
{"cell": "qwen3vl8b_seed31_strict65__clean_p0_shuffled_3072", "latency_seconds": 0.620214487425983, "progress": "11/260", "status": "ok"}
Setting `pad_token_id` to `eos_token_id`:151645 for open-end generation.
{"cell": "qwen3vl8b_seed31_strict65__clean_p0_shuffled_3072", "latency_seconds": 0.7507786639034748, "progress": "12/260", "status": "ok"}
Setting `pad_token_id` to `eos_token_id`:151645 for open-end generation.
{"cell": "qwen3vl8b_seed31_strict65__clean_p0_shuffled_3072", "latency_seconds": 0.6193817500025034, "progress": "13/260", "status": "ok"}
Setting `pad_token_id` to `eos_token_id`:151645 for open-end generation.
{"cell": "qwen3vl8b_seed31_strict65__clean_p0_shuffled_3072", "latency_seconds": 0.9608044689521194, "progress": "14/260", "status": "ok"}
Setting `pad_token_id` to `eos_token_id`:151645 for open-end generation.
{"cell": "qwen3vl8b_seed31_strict65__clean_p0_shuffled_3072", "latency_seconds": 0.6170931095257401, "progress": "15/260", "status": "ok"}
Setting `pad_token_id` to `eos_token_id`:151645 for open-end generation.
{"cell": "qwen3vl8b_seed31_strict65__clean_p0_shuffled_3072", "latency_seconds": 1.0927394004538655, "progress": "16/260", "status": "ok"}
Setting `pad_token_id` to `eos_token_id`:151645 for open-end generation.
{"cell": "qwen3vl8b_seed31_strict65__clean_p0_shuffled_3072", "latency_seconds": 0.6169521687552333, "progress": "17/260", "status": "ok"}
Setting `pad_token_id` to `eos_token_id`:151645 for open-end generation.
{"cell": "qwen3vl8b_seed31_strict65__clean_p0_shuffled_3072", "latency_seconds": 0.6186780417338014, "progress": "18/260", "status": "ok"}
Setting `pad_token_id` to `eos_token_id`:151645 for open-end generation.
{"cell": "qwen3vl8b_seed31_strict65__clean_p0_shuffled_3072", "latency_seconds": 0.626127365976572, "progress": "19/260", "status": "ok"}
Setting `pad_token_id` to `eos_token_id`:151645 for open-end generation.
{"cell": "qwen3vl8b_seed31_strict65__clean_p0_shuffled_3072", "latency_seconds": 0.7546750009059906, "progress": "20/260", "status": "ok"}
Setting `pad_token_id` to `eos_token_id`:151645 for open-end generation.
{"cell": "qwen3vl8b_seed31_strict65__clean_p0_shuffled_3072", "latency_seconds": 0.6312305284664035, "progress": "21/260", "status": "ok"}
Setting `pad_token_id` to `eos_token_id`:151645 for open-end generation.
{"cell": "qwen3vl8b_seed31_strict65__clean_p0_shuffled_3072", "latency_seconds": 0.9881718121469021, "progress": "22/260", "status": "ok"}
Setting `pad_token_id` to `eos_token_id`:151645 for open-end generation.
{"cell": "qwen3vl8b_seed31_strict65__clean_p0_shuffled_3072", "latency_seconds": 0.6188374049961567, "progress": "23/260", "status": "ok"}
Setting `pad_token_id` to `eos_token_id`:151645 for open-end generation.
{"cell": "qwen3vl8b_seed31_strict65__clean_p0_shuffled_3072", "latency_seconds": 0.7464322717860341, "progress": "24/260", "status": "ok"}
Setting `pad_token_id` to `eos_token_id`:151645 for open-end generation.
{"cell": "qwen3vl8b_seed31_strict65__clean_p0_shuffled_3072", "latency_seconds": 0.6169475205242634, "progress": "25/260", "status": "ok"}
Setting `pad_token_id` to `eos_token_id`:151645 for open-end generation.
{"cell": "qwen3vl8b_seed31_strict65__clean_p0_shuffled_3072", "latency_seconds": 0.6158143663778901, "progress": "26/260", "status": "ok"}
Setting `pad_token_id` to `eos_token_id`:151645 for open-end generation.
{"cell": "qwen3vl8b_seed31_strict65__clean_p0_shuffled_3072", "latency_seconds": 0.6159132439643145, "progress": "27/260", "status": "ok"}
Setting `pad_token_id` to `eos_token_id`:151645 for open-end generation.
{"cell": "qwen3vl8b_seed31_strict65__clean_p0_shuffled_3072", "latency_seconds": 0.7288391394540668, "progress": "28/260", "status": "ok"}
Setting `pad_token_id` to `eos_token_id`:151645 for open-end generation.
{"cell": "qwen3vl8b_seed31_strict65__clean_p0_shuffled_3072", "latency_seconds": 0.6139258164912462, "progress": "29/260", "status": "ok"}
Setting `pad_token_id` to `eos_token_id`:151645 for open-end generation.
{"cell": "qwen3vl8b_seed31_strict65__clean_p0_shuffled_3072", "latency_seconds": 0.6388773694634438, "progress": "30/260", "status": "ok"}
Setting `pad_token_id` to `eos_token_id`:151645 for open-end generation.
{"cell": "qwen3vl8b_seed31_strict65__clean_p0_shuffled_3072", "latency_seconds": 0.6391616193577647, "progress": "31/260", "status": "ok"}
Setting `pad_token_id` to `eos_token_id`:151645 for open-end generation.
{"cell": "qwen3vl8b_seed31_strict65__clean_p0_shuffled_3072", "latency_seconds": 1.6203260822221637, "progress": "32/260", "status": "ok"}
Setting `pad_token_id` to `eos_token_id`:151645 for open-end generation.
{"cell": "qwen3vl8b_seed31_strict65__clean_p0_shuffled_3072", "latency_seconds": 0.6198199652135372, "progress": "33/260", "status": "ok"}
Setting `pad_token_id` to `eos_token_id`:151645 for open-end generation.
{"cell": "qwen3vl8b_seed31_strict65__clean_p0_shuffled_3072", "latency_seconds": 0.7472577057778835, "progress": "34/260", "status": "ok"}
Setting `pad_token_id` to `eos_token_id`:151645 for open-end generation.
{"cell": "qwen3vl8b_seed31_strict65__clean_p0_shuffled_3072", "latency_seconds": 0.6180965639650822, "progress": "35/260", "status": "ok"}
Setting `pad_token_id` to `eos_token_id`:151645 for open-end generation.
{"cell": "qwen3vl8b_seed31_strict65__clean_p0_shuffled_3072", "latency_seconds": 11.562544297426939, "progress": "36/260", "status": "ok"}
Setting `pad_token_id` to `eos_token_id`:151645 for open-end generation.
{"cell": "qwen3vl8b_seed31_strict65__clean_p0_shuffled_3072", "latency_seconds": 0.6170692220330238, "progress": "37/260", "status": "ok"}
Setting `pad_token_id` to `eos_token_id`:151645 for open-end generation.
{"cell": "qwen3vl8b_seed31_strict65__clean_p0_shuffled_3072", "latency_seconds": 0.6175438053905964, "progress": "38/260", "status": "ok"}
Setting `pad_token_id` to `eos_token_id`:151645 for open-end generation.
{"cell": "qwen3vl8b_seed31_strict65__clean_p0_shuffled_3072", "latency_seconds": 0.6777691841125488, "progress": "39/260", "status": "ok"}
Setting `pad_token_id` to `eos_token_id`:151645 for open-end generation.
{"cell": "qwen3vl8b_seed31_strict65__clean_p0_shuffled_3072", "latency_seconds": 0.778458833694458, "progress": "40/260", "status": "ok"}
Setting `pad_token_id` to `eos_token_id`:151645 for open-end generation.
{"cell": "qwen3vl8b_seed31_strict65__clean_p0_shuffled_3072", "latency_seconds": 0.6574780121445656, "progress": "41/260", "status": "ok"}
Setting `pad_token_id` to `eos_token_id`:151645 for open-end generation.
{"cell": "qwen3vl8b_seed31_strict65__clean_p0_shuffled_3072", "latency_seconds": 0.6157770650461316, "progress": "42/260", "status": "ok"}
Setting `pad_token_id` to `eos_token_id`:151645 for open-end generation.
{"cell": "qwen3vl8b_seed31_strict65__clean_p0_shuffled_3072", "latency_seconds": 0.6452255332842469, "progress": "43/260", "status": "ok"}
Setting `pad_token_id` to `eos_token_id`:151645 for open-end generation.
{"cell": "qwen3vl8b_seed31_strict65__clean_p0_shuffled_3072", "latency_seconds": 0.914927133359015, "progress": "44/260", "status": "ok"}
Setting `pad_token_id` to `eos_token_id`:151645 for open-end generation.
{"cell": "qwen3vl8b_seed31_strict65__clean_p0_shuffled_3072", "latency_seconds": 0.6349103078246117, "progress": "45/260", "status": "ok"}
Setting `pad_token_id` to `eos_token_id`:151645 for open-end generation.
{"cell": "qwen3vl8b_seed31_strict65__clean_p0_shuffled_3072", "latency_seconds": 0.6657077223062515, "progress": "46/260", "status": "ok"}
Setting `pad_token_id` to `eos_token_id`:151645 for open-end generation.
{"cell": "qwen3vl8b_seed31_strict65__clean_p0_shuffled_3072", "latency_seconds": 0.6236691605299711, "progress": "47/260", "status": "ok"}
Setting `pad_token_id` to `eos_token_id`:151645 for open-end generation.
{"cell": "qwen3vl8b_seed31_strict65__clean_p0_shuffled_3072", "latency_seconds": 5.11858194321394, "progress": "48/260", "status": "ok"}
Setting `pad_token_id` to `eos_token_id`:151645 for open-end generation.
{"cell": "qwen3vl8b_seed31_strict65__clean_p0_shuffled_3072", "latency_seconds": 0.6250985879451036, "progress": "49/260", "status": "ok"}
Setting `pad_token_id` to `eos_token_id`:151645 for open-end generation.
{"cell": "qwen3vl8b_seed31_strict65__clean_p0_shuffled_3072", "latency_seconds": 0.639376007951796, "progress": "50/260", "status": "ok"}
Setting `pad_token_id` to `eos_token_id`:151645 for open-end generation.
{"cell": "qwen3vl8b_seed31_strict65__clean_p0_shuffled_3072", "latency_seconds": 0.6191418720409274, "progress": "51/260", "status": "ok"}
Setting `pad_token_id` to `eos_token_id`:151645 for open-end generation.
{"cell": "qwen3vl8b_seed31_strict65__clean_p0_shuffled_3072", "latency_seconds": 0.6816661497578025, "progress": "52/260", "status": "ok"}
Setting `pad_token_id` to `eos_token_id`:151645 for open-end generation.
{"cell": "qwen3vl8b_seed31_strict65__clean_p0_shuffled_3072", "latency_seconds": 0.6353176729753613, "progress": "53/260", "status": "ok"}
Setting `pad_token_id` to `eos_token_id`:151645 for open-end generation.
{"cell": "qwen3vl8b_seed31_strict65__clean_p0_shuffled_3072", "latency_seconds": 0.6199470479041338, "progress": "54/260", "status": "ok"}
Setting `pad_token_id` to `eos_token_id`:151645 for open-end generation.
{"cell": "qwen3vl8b_seed31_strict65__clean_p0_shuffled_3072", "latency_seconds": 0.6578003410249949, "progress": "55/260", "status": "ok"}
Setting `pad_token_id` to `eos_token_id`:151645 for open-end generation.
{"cell": "qwen3vl8b_seed31_strict65__clean_p0_shuffled_3072", "latency_seconds": 0.9261213485151529, "progress": "56/260", "status": "ok"}
Setting `pad_token_id` to `eos_token_id`:151645 for open-end generation.
{"cell": "qwen3vl8b_seed31_strict65__clean_p0_shuffled_3072", "latency_seconds": 0.6643821727484465, "progress": "57/260", "status": "ok"}
Setting `pad_token_id` to `eos_token_id`:151645 for open-end generation.
{"cell": "qwen3vl8b_seed31_strict65__clean_p0_shuffled_3072", "latency_seconds": 0.6430432414636016, "progress": "58/260", "status": "ok"}
Setting `pad_token_id` to `eos_token_id`:151645 for open-end generation.
{"cell": "qwen3vl8b_seed31_strict65__clean_p0_shuffled_3072", "latency_seconds": 0.6295936666429043, "progress": "59/260", "status": "ok"}
Setting `pad_token_id` to `eos_token_id`:151645 for open-end generation.
{"cell": "qwen3vl8b_seed31_strict65__clean_p0_shuffled_3072", "latency_seconds": 0.7585657816380262, "progress": "60/260", "status": "ok"}
Setting `pad_token_id` to `eos_token_id`:151645 for open-end generation.
{"cell": "qwen3vl8b_seed31_strict65__clean_p0_shuffled_3072", "latency_seconds": 0.6217989400029182, "progress": "61/260", "status": "ok"}
Setting `pad_token_id` to `eos_token_id`:151645 for open-end generation.
{"cell": "qwen3vl8b_seed31_strict65__clean_p0_shuffled_3072", "latency_seconds": 0.6194497272372246, "progress": "62/260", "status": "ok"}
Setting `pad_token_id` to `eos_token_id`:151645 for open-end generation.
{"cell": "qwen3vl8b_seed31_strict65__clean_p0_shuffled_3072", "latency_seconds": 0.617542895488441, "progress": "63/260", "status": "ok"}
Setting `pad_token_id` to `eos_token_id`:151645 for open-end generation.
{"cell": "qwen3vl8b_seed31_strict65__clean_p0_shuffled_3072", "latency_seconds": 1.2573262536898255, "progress": "64/260", "status": "ok"}
Setting `pad_token_id` to `eos_token_id`:151645 for open-end generation.
{"cell": "qwen3vl8b_seed31_strict65__clean_p0_shuffled_3072", "latency_seconds": 0.6212920751422644, "progress": "65/260", "status": "ok"}
Setting `pad_token_id` to `eos_token_id`:151645 for open-end generation.
{"cell": "qwen3vl8b_seed31_strict65__clean_p0_shuffled_3072", "latency_seconds": 0.6193565158173442, "progress": "66/260", "status": "ok"}
Setting `pad_token_id` to `eos_token_id`:151645 for open-end generation.
{"cell": "qwen3vl8b_seed31_strict65__clean_p0_shuffled_3072", "latency_seconds": 0.6160467909649014, "progress": "67/260", "status": "ok"}
Setting `pad_token_id` to `eos_token_id`:151645 for open-end generation.
{"cell": "qwen3vl8b_seed31_strict65__clean_p0_shuffled_3072", "latency_seconds": 1.2134036757051945, "progress": "68/260", "status": "ok"}
Setting `pad_token_id` to `eos_token_id`:151645 for open-end generation.
{"cell": "qwen3vl8b_seed31_strict65__clean_p0_shuffled_3072", "latency_seconds": 0.6168843479827046, "progress": "69/260", "status": "ok"}
Setting `pad_token_id` to `eos_token_id`:151645 for open-end generation.
{"cell": "qwen3vl8b_seed31_strict65__clean_p0_shuffled_3072", "latency_seconds": 0.6197664374485612, "progress": "70/260", "status": "ok"}
Setting `pad_token_id` to `eos_token_id`:151645 for open-end generation.
{"cell": "qwen3vl8b_seed31_strict65__clean_p0_shuffled_3072", "latency_seconds": 0.6195531077682972, "progress": "71/260", "status": "ok"}
Setting `pad_token_id` to `eos_token_id`:151645 for open-end generation.
{"cell": "qwen3vl8b_seed31_strict65__clean_p0_shuffled_3072", "latency_seconds": 2.824652980081737, "progress": "72/260", "status": "ok"}
Setting `pad_token_id` to `eos_token_id`:151645 for open-end generation.
{"cell": "qwen3vl8b_seed31_strict65__clean_p0_shuffled_3072", "latency_seconds": 0.6191573748365045, "progress": "73/260", "status": "ok"}
Setting `pad_token_id` to `eos_token_id`:151645 for open-end generation.
{"cell": "qwen3vl8b_seed31_strict65__clean_p0_shuffled_3072", "latency_seconds": 0.6164398612454534, "progress": "74/260", "status": "ok"}
Setting `pad_token_id` to `eos_token_id`:151645 for open-end generation.
{"cell": "qwen3vl8b_seed31_strict65__clean_p0_shuffled_3072", "latency_seconds": 0.6203677197918296, "progress": "75/260", "status": "ok"}
Setting `pad_token_id` to `eos_token_id`:151645 for open-end generation.
{"cell": "qwen3vl8b_seed31_strict65__clean_p0_shuffled_3072", "latency_seconds": 1.257021768949926, "progress": "76/260", "status": "ok"}
Setting `pad_token_id` to `eos_token_id`:151645 for open-end generation.
{"cell": "qwen3vl8b_seed31_strict65__clean_p0_shuffled_3072", "latency_seconds": 0.6195680368691683, "progress": "77/260", "status": "ok"}
Setting `pad_token_id` to `eos_token_id`:151645 for open-end generation.
{"cell": "qwen3vl8b_seed31_strict65__clean_p0_shuffled_3072", "latency_seconds": 0.6382810492068529, "progress": "78/260", "status": "ok"}
Setting `pad_token_id` to `eos_token_id`:151645 for open-end generation.
{"cell": "qwen3vl8b_seed31_strict65__clean_p0_shuffled_3072", "latency_seconds": 0.6198385683819652, "progress": "79/260", "status": "ok"}
Setting `pad_token_id` to `eos_token_id`:151645 for open-end generation.
{"cell": "qwen3vl8b_seed31_strict65__clean_p0_shuffled_3072", "latency_seconds": 0.7096521509811282, "progress": "80/260", "status": "ok"}
Setting `pad_token_id` to `eos_token_id`:151645 for open-end generation.
{"cell": "qwen3vl8b_seed31_strict65__clean_p0_shuffled_3072", "latency_seconds": 0.6208343105390668, "progress": "81/260", "status": "ok"}
Setting `pad_token_id` to `eos_token_id`:151645 for open-end generation.
{"cell": "qwen3vl8b_seed31_strict65__clean_p0_shuffled_3072", "latency_seconds": 0.621452852152288, "progress": "82/260", "status": "ok"}
Setting `pad_token_id` to `eos_token_id`:151645 for open-end generation.
{"cell": "qwen3vl8b_seed31_strict65__clean_p0_shuffled_3072", "latency_seconds": 0.6192388525232673, "progress": "83/260", "status": "ok"}
Setting `pad_token_id` to `eos_token_id`:151645 for open-end generation.
{"cell": "qwen3vl8b_seed31_strict65__clean_p0_shuffled_3072", "latency_seconds": 0.9195519536733627, "progress": "84/260", "status": "ok"}
Setting `pad_token_id` to `eos_token_id`:151645 for open-end generation.
{"cell": "qwen3vl8b_seed31_strict65__clean_p0_shuffled_3072", "latency_seconds": 0.6150377774611115, "progress": "85/260", "status": "ok"}
Setting `pad_token_id` to `eos_token_id`:151645 for open-end generation.
{"cell": "qwen3vl8b_seed31_strict65__clean_p0_shuffled_3072", "latency_seconds": 0.6181604228913784, "progress": "86/260", "status": "ok"}
Setting `pad_token_id` to `eos_token_id`:151645 for open-end generation.
{"cell": "qwen3vl8b_seed31_strict65__clean_p0_shuffled_3072", "latency_seconds": 0.6159953400492668, "progress": "87/260", "status": "ok"}
Setting `pad_token_id` to `eos_token_id`:151645 for open-end generation.
{"cell": "qwen3vl8b_seed31_strict65__clean_p0_shuffled_3072", "latency_seconds": 1.9811254395172, "progress": "88/260", "status": "ok"}
Setting `pad_token_id` to `eos_token_id`:151645 for open-end generation.
{"cell": "qwen3vl8b_seed31_strict65__clean_p0_shuffled_3072", "latency_seconds": 0.6191255236044526, "progress": "89/260", "status": "ok"}
Setting `pad_token_id` to `eos_token_id`:151645 for open-end generation.
{"cell": "qwen3vl8b_seed31_strict65__clean_p0_shuffled_3072", "latency_seconds": 0.9358863141387701, "progress": "90/260", "status": "ok"}
Setting `pad_token_id` to `eos_token_id`:151645 for open-end generation.
{"cell": "qwen3vl8b_seed31_strict65__clean_p0_shuffled_3072", "latency_seconds": 0.6212578546255827, "progress": "91/260", "status": "ok"}
Setting `pad_token_id` to `eos_token_id`:151645 for open-end generation.
{"cell": "qwen3vl8b_seed31_strict65__clean_p0_shuffled_3072", "latency_seconds": 0.6206685313954949, "progress": "92/260", "status": "ok"}
Setting `pad_token_id` to `eos_token_id`:151645 for open-end generation.
{"cell": "qwen3vl8b_seed31_strict65__clean_p0_shuffled_3072", "latency_seconds": 0.6215924425050616, "progress": "93/260", "status": "ok"}
Setting `pad_token_id` to `eos_token_id`:151645 for open-end generation.
{"cell": "qwen3vl8b_seed31_strict65__clean_p0_shuffled_3072", "latency_seconds": 0.6188685623928905, "progress": "94/260", "status": "ok"}
Setting `pad_token_id` to `eos_token_id`:151645 for open-end generation.
{"cell": "qwen3vl8b_seed31_strict65__clean_p0_shuffled_3072", "latency_seconds": 0.6390296379104257, "progress": "95/260", "status": "ok"}
Setting `pad_token_id` to `eos_token_id`:151645 for open-end generation.
{"cell": "qwen3vl8b_seed31_strict65__clean_p0_shuffled_3072", "latency_seconds": 0.9128067130222917, "progress": "96/260", "status": "ok"}
Setting `pad_token_id` to `eos_token_id`:151645 for open-end generation.
{"cell": "qwen3vl8b_seed31_strict65__clean_p0_shuffled_3072", "latency_seconds": 0.6184580912813544, "progress": "97/260", "status": "ok"}
Setting `pad_token_id` to `eos_token_id`:151645 for open-end generation.
{"cell": "qwen3vl8b_seed31_strict65__clean_p0_shuffled_3072", "latency_seconds": 0.619212226010859, "progress": "98/260", "status": "ok"}
Setting `pad_token_id` to `eos_token_id`:151645 for open-end generation.
{"cell": "qwen3vl8b_seed31_strict65__clean_p0_shuffled_3072", "latency_seconds": 0.6206823913380504, "progress": "99/260", "status": "ok"}
Setting `pad_token_id` to `eos_token_id`:151645 for open-end generation.
{"cell": "qwen3vl8b_seed31_strict65__clean_p0_shuffled_3072", "latency_seconds": 1.292882394976914, "progress": "100/260", "status": "ok"}
Setting `pad_token_id` to `eos_token_id`:151645 for open-end generation.
{"cell": "qwen3vl8b_seed31_strict65__clean_p0_shuffled_3072", "latency_seconds": 0.6186984153464437, "progress": "101/260", "status": "ok"}
Setting `pad_token_id` to `eos_token_id`:151645 for open-end generation.
{"cell": "qwen3vl8b_seed31_strict65__clean_p0_shuffled_3072", "latency_seconds": 0.6186285316944122, "progress": "102/260", "status": "ok"}
Setting `pad_token_id` to `eos_token_id`:151645 for open-end generation.
{"cell": "qwen3vl8b_seed31_strict65__clean_p0_shuffled_3072", "latency_seconds": 0.6177142644301057, "progress": "103/260", "status": "ok"}
Setting `pad_token_id` to `eos_token_id`:151645 for open-end generation.
{"cell": "qwen3vl8b_seed31_strict65__clean_p0_shuffled_3072", "latency_seconds": 0.7456610389053822, "progress": "104/260", "status": "ok"}
Setting `pad_token_id` to `eos_token_id`:151645 for open-end generation.
{"cell": "qwen3vl8b_seed31_strict65__clean_p0_shuffled_3072", "latency_seconds": 0.6268142573535442, "progress": "105/260", "status": "ok"}
Setting `pad_token_id` to `eos_token_id`:151645 for open-end generation.
{"cell": "qwen3vl8b_seed31_strict65__clean_p0_shuffled_3072", "latency_seconds": 0.6198400631546974, "progress": "106/260", "status": "ok"}
Setting `pad_token_id` to `eos_token_id`:151645 for open-end generation.
{"cell": "qwen3vl8b_seed31_strict65__clean_p0_shuffled_3072", "latency_seconds": 0.6185900289565325, "progress": "107/260", "status": "ok"}
Setting `pad_token_id` to `eos_token_id`:151645 for open-end generation.
{"cell": "qwen3vl8b_seed31_strict65__clean_p0_shuffled_3072", "latency_seconds": 0.7476766305044293, "progress": "108/260", "status": "ok"}
Setting `pad_token_id` to `eos_token_id`:151645 for open-end generation.
{"cell": "qwen3vl8b_seed31_strict65__clean_p0_shuffled_3072", "latency_seconds": 0.6174615062773228, "progress": "109/260", "status": "ok"}
Setting `pad_token_id` to `eos_token_id`:151645 for open-end generation.
{"cell": "qwen3vl8b_seed31_strict65__clean_p0_shuffled_3072", "latency_seconds": 0.6170806949958205, "progress": "110/260", "status": "ok"}
Setting `pad_token_id` to `eos_token_id`:151645 for open-end generation.
{"cell": "qwen3vl8b_seed31_strict65__clean_p0_shuffled_3072", "latency_seconds": 0.6230637701228261, "progress": "111/260", "status": "ok"}
Setting `pad_token_id` to `eos_token_id`:151645 for open-end generation.
{"cell": "qwen3vl8b_seed31_strict65__clean_p0_shuffled_3072", "latency_seconds": 1.5959445592015982, "progress": "112/260", "status": "ok"}
Setting `pad_token_id` to `eos_token_id`:151645 for open-end generation.
{"cell": "qwen3vl8b_seed31_strict65__clean_p0_shuffled_3072", "latency_seconds": 0.6191632822155952, "progress": "113/260", "status": "ok"}
Setting `pad_token_id` to `eos_token_id`:151645 for open-end generation.
{"cell": "qwen3vl8b_seed31_strict65__clean_p0_shuffled_3072", "latency_seconds": 0.6163091687485576, "progress": "114/260", "status": "ok"}
Setting `pad_token_id` to `eos_token_id`:151645 for open-end generation.
{"cell": "qwen3vl8b_seed31_strict65__clean_p0_shuffled_3072", "latency_seconds": 0.6153232250362635, "progress": "115/260", "status": "ok"}
Setting `pad_token_id` to `eos_token_id`:151645 for open-end generation.
{"cell": "qwen3vl8b_seed31_strict65__clean_p0_shuffled_3072", "latency_seconds": 0.697665136307478, "progress": "116/260", "status": "ok"}
Setting `pad_token_id` to `eos_token_id`:151645 for open-end generation.
{"cell": "qwen3vl8b_seed31_strict65__clean_p0_shuffled_3072", "latency_seconds": 0.617062677629292, "progress": "117/260", "status": "ok"}
Setting `pad_token_id` to `eos_token_id`:151645 for open-end generation.
{"cell": "qwen3vl8b_seed31_strict65__clean_p0_shuffled_3072", "latency_seconds": 0.6404923209920526, "progress": "118/260", "status": "ok"}
Setting `pad_token_id` to `eos_token_id`:151645 for open-end generation.
{"cell": "qwen3vl8b_seed31_strict65__clean_p0_shuffled_3072", "latency_seconds": 0.6177804637700319, "progress": "119/260", "status": "ok"}
Setting `pad_token_id` to `eos_token_id`:151645 for open-end generation.
{"cell": "qwen3vl8b_seed31_strict65__clean_p0_shuffled_3072", "latency_seconds": 11.553407159633934, "progress": "120/260", "status": "ok"}
Setting `pad_token_id` to `eos_token_id`:151645 for open-end generation.
{"cell": "qwen3vl8b_seed31_strict65__clean_p0_shuffled_3072", "latency_seconds": 0.6186475474387407, "progress": "121/260", "status": "ok"}
Setting `pad_token_id` to `eos_token_id`:151645 for open-end generation.
{"cell": "qwen3vl8b_seed31_strict65__clean_p0_shuffled_3072", "latency_seconds": 0.6192273320630193, "progress": "122/260", "status": "ok"}
Setting `pad_token_id` to `eos_token_id`:151645 for open-end generation.
{"cell": "qwen3vl8b_seed31_strict65__clean_p0_shuffled_3072", "latency_seconds": 0.6172998677939177, "progress": "123/260", "status": "ok"}
Setting `pad_token_id` to `eos_token_id`:151645 for open-end generation.
{"cell": "qwen3vl8b_seed31_strict65__clean_p0_shuffled_3072", "latency_seconds": 1.4125667782500386, "progress": "124/260", "status": "ok"}
Setting `pad_token_id` to `eos_token_id`:151645 for open-end generation.
{"cell": "qwen3vl8b_seed31_strict65__clean_p0_shuffled_3072", "latency_seconds": 0.6202897019684315, "progress": "125/260", "status": "ok"}
Setting `pad_token_id` to `eos_token_id`:151645 for open-end generation.
{"cell": "qwen3vl8b_seed31_strict65__clean_p0_shuffled_3072", "latency_seconds": 0.6175925126299262, "progress": "126/260", "status": "ok"}
Setting `pad_token_id` to `eos_token_id`:151645 for open-end generation.
{"cell": "qwen3vl8b_seed31_strict65__clean_p0_shuffled_3072", "latency_seconds": 0.6191574968397617, "progress": "127/260", "status": "ok"}
Setting `pad_token_id` to `eos_token_id`:151645 for open-end generation.
{"cell": "qwen3vl8b_seed31_strict65__clean_p0_shuffled_3072", "latency_seconds": 1.0273662209510803, "progress": "128/260", "status": "ok"}
Setting `pad_token_id` to `eos_token_id`:151645 for open-end generation.
{"cell": "qwen3vl8b_seed31_strict65__clean_p0_shuffled_3072", "latency_seconds": 0.6187653169035912, "progress": "129/260", "status": "ok"}
Setting `pad_token_id` to `eos_token_id`:151645 for open-end generation.
{"cell": "qwen3vl8b_seed31_strict65__clean_p0_shuffled_3072", "latency_seconds": 0.6182384490966797, "progress": "130/260", "status": "ok"}
Setting `pad_token_id` to `eos_token_id`:151645 for open-end generation.
{"cell": "qwen3vl8b_seed31_strict65__clean_p0_shuffled_3072", "latency_seconds": 0.6198043618351221, "progress": "131/260", "status": "ok"}
Setting `pad_token_id` to `eos_token_id`:151645 for open-end generation.
{"cell": "qwen3vl8b_seed31_strict65__clean_p0_shuffled_3072", "latency_seconds": 0.9182608956471086, "progress": "132/260", "status": "ok"}
Setting `pad_token_id` to `eos_token_id`:151645 for open-end generation.
{"cell": "qwen3vl8b_seed31_strict65__clean_p0_shuffled_3072", "latency_seconds": 0.6194393085315824, "progress": "133/260", "status": "ok"}
Setting `pad_token_id` to `eos_token_id`:151645 for open-end generation.
{"cell": "qwen3vl8b_seed31_strict65__clean_p0_shuffled_3072", "latency_seconds": 0.6191367469727993, "progress": "134/260", "status": "ok"}
Setting `pad_token_id` to `eos_token_id`:151645 for open-end generation.
{"cell": "qwen3vl8b_seed31_strict65__clean_p0_shuffled_3072", "latency_seconds": 0.6221152395009995, "progress": "135/260", "status": "ok"}
Setting `pad_token_id` to `eos_token_id`:151645 for open-end generation.
{"cell": "qwen3vl8b_seed31_strict65__clean_p0_shuffled_3072", "latency_seconds": 1.0777616798877716, "progress": "136/260", "status": "ok"}
Setting `pad_token_id` to `eos_token_id`:151645 for open-end generation.
{"cell": "qwen3vl8b_seed31_strict65__clean_p0_shuffled_3072", "latency_seconds": 0.624854413792491, "progress": "137/260", "status": "ok"}
Setting `pad_token_id` to `eos_token_id`:151645 for open-end generation.
{"cell": "qwen3vl8b_seed31_strict65__clean_p0_shuffled_3072", "latency_seconds": 0.6404902460053563, "progress": "138/260", "status": "ok"}
Setting `pad_token_id` to `eos_token_id`:151645 for open-end generation.
{"cell": "qwen3vl8b_seed31_strict65__clean_p0_shuffled_3072", "latency_seconds": 0.6201518513262272, "progress": "139/260", "status": "ok"}
Setting `pad_token_id` to `eos_token_id`:151645 for open-end generation.
{"cell": "qwen3vl8b_seed31_strict65__clean_p0_shuffled_3072", "latency_seconds": 0.7466393569484353, "progress": "140/260", "status": "ok"}
Setting `pad_token_id` to `eos_token_id`:151645 for open-end generation.
{"cell": "qwen3vl8b_seed31_strict65__clean_p0_shuffled_3072", "latency_seconds": 0.6184179866686463, "progress": "141/260", "status": "ok"}
Setting `pad_token_id` to `eos_token_id`:151645 for open-end generation.
{"cell": "qwen3vl8b_seed31_strict65__clean_p0_shuffled_3072", "latency_seconds": 0.618860705755651, "progress": "142/260", "status": "ok"}
Setting `pad_token_id` to `eos_token_id`:151645 for open-end generation.
{"cell": "qwen3vl8b_seed31_strict65__clean_p0_shuffled_3072", "latency_seconds": 0.6167269926518202, "progress": "143/260", "status": "ok"}
Setting `pad_token_id` to `eos_token_id`:151645 for open-end generation.
{"cell": "qwen3vl8b_seed31_strict65__clean_p0_shuffled_3072", "latency_seconds": 0.9833055809140205, "progress": "144/260", "status": "ok"}
Setting `pad_token_id` to `eos_token_id`:151645 for open-end generation.
{"cell": "qwen3vl8b_seed31_strict65__clean_p0_shuffled_3072", "latency_seconds": 0.6193249449133873, "progress": "145/260", "status": "ok"}
Setting `pad_token_id` to `eos_token_id`:151645 for open-end generation.
{"cell": "qwen3vl8b_seed31_strict65__clean_p0_shuffled_3072", "latency_seconds": 0.6399360904470086, "progress": "146/260", "status": "ok"}
Setting `pad_token_id` to `eos_token_id`:151645 for open-end generation.
{"cell": "qwen3vl8b_seed31_strict65__clean_p0_shuffled_3072", "latency_seconds": 0.6187717029824853, "progress": "147/260", "status": "ok"}
Setting `pad_token_id` to `eos_token_id`:151645 for open-end generation.
{"cell": "qwen3vl8b_seed31_strict65__clean_p0_shuffled_3072", "latency_seconds": 1.4303441550582647, "progress": "148/260", "status": "ok"}
Setting `pad_token_id` to `eos_token_id`:151645 for open-end generation.
{"cell": "qwen3vl8b_seed31_strict65__clean_p0_shuffled_3072", "latency_seconds": 0.6184647856280208, "progress": "149/260", "status": "ok"}
Setting `pad_token_id` to `eos_token_id`:151645 for open-end generation.
{"cell": "qwen3vl8b_seed31_strict65__clean_p0_shuffled_3072", "latency_seconds": 0.6188926724717021, "progress": "150/260", "status": "ok"}
Setting `pad_token_id` to `eos_token_id`:151645 for open-end generation.
{"cell": "qwen3vl8b_seed31_strict65__clean_p0_shuffled_3072", "latency_seconds": 0.6191648431122303, "progress": "151/260", "status": "ok"}
Setting `pad_token_id` to `eos_token_id`:151645 for open-end generation.
{"cell": "qwen3vl8b_seed31_strict65__clean_p0_shuffled_3072", "latency_seconds": 1.4366814382374287, "progress": "152/260", "status": "ok"}
Setting `pad_token_id` to `eos_token_id`:151645 for open-end generation.
{"cell": "qwen3vl8b_seed31_strict65__clean_p0_shuffled_3072", "latency_seconds": 0.6191860111430287, "progress": "153/260", "status": "ok"}
Setting `pad_token_id` to `eos_token_id`:151645 for open-end generation.
{"cell": "qwen3vl8b_seed31_strict65__clean_p0_shuffled_3072", "latency_seconds": 0.6236486602574587, "progress": "154/260", "status": "ok"}
Setting `pad_token_id` to `eos_token_id`:151645 for open-end generation.
{"cell": "qwen3vl8b_seed31_strict65__clean_p0_shuffled_3072", "latency_seconds": 0.6218000752851367, "progress": "155/260", "status": "ok"}
Setting `pad_token_id` to `eos_token_id`:151645 for open-end generation.
{"cell": "qwen3vl8b_seed31_strict65__clean_p0_shuffled_3072", "latency_seconds": 1.7955458452925086, "progress": "156/260", "status": "ok"}
Setting `pad_token_id` to `eos_token_id`:151645 for open-end generation.
{"cell": "qwen3vl8b_seed31_strict65__clean_p0_shuffled_3072", "latency_seconds": 0.6189723797142506, "progress": "157/260", "status": "ok"}
Setting `pad_token_id` to `eos_token_id`:151645 for open-end generation.
{"cell": "qwen3vl8b_seed31_strict65__clean_p0_shuffled_3072", "latency_seconds": 0.6197534957900643, "progress": "158/260", "status": "ok"}
Setting `pad_token_id` to `eos_token_id`:151645 for open-end generation.
{"cell": "qwen3vl8b_seed31_strict65__clean_p0_shuffled_3072", "latency_seconds": 0.6186860054731369, "progress": "159/260", "status": "ok"}
Setting `pad_token_id` to `eos_token_id`:151645 for open-end generation.
{"cell": "qwen3vl8b_seed31_strict65__clean_p0_shuffled_3072", "latency_seconds": 1.2636840110644698, "progress": "160/260", "status": "ok"}
Setting `pad_token_id` to `eos_token_id`:151645 for open-end generation.
{"cell": "qwen3vl8b_seed31_strict65__clean_p0_shuffled_3072", "latency_seconds": 0.6182292802259326, "progress": "161/260", "status": "ok"}
Setting `pad_token_id` to `eos_token_id`:151645 for open-end generation.
{"cell": "qwen3vl8b_seed31_strict65__clean_p0_shuffled_3072", "latency_seconds": 0.6175505500286818, "progress": "162/260", "status": "ok"}
Setting `pad_token_id` to `eos_token_id`:151645 for open-end generation.
{"cell": "qwen3vl8b_seed31_strict65__clean_p0_shuffled_3072", "latency_seconds": 0.6168228536844254, "progress": "163/260", "status": "ok"}
Setting `pad_token_id` to `eos_token_id`:151645 for open-end generation.
{"cell": "qwen3vl8b_seed31_strict65__clean_p0_shuffled_3072", "latency_seconds": 0.7064547371119261, "progress": "164/260", "status": "ok"}
Setting `pad_token_id` to `eos_token_id`:151645 for open-end generation.
{"cell": "qwen3vl8b_seed31_strict65__clean_p0_shuffled_3072", "latency_seconds": 0.6170672355219722, "progress": "165/260", "status": "ok"}
Setting `pad_token_id` to `eos_token_id`:151645 for open-end generation.
{"cell": "qwen3vl8b_seed31_strict65__clean_p0_shuffled_3072", "latency_seconds": 0.6147153172641993, "progress": "166/260", "status": "ok"}
Setting `pad_token_id` to `eos_token_id`:151645 for open-end generation.
{"cell": "qwen3vl8b_seed31_strict65__clean_p0_shuffled_3072", "latency_seconds": 0.6148604340851307, "progress": "167/260", "status": "ok"}
Setting `pad_token_id` to `eos_token_id`:151645 for open-end generation.
{"cell": "qwen3vl8b_seed31_strict65__clean_p0_shuffled_3072", "latency_seconds": 0.6209958046674728, "progress": "168/260", "status": "ok"}
Setting `pad_token_id` to `eos_token_id`:151645 for open-end generation.
{"cell": "qwen3vl8b_seed31_strict65__clean_p0_shuffled_3072", "latency_seconds": 0.6195639418438077, "progress": "169/260", "status": "ok"}
Setting `pad_token_id` to `eos_token_id`:151645 for open-end generation.
{"cell": "qwen3vl8b_seed31_strict65__clean_p0_shuffled_3072", "latency_seconds": 0.618903192691505, "progress": "170/260", "status": "ok"}
Setting `pad_token_id` to `eos_token_id`:151645 for open-end generation.
{"cell": "qwen3vl8b_seed31_strict65__clean_p0_shuffled_3072", "latency_seconds": 0.6219926634803414, "progress": "171/260", "status": "ok"}
Setting `pad_token_id` to `eos_token_id`:151645 for open-end generation.
{"cell": "qwen3vl8b_seed31_strict65__clean_p0_shuffled_3072", "latency_seconds": 1.2569217272102833, "progress": "172/260", "status": "ok"}
Setting `pad_token_id` to `eos_token_id`:151645 for open-end generation.
{"cell": "qwen3vl8b_seed31_strict65__clean_p0_shuffled_3072", "latency_seconds": 0.6153344251215458, "progress": "173/260", "status": "ok"}
Setting `pad_token_id` to `eos_token_id`:151645 for open-end generation.
{"cell": "qwen3vl8b_seed31_strict65__clean_p0_shuffled_3072", "latency_seconds": 0.6181920226663351, "progress": "174/260", "status": "ok"}
Setting `pad_token_id` to `eos_token_id`:151645 for open-end generation.
{"cell": "qwen3vl8b_seed31_strict65__clean_p0_shuffled_3072", "latency_seconds": 0.6192669253796339, "progress": "175/260", "status": "ok"}
Setting `pad_token_id` to `eos_token_id`:151645 for open-end generation.
{"cell": "qwen3vl8b_seed31_strict65__clean_p0_shuffled_3072", "latency_seconds": 1.0836506513878703, "progress": "176/260", "status": "ok"}
Setting `pad_token_id` to `eos_token_id`:151645 for open-end generation.
{"cell": "qwen3vl8b_seed31_strict65__clean_p0_shuffled_3072", "latency_seconds": 0.6173616209998727, "progress": "177/260", "status": "ok"}
Setting `pad_token_id` to `eos_token_id`:151645 for open-end generation.
{"cell": "qwen3vl8b_seed31_strict65__clean_p0_shuffled_3072", "latency_seconds": 0.617236609570682, "progress": "178/260", "status": "ok"}
Setting `pad_token_id` to `eos_token_id`:151645 for open-end generation.
{"cell": "qwen3vl8b_seed31_strict65__clean_p0_shuffled_3072", "latency_seconds": 0.6193529916927218, "progress": "179/260", "status": "ok"}
Setting `pad_token_id` to `eos_token_id`:151645 for open-end generation.
{"cell": "qwen3vl8b_seed31_strict65__clean_p0_shuffled_3072", "latency_seconds": 0.7451990582048893, "progress": "180/260", "status": "ok"}
Setting `pad_token_id` to `eos_token_id`:151645 for open-end generation.
{"cell": "qwen3vl8b_seed31_strict65__clean_p0_shuffled_3072", "latency_seconds": 0.6304616741836071, "progress": "181/260", "status": "ok"}
Setting `pad_token_id` to `eos_token_id`:151645 for open-end generation.
{"cell": "qwen3vl8b_seed31_strict65__clean_p0_shuffled_3072", "latency_seconds": 0.6406856961548328, "progress": "182/260", "status": "ok"}
Setting `pad_token_id` to `eos_token_id`:151645 for open-end generation.
{"cell": "qwen3vl8b_seed31_strict65__clean_p0_shuffled_3072", "latency_seconds": 0.6173857636749744, "progress": "183/260", "status": "ok"}
Setting `pad_token_id` to `eos_token_id`:151645 for open-end generation.
{"cell": "qwen3vl8b_seed31_strict65__clean_p0_shuffled_3072", "latency_seconds": 1.2919550267979503, "progress": "184/260", "status": "ok"}
Setting `pad_token_id` to `eos_token_id`:151645 for open-end generation.
{"cell": "qwen3vl8b_seed31_strict65__clean_p0_shuffled_3072", "latency_seconds": 0.6174004403874278, "progress": "185/260", "status": "ok"}
Setting `pad_token_id` to `eos_token_id`:151645 for open-end generation.
{"cell": "qwen3vl8b_seed31_strict65__clean_p0_shuffled_3072", "latency_seconds": 0.6791398916393518, "progress": "186/260", "status": "ok"}
Setting `pad_token_id` to `eos_token_id`:151645 for open-end generation.
{"cell": "qwen3vl8b_seed31_strict65__clean_p0_shuffled_3072", "latency_seconds": 0.6209645178169012, "progress": "187/260", "status": "ok"}
Setting `pad_token_id` to `eos_token_id`:151645 for open-end generation.
{"cell": "qwen3vl8b_seed31_strict65__clean_p0_shuffled_3072", "latency_seconds": 1.1596733387559652, "progress": "188/260", "status": "ok"}
Setting `pad_token_id` to `eos_token_id`:151645 for open-end generation.
{"cell": "qwen3vl8b_seed31_strict65__clean_p0_shuffled_3072", "latency_seconds": 0.639404552988708, "progress": "189/260", "status": "ok"}
Setting `pad_token_id` to `eos_token_id`:151645 for open-end generation.
{"cell": "qwen3vl8b_seed31_strict65__clean_p0_shuffled_3072", "latency_seconds": 0.6400737930089235, "progress": "190/260", "status": "ok"}
Setting `pad_token_id` to `eos_token_id`:151645 for open-end generation.
{"cell": "qwen3vl8b_seed31_strict65__clean_p0_shuffled_3072", "latency_seconds": 0.6589201297610998, "progress": "191/260", "status": "ok"}
Setting `pad_token_id` to `eos_token_id`:151645 for open-end generation.
{"cell": "qwen3vl8b_seed31_strict65__clean_p0_shuffled_3072", "latency_seconds": 1.8159443596377969, "progress": "192/260", "status": "ok"}
Setting `pad_token_id` to `eos_token_id`:151645 for open-end generation.
{"cell": "qwen3vl8b_seed31_strict65__clean_p0_shuffled_3072", "latency_seconds": 0.6378926308825612, "progress": "193/260", "status": "ok"}
Setting `pad_token_id` to `eos_token_id`:151645 for open-end generation.
{"cell": "qwen3vl8b_seed31_strict65__clean_p0_shuffled_3072", "latency_seconds": 0.6298219030722976, "progress": "194/260", "status": "ok"}
Setting `pad_token_id` to `eos_token_id`:151645 for open-end generation.
{"cell": "qwen3vl8b_seed31_strict65__clean_p0_shuffled_3072", "latency_seconds": 0.6588102048262954, "progress": "195/260", "status": "ok"}
Setting `pad_token_id` to `eos_token_id`:151645 for open-end generation.
{"cell": "qwen3vl8b_seed31_strict65__clean_p0_shuffled_3072", "latency_seconds": 0.74808662943542, "progress": "196/260", "status": "ok"}
Setting `pad_token_id` to `eos_token_id`:151645 for open-end generation.
{"cell": "qwen3vl8b_seed31_strict65__clean_p0_shuffled_3072", "latency_seconds": 0.620996150188148, "progress": "197/260", "status": "ok"}
Setting `pad_token_id` to `eos_token_id`:151645 for open-end generation.
{"cell": "qwen3vl8b_seed31_strict65__clean_p0_shuffled_3072", "latency_seconds": 0.6549642644822598, "progress": "198/260", "status": "ok"}
Setting `pad_token_id` to `eos_token_id`:151645 for open-end generation.
{"cell": "qwen3vl8b_seed31_strict65__clean_p0_shuffled_3072", "latency_seconds": 0.6150808967649937, "progress": "199/260", "status": "ok"}
Setting `pad_token_id` to `eos_token_id`:151645 for open-end generation.
{"cell": "qwen3vl8b_seed31_strict65__clean_p0_shuffled_3072", "latency_seconds": 0.6557764755561948, "progress": "200/260", "status": "ok"}
Setting `pad_token_id` to `eos_token_id`:151645 for open-end generation.
{"cell": "qwen3vl8b_seed31_strict65__clean_p0_shuffled_3072", "latency_seconds": 0.6191812409088016, "progress": "201/260", "status": "ok"}
Setting `pad_token_id` to `eos_token_id`:151645 for open-end generation.
{"cell": "qwen3vl8b_seed31_strict65__clean_p0_shuffled_3072", "latency_seconds": 0.6274965032935143, "progress": "202/260", "status": "ok"}
Setting `pad_token_id` to `eos_token_id`:151645 for open-end generation.
{"cell": "qwen3vl8b_seed31_strict65__clean_p0_shuffled_3072", "latency_seconds": 0.6575015960261226, "progress": "203/260", "status": "ok"}
Setting `pad_token_id` to `eos_token_id`:151645 for open-end generation.
{"cell": "qwen3vl8b_seed31_strict65__clean_p0_shuffled_3072", "latency_seconds": 1.614857424981892, "progress": "204/260", "status": "ok"}
Setting `pad_token_id` to `eos_token_id`:151645 for open-end generation.
{"cell": "qwen3vl8b_seed31_strict65__clean_p0_shuffled_3072", "latency_seconds": 0.6224452797323465, "progress": "205/260", "status": "ok"}
Setting `pad_token_id` to `eos_token_id`:151645 for open-end generation.
{"cell": "qwen3vl8b_seed31_strict65__clean_p0_shuffled_3072", "latency_seconds": 0.617836476303637, "progress": "206/260", "status": "ok"}
Setting `pad_token_id` to `eos_token_id`:151645 for open-end generation.
{"cell": "qwen3vl8b_seed31_strict65__clean_p0_shuffled_3072", "latency_seconds": 0.6172096757218242, "progress": "207/260", "status": "ok"}
Setting `pad_token_id` to `eos_token_id`:151645 for open-end generation.
{"cell": "qwen3vl8b_seed31_strict65__clean_p0_shuffled_3072", "latency_seconds": 0.7261939300224185, "progress": "208/260", "status": "ok"}
Setting `pad_token_id` to `eos_token_id`:151645 for open-end generation.
{"cell": "qwen3vl8b_seed31_strict65__clean_p0_shuffled_3072", "latency_seconds": 0.6210090992972255, "progress": "209/260", "status": "ok"}
Setting `pad_token_id` to `eos_token_id`:151645 for open-end generation.
{"cell": "qwen3vl8b_seed31_strict65__clean_p0_shuffled_3072", "latency_seconds": 0.6323300246149302, "progress": "210/260", "status": "ok"}
Setting `pad_token_id` to `eos_token_id`:151645 for open-end generation.
{"cell": "qwen3vl8b_seed31_strict65__clean_p0_shuffled_3072", "latency_seconds": 0.6231081588193774, "progress": "211/260", "status": "ok"}
Setting `pad_token_id` to `eos_token_id`:151645 for open-end generation.
{"cell": "qwen3vl8b_seed31_strict65__clean_p0_shuffled_3072", "latency_seconds": 0.7496510203927755, "progress": "212/260", "status": "ok"}
Setting `pad_token_id` to `eos_token_id`:151645 for open-end generation.
{"cell": "qwen3vl8b_seed31_strict65__clean_p0_shuffled_3072", "latency_seconds": 0.6185355437919497, "progress": "213/260", "status": "ok"}
Setting `pad_token_id` to `eos_token_id`:151645 for open-end generation.
{"cell": "qwen3vl8b_seed31_strict65__clean_p0_shuffled_3072", "latency_seconds": 0.6197020560503006, "progress": "214/260", "status": "ok"}
Setting `pad_token_id` to `eos_token_id`:151645 for open-end generation.
{"cell": "qwen3vl8b_seed31_strict65__clean_p0_shuffled_3072", "latency_seconds": 0.6199449310079217, "progress": "215/260", "status": "ok"}
Setting `pad_token_id` to `eos_token_id`:151645 for open-end generation.
{"cell": "qwen3vl8b_seed31_strict65__clean_p0_shuffled_3072", "latency_seconds": 0.6193916369229555, "progress": "216/260", "status": "ok"}
Setting `pad_token_id` to `eos_token_id`:151645 for open-end generation.
{"cell": "qwen3vl8b_seed31_strict65__clean_p0_shuffled_3072", "latency_seconds": 0.6195073202252388, "progress": "217/260", "status": "ok"}
Setting `pad_token_id` to `eos_token_id`:151645 for open-end generation.
{"cell": "qwen3vl8b_seed31_strict65__clean_p0_shuffled_3072", "latency_seconds": 0.620341258123517, "progress": "218/260", "status": "ok"}
Setting `pad_token_id` to `eos_token_id`:151645 for open-end generation.
{"cell": "qwen3vl8b_seed31_strict65__clean_p0_shuffled_3072", "latency_seconds": 0.6193341165781021, "progress": "219/260", "status": "ok"}
Setting `pad_token_id` to `eos_token_id`:151645 for open-end generation.
{"cell": "qwen3vl8b_seed31_strict65__clean_p0_shuffled_3072", "latency_seconds": 0.7276133922860026, "progress": "220/260", "status": "ok"}
Setting `pad_token_id` to `eos_token_id`:151645 for open-end generation.
{"cell": "qwen3vl8b_seed31_strict65__clean_p0_shuffled_3072", "latency_seconds": 0.6205540681257844, "progress": "221/260", "status": "ok"}
Setting `pad_token_id` to `eos_token_id`:151645 for open-end generation.
{"cell": "qwen3vl8b_seed31_strict65__clean_p0_shuffled_3072", "latency_seconds": 0.6172385578975081, "progress": "222/260", "status": "ok"}
Setting `pad_token_id` to `eos_token_id`:151645 for open-end generation.
{"cell": "qwen3vl8b_seed31_strict65__clean_p0_shuffled_3072", "latency_seconds": 0.6174169080331922, "progress": "223/260", "status": "ok"}
Setting `pad_token_id` to `eos_token_id`:151645 for open-end generation.
{"cell": "qwen3vl8b_seed31_strict65__clean_p0_shuffled_3072", "latency_seconds": 0.7489922121167183, "progress": "224/260", "status": "ok"}
Setting `pad_token_id` to `eos_token_id`:151645 for open-end generation.
{"cell": "qwen3vl8b_seed31_strict65__clean_p0_shuffled_3072", "latency_seconds": 0.6177814248949289, "progress": "225/260", "status": "ok"}
Setting `pad_token_id` to `eos_token_id`:151645 for open-end generation.
{"cell": "qwen3vl8b_seed31_strict65__clean_p0_shuffled_3072", "latency_seconds": 0.618727114982903, "progress": "226/260", "status": "ok"}
Setting `pad_token_id` to `eos_token_id`:151645 for open-end generation.
{"cell": "qwen3vl8b_seed31_strict65__clean_p0_shuffled_3072", "latency_seconds": 0.6173712471500039, "progress": "227/260", "status": "ok"}
Setting `pad_token_id` to `eos_token_id`:151645 for open-end generation.
{"cell": "qwen3vl8b_seed31_strict65__clean_p0_shuffled_3072", "latency_seconds": 0.6858783336356282, "progress": "228/260", "status": "ok"}
Setting `pad_token_id` to `eos_token_id`:151645 for open-end generation.
{"cell": "qwen3vl8b_seed31_strict65__clean_p0_shuffled_3072", "latency_seconds": 0.6207420630380511, "progress": "229/260", "status": "ok"}
Setting `pad_token_id` to `eos_token_id`:151645 for open-end generation.
{"cell": "qwen3vl8b_seed31_strict65__clean_p0_shuffled_3072", "latency_seconds": 0.6204588618129492, "progress": "230/260", "status": "ok"}
Setting `pad_token_id` to `eos_token_id`:151645 for open-end generation.
{"cell": "qwen3vl8b_seed31_strict65__clean_p0_shuffled_3072", "latency_seconds": 0.6174171715974808, "progress": "231/260", "status": "ok"}
Setting `pad_token_id` to `eos_token_id`:151645 for open-end generation.
{"cell": "qwen3vl8b_seed31_strict65__clean_p0_shuffled_3072", "latency_seconds": 0.7491386532783508, "progress": "232/260", "status": "ok"}
Setting `pad_token_id` to `eos_token_id`:151645 for open-end generation.
{"cell": "qwen3vl8b_seed31_strict65__clean_p0_shuffled_3072", "latency_seconds": 0.6243697954341769, "progress": "233/260", "status": "ok"}
Setting `pad_token_id` to `eos_token_id`:151645 for open-end generation.
{"cell": "qwen3vl8b_seed31_strict65__clean_p0_shuffled_3072", "latency_seconds": 0.6190663939341903, "progress": "234/260", "status": "ok"}
Setting `pad_token_id` to `eos_token_id`:151645 for open-end generation.
{"cell": "qwen3vl8b_seed31_strict65__clean_p0_shuffled_3072", "latency_seconds": 0.6182440221309662, "progress": "235/260", "status": "ok"}
Setting `pad_token_id` to `eos_token_id`:151645 for open-end generation.
{"cell": "qwen3vl8b_seed31_strict65__clean_p0_shuffled_3072", "latency_seconds": 1.0958670238032937, "progress": "236/260", "status": "ok"}
Setting `pad_token_id` to `eos_token_id`:151645 for open-end generation.
{"cell": "qwen3vl8b_seed31_strict65__clean_p0_shuffled_3072", "latency_seconds": 0.6271390169858932, "progress": "237/260", "status": "ok"}
Setting `pad_token_id` to `eos_token_id`:151645 for open-end generation.
{"cell": "qwen3vl8b_seed31_strict65__clean_p0_shuffled_3072", "latency_seconds": 0.6169510958716273, "progress": "238/260", "status": "ok"}
Setting `pad_token_id` to `eos_token_id`:151645 for open-end generation.
{"cell": "qwen3vl8b_seed31_strict65__clean_p0_shuffled_3072", "latency_seconds": 0.618299862369895, "progress": "239/260", "status": "ok"}
Setting `pad_token_id` to `eos_token_id`:151645 for open-end generation.
{"cell": "qwen3vl8b_seed31_strict65__clean_p0_shuffled_3072", "latency_seconds": 0.7477909410372376, "progress": "240/260", "status": "ok"}
Setting `pad_token_id` to `eos_token_id`:151645 for open-end generation.
{"cell": "qwen3vl8b_seed31_strict65__clean_p0_shuffled_3072", "latency_seconds": 0.6148949284106493, "progress": "241/260", "status": "ok"}
Setting `pad_token_id` to `eos_token_id`:151645 for open-end generation.
{"cell": "qwen3vl8b_seed31_strict65__clean_p0_shuffled_3072", "latency_seconds": 0.6226870538666844, "progress": "242/260", "status": "ok"}
Setting `pad_token_id` to `eos_token_id`:151645 for open-end generation.
{"cell": "qwen3vl8b_seed31_strict65__clean_p0_shuffled_3072", "latency_seconds": 0.6173466527834535, "progress": "243/260", "status": "ok"}
Setting `pad_token_id` to `eos_token_id`:151645 for open-end generation.
{"cell": "qwen3vl8b_seed31_strict65__clean_p0_shuffled_3072", "latency_seconds": 0.7873555161058903, "progress": "244/260", "status": "ok"}
Setting `pad_token_id` to `eos_token_id`:151645 for open-end generation.
{"cell": "qwen3vl8b_seed31_strict65__clean_p0_shuffled_3072", "latency_seconds": 0.6225404720753431, "progress": "245/260", "status": "ok"}
Setting `pad_token_id` to `eos_token_id`:151645 for open-end generation.
{"cell": "qwen3vl8b_seed31_strict65__clean_p0_shuffled_3072", "latency_seconds": 0.6211125329136848, "progress": "246/260", "status": "ok"}
Setting `pad_token_id` to `eos_token_id`:151645 for open-end generation.
{"cell": "qwen3vl8b_seed31_strict65__clean_p0_shuffled_3072", "latency_seconds": 0.6206138664856553, "progress": "247/260", "status": "ok"}
Setting `pad_token_id` to `eos_token_id`:151645 for open-end generation.
{"cell": "qwen3vl8b_seed31_strict65__clean_p0_shuffled_3072", "latency_seconds": 1.2547923577949405, "progress": "248/260", "status": "ok"}
Setting `pad_token_id` to `eos_token_id`:151645 for open-end generation.
{"cell": "qwen3vl8b_seed31_strict65__clean_p0_shuffled_3072", "latency_seconds": 0.6264781011268497, "progress": "249/260", "status": "ok"}
Setting `pad_token_id` to `eos_token_id`:151645 for open-end generation.
{"cell": "qwen3vl8b_seed31_strict65__clean_p0_shuffled_3072", "latency_seconds": 0.6253246683627367, "progress": "250/260", "status": "ok"}
Setting `pad_token_id` to `eos_token_id`:151645 for open-end generation.
{"cell": "qwen3vl8b_seed31_strict65__clean_p0_shuffled_3072", "latency_seconds": 0.6233373982831836, "progress": "251/260", "status": "ok"}
Setting `pad_token_id` to `eos_token_id`:151645 for open-end generation.
{"cell": "qwen3vl8b_seed31_strict65__clean_p0_shuffled_3072", "latency_seconds": 1.0845231926068664, "progress": "252/260", "status": "ok"}
Setting `pad_token_id` to `eos_token_id`:151645 for open-end generation.
{"cell": "qwen3vl8b_seed31_strict65__clean_p0_shuffled_3072", "latency_seconds": 0.6169270891696215, "progress": "253/260", "status": "ok"}
Setting `pad_token_id` to `eos_token_id`:151645 for open-end generation.
{"cell": "qwen3vl8b_seed31_strict65__clean_p0_shuffled_3072", "latency_seconds": 0.6217113733291626, "progress": "254/260", "status": "ok"}
Setting `pad_token_id` to `eos_token_id`:151645 for open-end generation.
{"cell": "qwen3vl8b_seed31_strict65__clean_p0_shuffled_3072", "latency_seconds": 0.6171151138842106, "progress": "255/260", "status": "ok"}
Setting `pad_token_id` to `eos_token_id`:151645 for open-end generation.
{"cell": "qwen3vl8b_seed31_strict65__clean_p0_shuffled_3072", "latency_seconds": 0.7466019792482257, "progress": "256/260", "status": "ok"}
Setting `pad_token_id` to `eos_token_id`:151645 for open-end generation.
{"cell": "qwen3vl8b_seed31_strict65__clean_p0_shuffled_3072", "latency_seconds": 0.6184622310101986, "progress": "257/260", "status": "ok"}
Setting `pad_token_id` to `eos_token_id`:151645 for open-end generation.
{"cell": "qwen3vl8b_seed31_strict65__clean_p0_shuffled_3072", "latency_seconds": 0.6191148245707154, "progress": "258/260", "status": "ok"}
Setting `pad_token_id` to `eos_token_id`:151645 for open-end generation.
{"cell": "qwen3vl8b_seed31_strict65__clean_p0_shuffled_3072", "latency_seconds": 0.6183558963239193, "progress": "259/260", "status": "ok"}
Setting `pad_token_id` to `eos_token_id`:151645 for open-end generation.
{"cell": "qwen3vl8b_seed31_strict65__clean_p0_shuffled_3072", "latency_seconds": 0.7066644858568907, "progress": "260/260", "status": "ok"}
Setting `pad_token_id` to `eos_token_id`:151645 for open-end generation.
{"cell": "qwen3vl8b_seed31_strict65__jpeg_q70_p0_shuffled_3072", "latency_seconds": 0.6167049054056406, "progress": "1/260", "status": "ok"}
Setting `pad_token_id` to `eos_token_id`:151645 for open-end generation.
{"cell": "qwen3vl8b_seed31_strict65__jpeg_q70_p0_shuffled_3072", "latency_seconds": 0.6191378878429532, "progress": "2/260", "status": "ok"}
Setting `pad_token_id` to `eos_token_id`:151645 for open-end generation.
{"cell": "qwen3vl8b_seed31_strict65__jpeg_q70_p0_shuffled_3072", "latency_seconds": 0.6196372769773006, "progress": "3/260", "status": "ok"}
Setting `pad_token_id` to `eos_token_id`:151645 for open-end generation.
{"cell": "qwen3vl8b_seed31_strict65__jpeg_q70_p0_shuffled_3072", "latency_seconds": 1.1024787118658423, "progress": "4/260", "status": "ok"}
Setting `pad_token_id` to `eos_token_id`:151645 for open-end generation.
{"cell": "qwen3vl8b_seed31_strict65__jpeg_q70_p0_shuffled_3072", "latency_seconds": 0.6204332048073411, "progress": "5/260", "status": "ok"}
Setting `pad_token_id` to `eos_token_id`:151645 for open-end generation.
{"cell": "qwen3vl8b_seed31_strict65__jpeg_q70_p0_shuffled_3072", "latency_seconds": 0.6168031645938754, "progress": "6/260", "status": "ok"}
Setting `pad_token_id` to `eos_token_id`:151645 for open-end generation.
{"cell": "qwen3vl8b_seed31_strict65__jpeg_q70_p0_shuffled_3072", "latency_seconds": 0.6273720152676105, "progress": "7/260", "status": "ok"}
Setting `pad_token_id` to `eos_token_id`:151645 for open-end generation.
{"cell": "qwen3vl8b_seed31_strict65__jpeg_q70_p0_shuffled_3072", "latency_seconds": 0.7460722746327519, "progress": "8/260", "status": "ok"}
Setting `pad_token_id` to `eos_token_id`:151645 for open-end generation.
{"cell": "qwen3vl8b_seed31_strict65__jpeg_q70_p0_shuffled_3072", "latency_seconds": 0.6196247637271881, "progress": "9/260", "status": "ok"}
Setting `pad_token_id` to `eos_token_id`:151645 for open-end generation.
{"cell": "qwen3vl8b_seed31_strict65__jpeg_q70_p0_shuffled_3072", "latency_seconds": 0.617898466065526, "progress": "10/260", "status": "ok"}
Setting `pad_token_id` to `eos_token_id`:151645 for open-end generation.
{"cell": "qwen3vl8b_seed31_strict65__jpeg_q70_p0_shuffled_3072", "latency_seconds": 0.6170006189495325, "progress": "11/260", "status": "ok"}
Setting `pad_token_id` to `eos_token_id`:151645 for open-end generation.
{"cell": "qwen3vl8b_seed31_strict65__jpeg_q70_p0_shuffled_3072", "latency_seconds": 0.7250275397673249, "progress": "12/260", "status": "ok"}
Setting `pad_token_id` to `eos_token_id`:151645 for open-end generation.
{"cell": "qwen3vl8b_seed31_strict65__jpeg_q70_p0_shuffled_3072", "latency_seconds": 0.6213797722011805, "progress": "13/260", "status": "ok"}
Setting `pad_token_id` to `eos_token_id`:151645 for open-end generation.
{"cell": "qwen3vl8b_seed31_strict65__jpeg_q70_p0_shuffled_3072", "latency_seconds": 0.9582151342183352, "progress": "14/260", "status": "ok"}
Setting `pad_token_id` to `eos_token_id`:151645 for open-end generation.
{"cell": "qwen3vl8b_seed31_strict65__jpeg_q70_p0_shuffled_3072", "latency_seconds": 0.6195535128936172, "progress": "15/260", "status": "ok"}
Setting `pad_token_id` to `eos_token_id`:151645 for open-end generation.
{"cell": "qwen3vl8b_seed31_strict65__jpeg_q70_p0_shuffled_3072", "latency_seconds": 1.0856395233422518, "progress": "16/260", "status": "ok"}
Setting `pad_token_id` to `eos_token_id`:151645 for open-end generation.
{"cell": "qwen3vl8b_seed31_strict65__jpeg_q70_p0_shuffled_3072", "latency_seconds": 0.6212526774033904, "progress": "17/260", "status": "ok"}
Setting `pad_token_id` to `eos_token_id`:151645 for open-end generation.
{"cell": "qwen3vl8b_seed31_strict65__jpeg_q70_p0_shuffled_3072", "latency_seconds": 0.6187063483521342, "progress": "18/260", "status": "ok"}
Setting `pad_token_id` to `eos_token_id`:151645 for open-end generation.
{"cell": "qwen3vl8b_seed31_strict65__jpeg_q70_p0_shuffled_3072", "latency_seconds": 0.6205924842506647, "progress": "19/260", "status": "ok"}
Setting `pad_token_id` to `eos_token_id`:151645 for open-end generation.
{"cell": "qwen3vl8b_seed31_strict65__jpeg_q70_p0_shuffled_3072", "latency_seconds": 0.7504865927621722, "progress": "20/260", "status": "ok"}
Setting `pad_token_id` to `eos_token_id`:151645 for open-end generation.
{"cell": "qwen3vl8b_seed31_strict65__jpeg_q70_p0_shuffled_3072", "latency_seconds": 0.6196984462440014, "progress": "21/260", "status": "ok"}
Setting `pad_token_id` to `eos_token_id`:151645 for open-end generation.
{"cell": "qwen3vl8b_seed31_strict65__jpeg_q70_p0_shuffled_3072", "latency_seconds": 0.9633544953539968, "progress": "22/260", "status": "ok"}
Setting `pad_token_id` to `eos_token_id`:151645 for open-end generation.
{"cell": "qwen3vl8b_seed31_strict65__jpeg_q70_p0_shuffled_3072", "latency_seconds": 0.6210791636258364, "progress": "23/260", "status": "ok"}
Setting `pad_token_id` to `eos_token_id`:151645 for open-end generation.
{"cell": "qwen3vl8b_seed31_strict65__jpeg_q70_p0_shuffled_3072", "latency_seconds": 0.7473001657053828, "progress": "24/260", "status": "ok"}
Setting `pad_token_id` to `eos_token_id`:151645 for open-end generation.
{"cell": "qwen3vl8b_seed31_strict65__jpeg_q70_p0_shuffled_3072", "latency_seconds": 0.6174647668376565, "progress": "25/260", "status": "ok"}
Setting `pad_token_id` to `eos_token_id`:151645 for open-end generation.
{"cell": "qwen3vl8b_seed31_strict65__jpeg_q70_p0_shuffled_3072", "latency_seconds": 0.6210100734606385, "progress": "26/260", "status": "ok"}
Setting `pad_token_id` to `eos_token_id`:151645 for open-end generation.
{"cell": "qwen3vl8b_seed31_strict65__jpeg_q70_p0_shuffled_3072", "latency_seconds": 0.620628253556788, "progress": "27/260", "status": "ok"}
Setting `pad_token_id` to `eos_token_id`:151645 for open-end generation.
{"cell": "qwen3vl8b_seed31_strict65__jpeg_q70_p0_shuffled_3072", "latency_seconds": 0.7263487940654159, "progress": "28/260", "status": "ok"}
Setting `pad_token_id` to `eos_token_id`:151645 for open-end generation.
{"cell": "qwen3vl8b_seed31_strict65__jpeg_q70_p0_shuffled_3072", "latency_seconds": 0.6210059970617294, "progress": "29/260", "status": "ok"}
Setting `pad_token_id` to `eos_token_id`:151645 for open-end generation.
{"cell": "qwen3vl8b_seed31_strict65__jpeg_q70_p0_shuffled_3072", "latency_seconds": 0.6397616676986217, "progress": "30/260", "status": "ok"}
Setting `pad_token_id` to `eos_token_id`:151645 for open-end generation.
{"cell": "qwen3vl8b_seed31_strict65__jpeg_q70_p0_shuffled_3072", "latency_seconds": 0.61742003262043, "progress": "31/260", "status": "ok"}
Setting `pad_token_id` to `eos_token_id`:151645 for open-end generation.
{"cell": "qwen3vl8b_seed31_strict65__jpeg_q70_p0_shuffled_3072", "latency_seconds": 1.5717554613947868, "progress": "32/260", "status": "ok"}
Setting `pad_token_id` to `eos_token_id`:151645 for open-end generation.
{"cell": "qwen3vl8b_seed31_strict65__jpeg_q70_p0_shuffled_3072", "latency_seconds": 0.642969005741179, "progress": "33/260", "status": "ok"}
Setting `pad_token_id` to `eos_token_id`:151645 for open-end generation.
{"cell": "qwen3vl8b_seed31_strict65__jpeg_q70_p0_shuffled_3072", "latency_seconds": 11.951750694774091, "progress": "34/260", "status": "ok"}
Setting `pad_token_id` to `eos_token_id`:151645 for open-end generation.
{"cell": "qwen3vl8b_seed31_strict65__jpeg_q70_p0_shuffled_3072", "latency_seconds": 0.620666366070509, "progress": "35/260", "status": "ok"}
Setting `pad_token_id` to `eos_token_id`:151645 for open-end generation.
{"cell": "qwen3vl8b_seed31_strict65__jpeg_q70_p0_shuffled_3072", "latency_seconds": 11.80186574626714, "progress": "36/260", "status": "ok"}
Setting `pad_token_id` to `eos_token_id`:151645 for open-end generation.
{"cell": "qwen3vl8b_seed31_strict65__jpeg_q70_p0_shuffled_3072", "latency_seconds": 0.6206643721088767, "progress": "37/260", "status": "ok"}
Setting `pad_token_id` to `eos_token_id`:151645 for open-end generation.
{"cell": "qwen3vl8b_seed31_strict65__jpeg_q70_p0_shuffled_3072", "latency_seconds": 0.6202078610658646, "progress": "38/260", "status": "ok"}
Setting `pad_token_id` to `eos_token_id`:151645 for open-end generation.
{"cell": "qwen3vl8b_seed31_strict65__jpeg_q70_p0_shuffled_3072", "latency_seconds": 0.61774140316993, "progress": "39/260", "status": "ok"}
Setting `pad_token_id` to `eos_token_id`:151645 for open-end generation.
{"cell": "qwen3vl8b_seed31_strict65__jpeg_q70_p0_shuffled_3072", "latency_seconds": 0.7482631299644709, "progress": "40/260", "status": "ok"}
Setting `pad_token_id` to `eos_token_id`:151645 for open-end generation.
{"cell": "qwen3vl8b_seed31_strict65__jpeg_q70_p0_shuffled_3072", "latency_seconds": 0.6202571028843522, "progress": "41/260", "status": "ok"}
Setting `pad_token_id` to `eos_token_id`:151645 for open-end generation.
{"cell": "qwen3vl8b_seed31_strict65__jpeg_q70_p0_shuffled_3072", "latency_seconds": 0.6198025904595852, "progress": "42/260", "status": "ok"}
Setting `pad_token_id` to `eos_token_id`:151645 for open-end generation.
{"cell": "qwen3vl8b_seed31_strict65__jpeg_q70_p0_shuffled_3072", "latency_seconds": 0.6180815920233727, "progress": "43/260", "status": "ok"}
Setting `pad_token_id` to `eos_token_id`:151645 for open-end generation.
{"cell": "qwen3vl8b_seed31_strict65__jpeg_q70_p0_shuffled_3072", "latency_seconds": 0.9162087328732014, "progress": "44/260", "status": "ok"}
Setting `pad_token_id` to `eos_token_id`:151645 for open-end generation.
{"cell": "qwen3vl8b_seed31_strict65__jpeg_q70_p0_shuffled_3072", "latency_seconds": 0.618141558021307, "progress": "45/260", "status": "ok"}
Setting `pad_token_id` to `eos_token_id`:151645 for open-end generation.
{"cell": "qwen3vl8b_seed31_strict65__jpeg_q70_p0_shuffled_3072", "latency_seconds": 0.6174369156360626, "progress": "46/260", "status": "ok"}
Setting `pad_token_id` to `eos_token_id`:151645 for open-end generation.
{"cell": "qwen3vl8b_seed31_strict65__jpeg_q70_p0_shuffled_3072", "latency_seconds": 0.6160052549093962, "progress": "47/260", "status": "ok"}
Setting `pad_token_id` to `eos_token_id`:151645 for open-end generation.
{"cell": "qwen3vl8b_seed31_strict65__jpeg_q70_p0_shuffled_3072", "latency_seconds": 4.998423405922949, "progress": "48/260", "status": "ok"}
Setting `pad_token_id` to `eos_token_id`:151645 for open-end generation.
{"cell": "qwen3vl8b_seed31_strict65__jpeg_q70_p0_shuffled_3072", "latency_seconds": 0.6161297364160419, "progress": "49/260", "status": "ok"}
Setting `pad_token_id` to `eos_token_id`:151645 for open-end generation.
{"cell": "qwen3vl8b_seed31_strict65__jpeg_q70_p0_shuffled_3072", "latency_seconds": 0.6218387447297573, "progress": "50/260", "status": "ok"}
Setting `pad_token_id` to `eos_token_id`:151645 for open-end generation.
{"cell": "qwen3vl8b_seed31_strict65__jpeg_q70_p0_shuffled_3072", "latency_seconds": 0.6165993893519044, "progress": "51/260", "status": "ok"}
Setting `pad_token_id` to `eos_token_id`:151645 for open-end generation.
{"cell": "qwen3vl8b_seed31_strict65__jpeg_q70_p0_shuffled_3072", "latency_seconds": 0.6171247446909547, "progress": "52/260", "status": "ok"}
Setting `pad_token_id` to `eos_token_id`:151645 for open-end generation.
{"cell": "qwen3vl8b_seed31_strict65__jpeg_q70_p0_shuffled_3072", "latency_seconds": 0.6156108388677239, "progress": "53/260", "status": "ok"}
Setting `pad_token_id` to `eos_token_id`:151645 for open-end generation.
{"cell": "qwen3vl8b_seed31_strict65__jpeg_q70_p0_shuffled_3072", "latency_seconds": 0.6192817725241184, "progress": "54/260", "status": "ok"}
Setting `pad_token_id` to `eos_token_id`:151645 for open-end generation.
{"cell": "qwen3vl8b_seed31_strict65__jpeg_q70_p0_shuffled_3072", "latency_seconds": 0.6202407833188772, "progress": "55/260", "status": "ok"}
Setting `pad_token_id` to `eos_token_id`:151645 for open-end generation.
{"cell": "qwen3vl8b_seed31_strict65__jpeg_q70_p0_shuffled_3072", "latency_seconds": 0.9428779063746333, "progress": "56/260", "status": "ok"}
Setting `pad_token_id` to `eos_token_id`:151645 for open-end generation.
{"cell": "qwen3vl8b_seed31_strict65__jpeg_q70_p0_shuffled_3072", "latency_seconds": 0.6195925287902355, "progress": "57/260", "status": "ok"}
Setting `pad_token_id` to `eos_token_id`:151645 for open-end generation.
{"cell": "qwen3vl8b_seed31_strict65__jpeg_q70_p0_shuffled_3072", "latency_seconds": 0.64867646060884, "progress": "58/260", "status": "ok"}
Setting `pad_token_id` to `eos_token_id`:151645 for open-end generation.
{"cell": "qwen3vl8b_seed31_strict65__jpeg_q70_p0_shuffled_3072", "latency_seconds": 0.6184336245059967, "progress": "59/260", "status": "ok"}
Setting `pad_token_id` to `eos_token_id`:151645 for open-end generation.
{"cell": "qwen3vl8b_seed31_strict65__jpeg_q70_p0_shuffled_3072", "latency_seconds": 0.7742377547547221, "progress": "60/260", "status": "ok"}
Setting `pad_token_id` to `eos_token_id`:151645 for open-end generation.
{"cell": "qwen3vl8b_seed31_strict65__jpeg_q70_p0_shuffled_3072", "latency_seconds": 0.6195350307971239, "progress": "61/260", "status": "ok"}
Setting `pad_token_id` to `eos_token_id`:151645 for open-end generation.
{"cell": "qwen3vl8b_seed31_strict65__jpeg_q70_p0_shuffled_3072", "latency_seconds": 0.6165963588282466, "progress": "62/260", "status": "ok"}
Setting `pad_token_id` to `eos_token_id`:151645 for open-end generation.
{"cell": "qwen3vl8b_seed31_strict65__jpeg_q70_p0_shuffled_3072", "latency_seconds": 0.618252269923687, "progress": "63/260", "status": "ok"}
Setting `pad_token_id` to `eos_token_id`:151645 for open-end generation.
{"cell": "qwen3vl8b_seed31_strict65__jpeg_q70_p0_shuffled_3072", "latency_seconds": 1.6216608211398125, "progress": "64/260", "status": "ok"}
Setting `pad_token_id` to `eos_token_id`:151645 for open-end generation.
{"cell": "qwen3vl8b_seed31_strict65__jpeg_q70_p0_shuffled_3072", "latency_seconds": 0.6188190411776304, "progress": "65/260", "status": "ok"}
Setting `pad_token_id` to `eos_token_id`:151645 for open-end generation.
{"cell": "qwen3vl8b_seed31_strict65__jpeg_q70_p0_shuffled_3072", "latency_seconds": 0.6171123394742608, "progress": "66/260", "status": "ok"}
Setting `pad_token_id` to `eos_token_id`:151645 for open-end generation.
{"cell": "qwen3vl8b_seed31_strict65__jpeg_q70_p0_shuffled_3072", "latency_seconds": 0.6176363825798035, "progress": "67/260", "status": "ok"}
Setting `pad_token_id` to `eos_token_id`:151645 for open-end generation.
{"cell": "qwen3vl8b_seed31_strict65__jpeg_q70_p0_shuffled_3072", "latency_seconds": 1.2327898442745209, "progress": "68/260", "status": "ok"}
Setting `pad_token_id` to `eos_token_id`:151645 for open-end generation.
{"cell": "qwen3vl8b_seed31_strict65__jpeg_q70_p0_shuffled_3072", "latency_seconds": 0.6284482348710299, "progress": "69/260", "status": "ok"}
Setting `pad_token_id` to `eos_token_id`:151645 for open-end generation.
{"cell": "qwen3vl8b_seed31_strict65__jpeg_q70_p0_shuffled_3072", "latency_seconds": 0.6191029651090503, "progress": "70/260", "status": "ok"}
Setting `pad_token_id` to `eos_token_id`:151645 for open-end generation.
{"cell": "qwen3vl8b_seed31_strict65__jpeg_q70_p0_shuffled_3072", "latency_seconds": 0.6173993144184351, "progress": "71/260", "status": "ok"}
Setting `pad_token_id` to `eos_token_id`:151645 for open-end generation.
{"cell": "qwen3vl8b_seed31_strict65__jpeg_q70_p0_shuffled_3072", "latency_seconds": 2.928378543816507, "progress": "72/260", "status": "ok"}
Setting `pad_token_id` to `eos_token_id`:151645 for open-end generation.
{"cell": "qwen3vl8b_seed31_strict65__jpeg_q70_p0_shuffled_3072", "latency_seconds": 0.6225392147898674, "progress": "73/260", "status": "ok"}
Setting `pad_token_id` to `eos_token_id`:151645 for open-end generation.
{"cell": "qwen3vl8b_seed31_strict65__jpeg_q70_p0_shuffled_3072", "latency_seconds": 0.6190301543101668, "progress": "74/260", "status": "ok"}
Setting `pad_token_id` to `eos_token_id`:151645 for open-end generation.
{"cell": "qwen3vl8b_seed31_strict65__jpeg_q70_p0_shuffled_3072", "latency_seconds": 0.6200301731005311, "progress": "75/260", "status": "ok"}
Setting `pad_token_id` to `eos_token_id`:151645 for open-end generation.
{"cell": "qwen3vl8b_seed31_strict65__jpeg_q70_p0_shuffled_3072", "latency_seconds": 1.4263315601274371, "progress": "76/260", "status": "ok"}
Setting `pad_token_id` to `eos_token_id`:151645 for open-end generation.
{"cell": "qwen3vl8b_seed31_strict65__jpeg_q70_p0_shuffled_3072", "latency_seconds": 0.6192249553278089, "progress": "77/260", "status": "ok"}
Setting `pad_token_id` to `eos_token_id`:151645 for open-end generation.
{"cell": "qwen3vl8b_seed31_strict65__jpeg_q70_p0_shuffled_3072", "latency_seconds": 0.6469785887748003, "progress": "78/260", "status": "ok"}
Setting `pad_token_id` to `eos_token_id`:151645 for open-end generation.
{"cell": "qwen3vl8b_seed31_strict65__jpeg_q70_p0_shuffled_3072", "latency_seconds": 0.6161184776574373, "progress": "79/260", "status": "ok"}
Setting `pad_token_id` to `eos_token_id`:151645 for open-end generation.
{"cell": "qwen3vl8b_seed31_strict65__jpeg_q70_p0_shuffled_3072", "latency_seconds": 0.7049710210412741, "progress": "80/260", "status": "ok"}
Setting `pad_token_id` to `eos_token_id`:151645 for open-end generation.
{"cell": "qwen3vl8b_seed31_strict65__jpeg_q70_p0_shuffled_3072", "latency_seconds": 0.6179210115224123, "progress": "81/260", "status": "ok"}
Setting `pad_token_id` to `eos_token_id`:151645 for open-end generation.
{"cell": "qwen3vl8b_seed31_strict65__jpeg_q70_p0_shuffled_3072", "latency_seconds": 0.6278747487813234, "progress": "82/260", "status": "ok"}
Setting `pad_token_id` to `eos_token_id`:151645 for open-end generation.
{"cell": "qwen3vl8b_seed31_strict65__jpeg_q70_p0_shuffled_3072", "latency_seconds": 0.6195066664367914, "progress": "83/260", "status": "ok"}
Setting `pad_token_id` to `eos_token_id`:151645 for open-end generation.
{"cell": "qwen3vl8b_seed31_strict65__jpeg_q70_p0_shuffled_3072", "latency_seconds": 0.9132503736764193, "progress": "84/260", "status": "ok"}
Setting `pad_token_id` to `eos_token_id`:151645 for open-end generation.
{"cell": "qwen3vl8b_seed31_strict65__jpeg_q70_p0_shuffled_3072", "latency_seconds": 0.6203729268163443, "progress": "85/260", "status": "ok"}
Setting `pad_token_id` to `eos_token_id`:151645 for open-end generation.
{"cell": "qwen3vl8b_seed31_strict65__jpeg_q70_p0_shuffled_3072", "latency_seconds": 0.6182855926454067, "progress": "86/260", "status": "ok"}
Setting `pad_token_id` to `eos_token_id`:151645 for open-end generation.
{"cell": "qwen3vl8b_seed31_strict65__jpeg_q70_p0_shuffled_3072", "latency_seconds": 0.6195294028148055, "progress": "87/260", "status": "ok"}
Setting `pad_token_id` to `eos_token_id`:151645 for open-end generation.
{"cell": "qwen3vl8b_seed31_strict65__jpeg_q70_p0_shuffled_3072", "latency_seconds": 2.104769072495401, "progress": "88/260", "status": "ok"}
Setting `pad_token_id` to `eos_token_id`:151645 for open-end generation.
{"cell": "qwen3vl8b_seed31_strict65__jpeg_q70_p0_shuffled_3072", "latency_seconds": 0.6172340111806989, "progress": "89/260", "status": "ok"}
Setting `pad_token_id` to `eos_token_id`:151645 for open-end generation.
{"cell": "qwen3vl8b_seed31_strict65__jpeg_q70_p0_shuffled_3072", "latency_seconds": 0.9604403553530574, "progress": "90/260", "status": "ok"}
Setting `pad_token_id` to `eos_token_id`:151645 for open-end generation.
{"cell": "qwen3vl8b_seed31_strict65__jpeg_q70_p0_shuffled_3072", "latency_seconds": 0.6268552951514721, "progress": "91/260", "status": "ok"}
Setting `pad_token_id` to `eos_token_id`:151645 for open-end generation.
{"cell": "qwen3vl8b_seed31_strict65__jpeg_q70_p0_shuffled_3072", "latency_seconds": 0.6384443193674088, "progress": "92/260", "status": "ok"}
Setting `pad_token_id` to `eos_token_id`:151645 for open-end generation.
{"cell": "qwen3vl8b_seed31_strict65__jpeg_q70_p0_shuffled_3072", "latency_seconds": 0.6184142827987671, "progress": "93/260", "status": "ok"}
Setting `pad_token_id` to `eos_token_id`:151645 for open-end generation.
{"cell": "qwen3vl8b_seed31_strict65__jpeg_q70_p0_shuffled_3072", "latency_seconds": 0.6178243765607476, "progress": "94/260", "status": "ok"}
Setting `pad_token_id` to `eos_token_id`:151645 for open-end generation.
{"cell": "qwen3vl8b_seed31_strict65__jpeg_q70_p0_shuffled_3072", "latency_seconds": 0.6174309914931655, "progress": "95/260", "status": "ok"}
Setting `pad_token_id` to `eos_token_id`:151645 for open-end generation.
{"cell": "qwen3vl8b_seed31_strict65__jpeg_q70_p0_shuffled_3072", "latency_seconds": 0.9467552388086915, "progress": "96/260", "status": "ok"}
Setting `pad_token_id` to `eos_token_id`:151645 for open-end generation.
{"cell": "qwen3vl8b_seed31_strict65__jpeg_q70_p0_shuffled_3072", "latency_seconds": 0.618253349326551, "progress": "97/260", "status": "ok"}
Setting `pad_token_id` to `eos_token_id`:151645 for open-end generation.
{"cell": "qwen3vl8b_seed31_strict65__jpeg_q70_p0_shuffled_3072", "latency_seconds": 0.6181976832449436, "progress": "98/260", "status": "ok"}
Setting `pad_token_id` to `eos_token_id`:151645 for open-end generation.
{"cell": "qwen3vl8b_seed31_strict65__jpeg_q70_p0_shuffled_3072", "latency_seconds": 0.6213336149230599, "progress": "99/260", "status": "ok"}
Setting `pad_token_id` to `eos_token_id`:151645 for open-end generation.
{"cell": "qwen3vl8b_seed31_strict65__jpeg_q70_p0_shuffled_3072", "latency_seconds": 1.284238568507135, "progress": "100/260", "status": "ok"}
Setting `pad_token_id` to `eos_token_id`:151645 for open-end generation.
{"cell": "qwen3vl8b_seed31_strict65__jpeg_q70_p0_shuffled_3072", "latency_seconds": 0.6185151590034366, "progress": "101/260", "status": "ok"}
Setting `pad_token_id` to `eos_token_id`:151645 for open-end generation.
{"cell": "qwen3vl8b_seed31_strict65__jpeg_q70_p0_shuffled_3072", "latency_seconds": 0.6202633175998926, "progress": "102/260", "status": "ok"}
Setting `pad_token_id` to `eos_token_id`:151645 for open-end generation.
{"cell": "qwen3vl8b_seed31_strict65__jpeg_q70_p0_shuffled_3072", "latency_seconds": 0.6190230129286647, "progress": "103/260", "status": "ok"}
Setting `pad_token_id` to `eos_token_id`:151645 for open-end generation.
{"cell": "qwen3vl8b_seed31_strict65__jpeg_q70_p0_shuffled_3072", "latency_seconds": 0.7472945982590318, "progress": "104/260", "status": "ok"}
Setting `pad_token_id` to `eos_token_id`:151645 for open-end generation.
{"cell": "qwen3vl8b_seed31_strict65__jpeg_q70_p0_shuffled_3072", "latency_seconds": 0.6178088495507836, "progress": "105/260", "status": "ok"}
Setting `pad_token_id` to `eos_token_id`:151645 for open-end generation.
{"cell": "qwen3vl8b_seed31_strict65__jpeg_q70_p0_shuffled_3072", "latency_seconds": 0.6154962424188852, "progress": "106/260", "status": "ok"}
Setting `pad_token_id` to `eos_token_id`:151645 for open-end generation.
{"cell": "qwen3vl8b_seed31_strict65__jpeg_q70_p0_shuffled_3072", "latency_seconds": 0.6187521480023861, "progress": "107/260", "status": "ok"}
Setting `pad_token_id` to `eos_token_id`:151645 for open-end generation.
{"cell": "qwen3vl8b_seed31_strict65__jpeg_q70_p0_shuffled_3072", "latency_seconds": 0.7441547196358442, "progress": "108/260", "status": "ok"}
Setting `pad_token_id` to `eos_token_id`:151645 for open-end generation.
{"cell": "qwen3vl8b_seed31_strict65__jpeg_q70_p0_shuffled_3072", "latency_seconds": 0.6180868307128549, "progress": "109/260", "status": "ok"}
Setting `pad_token_id` to `eos_token_id`:151645 for open-end generation.
{"cell": "qwen3vl8b_seed31_strict65__jpeg_q70_p0_shuffled_3072", "latency_seconds": 0.6146372025832534, "progress": "110/260", "status": "ok"}
Setting `pad_token_id` to `eos_token_id`:151645 for open-end generation.
{"cell": "qwen3vl8b_seed31_strict65__jpeg_q70_p0_shuffled_3072", "latency_seconds": 0.6198038328438997, "progress": "111/260", "status": "ok"}
Setting `pad_token_id` to `eos_token_id`:151645 for open-end generation.
{"cell": "qwen3vl8b_seed31_strict65__jpeg_q70_p0_shuffled_3072", "latency_seconds": 1.6043950179591775, "progress": "112/260", "status": "ok"}
Setting `pad_token_id` to `eos_token_id`:151645 for open-end generation.
{"cell": "qwen3vl8b_seed31_strict65__jpeg_q70_p0_shuffled_3072", "latency_seconds": 0.6186069343239069, "progress": "113/260", "status": "ok"}
Setting `pad_token_id` to `eos_token_id`:151645 for open-end generation.
{"cell": "qwen3vl8b_seed31_strict65__jpeg_q70_p0_shuffled_3072", "latency_seconds": 0.6176549745723605, "progress": "114/260", "status": "ok"}
Setting `pad_token_id` to `eos_token_id`:151645 for open-end generation.
{"cell": "qwen3vl8b_seed31_strict65__jpeg_q70_p0_shuffled_3072", "latency_seconds": 0.617771765217185, "progress": "115/260", "status": "ok"}
Setting `pad_token_id` to `eos_token_id`:151645 for open-end generation.
{"cell": "qwen3vl8b_seed31_strict65__jpeg_q70_p0_shuffled_3072", "latency_seconds": 0.6813823664560914, "progress": "116/260", "status": "ok"}
Setting `pad_token_id` to `eos_token_id`:151645 for open-end generation.
{"cell": "qwen3vl8b_seed31_strict65__jpeg_q70_p0_shuffled_3072", "latency_seconds": 0.6188057791441679, "progress": "117/260", "status": "ok"}
Setting `pad_token_id` to `eos_token_id`:151645 for open-end generation.
{"cell": "qwen3vl8b_seed31_strict65__jpeg_q70_p0_shuffled_3072", "latency_seconds": 0.6506877597421408, "progress": "118/260", "status": "ok"}
Setting `pad_token_id` to `eos_token_id`:151645 for open-end generation.
{"cell": "qwen3vl8b_seed31_strict65__jpeg_q70_p0_shuffled_3072", "latency_seconds": 0.6297436580061913, "progress": "119/260", "status": "ok"}
Setting `pad_token_id` to `eos_token_id`:151645 for open-end generation.
{"cell": "qwen3vl8b_seed31_strict65__jpeg_q70_p0_shuffled_3072", "latency_seconds": 3.327114414423704, "progress": "120/260", "status": "ok"}
Setting `pad_token_id` to `eos_token_id`:151645 for open-end generation.
{"cell": "qwen3vl8b_seed31_strict65__jpeg_q70_p0_shuffled_3072", "latency_seconds": 0.6314586447551847, "progress": "121/260", "status": "ok"}
Setting `pad_token_id` to `eos_token_id`:151645 for open-end generation.
{"cell": "qwen3vl8b_seed31_strict65__jpeg_q70_p0_shuffled_3072", "latency_seconds": 0.6197609156370163, "progress": "122/260", "status": "ok"}
Setting `pad_token_id` to `eos_token_id`:151645 for open-end generation.
{"cell": "qwen3vl8b_seed31_strict65__jpeg_q70_p0_shuffled_3072", "latency_seconds": 0.6210203543305397, "progress": "123/260", "status": "ok"}
Setting `pad_token_id` to `eos_token_id`:151645 for open-end generation.
{"cell": "qwen3vl8b_seed31_strict65__jpeg_q70_p0_shuffled_3072", "latency_seconds": 1.3601144142448902, "progress": "124/260", "status": "ok"}
Setting `pad_token_id` to `eos_token_id`:151645 for open-end generation.
{"cell": "qwen3vl8b_seed31_strict65__jpeg_q70_p0_shuffled_3072", "latency_seconds": 0.6195830330252647, "progress": "125/260", "status": "ok"}
Setting `pad_token_id` to `eos_token_id`:151645 for open-end generation.
{"cell": "qwen3vl8b_seed31_strict65__jpeg_q70_p0_shuffled_3072", "latency_seconds": 0.6208589747548103, "progress": "126/260", "status": "ok"}
Setting `pad_token_id` to `eos_token_id`:151645 for open-end generation.
{"cell": "qwen3vl8b_seed31_strict65__jpeg_q70_p0_shuffled_3072", "latency_seconds": 0.6174880880862474, "progress": "127/260", "status": "ok"}
Setting `pad_token_id` to `eos_token_id`:151645 for open-end generation.
{"cell": "qwen3vl8b_seed31_strict65__jpeg_q70_p0_shuffled_3072", "latency_seconds": 1.018495935946703, "progress": "128/260", "status": "ok"}
Setting `pad_token_id` to `eos_token_id`:151645 for open-end generation.
{"cell": "qwen3vl8b_seed31_strict65__jpeg_q70_p0_shuffled_3072", "latency_seconds": 0.6276242742314935, "progress": "129/260", "status": "ok"}
Setting `pad_token_id` to `eos_token_id`:151645 for open-end generation.
{"cell": "qwen3vl8b_seed31_strict65__jpeg_q70_p0_shuffled_3072", "latency_seconds": 0.6191745735704899, "progress": "130/260", "status": "ok"}
Setting `pad_token_id` to `eos_token_id`:151645 for open-end generation.
{"cell": "qwen3vl8b_seed31_strict65__jpeg_q70_p0_shuffled_3072", "latency_seconds": 0.6177944913506508, "progress": "131/260", "status": "ok"}
Setting `pad_token_id` to `eos_token_id`:151645 for open-end generation.
{"cell": "qwen3vl8b_seed31_strict65__jpeg_q70_p0_shuffled_3072", "latency_seconds": 0.9121409533545375, "progress": "132/260", "status": "ok"}
Setting `pad_token_id` to `eos_token_id`:151645 for open-end generation.
{"cell": "qwen3vl8b_seed31_strict65__jpeg_q70_p0_shuffled_3072", "latency_seconds": 0.6206675162538886, "progress": "133/260", "status": "ok"}
Setting `pad_token_id` to `eos_token_id`:151645 for open-end generation.
{"cell": "qwen3vl8b_seed31_strict65__jpeg_q70_p0_shuffled_3072", "latency_seconds": 0.6194096021354198, "progress": "134/260", "status": "ok"}
Setting `pad_token_id` to `eos_token_id`:151645 for open-end generation.
{"cell": "qwen3vl8b_seed31_strict65__jpeg_q70_p0_shuffled_3072", "latency_seconds": 0.6258276328444481, "progress": "135/260", "status": "ok"}
Setting `pad_token_id` to `eos_token_id`:151645 for open-end generation.
{"cell": "qwen3vl8b_seed31_strict65__jpeg_q70_p0_shuffled_3072", "latency_seconds": 1.0952638909220695, "progress": "136/260", "status": "ok"}
Setting `pad_token_id` to `eos_token_id`:151645 for open-end generation.
{"cell": "qwen3vl8b_seed31_strict65__jpeg_q70_p0_shuffled_3072", "latency_seconds": 0.6182122714817524, "progress": "137/260", "status": "ok"}
Setting `pad_token_id` to `eos_token_id`:151645 for open-end generation.
{"cell": "qwen3vl8b_seed31_strict65__jpeg_q70_p0_shuffled_3072", "latency_seconds": 0.6181099247187376, "progress": "138/260", "status": "ok"}
Setting `pad_token_id` to `eos_token_id`:151645 for open-end generation.
{"cell": "qwen3vl8b_seed31_strict65__jpeg_q70_p0_shuffled_3072", "latency_seconds": 0.6180630745366216, "progress": "139/260", "status": "ok"}
Setting `pad_token_id` to `eos_token_id`:151645 for open-end generation.
{"cell": "qwen3vl8b_seed31_strict65__jpeg_q70_p0_shuffled_3072", "latency_seconds": 0.7471148017793894, "progress": "140/260", "status": "ok"}
Setting `pad_token_id` to `eos_token_id`:151645 for open-end generation.
{"cell": "qwen3vl8b_seed31_strict65__jpeg_q70_p0_shuffled_3072", "latency_seconds": 0.6182669633999467, "progress": "141/260", "status": "ok"}
Setting `pad_token_id` to `eos_token_id`:151645 for open-end generation.
{"cell": "qwen3vl8b_seed31_strict65__jpeg_q70_p0_shuffled_3072", "latency_seconds": 0.61741853505373, "progress": "142/260", "status": "ok"}
Setting `pad_token_id` to `eos_token_id`:151645 for open-end generation.
{"cell": "qwen3vl8b_seed31_strict65__jpeg_q70_p0_shuffled_3072", "latency_seconds": 0.6177308317273855, "progress": "143/260", "status": "ok"}
Setting `pad_token_id` to `eos_token_id`:151645 for open-end generation.
{"cell": "qwen3vl8b_seed31_strict65__jpeg_q70_p0_shuffled_3072", "latency_seconds": 0.9791153548285365, "progress": "144/260", "status": "ok"}
Setting `pad_token_id` to `eos_token_id`:151645 for open-end generation.
{"cell": "qwen3vl8b_seed31_strict65__jpeg_q70_p0_shuffled_3072", "latency_seconds": 0.618101985193789, "progress": "145/260", "status": "ok"}
Setting `pad_token_id` to `eos_token_id`:151645 for open-end generation.
{"cell": "qwen3vl8b_seed31_strict65__jpeg_q70_p0_shuffled_3072", "latency_seconds": 0.6414760807529092, "progress": "146/260", "status": "ok"}
Setting `pad_token_id` to `eos_token_id`:151645 for open-end generation.
{"cell": "qwen3vl8b_seed31_strict65__jpeg_q70_p0_shuffled_3072", "latency_seconds": 0.6195964626967907, "progress": "147/260", "status": "ok"}
Setting `pad_token_id` to `eos_token_id`:151645 for open-end generation.
{"cell": "qwen3vl8b_seed31_strict65__jpeg_q70_p0_shuffled_3072", "latency_seconds": 1.2536383187398314, "progress": "148/260", "status": "ok"}
Setting `pad_token_id` to `eos_token_id`:151645 for open-end generation.
{"cell": "qwen3vl8b_seed31_strict65__jpeg_q70_p0_shuffled_3072", "latency_seconds": 0.637377823702991, "progress": "149/260", "status": "ok"}
Setting `pad_token_id` to `eos_token_id`:151645 for open-end generation.
{"cell": "qwen3vl8b_seed31_strict65__jpeg_q70_p0_shuffled_3072", "latency_seconds": 0.6353548802435398, "progress": "150/260", "status": "ok"}
Setting `pad_token_id` to `eos_token_id`:151645 for open-end generation.
{"cell": "qwen3vl8b_seed31_strict65__jpeg_q70_p0_shuffled_3072", "latency_seconds": 0.617148332297802, "progress": "151/260", "status": "ok"}
Setting `pad_token_id` to `eos_token_id`:151645 for open-end generation.
{"cell": "qwen3vl8b_seed31_strict65__jpeg_q70_p0_shuffled_3072", "latency_seconds": 1.4255719175562263, "progress": "152/260", "status": "ok"}
Setting `pad_token_id` to `eos_token_id`:151645 for open-end generation.
{"cell": "qwen3vl8b_seed31_strict65__jpeg_q70_p0_shuffled_3072", "latency_seconds": 0.6167934015393257, "progress": "153/260", "status": "ok"}
Setting `pad_token_id` to `eos_token_id`:151645 for open-end generation.
{"cell": "qwen3vl8b_seed31_strict65__jpeg_q70_p0_shuffled_3072", "latency_seconds": 0.6201232178136706, "progress": "154/260", "status": "ok"}
Setting `pad_token_id` to `eos_token_id`:151645 for open-end generation.
{"cell": "qwen3vl8b_seed31_strict65__jpeg_q70_p0_shuffled_3072", "latency_seconds": 0.6201385920867324, "progress": "155/260", "status": "ok"}
Setting `pad_token_id` to `eos_token_id`:151645 for open-end generation.
{"cell": "qwen3vl8b_seed31_strict65__jpeg_q70_p0_shuffled_3072", "latency_seconds": 1.7554468838497996, "progress": "156/260", "status": "ok"}
Setting `pad_token_id` to `eos_token_id`:151645 for open-end generation.
{"cell": "qwen3vl8b_seed31_strict65__jpeg_q70_p0_shuffled_3072", "latency_seconds": 0.6197034772485495, "progress": "157/260", "status": "ok"}
Setting `pad_token_id` to `eos_token_id`:151645 for open-end generation.
{"cell": "qwen3vl8b_seed31_strict65__jpeg_q70_p0_shuffled_3072", "latency_seconds": 0.6173217231407762, "progress": "158/260", "status": "ok"}
Setting `pad_token_id` to `eos_token_id`:151645 for open-end generation.
{"cell": "qwen3vl8b_seed31_strict65__jpeg_q70_p0_shuffled_3072", "latency_seconds": 0.6180113637819886, "progress": "159/260", "status": "ok"}
Setting `pad_token_id` to `eos_token_id`:151645 for open-end generation.
{"cell": "qwen3vl8b_seed31_strict65__jpeg_q70_p0_shuffled_3072", "latency_seconds": 1.2553778504952788, "progress": "160/260", "status": "ok"}
Setting `pad_token_id` to `eos_token_id`:151645 for open-end generation.
{"cell": "qwen3vl8b_seed31_strict65__jpeg_q70_p0_shuffled_3072", "latency_seconds": 0.6168125569820404, "progress": "161/260", "status": "ok"}
Setting `pad_token_id` to `eos_token_id`:151645 for open-end generation.
{"cell": "qwen3vl8b_seed31_strict65__jpeg_q70_p0_shuffled_3072", "latency_seconds": 0.6204431289806962, "progress": "162/260", "status": "ok"}
Setting `pad_token_id` to `eos_token_id`:151645 for open-end generation.
{"cell": "qwen3vl8b_seed31_strict65__jpeg_q70_p0_shuffled_3072", "latency_seconds": 0.6204912588000298, "progress": "163/260", "status": "ok"}
Setting `pad_token_id` to `eos_token_id`:151645 for open-end generation.
{"cell": "qwen3vl8b_seed31_strict65__jpeg_q70_p0_shuffled_3072", "latency_seconds": 0.7035476816818118, "progress": "164/260", "status": "ok"}
Setting `pad_token_id` to `eos_token_id`:151645 for open-end generation.
{"cell": "qwen3vl8b_seed31_strict65__jpeg_q70_p0_shuffled_3072", "latency_seconds": 0.6204380542039871, "progress": "165/260", "status": "ok"}
Setting `pad_token_id` to `eos_token_id`:151645 for open-end generation.
{"cell": "qwen3vl8b_seed31_strict65__jpeg_q70_p0_shuffled_3072", "latency_seconds": 0.6218842938542366, "progress": "166/260", "status": "ok"}
Setting `pad_token_id` to `eos_token_id`:151645 for open-end generation.
{"cell": "qwen3vl8b_seed31_strict65__jpeg_q70_p0_shuffled_3072", "latency_seconds": 0.6183610958978534, "progress": "167/260", "status": "ok"}
Setting `pad_token_id` to `eos_token_id`:151645 for open-end generation.
{"cell": "qwen3vl8b_seed31_strict65__jpeg_q70_p0_shuffled_3072", "latency_seconds": 0.616533444263041, "progress": "168/260", "status": "ok"}
Setting `pad_token_id` to `eos_token_id`:151645 for open-end generation.
{"cell": "qwen3vl8b_seed31_strict65__jpeg_q70_p0_shuffled_3072", "latency_seconds": 0.6223821239545941, "progress": "169/260", "status": "ok"}
Setting `pad_token_id` to `eos_token_id`:151645 for open-end generation.
{"cell": "qwen3vl8b_seed31_strict65__jpeg_q70_p0_shuffled_3072", "latency_seconds": 0.618042852729559, "progress": "170/260", "status": "ok"}
Setting `pad_token_id` to `eos_token_id`:151645 for open-end generation.
{"cell": "qwen3vl8b_seed31_strict65__jpeg_q70_p0_shuffled_3072", "latency_seconds": 0.6210533212870359, "progress": "171/260", "status": "ok"}
Setting `pad_token_id` to `eos_token_id`:151645 for open-end generation.
{"cell": "qwen3vl8b_seed31_strict65__jpeg_q70_p0_shuffled_3072", "latency_seconds": 1.4266184689477086, "progress": "172/260", "status": "ok"}
Setting `pad_token_id` to `eos_token_id`:151645 for open-end generation.
{"cell": "qwen3vl8b_seed31_strict65__jpeg_q70_p0_shuffled_3072", "latency_seconds": 0.6189169399440289, "progress": "173/260", "status": "ok"}
Setting `pad_token_id` to `eos_token_id`:151645 for open-end generation.
{"cell": "qwen3vl8b_seed31_strict65__jpeg_q70_p0_shuffled_3072", "latency_seconds": 0.619879862293601, "progress": "174/260", "status": "ok"}
Setting `pad_token_id` to `eos_token_id`:151645 for open-end generation.
{"cell": "qwen3vl8b_seed31_strict65__jpeg_q70_p0_shuffled_3072", "latency_seconds": 0.6188092175871134, "progress": "175/260", "status": "ok"}
Setting `pad_token_id` to `eos_token_id`:151645 for open-end generation.
{"cell": "qwen3vl8b_seed31_strict65__jpeg_q70_p0_shuffled_3072", "latency_seconds": 1.09843469876796, "progress": "176/260", "status": "ok"}
Setting `pad_token_id` to `eos_token_id`:151645 for open-end generation.
{"cell": "qwen3vl8b_seed31_strict65__jpeg_q70_p0_shuffled_3072", "latency_seconds": 0.6155870156362653, "progress": "177/260", "status": "ok"}
Setting `pad_token_id` to `eos_token_id`:151645 for open-end generation.
{"cell": "qwen3vl8b_seed31_strict65__jpeg_q70_p0_shuffled_3072", "latency_seconds": 0.619698341935873, "progress": "178/260", "status": "ok"}
Setting `pad_token_id` to `eos_token_id`:151645 for open-end generation.
{"cell": "qwen3vl8b_seed31_strict65__jpeg_q70_p0_shuffled_3072", "latency_seconds": 0.618714177981019, "progress": "179/260", "status": "ok"}
Setting `pad_token_id` to `eos_token_id`:151645 for open-end generation.
{"cell": "qwen3vl8b_seed31_strict65__jpeg_q70_p0_shuffled_3072", "latency_seconds": 0.7479587364941835, "progress": "180/260", "status": "ok"}
Setting `pad_token_id` to `eos_token_id`:151645 for open-end generation.
{"cell": "qwen3vl8b_seed31_strict65__jpeg_q70_p0_shuffled_3072", "latency_seconds": 0.6189951924607158, "progress": "181/260", "status": "ok"}
Setting `pad_token_id` to `eos_token_id`:151645 for open-end generation.
{"cell": "qwen3vl8b_seed31_strict65__jpeg_q70_p0_shuffled_3072", "latency_seconds": 0.6206319564953446, "progress": "182/260", "status": "ok"}
Setting `pad_token_id` to `eos_token_id`:151645 for open-end generation.
{"cell": "qwen3vl8b_seed31_strict65__jpeg_q70_p0_shuffled_3072", "latency_seconds": 0.6196407116949558, "progress": "183/260", "status": "ok"}
Setting `pad_token_id` to `eos_token_id`:151645 for open-end generation.
{"cell": "qwen3vl8b_seed31_strict65__jpeg_q70_p0_shuffled_3072", "latency_seconds": 1.2800080422312021, "progress": "184/260", "status": "ok"}
Setting `pad_token_id` to `eos_token_id`:151645 for open-end generation.
{"cell": "qwen3vl8b_seed31_strict65__jpeg_q70_p0_shuffled_3072", "latency_seconds": 0.6201831605285406, "progress": "185/260", "status": "ok"}
Setting `pad_token_id` to `eos_token_id`:151645 for open-end generation.
{"cell": "qwen3vl8b_seed31_strict65__jpeg_q70_p0_shuffled_3072", "latency_seconds": 0.6403620420023799, "progress": "186/260", "status": "ok"}
Setting `pad_token_id` to `eos_token_id`:151645 for open-end generation.
{"cell": "qwen3vl8b_seed31_strict65__jpeg_q70_p0_shuffled_3072", "latency_seconds": 0.619776708073914, "progress": "187/260", "status": "ok"}
Setting `pad_token_id` to `eos_token_id`:151645 for open-end generation.
{"cell": "qwen3vl8b_seed31_strict65__jpeg_q70_p0_shuffled_3072", "latency_seconds": 1.149856774136424, "progress": "188/260", "status": "ok"}
Setting `pad_token_id` to `eos_token_id`:151645 for open-end generation.
{"cell": "qwen3vl8b_seed31_strict65__jpeg_q70_p0_shuffled_3072", "latency_seconds": 0.6165956147015095, "progress": "189/260", "status": "ok"}
Setting `pad_token_id` to `eos_token_id`:151645 for open-end generation.
{"cell": "qwen3vl8b_seed31_strict65__jpeg_q70_p0_shuffled_3072", "latency_seconds": 0.6184224337339401, "progress": "190/260", "status": "ok"}
Setting `pad_token_id` to `eos_token_id`:151645 for open-end generation.
{"cell": "qwen3vl8b_seed31_strict65__jpeg_q70_p0_shuffled_3072", "latency_seconds": 0.6240318631753325, "progress": "191/260", "status": "ok"}
Setting `pad_token_id` to `eos_token_id`:151645 for open-end generation.
{"cell": "qwen3vl8b_seed31_strict65__jpeg_q70_p0_shuffled_3072", "latency_seconds": 1.5911196442320943, "progress": "192/260", "status": "ok"}
Setting `pad_token_id` to `eos_token_id`:151645 for open-end generation.
{"cell": "qwen3vl8b_seed31_strict65__jpeg_q70_p0_shuffled_3072", "latency_seconds": 0.6184439770877361, "progress": "193/260", "status": "ok"}
Setting `pad_token_id` to `eos_token_id`:151645 for open-end generation.
{"cell": "qwen3vl8b_seed31_strict65__jpeg_q70_p0_shuffled_3072", "latency_seconds": 0.6193736363202333, "progress": "194/260", "status": "ok"}
Setting `pad_token_id` to `eos_token_id`:151645 for open-end generation.
{"cell": "qwen3vl8b_seed31_strict65__jpeg_q70_p0_shuffled_3072", "latency_seconds": 0.6195036005228758, "progress": "195/260", "status": "ok"}
Setting `pad_token_id` to `eos_token_id`:151645 for open-end generation.
{"cell": "qwen3vl8b_seed31_strict65__jpeg_q70_p0_shuffled_3072", "latency_seconds": 0.7437728494405746, "progress": "196/260", "status": "ok"}
Setting `pad_token_id` to `eos_token_id`:151645 for open-end generation.
{"cell": "qwen3vl8b_seed31_strict65__jpeg_q70_p0_shuffled_3072", "latency_seconds": 0.6202222621068358, "progress": "197/260", "status": "ok"}
Setting `pad_token_id` to `eos_token_id`:151645 for open-end generation.
{"cell": "qwen3vl8b_seed31_strict65__jpeg_q70_p0_shuffled_3072", "latency_seconds": 0.6210997710004449, "progress": "198/260", "status": "ok"}
Setting `pad_token_id` to `eos_token_id`:151645 for open-end generation.
{"cell": "qwen3vl8b_seed31_strict65__jpeg_q70_p0_shuffled_3072", "latency_seconds": 0.6185130551457405, "progress": "199/260", "status": "ok"}
Setting `pad_token_id` to `eos_token_id`:151645 for open-end generation.
{"cell": "qwen3vl8b_seed31_strict65__jpeg_q70_p0_shuffled_3072", "latency_seconds": 0.6219392428174615, "progress": "200/260", "status": "ok"}
Setting `pad_token_id` to `eos_token_id`:151645 for open-end generation.
{"cell": "qwen3vl8b_seed31_strict65__jpeg_q70_p0_shuffled_3072", "latency_seconds": 0.6189586017280817, "progress": "201/260", "status": "ok"}
Setting `pad_token_id` to `eos_token_id`:151645 for open-end generation.
{"cell": "qwen3vl8b_seed31_strict65__jpeg_q70_p0_shuffled_3072", "latency_seconds": 0.619852582924068, "progress": "202/260", "status": "ok"}
Setting `pad_token_id` to `eos_token_id`:151645 for open-end generation.
{"cell": "qwen3vl8b_seed31_strict65__jpeg_q70_p0_shuffled_3072", "latency_seconds": 0.6202238835394382, "progress": "203/260", "status": "ok"}
Setting `pad_token_id` to `eos_token_id`:151645 for open-end generation.
{"cell": "qwen3vl8b_seed31_strict65__jpeg_q70_p0_shuffled_3072", "latency_seconds": 1.6151545867323875, "progress": "204/260", "status": "ok"}
Setting `pad_token_id` to `eos_token_id`:151645 for open-end generation.
{"cell": "qwen3vl8b_seed31_strict65__jpeg_q70_p0_shuffled_3072", "latency_seconds": 0.6273025926202536, "progress": "205/260", "status": "ok"}
Setting `pad_token_id` to `eos_token_id`:151645 for open-end generation.
{"cell": "qwen3vl8b_seed31_strict65__jpeg_q70_p0_shuffled_3072", "latency_seconds": 0.6303191464394331, "progress": "206/260", "status": "ok"}
Setting `pad_token_id` to `eos_token_id`:151645 for open-end generation.
{"cell": "qwen3vl8b_seed31_strict65__jpeg_q70_p0_shuffled_3072", "latency_seconds": 0.6356650814414024, "progress": "207/260", "status": "ok"}
Setting `pad_token_id` to `eos_token_id`:151645 for open-end generation.
{"cell": "qwen3vl8b_seed31_strict65__jpeg_q70_p0_shuffled_3072", "latency_seconds": 0.7441301131621003, "progress": "208/260", "status": "ok"}
Setting `pad_token_id` to `eos_token_id`:151645 for open-end generation.
{"cell": "qwen3vl8b_seed31_strict65__jpeg_q70_p0_shuffled_3072", "latency_seconds": 0.6281382152810693, "progress": "209/260", "status": "ok"}
Setting `pad_token_id` to `eos_token_id`:151645 for open-end generation.
{"cell": "qwen3vl8b_seed31_strict65__jpeg_q70_p0_shuffled_3072", "latency_seconds": 0.6201577102765441, "progress": "210/260", "status": "ok"}
Setting `pad_token_id` to `eos_token_id`:151645 for open-end generation.
{"cell": "qwen3vl8b_seed31_strict65__jpeg_q70_p0_shuffled_3072", "latency_seconds": 0.6186112435534596, "progress": "211/260", "status": "ok"}
Setting `pad_token_id` to `eos_token_id`:151645 for open-end generation.
{"cell": "qwen3vl8b_seed31_strict65__jpeg_q70_p0_shuffled_3072", "latency_seconds": 0.7495777066797018, "progress": "212/260", "status": "ok"}
Setting `pad_token_id` to `eos_token_id`:151645 for open-end generation.
{"cell": "qwen3vl8b_seed31_strict65__jpeg_q70_p0_shuffled_3072", "latency_seconds": 0.6179887847974896, "progress": "213/260", "status": "ok"}
Setting `pad_token_id` to `eos_token_id`:151645 for open-end generation.
{"cell": "qwen3vl8b_seed31_strict65__jpeg_q70_p0_shuffled_3072", "latency_seconds": 0.6181898908689618, "progress": "214/260", "status": "ok"}
Setting `pad_token_id` to `eos_token_id`:151645 for open-end generation.
{"cell": "qwen3vl8b_seed31_strict65__jpeg_q70_p0_shuffled_3072", "latency_seconds": 0.6192260980606079, "progress": "215/260", "status": "ok"}
Setting `pad_token_id` to `eos_token_id`:151645 for open-end generation.
{"cell": "qwen3vl8b_seed31_strict65__jpeg_q70_p0_shuffled_3072", "latency_seconds": 0.6189154908061028, "progress": "216/260", "status": "ok"}
Setting `pad_token_id` to `eos_token_id`:151645 for open-end generation.
{"cell": "qwen3vl8b_seed31_strict65__jpeg_q70_p0_shuffled_3072", "latency_seconds": 0.6188629791140556, "progress": "217/260", "status": "ok"}
Setting `pad_token_id` to `eos_token_id`:151645 for open-end generation.
{"cell": "qwen3vl8b_seed31_strict65__jpeg_q70_p0_shuffled_3072", "latency_seconds": 0.6147265285253525, "progress": "218/260", "status": "ok"}
Setting `pad_token_id` to `eos_token_id`:151645 for open-end generation.
{"cell": "qwen3vl8b_seed31_strict65__jpeg_q70_p0_shuffled_3072", "latency_seconds": 0.6199760502204299, "progress": "219/260", "status": "ok"}
Setting `pad_token_id` to `eos_token_id`:151645 for open-end generation.
{"cell": "qwen3vl8b_seed31_strict65__jpeg_q70_p0_shuffled_3072", "latency_seconds": 0.7223951369524002, "progress": "220/260", "status": "ok"}
Setting `pad_token_id` to `eos_token_id`:151645 for open-end generation.
{"cell": "qwen3vl8b_seed31_strict65__jpeg_q70_p0_shuffled_3072", "latency_seconds": 0.6207523066550493, "progress": "221/260", "status": "ok"}
Setting `pad_token_id` to `eos_token_id`:151645 for open-end generation.
{"cell": "qwen3vl8b_seed31_strict65__jpeg_q70_p0_shuffled_3072", "latency_seconds": 0.6178477490320802, "progress": "222/260", "status": "ok"}
Setting `pad_token_id` to `eos_token_id`:151645 for open-end generation.
{"cell": "qwen3vl8b_seed31_strict65__jpeg_q70_p0_shuffled_3072", "latency_seconds": 0.618669468909502, "progress": "223/260", "status": "ok"}
Setting `pad_token_id` to `eos_token_id`:151645 for open-end generation.
{"cell": "qwen3vl8b_seed31_strict65__jpeg_q70_p0_shuffled_3072", "latency_seconds": 0.7794009288772941, "progress": "224/260", "status": "ok"}
Setting `pad_token_id` to `eos_token_id`:151645 for open-end generation.
{"cell": "qwen3vl8b_seed31_strict65__jpeg_q70_p0_shuffled_3072", "latency_seconds": 0.6197794880717993, "progress": "225/260", "status": "ok"}
Setting `pad_token_id` to `eos_token_id`:151645 for open-end generation.
{"cell": "qwen3vl8b_seed31_strict65__jpeg_q70_p0_shuffled_3072", "latency_seconds": 0.6197533160448074, "progress": "226/260", "status": "ok"}
Setting `pad_token_id` to `eos_token_id`:151645 for open-end generation.
{"cell": "qwen3vl8b_seed31_strict65__jpeg_q70_p0_shuffled_3072", "latency_seconds": 0.6193307368084788, "progress": "227/260", "status": "ok"}
Setting `pad_token_id` to `eos_token_id`:151645 for open-end generation.
{"cell": "qwen3vl8b_seed31_strict65__jpeg_q70_p0_shuffled_3072", "latency_seconds": 0.6845619175583124, "progress": "228/260", "status": "ok"}
Setting `pad_token_id` to `eos_token_id`:151645 for open-end generation.
{"cell": "qwen3vl8b_seed31_strict65__jpeg_q70_p0_shuffled_3072", "latency_seconds": 0.6173181971535087, "progress": "229/260", "status": "ok"}
Setting `pad_token_id` to `eos_token_id`:151645 for open-end generation.
{"cell": "qwen3vl8b_seed31_strict65__jpeg_q70_p0_shuffled_3072", "latency_seconds": 0.6178841954097152, "progress": "230/260", "status": "ok"}
Setting `pad_token_id` to `eos_token_id`:151645 for open-end generation.
{"cell": "qwen3vl8b_seed31_strict65__jpeg_q70_p0_shuffled_3072", "latency_seconds": 0.6185351647436619, "progress": "231/260", "status": "ok"}
Setting `pad_token_id` to `eos_token_id`:151645 for open-end generation.
{"cell": "qwen3vl8b_seed31_strict65__jpeg_q70_p0_shuffled_3072", "latency_seconds": 0.7474214332178235, "progress": "232/260", "status": "ok"}
Setting `pad_token_id` to `eos_token_id`:151645 for open-end generation.
{"cell": "qwen3vl8b_seed31_strict65__jpeg_q70_p0_shuffled_3072", "latency_seconds": 0.6194466585293412, "progress": "233/260", "status": "ok"}
Setting `pad_token_id` to `eos_token_id`:151645 for open-end generation.
{"cell": "qwen3vl8b_seed31_strict65__jpeg_q70_p0_shuffled_3072", "latency_seconds": 0.6196751873940229, "progress": "234/260", "status": "ok"}
Setting `pad_token_id` to `eos_token_id`:151645 for open-end generation.
{"cell": "qwen3vl8b_seed31_strict65__jpeg_q70_p0_shuffled_3072", "latency_seconds": 0.620061500929296, "progress": "235/260", "status": "ok"}
Setting `pad_token_id` to `eos_token_id`:151645 for open-end generation.
{"cell": "qwen3vl8b_seed31_strict65__jpeg_q70_p0_shuffled_3072", "latency_seconds": 1.0852183513343334, "progress": "236/260", "status": "ok"}
Setting `pad_token_id` to `eos_token_id`:151645 for open-end generation.
{"cell": "qwen3vl8b_seed31_strict65__jpeg_q70_p0_shuffled_3072", "latency_seconds": 0.6176042929291725, "progress": "237/260", "status": "ok"}
Setting `pad_token_id` to `eos_token_id`:151645 for open-end generation.
{"cell": "qwen3vl8b_seed31_strict65__jpeg_q70_p0_shuffled_3072", "latency_seconds": 0.6174366492778063, "progress": "238/260", "status": "ok"}
Setting `pad_token_id` to `eos_token_id`:151645 for open-end generation.
{"cell": "qwen3vl8b_seed31_strict65__jpeg_q70_p0_shuffled_3072", "latency_seconds": 0.6232805754989386, "progress": "239/260", "status": "ok"}
Setting `pad_token_id` to `eos_token_id`:151645 for open-end generation.
{"cell": "qwen3vl8b_seed31_strict65__jpeg_q70_p0_shuffled_3072", "latency_seconds": 0.7436588499695063, "progress": "240/260", "status": "ok"}
Setting `pad_token_id` to `eos_token_id`:151645 for open-end generation.
{"cell": "qwen3vl8b_seed31_strict65__jpeg_q70_p0_shuffled_3072", "latency_seconds": 0.6180233992636204, "progress": "241/260", "status": "ok"}
Setting `pad_token_id` to `eos_token_id`:151645 for open-end generation.
{"cell": "qwen3vl8b_seed31_strict65__jpeg_q70_p0_shuffled_3072", "latency_seconds": 0.6195321483537555, "progress": "242/260", "status": "ok"}
Setting `pad_token_id` to `eos_token_id`:151645 for open-end generation.
{"cell": "qwen3vl8b_seed31_strict65__jpeg_q70_p0_shuffled_3072", "latency_seconds": 0.621233326382935, "progress": "243/260", "status": "ok"}
Setting `pad_token_id` to `eos_token_id`:151645 for open-end generation.
{"cell": "qwen3vl8b_seed31_strict65__jpeg_q70_p0_shuffled_3072", "latency_seconds": 0.7968103773891926, "progress": "244/260", "status": "ok"}
Setting `pad_token_id` to `eos_token_id`:151645 for open-end generation.
{"cell": "qwen3vl8b_seed31_strict65__jpeg_q70_p0_shuffled_3072", "latency_seconds": 0.6209728606045246, "progress": "245/260", "status": "ok"}
Setting `pad_token_id` to `eos_token_id`:151645 for open-end generation.
{"cell": "qwen3vl8b_seed31_strict65__jpeg_q70_p0_shuffled_3072", "latency_seconds": 0.6210252195596695, "progress": "246/260", "status": "ok"}
Setting `pad_token_id` to `eos_token_id`:151645 for open-end generation.
{"cell": "qwen3vl8b_seed31_strict65__jpeg_q70_p0_shuffled_3072", "latency_seconds": 0.6176180690526962, "progress": "247/260", "status": "ok"}
Setting `pad_token_id` to `eos_token_id`:151645 for open-end generation.
{"cell": "qwen3vl8b_seed31_strict65__jpeg_q70_p0_shuffled_3072", "latency_seconds": 1.2507356954738498, "progress": "248/260", "status": "ok"}
Setting `pad_token_id` to `eos_token_id`:151645 for open-end generation.
{"cell": "qwen3vl8b_seed31_strict65__jpeg_q70_p0_shuffled_3072", "latency_seconds": 0.6189266052097082, "progress": "249/260", "status": "ok"}
Setting `pad_token_id` to `eos_token_id`:151645 for open-end generation.
{"cell": "qwen3vl8b_seed31_strict65__jpeg_q70_p0_shuffled_3072", "latency_seconds": 0.6193440910428762, "progress": "250/260", "status": "ok"}
Setting `pad_token_id` to `eos_token_id`:151645 for open-end generation.
{"cell": "qwen3vl8b_seed31_strict65__jpeg_q70_p0_shuffled_3072", "latency_seconds": 0.6193158989772201, "progress": "251/260", "status": "ok"}
Setting `pad_token_id` to `eos_token_id`:151645 for open-end generation.
{"cell": "qwen3vl8b_seed31_strict65__jpeg_q70_p0_shuffled_3072", "latency_seconds": 1.0857552159577608, "progress": "252/260", "status": "ok"}
Setting `pad_token_id` to `eos_token_id`:151645 for open-end generation.
{"cell": "qwen3vl8b_seed31_strict65__jpeg_q70_p0_shuffled_3072", "latency_seconds": 0.619462757371366, "progress": "253/260", "status": "ok"}
Setting `pad_token_id` to `eos_token_id`:151645 for open-end generation.
{"cell": "qwen3vl8b_seed31_strict65__jpeg_q70_p0_shuffled_3072", "latency_seconds": 0.6191677395254374, "progress": "254/260", "status": "ok"}
Setting `pad_token_id` to `eos_token_id`:151645 for open-end generation.
{"cell": "qwen3vl8b_seed31_strict65__jpeg_q70_p0_shuffled_3072", "latency_seconds": 0.619434479624033, "progress": "255/260", "status": "ok"}
Setting `pad_token_id` to `eos_token_id`:151645 for open-end generation.
{"cell": "qwen3vl8b_seed31_strict65__jpeg_q70_p0_shuffled_3072", "latency_seconds": 0.7467817822471261, "progress": "256/260", "status": "ok"}
Setting `pad_token_id` to `eos_token_id`:151645 for open-end generation.
{"cell": "qwen3vl8b_seed31_strict65__jpeg_q70_p0_shuffled_3072", "latency_seconds": 0.6203213511034846, "progress": "257/260", "status": "ok"}
Setting `pad_token_id` to `eos_token_id`:151645 for open-end generation.
{"cell": "qwen3vl8b_seed31_strict65__jpeg_q70_p0_shuffled_3072", "latency_seconds": 0.6186738852411509, "progress": "258/260", "status": "ok"}
Setting `pad_token_id` to `eos_token_id`:151645 for open-end generation.
{"cell": "qwen3vl8b_seed31_strict65__jpeg_q70_p0_shuffled_3072", "latency_seconds": 0.619642710313201, "progress": "259/260", "status": "ok"}
Setting `pad_token_id` to `eos_token_id`:151645 for open-end generation.
{"cell": "qwen3vl8b_seed31_strict65__jpeg_q70_p0_shuffled_3072", "latency_seconds": 0.7035857737064362, "progress": "260/260", "status": "ok"}
Setting `pad_token_id` to `eos_token_id`:151645 for open-end generation.
{"cell": "qwen3vl8b_seed31_strict65__blur_r1_p0_shuffled_3072", "latency_seconds": 0.6218330319970846, "progress": "1/260", "status": "ok"}
Setting `pad_token_id` to `eos_token_id`:151645 for open-end generation.
{"cell": "qwen3vl8b_seed31_strict65__blur_r1_p0_shuffled_3072", "latency_seconds": 0.6209383131936193, "progress": "2/260", "status": "ok"}
Setting `pad_token_id` to `eos_token_id`:151645 for open-end generation.
{"cell": "qwen3vl8b_seed31_strict65__blur_r1_p0_shuffled_3072", "latency_seconds": 0.6183476690202951, "progress": "3/260", "status": "ok"}
Setting `pad_token_id` to `eos_token_id`:151645 for open-end generation.
{"cell": "qwen3vl8b_seed31_strict65__blur_r1_p0_shuffled_3072", "latency_seconds": 1.0849084937945008, "progress": "4/260", "status": "ok"}
Setting `pad_token_id` to `eos_token_id`:151645 for open-end generation.
{"cell": "qwen3vl8b_seed31_strict65__blur_r1_p0_shuffled_3072", "latency_seconds": 0.6198230497539043, "progress": "5/260", "status": "ok"}
Setting `pad_token_id` to `eos_token_id`:151645 for open-end generation.
{"cell": "qwen3vl8b_seed31_strict65__blur_r1_p0_shuffled_3072", "latency_seconds": 0.6185920527204871, "progress": "6/260", "status": "ok"}
Setting `pad_token_id` to `eos_token_id`:151645 for open-end generation.
{"cell": "qwen3vl8b_seed31_strict65__blur_r1_p0_shuffled_3072", "latency_seconds": 0.6199834709987044, "progress": "7/260", "status": "ok"}
Setting `pad_token_id` to `eos_token_id`:151645 for open-end generation.
{"cell": "qwen3vl8b_seed31_strict65__blur_r1_p0_shuffled_3072", "latency_seconds": 0.7517911158502102, "progress": "8/260", "status": "ok"}
Setting `pad_token_id` to `eos_token_id`:151645 for open-end generation.
{"cell": "qwen3vl8b_seed31_strict65__blur_r1_p0_shuffled_3072", "latency_seconds": 0.6148621747270226, "progress": "9/260", "status": "ok"}
Setting `pad_token_id` to `eos_token_id`:151645 for open-end generation.
{"cell": "qwen3vl8b_seed31_strict65__blur_r1_p0_shuffled_3072", "latency_seconds": 0.6167454523965716, "progress": "10/260", "status": "ok"}
Setting `pad_token_id` to `eos_token_id`:151645 for open-end generation.
{"cell": "qwen3vl8b_seed31_strict65__blur_r1_p0_shuffled_3072", "latency_seconds": 0.6206886321306229, "progress": "11/260", "status": "ok"}
Setting `pad_token_id` to `eos_token_id`:151645 for open-end generation.
{"cell": "qwen3vl8b_seed31_strict65__blur_r1_p0_shuffled_3072", "latency_seconds": 0.7295715063810349, "progress": "12/260", "status": "ok"}
Setting `pad_token_id` to `eos_token_id`:151645 for open-end generation.
{"cell": "qwen3vl8b_seed31_strict65__blur_r1_p0_shuffled_3072", "latency_seconds": 0.6207775613293052, "progress": "13/260", "status": "ok"}
Setting `pad_token_id` to `eos_token_id`:151645 for open-end generation.
{"cell": "qwen3vl8b_seed31_strict65__blur_r1_p0_shuffled_3072", "latency_seconds": 0.960587683133781, "progress": "14/260", "status": "ok"}
Setting `pad_token_id` to `eos_token_id`:151645 for open-end generation.
{"cell": "qwen3vl8b_seed31_strict65__blur_r1_p0_shuffled_3072", "latency_seconds": 0.6187440464273095, "progress": "15/260", "status": "ok"}
Setting `pad_token_id` to `eos_token_id`:151645 for open-end generation.
{"cell": "qwen3vl8b_seed31_strict65__blur_r1_p0_shuffled_3072", "latency_seconds": 1.111440621316433, "progress": "16/260", "status": "ok"}
Setting `pad_token_id` to `eos_token_id`:151645 for open-end generation.
{"cell": "qwen3vl8b_seed31_strict65__blur_r1_p0_shuffled_3072", "latency_seconds": 0.619146746583283, "progress": "17/260", "status": "ok"}
Setting `pad_token_id` to `eos_token_id`:151645 for open-end generation.
{"cell": "qwen3vl8b_seed31_strict65__blur_r1_p0_shuffled_3072", "latency_seconds": 0.6158106187358499, "progress": "18/260", "status": "ok"}
Setting `pad_token_id` to `eos_token_id`:151645 for open-end generation.
{"cell": "qwen3vl8b_seed31_strict65__blur_r1_p0_shuffled_3072", "latency_seconds": 0.6211821809411049, "progress": "19/260", "status": "ok"}
Setting `pad_token_id` to `eos_token_id`:151645 for open-end generation.
{"cell": "qwen3vl8b_seed31_strict65__blur_r1_p0_shuffled_3072", "latency_seconds": 0.7497441275045276, "progress": "20/260", "status": "ok"}
Setting `pad_token_id` to `eos_token_id`:151645 for open-end generation.
{"cell": "qwen3vl8b_seed31_strict65__blur_r1_p0_shuffled_3072", "latency_seconds": 0.6190208299085498, "progress": "21/260", "status": "ok"}
Setting `pad_token_id` to `eos_token_id`:151645 for open-end generation.
{"cell": "qwen3vl8b_seed31_strict65__blur_r1_p0_shuffled_3072", "latency_seconds": 0.9841543836519122, "progress": "22/260", "status": "ok"}
Setting `pad_token_id` to `eos_token_id`:151645 for open-end generation.
{"cell": "qwen3vl8b_seed31_strict65__blur_r1_p0_shuffled_3072", "latency_seconds": 0.6199516216292977, "progress": "23/260", "status": "ok"}
Setting `pad_token_id` to `eos_token_id`:151645 for open-end generation.
{"cell": "qwen3vl8b_seed31_strict65__blur_r1_p0_shuffled_3072", "latency_seconds": 0.7500036079436541, "progress": "24/260", "status": "ok"}
Setting `pad_token_id` to `eos_token_id`:151645 for open-end generation.
{"cell": "qwen3vl8b_seed31_strict65__blur_r1_p0_shuffled_3072", "latency_seconds": 0.6196881970390677, "progress": "25/260", "status": "ok"}
Setting `pad_token_id` to `eos_token_id`:151645 for open-end generation.
{"cell": "qwen3vl8b_seed31_strict65__blur_r1_p0_shuffled_3072", "latency_seconds": 0.6211103107780218, "progress": "26/260", "status": "ok"}
Setting `pad_token_id` to `eos_token_id`:151645 for open-end generation.
{"cell": "qwen3vl8b_seed31_strict65__blur_r1_p0_shuffled_3072", "latency_seconds": 0.6230019116774201, "progress": "27/260", "status": "ok"}
Setting `pad_token_id` to `eos_token_id`:151645 for open-end generation.
{"cell": "qwen3vl8b_seed31_strict65__blur_r1_p0_shuffled_3072", "latency_seconds": 0.7250528521835804, "progress": "28/260", "status": "ok"}
Setting `pad_token_id` to `eos_token_id`:151645 for open-end generation.
{"cell": "qwen3vl8b_seed31_strict65__blur_r1_p0_shuffled_3072", "latency_seconds": 0.6191765582188964, "progress": "29/260", "status": "ok"}
Setting `pad_token_id` to `eos_token_id`:151645 for open-end generation.
{"cell": "qwen3vl8b_seed31_strict65__blur_r1_p0_shuffled_3072", "latency_seconds": 0.640906416811049, "progress": "30/260", "status": "ok"}
Setting `pad_token_id` to `eos_token_id`:151645 for open-end generation.
{"cell": "qwen3vl8b_seed31_strict65__blur_r1_p0_shuffled_3072", "latency_seconds": 0.6192744104191661, "progress": "31/260", "status": "ok"}
Setting `pad_token_id` to `eos_token_id`:151645 for open-end generation.
{"cell": "qwen3vl8b_seed31_strict65__blur_r1_p0_shuffled_3072", "latency_seconds": 1.601137712597847, "progress": "32/260", "status": "ok"}
Setting `pad_token_id` to `eos_token_id`:151645 for open-end generation.
{"cell": "qwen3vl8b_seed31_strict65__blur_r1_p0_shuffled_3072", "latency_seconds": 0.6177117694169283, "progress": "33/260", "status": "ok"}
Setting `pad_token_id` to `eos_token_id`:151645 for open-end generation.
{"cell": "qwen3vl8b_seed31_strict65__blur_r1_p0_shuffled_3072", "latency_seconds": 11.59701662324369, "progress": "34/260", "status": "ok"}
Setting `pad_token_id` to `eos_token_id`:151645 for open-end generation.
{"cell": "qwen3vl8b_seed31_strict65__blur_r1_p0_shuffled_3072", "latency_seconds": 0.6184444837272167, "progress": "35/260", "status": "ok"}
Setting `pad_token_id` to `eos_token_id`:151645 for open-end generation.
{"cell": "qwen3vl8b_seed31_strict65__blur_r1_p0_shuffled_3072", "latency_seconds": 11.716013754718006, "progress": "36/260", "status": "ok"}
Setting `pad_token_id` to `eos_token_id`:151645 for open-end generation.
{"cell": "qwen3vl8b_seed31_strict65__blur_r1_p0_shuffled_3072", "latency_seconds": 0.6168992836028337, "progress": "37/260", "status": "ok"}
Setting `pad_token_id` to `eos_token_id`:151645 for open-end generation.
{"cell": "qwen3vl8b_seed31_strict65__blur_r1_p0_shuffled_3072", "latency_seconds": 0.6175542287528515, "progress": "38/260", "status": "ok"}
Setting `pad_token_id` to `eos_token_id`:151645 for open-end generation.
{"cell": "qwen3vl8b_seed31_strict65__blur_r1_p0_shuffled_3072", "latency_seconds": 0.6205100789666176, "progress": "39/260", "status": "ok"}
Setting `pad_token_id` to `eos_token_id`:151645 for open-end generation.
{"cell": "qwen3vl8b_seed31_strict65__blur_r1_p0_shuffled_3072", "latency_seconds": 0.7481198851019144, "progress": "40/260", "status": "ok"}
Setting `pad_token_id` to `eos_token_id`:151645 for open-end generation.
{"cell": "qwen3vl8b_seed31_strict65__blur_r1_p0_shuffled_3072", "latency_seconds": 0.6207644864916801, "progress": "41/260", "status": "ok"}
Setting `pad_token_id` to `eos_token_id`:151645 for open-end generation.
{"cell": "qwen3vl8b_seed31_strict65__blur_r1_p0_shuffled_3072", "latency_seconds": 0.620121531188488, "progress": "42/260", "status": "ok"}
Setting `pad_token_id` to `eos_token_id`:151645 for open-end generation.
{"cell": "qwen3vl8b_seed31_strict65__blur_r1_p0_shuffled_3072", "latency_seconds": 0.6200889330357313, "progress": "43/260", "status": "ok"}
Setting `pad_token_id` to `eos_token_id`:151645 for open-end generation.
{"cell": "qwen3vl8b_seed31_strict65__blur_r1_p0_shuffled_3072", "latency_seconds": 0.9180738376453519, "progress": "44/260", "status": "ok"}
Setting `pad_token_id` to `eos_token_id`:151645 for open-end generation.
{"cell": "qwen3vl8b_seed31_strict65__blur_r1_p0_shuffled_3072", "latency_seconds": 0.6201706547290087, "progress": "45/260", "status": "ok"}
Setting `pad_token_id` to `eos_token_id`:151645 for open-end generation.
{"cell": "qwen3vl8b_seed31_strict65__blur_r1_p0_shuffled_3072", "latency_seconds": 0.6194337755441666, "progress": "46/260", "status": "ok"}
Setting `pad_token_id` to `eos_token_id`:151645 for open-end generation.
{"cell": "qwen3vl8b_seed31_strict65__blur_r1_p0_shuffled_3072", "latency_seconds": 0.6179520478472114, "progress": "47/260", "status": "ok"}
Setting `pad_token_id` to `eos_token_id`:151645 for open-end generation.
{"cell": "qwen3vl8b_seed31_strict65__blur_r1_p0_shuffled_3072", "latency_seconds": 5.04032190144062, "progress": "48/260", "status": "ok"}
Setting `pad_token_id` to `eos_token_id`:151645 for open-end generation.
{"cell": "qwen3vl8b_seed31_strict65__blur_r1_p0_shuffled_3072", "latency_seconds": 0.6213326100260019, "progress": "49/260", "status": "ok"}
Setting `pad_token_id` to `eos_token_id`:151645 for open-end generation.
{"cell": "qwen3vl8b_seed31_strict65__blur_r1_p0_shuffled_3072", "latency_seconds": 0.6161631466820836, "progress": "50/260", "status": "ok"}
Setting `pad_token_id` to `eos_token_id`:151645 for open-end generation.
{"cell": "qwen3vl8b_seed31_strict65__blur_r1_p0_shuffled_3072", "latency_seconds": 0.6175796762108803, "progress": "51/260", "status": "ok"}
Setting `pad_token_id` to `eos_token_id`:151645 for open-end generation.
{"cell": "qwen3vl8b_seed31_strict65__blur_r1_p0_shuffled_3072", "latency_seconds": 0.6161753656342626, "progress": "52/260", "status": "ok"}
Setting `pad_token_id` to `eos_token_id`:151645 for open-end generation.
{"cell": "qwen3vl8b_seed31_strict65__blur_r1_p0_shuffled_3072", "latency_seconds": 0.619164926931262, "progress": "53/260", "status": "ok"}
Setting `pad_token_id` to `eos_token_id`:151645 for open-end generation.
{"cell": "qwen3vl8b_seed31_strict65__blur_r1_p0_shuffled_3072", "latency_seconds": 0.6320275105535984, "progress": "54/260", "status": "ok"}
Setting `pad_token_id` to `eos_token_id`:151645 for open-end generation.
{"cell": "qwen3vl8b_seed31_strict65__blur_r1_p0_shuffled_3072", "latency_seconds": 0.6307434719055891, "progress": "55/260", "status": "ok"}
Setting `pad_token_id` to `eos_token_id`:151645 for open-end generation.
{"cell": "qwen3vl8b_seed31_strict65__blur_r1_p0_shuffled_3072", "latency_seconds": 0.7485188180580735, "progress": "56/260", "status": "ok"}
Setting `pad_token_id` to `eos_token_id`:151645 for open-end generation.
{"cell": "qwen3vl8b_seed31_strict65__blur_r1_p0_shuffled_3072", "latency_seconds": 0.6197857754305005, "progress": "57/260", "status": "ok"}
Setting `pad_token_id` to `eos_token_id`:151645 for open-end generation.
{"cell": "qwen3vl8b_seed31_strict65__blur_r1_p0_shuffled_3072", "latency_seconds": 0.6394959073513746, "progress": "58/260", "status": "ok"}
Setting `pad_token_id` to `eos_token_id`:151645 for open-end generation.
{"cell": "qwen3vl8b_seed31_strict65__blur_r1_p0_shuffled_3072", "latency_seconds": 0.6177728474140167, "progress": "59/260", "status": "ok"}
Setting `pad_token_id` to `eos_token_id`:151645 for open-end generation.
{"cell": "qwen3vl8b_seed31_strict65__blur_r1_p0_shuffled_3072", "latency_seconds": 0.773031740449369, "progress": "60/260", "status": "ok"}
Setting `pad_token_id` to `eos_token_id`:151645 for open-end generation.
{"cell": "qwen3vl8b_seed31_strict65__blur_r1_p0_shuffled_3072", "latency_seconds": 0.6239609867334366, "progress": "61/260", "status": "ok"}
Setting `pad_token_id` to `eos_token_id`:151645 for open-end generation.
{"cell": "qwen3vl8b_seed31_strict65__blur_r1_p0_shuffled_3072", "latency_seconds": 0.6198811670765281, "progress": "62/260", "status": "ok"}
Setting `pad_token_id` to `eos_token_id`:151645 for open-end generation.
{"cell": "qwen3vl8b_seed31_strict65__blur_r1_p0_shuffled_3072", "latency_seconds": 0.6333154384046793, "progress": "63/260", "status": "ok"}
Setting `pad_token_id` to `eos_token_id`:151645 for open-end generation.
{"cell": "qwen3vl8b_seed31_strict65__blur_r1_p0_shuffled_3072", "latency_seconds": 11.444024925120175, "progress": "64/260", "status": "ok"}
Setting `pad_token_id` to `eos_token_id`:151645 for open-end generation.
{"cell": "qwen3vl8b_seed31_strict65__blur_r1_p0_shuffled_3072", "latency_seconds": 0.6196918180212379, "progress": "65/260", "status": "ok"}
Setting `pad_token_id` to `eos_token_id`:151645 for open-end generation.
{"cell": "qwen3vl8b_seed31_strict65__blur_r1_p0_shuffled_3072", "latency_seconds": 0.6184210758656263, "progress": "66/260", "status": "ok"}
Setting `pad_token_id` to `eos_token_id`:151645 for open-end generation.
{"cell": "qwen3vl8b_seed31_strict65__blur_r1_p0_shuffled_3072", "latency_seconds": 0.6174431759864092, "progress": "67/260", "status": "ok"}
Setting `pad_token_id` to `eos_token_id`:151645 for open-end generation.
{"cell": "qwen3vl8b_seed31_strict65__blur_r1_p0_shuffled_3072", "latency_seconds": 1.2249998580664396, "progress": "68/260", "status": "ok"}
Setting `pad_token_id` to `eos_token_id`:151645 for open-end generation.
{"cell": "qwen3vl8b_seed31_strict65__blur_r1_p0_shuffled_3072", "latency_seconds": 0.6171245342120528, "progress": "69/260", "status": "ok"}
Setting `pad_token_id` to `eos_token_id`:151645 for open-end generation.
{"cell": "qwen3vl8b_seed31_strict65__blur_r1_p0_shuffled_3072", "latency_seconds": 0.6395435854792595, "progress": "70/260", "status": "ok"}
Setting `pad_token_id` to `eos_token_id`:151645 for open-end generation.
{"cell": "qwen3vl8b_seed31_strict65__blur_r1_p0_shuffled_3072", "latency_seconds": 0.618985584937036, "progress": "71/260", "status": "ok"}
Setting `pad_token_id` to `eos_token_id`:151645 for open-end generation.
{"cell": "qwen3vl8b_seed31_strict65__blur_r1_p0_shuffled_3072", "latency_seconds": 2.8411862337961793, "progress": "72/260", "status": "ok"}
Setting `pad_token_id` to `eos_token_id`:151645 for open-end generation.
{"cell": "qwen3vl8b_seed31_strict65__blur_r1_p0_shuffled_3072", "latency_seconds": 0.6168649569153786, "progress": "73/260", "status": "ok"}
Setting `pad_token_id` to `eos_token_id`:151645 for open-end generation.
{"cell": "qwen3vl8b_seed31_strict65__blur_r1_p0_shuffled_3072", "latency_seconds": 0.6175647107884288, "progress": "74/260", "status": "ok"}
Setting `pad_token_id` to `eos_token_id`:151645 for open-end generation.
{"cell": "qwen3vl8b_seed31_strict65__blur_r1_p0_shuffled_3072", "latency_seconds": 0.6205097446218133, "progress": "75/260", "status": "ok"}
Setting `pad_token_id` to `eos_token_id`:151645 for open-end generation.
{"cell": "qwen3vl8b_seed31_strict65__blur_r1_p0_shuffled_3072", "latency_seconds": 1.237968130968511, "progress": "76/260", "status": "ok"}
Setting `pad_token_id` to `eos_token_id`:151645 for open-end generation.
{"cell": "qwen3vl8b_seed31_strict65__blur_r1_p0_shuffled_3072", "latency_seconds": 0.6183944484218955, "progress": "77/260", "status": "ok"}
Setting `pad_token_id` to `eos_token_id`:151645 for open-end generation.
{"cell": "qwen3vl8b_seed31_strict65__blur_r1_p0_shuffled_3072", "latency_seconds": 0.6407210985198617, "progress": "78/260", "status": "ok"}
Setting `pad_token_id` to `eos_token_id`:151645 for open-end generation.
{"cell": "qwen3vl8b_seed31_strict65__blur_r1_p0_shuffled_3072", "latency_seconds": 0.6181296929717064, "progress": "79/260", "status": "ok"}
Setting `pad_token_id` to `eos_token_id`:151645 for open-end generation.
{"cell": "qwen3vl8b_seed31_strict65__blur_r1_p0_shuffled_3072", "latency_seconds": 0.6193570215255022, "progress": "80/260", "status": "ok"}
Setting `pad_token_id` to `eos_token_id`:151645 for open-end generation.
{"cell": "qwen3vl8b_seed31_strict65__blur_r1_p0_shuffled_3072", "latency_seconds": 0.6191230118274689, "progress": "81/260", "status": "ok"}
Setting `pad_token_id` to `eos_token_id`:151645 for open-end generation.
{"cell": "qwen3vl8b_seed31_strict65__blur_r1_p0_shuffled_3072", "latency_seconds": 0.6165113477036357, "progress": "82/260", "status": "ok"}
Setting `pad_token_id` to `eos_token_id`:151645 for open-end generation.
{"cell": "qwen3vl8b_seed31_strict65__blur_r1_p0_shuffled_3072", "latency_seconds": 0.6223960220813751, "progress": "83/260", "status": "ok"}
Setting `pad_token_id` to `eos_token_id`:151645 for open-end generation.
{"cell": "qwen3vl8b_seed31_strict65__blur_r1_p0_shuffled_3072", "latency_seconds": 0.9167650872841477, "progress": "84/260", "status": "ok"}
Setting `pad_token_id` to `eos_token_id`:151645 for open-end generation.
{"cell": "qwen3vl8b_seed31_strict65__blur_r1_p0_shuffled_3072", "latency_seconds": 0.6214935341849923, "progress": "85/260", "status": "ok"}
Setting `pad_token_id` to `eos_token_id`:151645 for open-end generation.
{"cell": "qwen3vl8b_seed31_strict65__blur_r1_p0_shuffled_3072", "latency_seconds": 0.6229191441088915, "progress": "86/260", "status": "ok"}
Setting `pad_token_id` to `eos_token_id`:151645 for open-end generation.
{"cell": "qwen3vl8b_seed31_strict65__blur_r1_p0_shuffled_3072", "latency_seconds": 0.6183847486972809, "progress": "87/260", "status": "ok"}
Setting `pad_token_id` to `eos_token_id`:151645 for open-end generation.
{"cell": "qwen3vl8b_seed31_strict65__blur_r1_p0_shuffled_3072", "latency_seconds": 1.7977458480745554, "progress": "88/260", "status": "ok"}
Setting `pad_token_id` to `eos_token_id`:151645 for open-end generation.
{"cell": "qwen3vl8b_seed31_strict65__blur_r1_p0_shuffled_3072", "latency_seconds": 0.6165941497310996, "progress": "89/260", "status": "ok"}
Setting `pad_token_id` to `eos_token_id`:151645 for open-end generation.
{"cell": "qwen3vl8b_seed31_strict65__blur_r1_p0_shuffled_3072", "latency_seconds": 0.9396452326327562, "progress": "90/260", "status": "ok"}
Setting `pad_token_id` to `eos_token_id`:151645 for open-end generation.
{"cell": "qwen3vl8b_seed31_strict65__blur_r1_p0_shuffled_3072", "latency_seconds": 0.6176316039636731, "progress": "91/260", "status": "ok"}
Setting `pad_token_id` to `eos_token_id`:151645 for open-end generation.
{"cell": "qwen3vl8b_seed31_strict65__blur_r1_p0_shuffled_3072", "latency_seconds": 0.6193356486037374, "progress": "92/260", "status": "ok"}
Setting `pad_token_id` to `eos_token_id`:151645 for open-end generation.
{"cell": "qwen3vl8b_seed31_strict65__blur_r1_p0_shuffled_3072", "latency_seconds": 0.6200417606160045, "progress": "93/260", "status": "ok"}
Setting `pad_token_id` to `eos_token_id`:151645 for open-end generation.
{"cell": "qwen3vl8b_seed31_strict65__blur_r1_p0_shuffled_3072", "latency_seconds": 0.6175410812720656, "progress": "94/260", "status": "ok"}
Setting `pad_token_id` to `eos_token_id`:151645 for open-end generation.
{"cell": "qwen3vl8b_seed31_strict65__blur_r1_p0_shuffled_3072", "latency_seconds": 0.6150906905531883, "progress": "95/260", "status": "ok"}
Setting `pad_token_id` to `eos_token_id`:151645 for open-end generation.
{"cell": "qwen3vl8b_seed31_strict65__blur_r1_p0_shuffled_3072", "latency_seconds": 0.9168555671349168, "progress": "96/260", "status": "ok"}
Setting `pad_token_id` to `eos_token_id`:151645 for open-end generation.
{"cell": "qwen3vl8b_seed31_strict65__blur_r1_p0_shuffled_3072", "latency_seconds": 0.6197508312761784, "progress": "97/260", "status": "ok"}
Setting `pad_token_id` to `eos_token_id`:151645 for open-end generation.
{"cell": "qwen3vl8b_seed31_strict65__blur_r1_p0_shuffled_3072", "latency_seconds": 0.628440442495048, "progress": "98/260", "status": "ok"}
Setting `pad_token_id` to `eos_token_id`:151645 for open-end generation.
{"cell": "qwen3vl8b_seed31_strict65__blur_r1_p0_shuffled_3072", "latency_seconds": 0.6234104931354523, "progress": "99/260", "status": "ok"}
Setting `pad_token_id` to `eos_token_id`:151645 for open-end generation.
{"cell": "qwen3vl8b_seed31_strict65__blur_r1_p0_shuffled_3072", "latency_seconds": 1.2628617957234383, "progress": "100/260", "status": "ok"}
Setting `pad_token_id` to `eos_token_id`:151645 for open-end generation.
{"cell": "qwen3vl8b_seed31_strict65__blur_r1_p0_shuffled_3072", "latency_seconds": 0.6196748483926058, "progress": "101/260", "status": "ok"}
Setting `pad_token_id` to `eos_token_id`:151645 for open-end generation.
{"cell": "qwen3vl8b_seed31_strict65__blur_r1_p0_shuffled_3072", "latency_seconds": 0.6190736247226596, "progress": "102/260", "status": "ok"}
Setting `pad_token_id` to `eos_token_id`:151645 for open-end generation.
{"cell": "qwen3vl8b_seed31_strict65__blur_r1_p0_shuffled_3072", "latency_seconds": 0.6162026803940535, "progress": "103/260", "status": "ok"}
Setting `pad_token_id` to `eos_token_id`:151645 for open-end generation.
{"cell": "qwen3vl8b_seed31_strict65__blur_r1_p0_shuffled_3072", "latency_seconds": 0.7436019740998745, "progress": "104/260", "status": "ok"}
Setting `pad_token_id` to `eos_token_id`:151645 for open-end generation.
{"cell": "qwen3vl8b_seed31_strict65__blur_r1_p0_shuffled_3072", "latency_seconds": 0.61730070784688, "progress": "105/260", "status": "ok"}
Setting `pad_token_id` to `eos_token_id`:151645 for open-end generation.
{"cell": "qwen3vl8b_seed31_strict65__blur_r1_p0_shuffled_3072", "latency_seconds": 0.6180067751556635, "progress": "106/260", "status": "ok"}
Setting `pad_token_id` to `eos_token_id`:151645 for open-end generation.
{"cell": "qwen3vl8b_seed31_strict65__blur_r1_p0_shuffled_3072", "latency_seconds": 0.6197496363893151, "progress": "107/260", "status": "ok"}
Setting `pad_token_id` to `eos_token_id`:151645 for open-end generation.
{"cell": "qwen3vl8b_seed31_strict65__blur_r1_p0_shuffled_3072", "latency_seconds": 0.7448667958378792, "progress": "108/260", "status": "ok"}
Setting `pad_token_id` to `eos_token_id`:151645 for open-end generation.
{"cell": "qwen3vl8b_seed31_strict65__blur_r1_p0_shuffled_3072", "latency_seconds": 0.6181436842307448, "progress": "109/260", "status": "ok"}
Setting `pad_token_id` to `eos_token_id`:151645 for open-end generation.
{"cell": "qwen3vl8b_seed31_strict65__blur_r1_p0_shuffled_3072", "latency_seconds": 0.6181783769279718, "progress": "110/260", "status": "ok"}
Setting `pad_token_id` to `eos_token_id`:151645 for open-end generation.
{"cell": "qwen3vl8b_seed31_strict65__blur_r1_p0_shuffled_3072", "latency_seconds": 0.6200747638940811, "progress": "111/260", "status": "ok"}
Setting `pad_token_id` to `eos_token_id`:151645 for open-end generation.
{"cell": "qwen3vl8b_seed31_strict65__blur_r1_p0_shuffled_3072", "latency_seconds": 1.614346238784492, "progress": "112/260", "status": "ok"}
Setting `pad_token_id` to `eos_token_id`:151645 for open-end generation.
{"cell": "qwen3vl8b_seed31_strict65__blur_r1_p0_shuffled_3072", "latency_seconds": 0.6189821269363165, "progress": "113/260", "status": "ok"}
Setting `pad_token_id` to `eos_token_id`:151645 for open-end generation.
{"cell": "qwen3vl8b_seed31_strict65__blur_r1_p0_shuffled_3072", "latency_seconds": 0.6192119959741831, "progress": "114/260", "status": "ok"}
Setting `pad_token_id` to `eos_token_id`:151645 for open-end generation.
{"cell": "qwen3vl8b_seed31_strict65__blur_r1_p0_shuffled_3072", "latency_seconds": 0.6182043822482228, "progress": "115/260", "status": "ok"}
Setting `pad_token_id` to `eos_token_id`:151645 for open-end generation.
{"cell": "qwen3vl8b_seed31_strict65__blur_r1_p0_shuffled_3072", "latency_seconds": 0.694018330425024, "progress": "116/260", "status": "ok"}
Setting `pad_token_id` to `eos_token_id`:151645 for open-end generation.
{"cell": "qwen3vl8b_seed31_strict65__blur_r1_p0_shuffled_3072", "latency_seconds": 0.6302575031295419, "progress": "117/260", "status": "ok"}
Setting `pad_token_id` to `eos_token_id`:151645 for open-end generation.
{"cell": "qwen3vl8b_seed31_strict65__blur_r1_p0_shuffled_3072", "latency_seconds": 0.6418514885008335, "progress": "118/260", "status": "ok"}
Setting `pad_token_id` to `eos_token_id`:151645 for open-end generation.
{"cell": "qwen3vl8b_seed31_strict65__blur_r1_p0_shuffled_3072", "latency_seconds": 0.6201837603002787, "progress": "119/260", "status": "ok"}
Setting `pad_token_id` to `eos_token_id`:151645 for open-end generation.
{"cell": "qwen3vl8b_seed31_strict65__blur_r1_p0_shuffled_3072", "latency_seconds": 11.606500313617289, "progress": "120/260", "status": "ok"}
Setting `pad_token_id` to `eos_token_id`:151645 for open-end generation.
{"cell": "qwen3vl8b_seed31_strict65__blur_r1_p0_shuffled_3072", "latency_seconds": 0.6181507697328925, "progress": "121/260", "status": "ok"}
Setting `pad_token_id` to `eos_token_id`:151645 for open-end generation.
{"cell": "qwen3vl8b_seed31_strict65__blur_r1_p0_shuffled_3072", "latency_seconds": 0.6181680429726839, "progress": "122/260", "status": "ok"}
Setting `pad_token_id` to `eos_token_id`:151645 for open-end generation.
{"cell": "qwen3vl8b_seed31_strict65__blur_r1_p0_shuffled_3072", "latency_seconds": 0.6168617065995932, "progress": "123/260", "status": "ok"}
Setting `pad_token_id` to `eos_token_id`:151645 for open-end generation.
{"cell": "qwen3vl8b_seed31_strict65__blur_r1_p0_shuffled_3072", "latency_seconds": 1.644869483076036, "progress": "124/260", "status": "ok"}
Setting `pad_token_id` to `eos_token_id`:151645 for open-end generation.
{"cell": "qwen3vl8b_seed31_strict65__blur_r1_p0_shuffled_3072", "latency_seconds": 0.6189274024218321, "progress": "125/260", "status": "ok"}
Setting `pad_token_id` to `eos_token_id`:151645 for open-end generation.
{"cell": "qwen3vl8b_seed31_strict65__blur_r1_p0_shuffled_3072", "latency_seconds": 0.6460511302575469, "progress": "126/260", "status": "ok"}
Setting `pad_token_id` to `eos_token_id`:151645 for open-end generation.
{"cell": "qwen3vl8b_seed31_strict65__blur_r1_p0_shuffled_3072", "latency_seconds": 0.6177189173176885, "progress": "127/260", "status": "ok"}
Setting `pad_token_id` to `eos_token_id`:151645 for open-end generation.
{"cell": "qwen3vl8b_seed31_strict65__blur_r1_p0_shuffled_3072", "latency_seconds": 1.024418132379651, "progress": "128/260", "status": "ok"}
Setting `pad_token_id` to `eos_token_id`:151645 for open-end generation.
{"cell": "qwen3vl8b_seed31_strict65__blur_r1_p0_shuffled_3072", "latency_seconds": 0.619458363391459, "progress": "129/260", "status": "ok"}
Setting `pad_token_id` to `eos_token_id`:151645 for open-end generation.
{"cell": "qwen3vl8b_seed31_strict65__blur_r1_p0_shuffled_3072", "latency_seconds": 0.6288168495520949, "progress": "130/260", "status": "ok"}
Setting `pad_token_id` to `eos_token_id`:151645 for open-end generation.
{"cell": "qwen3vl8b_seed31_strict65__blur_r1_p0_shuffled_3072", "latency_seconds": 0.6197678567841649, "progress": "131/260", "status": "ok"}
Setting `pad_token_id` to `eos_token_id`:151645 for open-end generation.
{"cell": "qwen3vl8b_seed31_strict65__blur_r1_p0_shuffled_3072", "latency_seconds": 0.9370873775333166, "progress": "132/260", "status": "ok"}
Setting `pad_token_id` to `eos_token_id`:151645 for open-end generation.
{"cell": "qwen3vl8b_seed31_strict65__blur_r1_p0_shuffled_3072", "latency_seconds": 0.6199603537097573, "progress": "133/260", "status": "ok"}
Setting `pad_token_id` to `eos_token_id`:151645 for open-end generation.
{"cell": "qwen3vl8b_seed31_strict65__blur_r1_p0_shuffled_3072", "latency_seconds": 0.6210384871810675, "progress": "134/260", "status": "ok"}
Setting `pad_token_id` to `eos_token_id`:151645 for open-end generation.
{"cell": "qwen3vl8b_seed31_strict65__blur_r1_p0_shuffled_3072", "latency_seconds": 0.6192446770146489, "progress": "135/260", "status": "ok"}
Setting `pad_token_id` to `eos_token_id`:151645 for open-end generation.
{"cell": "qwen3vl8b_seed31_strict65__blur_r1_p0_shuffled_3072", "latency_seconds": 1.084571998566389, "progress": "136/260", "status": "ok"}
Setting `pad_token_id` to `eos_token_id`:151645 for open-end generation.
{"cell": "qwen3vl8b_seed31_strict65__blur_r1_p0_shuffled_3072", "latency_seconds": 0.6198437567800283, "progress": "137/260", "status": "ok"}
Setting `pad_token_id` to `eos_token_id`:151645 for open-end generation.
{"cell": "qwen3vl8b_seed31_strict65__blur_r1_p0_shuffled_3072", "latency_seconds": 0.6179428854957223, "progress": "138/260", "status": "ok"}
Setting `pad_token_id` to `eos_token_id`:151645 for open-end generation.
{"cell": "qwen3vl8b_seed31_strict65__blur_r1_p0_shuffled_3072", "latency_seconds": 0.6199576621875167, "progress": "139/260", "status": "ok"}
Setting `pad_token_id` to `eos_token_id`:151645 for open-end generation.
{"cell": "qwen3vl8b_seed31_strict65__blur_r1_p0_shuffled_3072", "latency_seconds": 0.7456510746851563, "progress": "140/260", "status": "ok"}
Setting `pad_token_id` to `eos_token_id`:151645 for open-end generation.
{"cell": "qwen3vl8b_seed31_strict65__blur_r1_p0_shuffled_3072", "latency_seconds": 0.6182930124923587, "progress": "141/260", "status": "ok"}
Setting `pad_token_id` to `eos_token_id`:151645 for open-end generation.
{"cell": "qwen3vl8b_seed31_strict65__blur_r1_p0_shuffled_3072", "latency_seconds": 0.6219745622947812, "progress": "142/260", "status": "ok"}
Setting `pad_token_id` to `eos_token_id`:151645 for open-end generation.
{"cell": "qwen3vl8b_seed31_strict65__blur_r1_p0_shuffled_3072", "latency_seconds": 0.6225083246827126, "progress": "143/260", "status": "ok"}
Setting `pad_token_id` to `eos_token_id`:151645 for open-end generation.
{"cell": "qwen3vl8b_seed31_strict65__blur_r1_p0_shuffled_3072", "latency_seconds": 0.9842858081683517, "progress": "144/260", "status": "ok"}
Setting `pad_token_id` to `eos_token_id`:151645 for open-end generation.
{"cell": "qwen3vl8b_seed31_strict65__blur_r1_p0_shuffled_3072", "latency_seconds": 0.6312621450051665, "progress": "145/260", "status": "ok"}
Setting `pad_token_id` to `eos_token_id`:151645 for open-end generation.
{"cell": "qwen3vl8b_seed31_strict65__blur_r1_p0_shuffled_3072", "latency_seconds": 0.643122959882021, "progress": "146/260", "status": "ok"}
Setting `pad_token_id` to `eos_token_id`:151645 for open-end generation.
{"cell": "qwen3vl8b_seed31_strict65__blur_r1_p0_shuffled_3072", "latency_seconds": 0.6185359237715602, "progress": "147/260", "status": "ok"}
Setting `pad_token_id` to `eos_token_id`:151645 for open-end generation.
{"cell": "qwen3vl8b_seed31_strict65__blur_r1_p0_shuffled_3072", "latency_seconds": 1.2887165313586593, "progress": "148/260", "status": "ok"}
Setting `pad_token_id` to `eos_token_id`:151645 for open-end generation.
{"cell": "qwen3vl8b_seed31_strict65__blur_r1_p0_shuffled_3072", "latency_seconds": 0.6198955532163382, "progress": "149/260", "status": "ok"}
Setting `pad_token_id` to `eos_token_id`:151645 for open-end generation.
{"cell": "qwen3vl8b_seed31_strict65__blur_r1_p0_shuffled_3072", "latency_seconds": 0.6182906115427613, "progress": "150/260", "status": "ok"}
Setting `pad_token_id` to `eos_token_id`:151645 for open-end generation.
{"cell": "qwen3vl8b_seed31_strict65__blur_r1_p0_shuffled_3072", "latency_seconds": 0.6210116045549512, "progress": "151/260", "status": "ok"}
Setting `pad_token_id` to `eos_token_id`:151645 for open-end generation.
{"cell": "qwen3vl8b_seed31_strict65__blur_r1_p0_shuffled_3072", "latency_seconds": 1.4194748252630234, "progress": "152/260", "status": "ok"}
Setting `pad_token_id` to `eos_token_id`:151645 for open-end generation.
{"cell": "qwen3vl8b_seed31_strict65__blur_r1_p0_shuffled_3072", "latency_seconds": 0.6193941170349717, "progress": "153/260", "status": "ok"}
Setting `pad_token_id` to `eos_token_id`:151645 for open-end generation.
{"cell": "qwen3vl8b_seed31_strict65__blur_r1_p0_shuffled_3072", "latency_seconds": 0.6200985768809915, "progress": "154/260", "status": "ok"}
Setting `pad_token_id` to `eos_token_id`:151645 for open-end generation.
{"cell": "qwen3vl8b_seed31_strict65__blur_r1_p0_shuffled_3072", "latency_seconds": 0.6206078305840492, "progress": "155/260", "status": "ok"}
Setting `pad_token_id` to `eos_token_id`:151645 for open-end generation.
{"cell": "qwen3vl8b_seed31_strict65__blur_r1_p0_shuffled_3072", "latency_seconds": 1.2347002662718296, "progress": "156/260", "status": "ok"}
Setting `pad_token_id` to `eos_token_id`:151645 for open-end generation.
{"cell": "qwen3vl8b_seed31_strict65__blur_r1_p0_shuffled_3072", "latency_seconds": 0.6174490917474031, "progress": "157/260", "status": "ok"}
Setting `pad_token_id` to `eos_token_id`:151645 for open-end generation.
{"cell": "qwen3vl8b_seed31_strict65__blur_r1_p0_shuffled_3072", "latency_seconds": 0.6197270071133971, "progress": "158/260", "status": "ok"}
Setting `pad_token_id` to `eos_token_id`:151645 for open-end generation.
{"cell": "qwen3vl8b_seed31_strict65__blur_r1_p0_shuffled_3072", "latency_seconds": 0.6190624292939901, "progress": "159/260", "status": "ok"}
Setting `pad_token_id` to `eos_token_id`:151645 for open-end generation.
{"cell": "qwen3vl8b_seed31_strict65__blur_r1_p0_shuffled_3072", "latency_seconds": 1.2856301944702864, "progress": "160/260", "status": "ok"}
Setting `pad_token_id` to `eos_token_id`:151645 for open-end generation.
{"cell": "qwen3vl8b_seed31_strict65__blur_r1_p0_shuffled_3072", "latency_seconds": 0.6228049648925662, "progress": "161/260", "status": "ok"}
Setting `pad_token_id` to `eos_token_id`:151645 for open-end generation.
{"cell": "qwen3vl8b_seed31_strict65__blur_r1_p0_shuffled_3072", "latency_seconds": 0.620544889010489, "progress": "162/260", "status": "ok"}
Setting `pad_token_id` to `eos_token_id`:151645 for open-end generation.
{"cell": "qwen3vl8b_seed31_strict65__blur_r1_p0_shuffled_3072", "latency_seconds": 0.6198659706860781, "progress": "163/260", "status": "ok"}
Setting `pad_token_id` to `eos_token_id`:151645 for open-end generation.
{"cell": "qwen3vl8b_seed31_strict65__blur_r1_p0_shuffled_3072", "latency_seconds": 0.7307660030201077, "progress": "164/260", "status": "ok"}
Setting `pad_token_id` to `eos_token_id`:151645 for open-end generation.
{"cell": "qwen3vl8b_seed31_strict65__blur_r1_p0_shuffled_3072", "latency_seconds": 0.6184706762433052, "progress": "165/260", "status": "ok"}
Setting `pad_token_id` to `eos_token_id`:151645 for open-end generation.
{"cell": "qwen3vl8b_seed31_strict65__blur_r1_p0_shuffled_3072", "latency_seconds": 0.6152316769585013, "progress": "166/260", "status": "ok"}
Setting `pad_token_id` to `eos_token_id`:151645 for open-end generation.
{"cell": "qwen3vl8b_seed31_strict65__blur_r1_p0_shuffled_3072", "latency_seconds": 0.6198213510215282, "progress": "167/260", "status": "ok"}
Setting `pad_token_id` to `eos_token_id`:151645 for open-end generation.
{"cell": "qwen3vl8b_seed31_strict65__blur_r1_p0_shuffled_3072", "latency_seconds": 0.6207545269280672, "progress": "168/260", "status": "ok"}
Setting `pad_token_id` to `eos_token_id`:151645 for open-end generation.
{"cell": "qwen3vl8b_seed31_strict65__blur_r1_p0_shuffled_3072", "latency_seconds": 0.6188033511862159, "progress": "169/260", "status": "ok"}
Setting `pad_token_id` to `eos_token_id`:151645 for open-end generation.
{"cell": "qwen3vl8b_seed31_strict65__blur_r1_p0_shuffled_3072", "latency_seconds": 0.6197355538606644, "progress": "170/260", "status": "ok"}
Setting `pad_token_id` to `eos_token_id`:151645 for open-end generation.
{"cell": "qwen3vl8b_seed31_strict65__blur_r1_p0_shuffled_3072", "latency_seconds": 0.6204059813171625, "progress": "171/260", "status": "ok"}
Setting `pad_token_id` to `eos_token_id`:151645 for open-end generation.
{"cell": "qwen3vl8b_seed31_strict65__blur_r1_p0_shuffled_3072", "latency_seconds": 1.4283120995387435, "progress": "172/260", "status": "ok"}
Setting `pad_token_id` to `eos_token_id`:151645 for open-end generation.
{"cell": "qwen3vl8b_seed31_strict65__blur_r1_p0_shuffled_3072", "latency_seconds": 0.6190756680443883, "progress": "173/260", "status": "ok"}
Setting `pad_token_id` to `eos_token_id`:151645 for open-end generation.
{"cell": "qwen3vl8b_seed31_strict65__blur_r1_p0_shuffled_3072", "latency_seconds": 0.6187062589451671, "progress": "174/260", "status": "ok"}
Setting `pad_token_id` to `eos_token_id`:151645 for open-end generation.
{"cell": "qwen3vl8b_seed31_strict65__blur_r1_p0_shuffled_3072", "latency_seconds": 0.6172025911509991, "progress": "175/260", "status": "ok"}
Setting `pad_token_id` to `eos_token_id`:151645 for open-end generation.
{"cell": "qwen3vl8b_seed31_strict65__blur_r1_p0_shuffled_3072", "latency_seconds": 1.2617612024769187, "progress": "176/260", "status": "ok"}
Setting `pad_token_id` to `eos_token_id`:151645 for open-end generation.
{"cell": "qwen3vl8b_seed31_strict65__blur_r1_p0_shuffled_3072", "latency_seconds": 0.6153042139485478, "progress": "177/260", "status": "ok"}
Setting `pad_token_id` to `eos_token_id`:151645 for open-end generation.
{"cell": "qwen3vl8b_seed31_strict65__blur_r1_p0_shuffled_3072", "latency_seconds": 0.6176335290074348, "progress": "178/260", "status": "ok"}
Setting `pad_token_id` to `eos_token_id`:151645 for open-end generation.
{"cell": "qwen3vl8b_seed31_strict65__blur_r1_p0_shuffled_3072", "latency_seconds": 0.6168472431600094, "progress": "179/260", "status": "ok"}
Setting `pad_token_id` to `eos_token_id`:151645 for open-end generation.
{"cell": "qwen3vl8b_seed31_strict65__blur_r1_p0_shuffled_3072", "latency_seconds": 0.7441525897011161, "progress": "180/260", "status": "ok"}
Setting `pad_token_id` to `eos_token_id`:151645 for open-end generation.
{"cell": "qwen3vl8b_seed31_strict65__blur_r1_p0_shuffled_3072", "latency_seconds": 0.6179087040945888, "progress": "181/260", "status": "ok"}
Setting `pad_token_id` to `eos_token_id`:151645 for open-end generation.
{"cell": "qwen3vl8b_seed31_strict65__blur_r1_p0_shuffled_3072", "latency_seconds": 0.6196346180513501, "progress": "182/260", "status": "ok"}
Setting `pad_token_id` to `eos_token_id`:151645 for open-end generation.
{"cell": "qwen3vl8b_seed31_strict65__blur_r1_p0_shuffled_3072", "latency_seconds": 0.619303684681654, "progress": "183/260", "status": "ok"}
Setting `pad_token_id` to `eos_token_id`:151645 for open-end generation.
{"cell": "qwen3vl8b_seed31_strict65__blur_r1_p0_shuffled_3072", "latency_seconds": 1.2527543678879738, "progress": "184/260", "status": "ok"}
Setting `pad_token_id` to `eos_token_id`:151645 for open-end generation.
{"cell": "qwen3vl8b_seed31_strict65__blur_r1_p0_shuffled_3072", "latency_seconds": 0.6233486169949174, "progress": "185/260", "status": "ok"}
Setting `pad_token_id` to `eos_token_id`:151645 for open-end generation.
{"cell": "qwen3vl8b_seed31_strict65__blur_r1_p0_shuffled_3072", "latency_seconds": 0.6393838673830032, "progress": "186/260", "status": "ok"}
Setting `pad_token_id` to `eos_token_id`:151645 for open-end generation.
{"cell": "qwen3vl8b_seed31_strict65__blur_r1_p0_shuffled_3072", "latency_seconds": 0.6201874716207385, "progress": "187/260", "status": "ok"}
Setting `pad_token_id` to `eos_token_id`:151645 for open-end generation.
{"cell": "qwen3vl8b_seed31_strict65__blur_r1_p0_shuffled_3072", "latency_seconds": 1.1461827754974365, "progress": "188/260", "status": "ok"}
Setting `pad_token_id` to `eos_token_id`:151645 for open-end generation.
{"cell": "qwen3vl8b_seed31_strict65__blur_r1_p0_shuffled_3072", "latency_seconds": 0.6199346669018269, "progress": "189/260", "status": "ok"}
Setting `pad_token_id` to `eos_token_id`:151645 for open-end generation.
{"cell": "qwen3vl8b_seed31_strict65__blur_r1_p0_shuffled_3072", "latency_seconds": 0.6186011461541057, "progress": "190/260", "status": "ok"}
Setting `pad_token_id` to `eos_token_id`:151645 for open-end generation.
{"cell": "qwen3vl8b_seed31_strict65__blur_r1_p0_shuffled_3072", "latency_seconds": 0.6303237760439515, "progress": "191/260", "status": "ok"}
Setting `pad_token_id` to `eos_token_id`:151645 for open-end generation.
{"cell": "qwen3vl8b_seed31_strict65__blur_r1_p0_shuffled_3072", "latency_seconds": 1.8200519103556871, "progress": "192/260", "status": "ok"}
Setting `pad_token_id` to `eos_token_id`:151645 for open-end generation.
{"cell": "qwen3vl8b_seed31_strict65__blur_r1_p0_shuffled_3072", "latency_seconds": 0.6392360273748636, "progress": "193/260", "status": "ok"}
Setting `pad_token_id` to `eos_token_id`:151645 for open-end generation.
{"cell": "qwen3vl8b_seed31_strict65__blur_r1_p0_shuffled_3072", "latency_seconds": 0.6206462308764458, "progress": "194/260", "status": "ok"}
Setting `pad_token_id` to `eos_token_id`:151645 for open-end generation.
{"cell": "qwen3vl8b_seed31_strict65__blur_r1_p0_shuffled_3072", "latency_seconds": 0.6185067389160395, "progress": "195/260", "status": "ok"}
Setting `pad_token_id` to `eos_token_id`:151645 for open-end generation.
{"cell": "qwen3vl8b_seed31_strict65__blur_r1_p0_shuffled_3072", "latency_seconds": 0.7469853386282921, "progress": "196/260", "status": "ok"}
Setting `pad_token_id` to `eos_token_id`:151645 for open-end generation.
{"cell": "qwen3vl8b_seed31_strict65__blur_r1_p0_shuffled_3072", "latency_seconds": 0.6219003004953265, "progress": "197/260", "status": "ok"}
Setting `pad_token_id` to `eos_token_id`:151645 for open-end generation.
{"cell": "qwen3vl8b_seed31_strict65__blur_r1_p0_shuffled_3072", "latency_seconds": 0.6235392708331347, "progress": "198/260", "status": "ok"}
Setting `pad_token_id` to `eos_token_id`:151645 for open-end generation.
{"cell": "qwen3vl8b_seed31_strict65__blur_r1_p0_shuffled_3072", "latency_seconds": 0.6177181703969836, "progress": "199/260", "status": "ok"}
Setting `pad_token_id` to `eos_token_id`:151645 for open-end generation.
{"cell": "qwen3vl8b_seed31_strict65__blur_r1_p0_shuffled_3072", "latency_seconds": 0.6186162978410721, "progress": "200/260", "status": "ok"}
Setting `pad_token_id` to `eos_token_id`:151645 for open-end generation.
{"cell": "qwen3vl8b_seed31_strict65__blur_r1_p0_shuffled_3072", "latency_seconds": 0.6169807501137257, "progress": "201/260", "status": "ok"}
Setting `pad_token_id` to `eos_token_id`:151645 for open-end generation.
{"cell": "qwen3vl8b_seed31_strict65__blur_r1_p0_shuffled_3072", "latency_seconds": 0.6206783559173346, "progress": "202/260", "status": "ok"}
Setting `pad_token_id` to `eos_token_id`:151645 for open-end generation.
{"cell": "qwen3vl8b_seed31_strict65__blur_r1_p0_shuffled_3072", "latency_seconds": 0.6151008037850261, "progress": "203/260", "status": "ok"}
Setting `pad_token_id` to `eos_token_id`:151645 for open-end generation.
{"cell": "qwen3vl8b_seed31_strict65__blur_r1_p0_shuffled_3072", "latency_seconds": 1.6188188716769218, "progress": "204/260", "status": "ok"}
Setting `pad_token_id` to `eos_token_id`:151645 for open-end generation.
{"cell": "qwen3vl8b_seed31_strict65__blur_r1_p0_shuffled_3072", "latency_seconds": 0.6197027508169413, "progress": "205/260", "status": "ok"}
Setting `pad_token_id` to `eos_token_id`:151645 for open-end generation.
{"cell": "qwen3vl8b_seed31_strict65__blur_r1_p0_shuffled_3072", "latency_seconds": 0.6190527845174074, "progress": "206/260", "status": "ok"}
Setting `pad_token_id` to `eos_token_id`:151645 for open-end generation.
{"cell": "qwen3vl8b_seed31_strict65__blur_r1_p0_shuffled_3072", "latency_seconds": 0.6191371316090226, "progress": "207/260", "status": "ok"}
Setting `pad_token_id` to `eos_token_id`:151645 for open-end generation.
{"cell": "qwen3vl8b_seed31_strict65__blur_r1_p0_shuffled_3072", "latency_seconds": 0.7298343013972044, "progress": "208/260", "status": "ok"}
Setting `pad_token_id` to `eos_token_id`:151645 for open-end generation.
{"cell": "qwen3vl8b_seed31_strict65__blur_r1_p0_shuffled_3072", "latency_seconds": 0.6208613915368915, "progress": "209/260", "status": "ok"}
Setting `pad_token_id` to `eos_token_id`:151645 for open-end generation.
{"cell": "qwen3vl8b_seed31_strict65__blur_r1_p0_shuffled_3072", "latency_seconds": 0.6189751196652651, "progress": "210/260", "status": "ok"}
Setting `pad_token_id` to `eos_token_id`:151645 for open-end generation.
{"cell": "qwen3vl8b_seed31_strict65__blur_r1_p0_shuffled_3072", "latency_seconds": 0.6197712039574981, "progress": "211/260", "status": "ok"}
Setting `pad_token_id` to `eos_token_id`:151645 for open-end generation.
{"cell": "qwen3vl8b_seed31_strict65__blur_r1_p0_shuffled_3072", "latency_seconds": 0.7457853220403194, "progress": "212/260", "status": "ok"}
Setting `pad_token_id` to `eos_token_id`:151645 for open-end generation.
{"cell": "qwen3vl8b_seed31_strict65__blur_r1_p0_shuffled_3072", "latency_seconds": 0.6147485058754683, "progress": "213/260", "status": "ok"}
Setting `pad_token_id` to `eos_token_id`:151645 for open-end generation.
{"cell": "qwen3vl8b_seed31_strict65__blur_r1_p0_shuffled_3072", "latency_seconds": 0.6183194620534778, "progress": "214/260", "status": "ok"}
Setting `pad_token_id` to `eos_token_id`:151645 for open-end generation.
{"cell": "qwen3vl8b_seed31_strict65__blur_r1_p0_shuffled_3072", "latency_seconds": 0.618016455322504, "progress": "215/260", "status": "ok"}
Setting `pad_token_id` to `eos_token_id`:151645 for open-end generation.
{"cell": "qwen3vl8b_seed31_strict65__blur_r1_p0_shuffled_3072", "latency_seconds": 0.6181437708437443, "progress": "216/260", "status": "ok"}
Setting `pad_token_id` to `eos_token_id`:151645 for open-end generation.
{"cell": "qwen3vl8b_seed31_strict65__blur_r1_p0_shuffled_3072", "latency_seconds": 0.6179084200412035, "progress": "217/260", "status": "ok"}
Setting `pad_token_id` to `eos_token_id`:151645 for open-end generation.
{"cell": "qwen3vl8b_seed31_strict65__blur_r1_p0_shuffled_3072", "latency_seconds": 0.6173362182453275, "progress": "218/260", "status": "ok"}
Setting `pad_token_id` to `eos_token_id`:151645 for open-end generation.
{"cell": "qwen3vl8b_seed31_strict65__blur_r1_p0_shuffled_3072", "latency_seconds": 0.6195522397756577, "progress": "219/260", "status": "ok"}
Setting `pad_token_id` to `eos_token_id`:151645 for open-end generation.
{"cell": "qwen3vl8b_seed31_strict65__blur_r1_p0_shuffled_3072", "latency_seconds": 0.7254353770986199, "progress": "220/260", "status": "ok"}
Setting `pad_token_id` to `eos_token_id`:151645 for open-end generation.
{"cell": "qwen3vl8b_seed31_strict65__blur_r1_p0_shuffled_3072", "latency_seconds": 0.619811019860208, "progress": "221/260", "status": "ok"}
Setting `pad_token_id` to `eos_token_id`:151645 for open-end generation.
{"cell": "qwen3vl8b_seed31_strict65__blur_r1_p0_shuffled_3072", "latency_seconds": 0.6182519681751728, "progress": "222/260", "status": "ok"}
Setting `pad_token_id` to `eos_token_id`:151645 for open-end generation.
{"cell": "qwen3vl8b_seed31_strict65__blur_r1_p0_shuffled_3072", "latency_seconds": 0.6189143406227231, "progress": "223/260", "status": "ok"}
Setting `pad_token_id` to `eos_token_id`:151645 for open-end generation.
{"cell": "qwen3vl8b_seed31_strict65__blur_r1_p0_shuffled_3072", "latency_seconds": 0.7445660829544067, "progress": "224/260", "status": "ok"}
Setting `pad_token_id` to `eos_token_id`:151645 for open-end generation.
{"cell": "qwen3vl8b_seed31_strict65__blur_r1_p0_shuffled_3072", "latency_seconds": 0.6140598366037011, "progress": "225/260", "status": "ok"}
Setting `pad_token_id` to `eos_token_id`:151645 for open-end generation.
{"cell": "qwen3vl8b_seed31_strict65__blur_r1_p0_shuffled_3072", "latency_seconds": 0.6214608158916235, "progress": "226/260", "status": "ok"}
Setting `pad_token_id` to `eos_token_id`:151645 for open-end generation.
{"cell": "qwen3vl8b_seed31_strict65__blur_r1_p0_shuffled_3072", "latency_seconds": 0.6194766843691468, "progress": "227/260", "status": "ok"}
Setting `pad_token_id` to `eos_token_id`:151645 for open-end generation.
{"cell": "qwen3vl8b_seed31_strict65__blur_r1_p0_shuffled_3072", "latency_seconds": 0.6828514114022255, "progress": "228/260", "status": "ok"}
Setting `pad_token_id` to `eos_token_id`:151645 for open-end generation.
{"cell": "qwen3vl8b_seed31_strict65__blur_r1_p0_shuffled_3072", "latency_seconds": 0.6192516796290874, "progress": "229/260", "status": "ok"}
Setting `pad_token_id` to `eos_token_id`:151645 for open-end generation.
{"cell": "qwen3vl8b_seed31_strict65__blur_r1_p0_shuffled_3072", "latency_seconds": 0.6215672129765153, "progress": "230/260", "status": "ok"}
Setting `pad_token_id` to `eos_token_id`:151645 for open-end generation.
{"cell": "qwen3vl8b_seed31_strict65__blur_r1_p0_shuffled_3072", "latency_seconds": 0.6192947281524539, "progress": "231/260", "status": "ok"}
Setting `pad_token_id` to `eos_token_id`:151645 for open-end generation.
{"cell": "qwen3vl8b_seed31_strict65__blur_r1_p0_shuffled_3072", "latency_seconds": 0.7498667845502496, "progress": "232/260", "status": "ok"}
Setting `pad_token_id` to `eos_token_id`:151645 for open-end generation.
{"cell": "qwen3vl8b_seed31_strict65__blur_r1_p0_shuffled_3072", "latency_seconds": 0.6194129614159465, "progress": "233/260", "status": "ok"}
Setting `pad_token_id` to `eos_token_id`:151645 for open-end generation.
{"cell": "qwen3vl8b_seed31_strict65__blur_r1_p0_shuffled_3072", "latency_seconds": 0.6173928193747997, "progress": "234/260", "status": "ok"}
Setting `pad_token_id` to `eos_token_id`:151645 for open-end generation.
{"cell": "qwen3vl8b_seed31_strict65__blur_r1_p0_shuffled_3072", "latency_seconds": 0.6185056762769818, "progress": "235/260", "status": "ok"}
Setting `pad_token_id` to `eos_token_id`:151645 for open-end generation.
{"cell": "qwen3vl8b_seed31_strict65__blur_r1_p0_shuffled_3072", "latency_seconds": 1.2509415931999683, "progress": "236/260", "status": "ok"}
Setting `pad_token_id` to `eos_token_id`:151645 for open-end generation.
{"cell": "qwen3vl8b_seed31_strict65__blur_r1_p0_shuffled_3072", "latency_seconds": 0.6176594141870737, "progress": "237/260", "status": "ok"}
Setting `pad_token_id` to `eos_token_id`:151645 for open-end generation.
{"cell": "qwen3vl8b_seed31_strict65__blur_r1_p0_shuffled_3072", "latency_seconds": 0.6396373435854912, "progress": "238/260", "status": "ok"}
Setting `pad_token_id` to `eos_token_id`:151645 for open-end generation.
{"cell": "qwen3vl8b_seed31_strict65__blur_r1_p0_shuffled_3072", "latency_seconds": 0.6193449925631285, "progress": "239/260", "status": "ok"}
Setting `pad_token_id` to `eos_token_id`:151645 for open-end generation.
{"cell": "qwen3vl8b_seed31_strict65__blur_r1_p0_shuffled_3072", "latency_seconds": 0.744415270164609, "progress": "240/260", "status": "ok"}
Setting `pad_token_id` to `eos_token_id`:151645 for open-end generation.
{"cell": "qwen3vl8b_seed31_strict65__blur_r1_p0_shuffled_3072", "latency_seconds": 0.6189592685550451, "progress": "241/260", "status": "ok"}
Setting `pad_token_id` to `eos_token_id`:151645 for open-end generation.
{"cell": "qwen3vl8b_seed31_strict65__blur_r1_p0_shuffled_3072", "latency_seconds": 0.6403096551075578, "progress": "242/260", "status": "ok"}
Setting `pad_token_id` to `eos_token_id`:151645 for open-end generation.
{"cell": "qwen3vl8b_seed31_strict65__blur_r1_p0_shuffled_3072", "latency_seconds": 0.6209613615646958, "progress": "243/260", "status": "ok"}
Setting `pad_token_id` to `eos_token_id`:151645 for open-end generation.
{"cell": "qwen3vl8b_seed31_strict65__blur_r1_p0_shuffled_3072", "latency_seconds": 0.7901556584984064, "progress": "244/260", "status": "ok"}
Setting `pad_token_id` to `eos_token_id`:151645 for open-end generation.
{"cell": "qwen3vl8b_seed31_strict65__blur_r1_p0_shuffled_3072", "latency_seconds": 0.6221602596342564, "progress": "245/260", "status": "ok"}
Setting `pad_token_id` to `eos_token_id`:151645 for open-end generation.
{"cell": "qwen3vl8b_seed31_strict65__blur_r1_p0_shuffled_3072", "latency_seconds": 0.6238157916814089, "progress": "246/260", "status": "ok"}
Setting `pad_token_id` to `eos_token_id`:151645 for open-end generation.
{"cell": "qwen3vl8b_seed31_strict65__blur_r1_p0_shuffled_3072", "latency_seconds": 0.6184907099232078, "progress": "247/260", "status": "ok"}
Setting `pad_token_id` to `eos_token_id`:151645 for open-end generation.
{"cell": "qwen3vl8b_seed31_strict65__blur_r1_p0_shuffled_3072", "latency_seconds": 1.1122203096747398, "progress": "248/260", "status": "ok"}
Setting `pad_token_id` to `eos_token_id`:151645 for open-end generation.
{"cell": "qwen3vl8b_seed31_strict65__blur_r1_p0_shuffled_3072", "latency_seconds": 0.6196058122441173, "progress": "249/260", "status": "ok"}
Setting `pad_token_id` to `eos_token_id`:151645 for open-end generation.
{"cell": "qwen3vl8b_seed31_strict65__blur_r1_p0_shuffled_3072", "latency_seconds": 0.6155666066333652, "progress": "250/260", "status": "ok"}
Setting `pad_token_id` to `eos_token_id`:151645 for open-end generation.
{"cell": "qwen3vl8b_seed31_strict65__blur_r1_p0_shuffled_3072", "latency_seconds": 0.6185507830232382, "progress": "251/260", "status": "ok"}
Setting `pad_token_id` to `eos_token_id`:151645 for open-end generation.
{"cell": "qwen3vl8b_seed31_strict65__blur_r1_p0_shuffled_3072", "latency_seconds": 1.0883355541154742, "progress": "252/260", "status": "ok"}
Setting `pad_token_id` to `eos_token_id`:151645 for open-end generation.
{"cell": "qwen3vl8b_seed31_strict65__blur_r1_p0_shuffled_3072", "latency_seconds": 0.62175552546978, "progress": "253/260", "status": "ok"}
Setting `pad_token_id` to `eos_token_id`:151645 for open-end generation.
{"cell": "qwen3vl8b_seed31_strict65__blur_r1_p0_shuffled_3072", "latency_seconds": 0.6193252317607403, "progress": "254/260", "status": "ok"}
Setting `pad_token_id` to `eos_token_id`:151645 for open-end generation.
{"cell": "qwen3vl8b_seed31_strict65__blur_r1_p0_shuffled_3072", "latency_seconds": 0.6142709050327539, "progress": "255/260", "status": "ok"}
Setting `pad_token_id` to `eos_token_id`:151645 for open-end generation.
{"cell": "qwen3vl8b_seed31_strict65__blur_r1_p0_shuffled_3072", "latency_seconds": 0.7474083751440048, "progress": "256/260", "status": "ok"}
Setting `pad_token_id` to `eos_token_id`:151645 for open-end generation.
{"cell": "qwen3vl8b_seed31_strict65__blur_r1_p0_shuffled_3072", "latency_seconds": 0.6178842335939407, "progress": "257/260", "status": "ok"}
Setting `pad_token_id` to `eos_token_id`:151645 for open-end generation.
{"cell": "qwen3vl8b_seed31_strict65__blur_r1_p0_shuffled_3072", "latency_seconds": 0.638393172994256, "progress": "258/260", "status": "ok"}
Setting `pad_token_id` to `eos_token_id`:151645 for open-end generation.
{"cell": "qwen3vl8b_seed31_strict65__blur_r1_p0_shuffled_3072", "latency_seconds": 0.6182641442865133, "progress": "259/260", "status": "ok"}
Setting `pad_token_id` to `eos_token_id`:151645 for open-end generation.
{"cell": "qwen3vl8b_seed31_strict65__blur_r1_p0_shuffled_3072", "latency_seconds": 0.6864678924903274, "progress": "260/260", "status": "ok"}
Setting `pad_token_id` to `eos_token_id`:151645 for open-end generation.
{"cell": "qwen3vl8b_seed31_strict65__downsample_s075_p0_shuffled_3072", "latency_seconds": 0.6195919904857874, "progress": "1/260", "status": "ok"}
Setting `pad_token_id` to `eos_token_id`:151645 for open-end generation.
{"cell": "qwen3vl8b_seed31_strict65__downsample_s075_p0_shuffled_3072", "latency_seconds": 0.6305104121565819, "progress": "2/260", "status": "ok"}
Setting `pad_token_id` to `eos_token_id`:151645 for open-end generation.
{"cell": "qwen3vl8b_seed31_strict65__downsample_s075_p0_shuffled_3072", "latency_seconds": 0.6171076446771622, "progress": "3/260", "status": "ok"}
Setting `pad_token_id` to `eos_token_id`:151645 for open-end generation.
{"cell": "qwen3vl8b_seed31_strict65__downsample_s075_p0_shuffled_3072", "latency_seconds": 1.0922879055142403, "progress": "4/260", "status": "ok"}
Setting `pad_token_id` to `eos_token_id`:151645 for open-end generation.
{"cell": "qwen3vl8b_seed31_strict65__downsample_s075_p0_shuffled_3072", "latency_seconds": 0.6213489547371864, "progress": "5/260", "status": "ok"}
Setting `pad_token_id` to `eos_token_id`:151645 for open-end generation.
{"cell": "qwen3vl8b_seed31_strict65__downsample_s075_p0_shuffled_3072", "latency_seconds": 0.6201217416673899, "progress": "6/260", "status": "ok"}
Setting `pad_token_id` to `eos_token_id`:151645 for open-end generation.
{"cell": "qwen3vl8b_seed31_strict65__downsample_s075_p0_shuffled_3072", "latency_seconds": 0.6219450626522303, "progress": "7/260", "status": "ok"}
Setting `pad_token_id` to `eos_token_id`:151645 for open-end generation.
{"cell": "qwen3vl8b_seed31_strict65__downsample_s075_p0_shuffled_3072", "latency_seconds": 1.0670316219329834, "progress": "8/260", "status": "ok"}
Setting `pad_token_id` to `eos_token_id`:151645 for open-end generation.
{"cell": "qwen3vl8b_seed31_strict65__downsample_s075_p0_shuffled_3072", "latency_seconds": 0.6184844141826034, "progress": "9/260", "status": "ok"}
Setting `pad_token_id` to `eos_token_id`:151645 for open-end generation.
{"cell": "qwen3vl8b_seed31_strict65__downsample_s075_p0_shuffled_3072", "latency_seconds": 0.6230577453970909, "progress": "10/260", "status": "ok"}
Setting `pad_token_id` to `eos_token_id`:151645 for open-end generation.
{"cell": "qwen3vl8b_seed31_strict65__downsample_s075_p0_shuffled_3072", "latency_seconds": 0.6206661155447364, "progress": "11/260", "status": "ok"}
Setting `pad_token_id` to `eos_token_id`:151645 for open-end generation.
{"cell": "qwen3vl8b_seed31_strict65__downsample_s075_p0_shuffled_3072", "latency_seconds": 0.7262088349089026, "progress": "12/260", "status": "ok"}
Setting `pad_token_id` to `eos_token_id`:151645 for open-end generation.
{"cell": "qwen3vl8b_seed31_strict65__downsample_s075_p0_shuffled_3072", "latency_seconds": 0.6203620564192533, "progress": "13/260", "status": "ok"}
Setting `pad_token_id` to `eos_token_id`:151645 for open-end generation.
{"cell": "qwen3vl8b_seed31_strict65__downsample_s075_p0_shuffled_3072", "latency_seconds": 0.9649197598919272, "progress": "14/260", "status": "ok"}
Setting `pad_token_id` to `eos_token_id`:151645 for open-end generation.
{"cell": "qwen3vl8b_seed31_strict65__downsample_s075_p0_shuffled_3072", "latency_seconds": 0.6218535238876939, "progress": "15/260", "status": "ok"}
Setting `pad_token_id` to `eos_token_id`:151645 for open-end generation.
{"cell": "qwen3vl8b_seed31_strict65__downsample_s075_p0_shuffled_3072", "latency_seconds": 1.0945463785901666, "progress": "16/260", "status": "ok"}
Setting `pad_token_id` to `eos_token_id`:151645 for open-end generation.
{"cell": "qwen3vl8b_seed31_strict65__downsample_s075_p0_shuffled_3072", "latency_seconds": 0.6172704007476568, "progress": "17/260", "status": "ok"}
Setting `pad_token_id` to `eos_token_id`:151645 for open-end generation.
{"cell": "qwen3vl8b_seed31_strict65__downsample_s075_p0_shuffled_3072", "latency_seconds": 0.6153896581381559, "progress": "18/260", "status": "ok"}
Setting `pad_token_id` to `eos_token_id`:151645 for open-end generation.
{"cell": "qwen3vl8b_seed31_strict65__downsample_s075_p0_shuffled_3072", "latency_seconds": 0.618525754660368, "progress": "19/260", "status": "ok"}
Setting `pad_token_id` to `eos_token_id`:151645 for open-end generation.
{"cell": "qwen3vl8b_seed31_strict65__downsample_s075_p0_shuffled_3072", "latency_seconds": 0.7479179324582219, "progress": "20/260", "status": "ok"}
Setting `pad_token_id` to `eos_token_id`:151645 for open-end generation.
{"cell": "qwen3vl8b_seed31_strict65__downsample_s075_p0_shuffled_3072", "latency_seconds": 0.6183171467855573, "progress": "21/260", "status": "ok"}
Setting `pad_token_id` to `eos_token_id`:151645 for open-end generation.
{"cell": "qwen3vl8b_seed31_strict65__downsample_s075_p0_shuffled_3072", "latency_seconds": 0.9577080244198442, "progress": "22/260", "status": "ok"}
Setting `pad_token_id` to `eos_token_id`:151645 for open-end generation.
{"cell": "qwen3vl8b_seed31_strict65__downsample_s075_p0_shuffled_3072", "latency_seconds": 0.618569141253829, "progress": "23/260", "status": "ok"}
Setting `pad_token_id` to `eos_token_id`:151645 for open-end generation.
{"cell": "qwen3vl8b_seed31_strict65__downsample_s075_p0_shuffled_3072", "latency_seconds": 0.7530460488051176, "progress": "24/260", "status": "ok"}
Setting `pad_token_id` to `eos_token_id`:151645 for open-end generation.
{"cell": "qwen3vl8b_seed31_strict65__downsample_s075_p0_shuffled_3072", "latency_seconds": 0.6224777121096849, "progress": "25/260", "status": "ok"}
Setting `pad_token_id` to `eos_token_id`:151645 for open-end generation.
{"cell": "qwen3vl8b_seed31_strict65__downsample_s075_p0_shuffled_3072", "latency_seconds": 0.6204107003286481, "progress": "26/260", "status": "ok"}
Setting `pad_token_id` to `eos_token_id`:151645 for open-end generation.
{"cell": "qwen3vl8b_seed31_strict65__downsample_s075_p0_shuffled_3072", "latency_seconds": 0.6179156340658665, "progress": "27/260", "status": "ok"}
Setting `pad_token_id` to `eos_token_id`:151645 for open-end generation.
{"cell": "qwen3vl8b_seed31_strict65__downsample_s075_p0_shuffled_3072", "latency_seconds": 0.7255886737257242, "progress": "28/260", "status": "ok"}
Setting `pad_token_id` to `eos_token_id`:151645 for open-end generation.
{"cell": "qwen3vl8b_seed31_strict65__downsample_s075_p0_shuffled_3072", "latency_seconds": 0.6203757226467133, "progress": "29/260", "status": "ok"}
Setting `pad_token_id` to `eos_token_id`:151645 for open-end generation.
{"cell": "qwen3vl8b_seed31_strict65__downsample_s075_p0_shuffled_3072", "latency_seconds": 0.6446142559871078, "progress": "30/260", "status": "ok"}
Setting `pad_token_id` to `eos_token_id`:151645 for open-end generation.
{"cell": "qwen3vl8b_seed31_strict65__downsample_s075_p0_shuffled_3072", "latency_seconds": 0.6196677358821034, "progress": "31/260", "status": "ok"}
Setting `pad_token_id` to `eos_token_id`:151645 for open-end generation.
{"cell": "qwen3vl8b_seed31_strict65__downsample_s075_p0_shuffled_3072", "latency_seconds": 1.6317409006878734, "progress": "32/260", "status": "ok"}
Setting `pad_token_id` to `eos_token_id`:151645 for open-end generation.
{"cell": "qwen3vl8b_seed31_strict65__downsample_s075_p0_shuffled_3072", "latency_seconds": 0.6340249562636018, "progress": "33/260", "status": "ok"}
Setting `pad_token_id` to `eos_token_id`:151645 for open-end generation.
{"cell": "qwen3vl8b_seed31_strict65__downsample_s075_p0_shuffled_3072", "latency_seconds": 1.632085402496159, "progress": "34/260", "status": "ok"}
Setting `pad_token_id` to `eos_token_id`:151645 for open-end generation.
{"cell": "qwen3vl8b_seed31_strict65__downsample_s075_p0_shuffled_3072", "latency_seconds": 0.6438428740948439, "progress": "35/260", "status": "ok"}
Setting `pad_token_id` to `eos_token_id`:151645 for open-end generation.
{"cell": "qwen3vl8b_seed31_strict65__downsample_s075_p0_shuffled_3072", "latency_seconds": 11.551210600882769, "progress": "36/260", "status": "ok"}
Setting `pad_token_id` to `eos_token_id`:151645 for open-end generation.
{"cell": "qwen3vl8b_seed31_strict65__downsample_s075_p0_shuffled_3072", "latency_seconds": 0.6221385924145579, "progress": "37/260", "status": "ok"}
Setting `pad_token_id` to `eos_token_id`:151645 for open-end generation.
{"cell": "qwen3vl8b_seed31_strict65__downsample_s075_p0_shuffled_3072", "latency_seconds": 0.6212879819795489, "progress": "38/260", "status": "ok"}
Setting `pad_token_id` to `eos_token_id`:151645 for open-end generation.
{"cell": "qwen3vl8b_seed31_strict65__downsample_s075_p0_shuffled_3072", "latency_seconds": 0.6195331187918782, "progress": "39/260", "status": "ok"}
Setting `pad_token_id` to `eos_token_id`:151645 for open-end generation.
{"cell": "qwen3vl8b_seed31_strict65__downsample_s075_p0_shuffled_3072", "latency_seconds": 0.7476743087172508, "progress": "40/260", "status": "ok"}
Setting `pad_token_id` to `eos_token_id`:151645 for open-end generation.
{"cell": "qwen3vl8b_seed31_strict65__downsample_s075_p0_shuffled_3072", "latency_seconds": 0.6197055354714394, "progress": "41/260", "status": "ok"}
Setting `pad_token_id` to `eos_token_id`:151645 for open-end generation.
{"cell": "qwen3vl8b_seed31_strict65__downsample_s075_p0_shuffled_3072", "latency_seconds": 0.617775802500546, "progress": "42/260", "status": "ok"}
Setting `pad_token_id` to `eos_token_id`:151645 for open-end generation.
{"cell": "qwen3vl8b_seed31_strict65__downsample_s075_p0_shuffled_3072", "latency_seconds": 0.6272661536931992, "progress": "43/260", "status": "ok"}
Setting `pad_token_id` to `eos_token_id`:151645 for open-end generation.
{"cell": "qwen3vl8b_seed31_strict65__downsample_s075_p0_shuffled_3072", "latency_seconds": 0.9313057903200388, "progress": "44/260", "status": "ok"}
Setting `pad_token_id` to `eos_token_id`:151645 for open-end generation.
{"cell": "qwen3vl8b_seed31_strict65__downsample_s075_p0_shuffled_3072", "latency_seconds": 0.6239182725548744, "progress": "45/260", "status": "ok"}
Setting `pad_token_id` to `eos_token_id`:151645 for open-end generation.
{"cell": "qwen3vl8b_seed31_strict65__downsample_s075_p0_shuffled_3072", "latency_seconds": 0.6200359128415585, "progress": "46/260", "status": "ok"}
Setting `pad_token_id` to `eos_token_id`:151645 for open-end generation.
{"cell": "qwen3vl8b_seed31_strict65__downsample_s075_p0_shuffled_3072", "latency_seconds": 0.6195248374715447, "progress": "47/260", "status": "ok"}
Setting `pad_token_id` to `eos_token_id`:151645 for open-end generation.
{"cell": "qwen3vl8b_seed31_strict65__downsample_s075_p0_shuffled_3072", "latency_seconds": 0.6198211805894971, "progress": "48/260", "status": "ok"}
Setting `pad_token_id` to `eos_token_id`:151645 for open-end generation.
{"cell": "qwen3vl8b_seed31_strict65__downsample_s075_p0_shuffled_3072", "latency_seconds": 0.6218836270272732, "progress": "49/260", "status": "ok"}
Setting `pad_token_id` to `eos_token_id`:151645 for open-end generation.
{"cell": "qwen3vl8b_seed31_strict65__downsample_s075_p0_shuffled_3072", "latency_seconds": 0.6187777956947684, "progress": "50/260", "status": "ok"}
Setting `pad_token_id` to `eos_token_id`:151645 for open-end generation.
{"cell": "qwen3vl8b_seed31_strict65__downsample_s075_p0_shuffled_3072", "latency_seconds": 0.620794516056776, "progress": "51/260", "status": "ok"}
Setting `pad_token_id` to `eos_token_id`:151645 for open-end generation.
{"cell": "qwen3vl8b_seed31_strict65__downsample_s075_p0_shuffled_3072", "latency_seconds": 0.6188454926013947, "progress": "52/260", "status": "ok"}
Setting `pad_token_id` to `eos_token_id`:151645 for open-end generation.
{"cell": "qwen3vl8b_seed31_strict65__downsample_s075_p0_shuffled_3072", "latency_seconds": 0.6181152407079935, "progress": "53/260", "status": "ok"}
Setting `pad_token_id` to `eos_token_id`:151645 for open-end generation.
{"cell": "qwen3vl8b_seed31_strict65__downsample_s075_p0_shuffled_3072", "latency_seconds": 0.618270986713469, "progress": "54/260", "status": "ok"}
Setting `pad_token_id` to `eos_token_id`:151645 for open-end generation.
{"cell": "qwen3vl8b_seed31_strict65__downsample_s075_p0_shuffled_3072", "latency_seconds": 0.6173278093338013, "progress": "55/260", "status": "ok"}
Setting `pad_token_id` to `eos_token_id`:151645 for open-end generation.
{"cell": "qwen3vl8b_seed31_strict65__downsample_s075_p0_shuffled_3072", "latency_seconds": 0.9125005099922419, "progress": "56/260", "status": "ok"}
Setting `pad_token_id` to `eos_token_id`:151645 for open-end generation.
{"cell": "qwen3vl8b_seed31_strict65__downsample_s075_p0_shuffled_3072", "latency_seconds": 0.6175341550260782, "progress": "57/260", "status": "ok"}
Setting `pad_token_id` to `eos_token_id`:151645 for open-end generation.
{"cell": "qwen3vl8b_seed31_strict65__downsample_s075_p0_shuffled_3072", "latency_seconds": 0.6436379430815578, "progress": "58/260", "status": "ok"}
Setting `pad_token_id` to `eos_token_id`:151645 for open-end generation.
{"cell": "qwen3vl8b_seed31_strict65__downsample_s075_p0_shuffled_3072", "latency_seconds": 0.6163743799552321, "progress": "59/260", "status": "ok"}
Setting `pad_token_id` to `eos_token_id`:151645 for open-end generation.
{"cell": "qwen3vl8b_seed31_strict65__downsample_s075_p0_shuffled_3072", "latency_seconds": 0.7469172365963459, "progress": "60/260", "status": "ok"}
Setting `pad_token_id` to `eos_token_id`:151645 for open-end generation.
{"cell": "qwen3vl8b_seed31_strict65__downsample_s075_p0_shuffled_3072", "latency_seconds": 0.6227937946096063, "progress": "61/260", "status": "ok"}
Setting `pad_token_id` to `eos_token_id`:151645 for open-end generation.
{"cell": "qwen3vl8b_seed31_strict65__downsample_s075_p0_shuffled_3072", "latency_seconds": 0.6206749547272921, "progress": "62/260", "status": "ok"}
Setting `pad_token_id` to `eos_token_id`:151645 for open-end generation.
{"cell": "qwen3vl8b_seed31_strict65__downsample_s075_p0_shuffled_3072", "latency_seconds": 0.6192291863262653, "progress": "63/260", "status": "ok"}
Setting `pad_token_id` to `eos_token_id`:151645 for open-end generation.
{"cell": "qwen3vl8b_seed31_strict65__downsample_s075_p0_shuffled_3072", "latency_seconds": 1.2440365627408028, "progress": "64/260", "status": "ok"}
Setting `pad_token_id` to `eos_token_id`:151645 for open-end generation.
{"cell": "qwen3vl8b_seed31_strict65__downsample_s075_p0_shuffled_3072", "latency_seconds": 0.6176249673590064, "progress": "65/260", "status": "ok"}
Setting `pad_token_id` to `eos_token_id`:151645 for open-end generation.
{"cell": "qwen3vl8b_seed31_strict65__downsample_s075_p0_shuffled_3072", "latency_seconds": 0.6201150398701429, "progress": "66/260", "status": "ok"}
Setting `pad_token_id` to `eos_token_id`:151645 for open-end generation.
{"cell": "qwen3vl8b_seed31_strict65__downsample_s075_p0_shuffled_3072", "latency_seconds": 0.6180233275517821, "progress": "67/260", "status": "ok"}
Setting `pad_token_id` to `eos_token_id`:151645 for open-end generation.
{"cell": "qwen3vl8b_seed31_strict65__downsample_s075_p0_shuffled_3072", "latency_seconds": 1.2091330094262958, "progress": "68/260", "status": "ok"}
Setting `pad_token_id` to `eos_token_id`:151645 for open-end generation.
{"cell": "qwen3vl8b_seed31_strict65__downsample_s075_p0_shuffled_3072", "latency_seconds": 0.618551904335618, "progress": "69/260", "status": "ok"}
Setting `pad_token_id` to `eos_token_id`:151645 for open-end generation.
{"cell": "qwen3vl8b_seed31_strict65__downsample_s075_p0_shuffled_3072", "latency_seconds": 0.6407805178314447, "progress": "70/260", "status": "ok"}
Setting `pad_token_id` to `eos_token_id`:151645 for open-end generation.
{"cell": "qwen3vl8b_seed31_strict65__downsample_s075_p0_shuffled_3072", "latency_seconds": 0.6167071675881743, "progress": "71/260", "status": "ok"}
Setting `pad_token_id` to `eos_token_id`:151645 for open-end generation.
{"cell": "qwen3vl8b_seed31_strict65__downsample_s075_p0_shuffled_3072", "latency_seconds": 2.8223686264827847, "progress": "72/260", "status": "ok"}
Setting `pad_token_id` to `eos_token_id`:151645 for open-end generation.
{"cell": "qwen3vl8b_seed31_strict65__downsample_s075_p0_shuffled_3072", "latency_seconds": 0.6194341564550996, "progress": "73/260", "status": "ok"}
Setting `pad_token_id` to `eos_token_id`:151645 for open-end generation.
{"cell": "qwen3vl8b_seed31_strict65__downsample_s075_p0_shuffled_3072", "latency_seconds": 0.6192028308287263, "progress": "74/260", "status": "ok"}
Setting `pad_token_id` to `eos_token_id`:151645 for open-end generation.
{"cell": "qwen3vl8b_seed31_strict65__downsample_s075_p0_shuffled_3072", "latency_seconds": 0.6217987621203065, "progress": "75/260", "status": "ok"}
Setting `pad_token_id` to `eos_token_id`:151645 for open-end generation.
{"cell": "qwen3vl8b_seed31_strict65__downsample_s075_p0_shuffled_3072", "latency_seconds": 1.4377516033127904, "progress": "76/260", "status": "ok"}
Setting `pad_token_id` to `eos_token_id`:151645 for open-end generation.
{"cell": "qwen3vl8b_seed31_strict65__downsample_s075_p0_shuffled_3072", "latency_seconds": 0.6189150726422668, "progress": "77/260", "status": "ok"}
Setting `pad_token_id` to `eos_token_id`:151645 for open-end generation.
{"cell": "qwen3vl8b_seed31_strict65__downsample_s075_p0_shuffled_3072", "latency_seconds": 0.6393675850704312, "progress": "78/260", "status": "ok"}
Setting `pad_token_id` to `eos_token_id`:151645 for open-end generation.
{"cell": "qwen3vl8b_seed31_strict65__downsample_s075_p0_shuffled_3072", "latency_seconds": 0.6204542126506567, "progress": "79/260", "status": "ok"}
Setting `pad_token_id` to `eos_token_id`:151645 for open-end generation.
{"cell": "qwen3vl8b_seed31_strict65__downsample_s075_p0_shuffled_3072", "latency_seconds": 0.7041268832981586, "progress": "80/260", "status": "ok"}
Setting `pad_token_id` to `eos_token_id`:151645 for open-end generation.
{"cell": "qwen3vl8b_seed31_strict65__downsample_s075_p0_shuffled_3072", "latency_seconds": 0.6176359765231609, "progress": "81/260", "status": "ok"}
Setting `pad_token_id` to `eos_token_id`:151645 for open-end generation.
{"cell": "qwen3vl8b_seed31_strict65__downsample_s075_p0_shuffled_3072", "latency_seconds": 0.6168252835050225, "progress": "82/260", "status": "ok"}
Setting `pad_token_id` to `eos_token_id`:151645 for open-end generation.
{"cell": "qwen3vl8b_seed31_strict65__downsample_s075_p0_shuffled_3072", "latency_seconds": 0.6186374062672257, "progress": "83/260", "status": "ok"}
Setting `pad_token_id` to `eos_token_id`:151645 for open-end generation.
{"cell": "qwen3vl8b_seed31_strict65__downsample_s075_p0_shuffled_3072", "latency_seconds": 0.9449472213163972, "progress": "84/260", "status": "ok"}
Setting `pad_token_id` to `eos_token_id`:151645 for open-end generation.
{"cell": "qwen3vl8b_seed31_strict65__downsample_s075_p0_shuffled_3072", "latency_seconds": 0.620962193235755, "progress": "85/260", "status": "ok"}
Setting `pad_token_id` to `eos_token_id`:151645 for open-end generation.
{"cell": "qwen3vl8b_seed31_strict65__downsample_s075_p0_shuffled_3072", "latency_seconds": 0.6158621422946453, "progress": "86/260", "status": "ok"}
Setting `pad_token_id` to `eos_token_id`:151645 for open-end generation.
{"cell": "qwen3vl8b_seed31_strict65__downsample_s075_p0_shuffled_3072", "latency_seconds": 0.6178032625466585, "progress": "87/260", "status": "ok"}
Setting `pad_token_id` to `eos_token_id`:151645 for open-end generation.
{"cell": "qwen3vl8b_seed31_strict65__downsample_s075_p0_shuffled_3072", "latency_seconds": 1.594697866588831, "progress": "88/260", "status": "ok"}
Setting `pad_token_id` to `eos_token_id`:151645 for open-end generation.
{"cell": "qwen3vl8b_seed31_strict65__downsample_s075_p0_shuffled_3072", "latency_seconds": 0.6208731271326542, "progress": "89/260", "status": "ok"}
Setting `pad_token_id` to `eos_token_id`:151645 for open-end generation.
{"cell": "qwen3vl8b_seed31_strict65__downsample_s075_p0_shuffled_3072", "latency_seconds": 0.943625851534307, "progress": "90/260", "status": "ok"}
Setting `pad_token_id` to `eos_token_id`:151645 for open-end generation.
{"cell": "qwen3vl8b_seed31_strict65__downsample_s075_p0_shuffled_3072", "latency_seconds": 0.6218906007707119, "progress": "91/260", "status": "ok"}
Setting `pad_token_id` to `eos_token_id`:151645 for open-end generation.
{"cell": "qwen3vl8b_seed31_strict65__downsample_s075_p0_shuffled_3072", "latency_seconds": 0.6215589055791497, "progress": "92/260", "status": "ok"}
Setting `pad_token_id` to `eos_token_id`:151645 for open-end generation.
{"cell": "qwen3vl8b_seed31_strict65__downsample_s075_p0_shuffled_3072", "latency_seconds": 0.6211502123624086, "progress": "93/260", "status": "ok"}
Setting `pad_token_id` to `eos_token_id`:151645 for open-end generation.
{"cell": "qwen3vl8b_seed31_strict65__downsample_s075_p0_shuffled_3072", "latency_seconds": 0.6183373872190714, "progress": "94/260", "status": "ok"}
Setting `pad_token_id` to `eos_token_id`:151645 for open-end generation.
{"cell": "qwen3vl8b_seed31_strict65__downsample_s075_p0_shuffled_3072", "latency_seconds": 0.6198749803006649, "progress": "95/260", "status": "ok"}
Setting `pad_token_id` to `eos_token_id`:151645 for open-end generation.
{"cell": "qwen3vl8b_seed31_strict65__downsample_s075_p0_shuffled_3072", "latency_seconds": 0.9193280162289739, "progress": "96/260", "status": "ok"}
Setting `pad_token_id` to `eos_token_id`:151645 for open-end generation.
{"cell": "qwen3vl8b_seed31_strict65__downsample_s075_p0_shuffled_3072", "latency_seconds": 0.6180659756064415, "progress": "97/260", "status": "ok"}
Setting `pad_token_id` to `eos_token_id`:151645 for open-end generation.
{"cell": "qwen3vl8b_seed31_strict65__downsample_s075_p0_shuffled_3072", "latency_seconds": 0.6190939350053668, "progress": "98/260", "status": "ok"}
Setting `pad_token_id` to `eos_token_id`:151645 for open-end generation.
{"cell": "qwen3vl8b_seed31_strict65__downsample_s075_p0_shuffled_3072", "latency_seconds": 0.6192991333082318, "progress": "99/260", "status": "ok"}
Setting `pad_token_id` to `eos_token_id`:151645 for open-end generation.
{"cell": "qwen3vl8b_seed31_strict65__downsample_s075_p0_shuffled_3072", "latency_seconds": 1.2335950396955013, "progress": "100/260", "status": "ok"}
Setting `pad_token_id` to `eos_token_id`:151645 for open-end generation.
{"cell": "qwen3vl8b_seed31_strict65__downsample_s075_p0_shuffled_3072", "latency_seconds": 0.6187661867588758, "progress": "101/260", "status": "ok"}
Setting `pad_token_id` to `eos_token_id`:151645 for open-end generation.
{"cell": "qwen3vl8b_seed31_strict65__downsample_s075_p0_shuffled_3072", "latency_seconds": 0.6191614428535104, "progress": "102/260", "status": "ok"}
Setting `pad_token_id` to `eos_token_id`:151645 for open-end generation.
{"cell": "qwen3vl8b_seed31_strict65__downsample_s075_p0_shuffled_3072", "latency_seconds": 0.6183478785678744, "progress": "103/260", "status": "ok"}
Setting `pad_token_id` to `eos_token_id`:151645 for open-end generation.
{"cell": "qwen3vl8b_seed31_strict65__downsample_s075_p0_shuffled_3072", "latency_seconds": 0.7458415199071169, "progress": "104/260", "status": "ok"}
Setting `pad_token_id` to `eos_token_id`:151645 for open-end generation.
{"cell": "qwen3vl8b_seed31_strict65__downsample_s075_p0_shuffled_3072", "latency_seconds": 0.6186763970181346, "progress": "105/260", "status": "ok"}
Setting `pad_token_id` to `eos_token_id`:151645 for open-end generation.
{"cell": "qwen3vl8b_seed31_strict65__downsample_s075_p0_shuffled_3072", "latency_seconds": 0.6197432614862919, "progress": "106/260", "status": "ok"}
Setting `pad_token_id` to `eos_token_id`:151645 for open-end generation.
{"cell": "qwen3vl8b_seed31_strict65__downsample_s075_p0_shuffled_3072", "latency_seconds": 0.6214593546465039, "progress": "107/260", "status": "ok"}
Setting `pad_token_id` to `eos_token_id`:151645 for open-end generation.
{"cell": "qwen3vl8b_seed31_strict65__downsample_s075_p0_shuffled_3072", "latency_seconds": 0.7464152732864022, "progress": "108/260", "status": "ok"}
Setting `pad_token_id` to `eos_token_id`:151645 for open-end generation.
{"cell": "qwen3vl8b_seed31_strict65__downsample_s075_p0_shuffled_3072", "latency_seconds": 0.6172605995088816, "progress": "109/260", "status": "ok"}
Setting `pad_token_id` to `eos_token_id`:151645 for open-end generation.
{"cell": "qwen3vl8b_seed31_strict65__downsample_s075_p0_shuffled_3072", "latency_seconds": 0.6188705191016197, "progress": "110/260", "status": "ok"}
Setting `pad_token_id` to `eos_token_id`:151645 for open-end generation.
{"cell": "qwen3vl8b_seed31_strict65__downsample_s075_p0_shuffled_3072", "latency_seconds": 0.6196805732324719, "progress": "111/260", "status": "ok"}
Setting `pad_token_id` to `eos_token_id`:151645 for open-end generation.
{"cell": "qwen3vl8b_seed31_strict65__downsample_s075_p0_shuffled_3072", "latency_seconds": 1.5968162612989545, "progress": "112/260", "status": "ok"}
Setting `pad_token_id` to `eos_token_id`:151645 for open-end generation.
{"cell": "qwen3vl8b_seed31_strict65__downsample_s075_p0_shuffled_3072", "latency_seconds": 0.6197069911286235, "progress": "113/260", "status": "ok"}
Setting `pad_token_id` to `eos_token_id`:151645 for open-end generation.
{"cell": "qwen3vl8b_seed31_strict65__downsample_s075_p0_shuffled_3072", "latency_seconds": 0.6193675650283694, "progress": "114/260", "status": "ok"}
Setting `pad_token_id` to `eos_token_id`:151645 for open-end generation.
{"cell": "qwen3vl8b_seed31_strict65__downsample_s075_p0_shuffled_3072", "latency_seconds": 0.617804829031229, "progress": "115/260", "status": "ok"}
Setting `pad_token_id` to `eos_token_id`:151645 for open-end generation.
{"cell": "qwen3vl8b_seed31_strict65__downsample_s075_p0_shuffled_3072", "latency_seconds": 0.6828414620831609, "progress": "116/260", "status": "ok"}
Setting `pad_token_id` to `eos_token_id`:151645 for open-end generation.
{"cell": "qwen3vl8b_seed31_strict65__downsample_s075_p0_shuffled_3072", "latency_seconds": 0.6252915412187576, "progress": "117/260", "status": "ok"}
Setting `pad_token_id` to `eos_token_id`:151645 for open-end generation.
{"cell": "qwen3vl8b_seed31_strict65__downsample_s075_p0_shuffled_3072", "latency_seconds": 0.6409611636772752, "progress": "118/260", "status": "ok"}
Setting `pad_token_id` to `eos_token_id`:151645 for open-end generation.
{"cell": "qwen3vl8b_seed31_strict65__downsample_s075_p0_shuffled_3072", "latency_seconds": 0.6202810052782297, "progress": "119/260", "status": "ok"}
Setting `pad_token_id` to `eos_token_id`:151645 for open-end generation.
{"cell": "qwen3vl8b_seed31_strict65__downsample_s075_p0_shuffled_3072", "latency_seconds": 11.39224387332797, "progress": "120/260", "status": "ok"}
Setting `pad_token_id` to `eos_token_id`:151645 for open-end generation.
{"cell": "qwen3vl8b_seed31_strict65__downsample_s075_p0_shuffled_3072", "latency_seconds": 0.6196620920673013, "progress": "121/260", "status": "ok"}
Setting `pad_token_id` to `eos_token_id`:151645 for open-end generation.
{"cell": "qwen3vl8b_seed31_strict65__downsample_s075_p0_shuffled_3072", "latency_seconds": 0.6195287862792611, "progress": "122/260", "status": "ok"}
Setting `pad_token_id` to `eos_token_id`:151645 for open-end generation.
{"cell": "qwen3vl8b_seed31_strict65__downsample_s075_p0_shuffled_3072", "latency_seconds": 0.6180574409663677, "progress": "123/260", "status": "ok"}
Setting `pad_token_id` to `eos_token_id`:151645 for open-end generation.
{"cell": "qwen3vl8b_seed31_strict65__downsample_s075_p0_shuffled_3072", "latency_seconds": 1.3617920223623514, "progress": "124/260", "status": "ok"}
Setting `pad_token_id` to `eos_token_id`:151645 for open-end generation.
{"cell": "qwen3vl8b_seed31_strict65__downsample_s075_p0_shuffled_3072", "latency_seconds": 0.616498451679945, "progress": "125/260", "status": "ok"}
Setting `pad_token_id` to `eos_token_id`:151645 for open-end generation.
{"cell": "qwen3vl8b_seed31_strict65__downsample_s075_p0_shuffled_3072", "latency_seconds": 0.6162375677376986, "progress": "126/260", "status": "ok"}
Setting `pad_token_id` to `eos_token_id`:151645 for open-end generation.
{"cell": "qwen3vl8b_seed31_strict65__downsample_s075_p0_shuffled_3072", "latency_seconds": 0.6183107448741794, "progress": "127/260", "status": "ok"}
Setting `pad_token_id` to `eos_token_id`:151645 for open-end generation.
{"cell": "qwen3vl8b_seed31_strict65__downsample_s075_p0_shuffled_3072", "latency_seconds": 1.0178953222930431, "progress": "128/260", "status": "ok"}
Setting `pad_token_id` to `eos_token_id`:151645 for open-end generation.
{"cell": "qwen3vl8b_seed31_strict65__downsample_s075_p0_shuffled_3072", "latency_seconds": 0.6179147837683558, "progress": "129/260", "status": "ok"}
Setting `pad_token_id` to `eos_token_id`:151645 for open-end generation.
{"cell": "qwen3vl8b_seed31_strict65__downsample_s075_p0_shuffled_3072", "latency_seconds": 0.618743659928441, "progress": "130/260", "status": "ok"}
Setting `pad_token_id` to `eos_token_id`:151645 for open-end generation.
{"cell": "qwen3vl8b_seed31_strict65__downsample_s075_p0_shuffled_3072", "latency_seconds": 0.6186925619840622, "progress": "131/260", "status": "ok"}
Setting `pad_token_id` to `eos_token_id`:151645 for open-end generation.
{"cell": "qwen3vl8b_seed31_strict65__downsample_s075_p0_shuffled_3072", "latency_seconds": 0.9134707245975733, "progress": "132/260", "status": "ok"}
Setting `pad_token_id` to `eos_token_id`:151645 for open-end generation.
{"cell": "qwen3vl8b_seed31_strict65__downsample_s075_p0_shuffled_3072", "latency_seconds": 0.6192153031006455, "progress": "133/260", "status": "ok"}
Setting `pad_token_id` to `eos_token_id`:151645 for open-end generation.
{"cell": "qwen3vl8b_seed31_strict65__downsample_s075_p0_shuffled_3072", "latency_seconds": 0.6351080536842346, "progress": "134/260", "status": "ok"}
Setting `pad_token_id` to `eos_token_id`:151645 for open-end generation.
{"cell": "qwen3vl8b_seed31_strict65__downsample_s075_p0_shuffled_3072", "latency_seconds": 0.6197240706533194, "progress": "135/260", "status": "ok"}
Setting `pad_token_id` to `eos_token_id`:151645 for open-end generation.
{"cell": "qwen3vl8b_seed31_strict65__downsample_s075_p0_shuffled_3072", "latency_seconds": 1.07757240626961, "progress": "136/260", "status": "ok"}
Setting `pad_token_id` to `eos_token_id`:151645 for open-end generation.
{"cell": "qwen3vl8b_seed31_strict65__downsample_s075_p0_shuffled_3072", "latency_seconds": 0.6215822892263532, "progress": "137/260", "status": "ok"}
Setting `pad_token_id` to `eos_token_id`:151645 for open-end generation.
{"cell": "qwen3vl8b_seed31_strict65__downsample_s075_p0_shuffled_3072", "latency_seconds": 0.6193232452496886, "progress": "138/260", "status": "ok"}
Setting `pad_token_id` to `eos_token_id`:151645 for open-end generation.
{"cell": "qwen3vl8b_seed31_strict65__downsample_s075_p0_shuffled_3072", "latency_seconds": 0.6203351439908147, "progress": "139/260", "status": "ok"}
Setting `pad_token_id` to `eos_token_id`:151645 for open-end generation.
{"cell": "qwen3vl8b_seed31_strict65__downsample_s075_p0_shuffled_3072", "latency_seconds": 0.7451515980064869, "progress": "140/260", "status": "ok"}
Setting `pad_token_id` to `eos_token_id`:151645 for open-end generation.
{"cell": "qwen3vl8b_seed31_strict65__downsample_s075_p0_shuffled_3072", "latency_seconds": 0.6199639812111855, "progress": "141/260", "status": "ok"}
Setting `pad_token_id` to `eos_token_id`:151645 for open-end generation.
{"cell": "qwen3vl8b_seed31_strict65__downsample_s075_p0_shuffled_3072", "latency_seconds": 0.6164334090426564, "progress": "142/260", "status": "ok"}
Setting `pad_token_id` to `eos_token_id`:151645 for open-end generation.
{"cell": "qwen3vl8b_seed31_strict65__downsample_s075_p0_shuffled_3072", "latency_seconds": 0.6278304401785135, "progress": "143/260", "status": "ok"}
Setting `pad_token_id` to `eos_token_id`:151645 for open-end generation.
{"cell": "qwen3vl8b_seed31_strict65__downsample_s075_p0_shuffled_3072", "latency_seconds": 1.013294080272317, "progress": "144/260", "status": "ok"}
Setting `pad_token_id` to `eos_token_id`:151645 for open-end generation.
{"cell": "qwen3vl8b_seed31_strict65__downsample_s075_p0_shuffled_3072", "latency_seconds": 0.6217672694474459, "progress": "145/260", "status": "ok"}
Setting `pad_token_id` to `eos_token_id`:151645 for open-end generation.
{"cell": "qwen3vl8b_seed31_strict65__downsample_s075_p0_shuffled_3072", "latency_seconds": 0.6413136553019285, "progress": "146/260", "status": "ok"}
Setting `pad_token_id` to `eos_token_id`:151645 for open-end generation.
{"cell": "qwen3vl8b_seed31_strict65__downsample_s075_p0_shuffled_3072", "latency_seconds": 0.6160312397405505, "progress": "147/260", "status": "ok"}
Setting `pad_token_id` to `eos_token_id`:151645 for open-end generation.
{"cell": "qwen3vl8b_seed31_strict65__downsample_s075_p0_shuffled_3072", "latency_seconds": 0.913411246612668, "progress": "148/260", "status": "ok"}
Setting `pad_token_id` to `eos_token_id`:151645 for open-end generation.
{"cell": "qwen3vl8b_seed31_strict65__downsample_s075_p0_shuffled_3072", "latency_seconds": 0.621684992685914, "progress": "149/260", "status": "ok"}
Setting `pad_token_id` to `eos_token_id`:151645 for open-end generation.
{"cell": "qwen3vl8b_seed31_strict65__downsample_s075_p0_shuffled_3072", "latency_seconds": 0.6180067770183086, "progress": "150/260", "status": "ok"}
Setting `pad_token_id` to `eos_token_id`:151645 for open-end generation.
{"cell": "qwen3vl8b_seed31_strict65__downsample_s075_p0_shuffled_3072", "latency_seconds": 0.6202424969524145, "progress": "151/260", "status": "ok"}
Setting `pad_token_id` to `eos_token_id`:151645 for open-end generation.
{"cell": "qwen3vl8b_seed31_strict65__downsample_s075_p0_shuffled_3072", "latency_seconds": 1.424603022634983, "progress": "152/260", "status": "ok"}
Setting `pad_token_id` to `eos_token_id`:151645 for open-end generation.
{"cell": "qwen3vl8b_seed31_strict65__downsample_s075_p0_shuffled_3072", "latency_seconds": 0.6190668949857354, "progress": "153/260", "status": "ok"}
Setting `pad_token_id` to `eos_token_id`:151645 for open-end generation.
{"cell": "qwen3vl8b_seed31_strict65__downsample_s075_p0_shuffled_3072", "latency_seconds": 0.61585015617311, "progress": "154/260", "status": "ok"}
Setting `pad_token_id` to `eos_token_id`:151645 for open-end generation.
{"cell": "qwen3vl8b_seed31_strict65__downsample_s075_p0_shuffled_3072", "latency_seconds": 0.6199797606095672, "progress": "155/260", "status": "ok"}
Setting `pad_token_id` to `eos_token_id`:151645 for open-end generation.
{"cell": "qwen3vl8b_seed31_strict65__downsample_s075_p0_shuffled_3072", "latency_seconds": 1.747992753982544, "progress": "156/260", "status": "ok"}
Setting `pad_token_id` to `eos_token_id`:151645 for open-end generation.
{"cell": "qwen3vl8b_seed31_strict65__downsample_s075_p0_shuffled_3072", "latency_seconds": 0.6192608261480927, "progress": "157/260", "status": "ok"}
Setting `pad_token_id` to `eos_token_id`:151645 for open-end generation.
{"cell": "qwen3vl8b_seed31_strict65__downsample_s075_p0_shuffled_3072", "latency_seconds": 0.6223714556545019, "progress": "158/260", "status": "ok"}
Setting `pad_token_id` to `eos_token_id`:151645 for open-end generation.
{"cell": "qwen3vl8b_seed31_strict65__downsample_s075_p0_shuffled_3072", "latency_seconds": 0.6174632655456662, "progress": "159/260", "status": "ok"}
Setting `pad_token_id` to `eos_token_id`:151645 for open-end generation.
{"cell": "qwen3vl8b_seed31_strict65__downsample_s075_p0_shuffled_3072", "latency_seconds": 1.2800109945237637, "progress": "160/260", "status": "ok"}
Setting `pad_token_id` to `eos_token_id`:151645 for open-end generation.
{"cell": "qwen3vl8b_seed31_strict65__downsample_s075_p0_shuffled_3072", "latency_seconds": 0.6191386952996254, "progress": "161/260", "status": "ok"}
Setting `pad_token_id` to `eos_token_id`:151645 for open-end generation.
{"cell": "qwen3vl8b_seed31_strict65__downsample_s075_p0_shuffled_3072", "latency_seconds": 0.6198232807219028, "progress": "162/260", "status": "ok"}
Setting `pad_token_id` to `eos_token_id`:151645 for open-end generation.
{"cell": "qwen3vl8b_seed31_strict65__downsample_s075_p0_shuffled_3072", "latency_seconds": 0.627089362591505, "progress": "163/260", "status": "ok"}
Setting `pad_token_id` to `eos_token_id`:151645 for open-end generation.
{"cell": "qwen3vl8b_seed31_strict65__downsample_s075_p0_shuffled_3072", "latency_seconds": 0.7043404579162598, "progress": "164/260", "status": "ok"}
Setting `pad_token_id` to `eos_token_id`:151645 for open-end generation.
{"cell": "qwen3vl8b_seed31_strict65__downsample_s075_p0_shuffled_3072", "latency_seconds": 0.6200550645589828, "progress": "165/260", "status": "ok"}
Setting `pad_token_id` to `eos_token_id`:151645 for open-end generation.
{"cell": "qwen3vl8b_seed31_strict65__downsample_s075_p0_shuffled_3072", "latency_seconds": 0.6161033036187291, "progress": "166/260", "status": "ok"}
Setting `pad_token_id` to `eos_token_id`:151645 for open-end generation.
{"cell": "qwen3vl8b_seed31_strict65__downsample_s075_p0_shuffled_3072", "latency_seconds": 0.6214640708640218, "progress": "167/260", "status": "ok"}
Setting `pad_token_id` to `eos_token_id`:151645 for open-end generation.
{"cell": "qwen3vl8b_seed31_strict65__downsample_s075_p0_shuffled_3072", "latency_seconds": 0.618918807245791, "progress": "168/260", "status": "ok"}
Setting `pad_token_id` to `eos_token_id`:151645 for open-end generation.
{"cell": "qwen3vl8b_seed31_strict65__downsample_s075_p0_shuffled_3072", "latency_seconds": 0.6192811792716384, "progress": "169/260", "status": "ok"}
Setting `pad_token_id` to `eos_token_id`:151645 for open-end generation.
{"cell": "qwen3vl8b_seed31_strict65__downsample_s075_p0_shuffled_3072", "latency_seconds": 0.6186739187687635, "progress": "170/260", "status": "ok"}
Setting `pad_token_id` to `eos_token_id`:151645 for open-end generation.
{"cell": "qwen3vl8b_seed31_strict65__downsample_s075_p0_shuffled_3072", "latency_seconds": 0.6309523861855268, "progress": "171/260", "status": "ok"}
Setting `pad_token_id` to `eos_token_id`:151645 for open-end generation.
{"cell": "qwen3vl8b_seed31_strict65__downsample_s075_p0_shuffled_3072", "latency_seconds": 1.2865254068747163, "progress": "172/260", "status": "ok"}
Setting `pad_token_id` to `eos_token_id`:151645 for open-end generation.
{"cell": "qwen3vl8b_seed31_strict65__downsample_s075_p0_shuffled_3072", "latency_seconds": 0.6177141731604934, "progress": "173/260", "status": "ok"}
Setting `pad_token_id` to `eos_token_id`:151645 for open-end generation.
{"cell": "qwen3vl8b_seed31_strict65__downsample_s075_p0_shuffled_3072", "latency_seconds": 0.6202560774981976, "progress": "174/260", "status": "ok"}
Setting `pad_token_id` to `eos_token_id`:151645 for open-end generation.
{"cell": "qwen3vl8b_seed31_strict65__downsample_s075_p0_shuffled_3072", "latency_seconds": 0.6174366967752576, "progress": "175/260", "status": "ok"}
Setting `pad_token_id` to `eos_token_id`:151645 for open-end generation.
{"cell": "qwen3vl8b_seed31_strict65__downsample_s075_p0_shuffled_3072", "latency_seconds": 1.0832240618765354, "progress": "176/260", "status": "ok"}
Setting `pad_token_id` to `eos_token_id`:151645 for open-end generation.
{"cell": "qwen3vl8b_seed31_strict65__downsample_s075_p0_shuffled_3072", "latency_seconds": 0.6184211857616901, "progress": "177/260", "status": "ok"}
Setting `pad_token_id` to `eos_token_id`:151645 for open-end generation.
{"cell": "qwen3vl8b_seed31_strict65__downsample_s075_p0_shuffled_3072", "latency_seconds": 0.6391110345721245, "progress": "178/260", "status": "ok"}
Setting `pad_token_id` to `eos_token_id`:151645 for open-end generation.
{"cell": "qwen3vl8b_seed31_strict65__downsample_s075_p0_shuffled_3072", "latency_seconds": 0.6193272015079856, "progress": "179/260", "status": "ok"}
Setting `pad_token_id` to `eos_token_id`:151645 for open-end generation.
{"cell": "qwen3vl8b_seed31_strict65__downsample_s075_p0_shuffled_3072", "latency_seconds": 0.7462183283641934, "progress": "180/260", "status": "ok"}
Setting `pad_token_id` to `eos_token_id`:151645 for open-end generation.
{"cell": "qwen3vl8b_seed31_strict65__downsample_s075_p0_shuffled_3072", "latency_seconds": 0.6195043427869678, "progress": "181/260", "status": "ok"}
Setting `pad_token_id` to `eos_token_id`:151645 for open-end generation.
{"cell": "qwen3vl8b_seed31_strict65__downsample_s075_p0_shuffled_3072", "latency_seconds": 0.641759923659265, "progress": "182/260", "status": "ok"}
Setting `pad_token_id` to `eos_token_id`:151645 for open-end generation.
{"cell": "qwen3vl8b_seed31_strict65__downsample_s075_p0_shuffled_3072", "latency_seconds": 0.6207625837996602, "progress": "183/260", "status": "ok"}
Setting `pad_token_id` to `eos_token_id`:151645 for open-end generation.
{"cell": "qwen3vl8b_seed31_strict65__downsample_s075_p0_shuffled_3072", "latency_seconds": 1.0871023228392005, "progress": "184/260", "status": "ok"}
Setting `pad_token_id` to `eos_token_id`:151645 for open-end generation.
{"cell": "qwen3vl8b_seed31_strict65__downsample_s075_p0_shuffled_3072", "latency_seconds": 0.6319318525493145, "progress": "185/260", "status": "ok"}
Setting `pad_token_id` to `eos_token_id`:151645 for open-end generation.
{"cell": "qwen3vl8b_seed31_strict65__downsample_s075_p0_shuffled_3072", "latency_seconds": 0.6394886113703251, "progress": "186/260", "status": "ok"}
Setting `pad_token_id` to `eos_token_id`:151645 for open-end generation.
{"cell": "qwen3vl8b_seed31_strict65__downsample_s075_p0_shuffled_3072", "latency_seconds": 0.6204715659841895, "progress": "187/260", "status": "ok"}
Setting `pad_token_id` to `eos_token_id`:151645 for open-end generation.
{"cell": "qwen3vl8b_seed31_strict65__downsample_s075_p0_shuffled_3072", "latency_seconds": 1.2134548453614116, "progress": "188/260", "status": "ok"}
Setting `pad_token_id` to `eos_token_id`:151645 for open-end generation.
{"cell": "qwen3vl8b_seed31_strict65__downsample_s075_p0_shuffled_3072", "latency_seconds": 0.6165178511291742, "progress": "189/260", "status": "ok"}
Setting `pad_token_id` to `eos_token_id`:151645 for open-end generation.
{"cell": "qwen3vl8b_seed31_strict65__downsample_s075_p0_shuffled_3072", "latency_seconds": 0.6214557029306889, "progress": "190/260", "status": "ok"}
Setting `pad_token_id` to `eos_token_id`:151645 for open-end generation.
{"cell": "qwen3vl8b_seed31_strict65__downsample_s075_p0_shuffled_3072", "latency_seconds": 0.6221842616796494, "progress": "191/260", "status": "ok"}
Setting `pad_token_id` to `eos_token_id`:151645 for open-end generation.
{"cell": "qwen3vl8b_seed31_strict65__downsample_s075_p0_shuffled_3072", "latency_seconds": 1.8321418333798647, "progress": "192/260", "status": "ok"}
Setting `pad_token_id` to `eos_token_id`:151645 for open-end generation.
{"cell": "qwen3vl8b_seed31_strict65__downsample_s075_p0_shuffled_3072", "latency_seconds": 0.6205955315381289, "progress": "193/260", "status": "ok"}
Setting `pad_token_id` to `eos_token_id`:151645 for open-end generation.
{"cell": "qwen3vl8b_seed31_strict65__downsample_s075_p0_shuffled_3072", "latency_seconds": 0.6212091045454144, "progress": "194/260", "status": "ok"}
Setting `pad_token_id` to `eos_token_id`:151645 for open-end generation.
{"cell": "qwen3vl8b_seed31_strict65__downsample_s075_p0_shuffled_3072", "latency_seconds": 0.6209061304107308, "progress": "195/260", "status": "ok"}
Setting `pad_token_id` to `eos_token_id`:151645 for open-end generation.
{"cell": "qwen3vl8b_seed31_strict65__downsample_s075_p0_shuffled_3072", "latency_seconds": 0.748424831777811, "progress": "196/260", "status": "ok"}
Setting `pad_token_id` to `eos_token_id`:151645 for open-end generation.
{"cell": "qwen3vl8b_seed31_strict65__downsample_s075_p0_shuffled_3072", "latency_seconds": 0.618038491345942, "progress": "197/260", "status": "ok"}
Setting `pad_token_id` to `eos_token_id`:151645 for open-end generation.
{"cell": "qwen3vl8b_seed31_strict65__downsample_s075_p0_shuffled_3072", "latency_seconds": 0.6178826270624995, "progress": "198/260", "status": "ok"}
Setting `pad_token_id` to `eos_token_id`:151645 for open-end generation.
{"cell": "qwen3vl8b_seed31_strict65__downsample_s075_p0_shuffled_3072", "latency_seconds": 0.6194601384922862, "progress": "199/260", "status": "ok"}
Setting `pad_token_id` to `eos_token_id`:151645 for open-end generation.
{"cell": "qwen3vl8b_seed31_strict65__downsample_s075_p0_shuffled_3072", "latency_seconds": 0.621101064607501, "progress": "200/260", "status": "ok"}
Setting `pad_token_id` to `eos_token_id`:151645 for open-end generation.
{"cell": "qwen3vl8b_seed31_strict65__downsample_s075_p0_shuffled_3072", "latency_seconds": 0.6192296473309398, "progress": "201/260", "status": "ok"}
Setting `pad_token_id` to `eos_token_id`:151645 for open-end generation.
{"cell": "qwen3vl8b_seed31_strict65__downsample_s075_p0_shuffled_3072", "latency_seconds": 0.6193357640877366, "progress": "202/260", "status": "ok"}
Setting `pad_token_id` to `eos_token_id`:151645 for open-end generation.
{"cell": "qwen3vl8b_seed31_strict65__downsample_s075_p0_shuffled_3072", "latency_seconds": 0.6182692646980286, "progress": "203/260", "status": "ok"}
Setting `pad_token_id` to `eos_token_id`:151645 for open-end generation.
{"cell": "qwen3vl8b_seed31_strict65__downsample_s075_p0_shuffled_3072", "latency_seconds": 1.5939319301396608, "progress": "204/260", "status": "ok"}
Setting `pad_token_id` to `eos_token_id`:151645 for open-end generation.
{"cell": "qwen3vl8b_seed31_strict65__downsample_s075_p0_shuffled_3072", "latency_seconds": 0.6155662965029478, "progress": "205/260", "status": "ok"}
Setting `pad_token_id` to `eos_token_id`:151645 for open-end generation.
{"cell": "qwen3vl8b_seed31_strict65__downsample_s075_p0_shuffled_3072", "latency_seconds": 0.6203603446483612, "progress": "206/260", "status": "ok"}
Setting `pad_token_id` to `eos_token_id`:151645 for open-end generation.
{"cell": "qwen3vl8b_seed31_strict65__downsample_s075_p0_shuffled_3072", "latency_seconds": 0.6172769535332918, "progress": "207/260", "status": "ok"}
Setting `pad_token_id` to `eos_token_id`:151645 for open-end generation.
{"cell": "qwen3vl8b_seed31_strict65__downsample_s075_p0_shuffled_3072", "latency_seconds": 0.7238605879247189, "progress": "208/260", "status": "ok"}
Setting `pad_token_id` to `eos_token_id`:151645 for open-end generation.
{"cell": "qwen3vl8b_seed31_strict65__downsample_s075_p0_shuffled_3072", "latency_seconds": 0.6227490836754441, "progress": "209/260", "status": "ok"}
Setting `pad_token_id` to `eos_token_id`:151645 for open-end generation.
{"cell": "qwen3vl8b_seed31_strict65__downsample_s075_p0_shuffled_3072", "latency_seconds": 0.620049717836082, "progress": "210/260", "status": "ok"}
Setting `pad_token_id` to `eos_token_id`:151645 for open-end generation.
{"cell": "qwen3vl8b_seed31_strict65__downsample_s075_p0_shuffled_3072", "latency_seconds": 0.6198257589712739, "progress": "211/260", "status": "ok"}
Setting `pad_token_id` to `eos_token_id`:151645 for open-end generation.
{"cell": "qwen3vl8b_seed31_strict65__downsample_s075_p0_shuffled_3072", "latency_seconds": 0.7456633113324642, "progress": "212/260", "status": "ok"}
Setting `pad_token_id` to `eos_token_id`:151645 for open-end generation.
{"cell": "qwen3vl8b_seed31_strict65__downsample_s075_p0_shuffled_3072", "latency_seconds": 0.6198282688856125, "progress": "213/260", "status": "ok"}
Setting `pad_token_id` to `eos_token_id`:151645 for open-end generation.
{"cell": "qwen3vl8b_seed31_strict65__downsample_s075_p0_shuffled_3072", "latency_seconds": 0.6188392965123057, "progress": "214/260", "status": "ok"}
Setting `pad_token_id` to `eos_token_id`:151645 for open-end generation.
{"cell": "qwen3vl8b_seed31_strict65__downsample_s075_p0_shuffled_3072", "latency_seconds": 0.6193427741527557, "progress": "215/260", "status": "ok"}
Setting `pad_token_id` to `eos_token_id`:151645 for open-end generation.
{"cell": "qwen3vl8b_seed31_strict65__downsample_s075_p0_shuffled_3072", "latency_seconds": 0.619891507551074, "progress": "216/260", "status": "ok"}
Setting `pad_token_id` to `eos_token_id`:151645 for open-end generation.
{"cell": "qwen3vl8b_seed31_strict65__downsample_s075_p0_shuffled_3072", "latency_seconds": 0.6173516977578402, "progress": "217/260", "status": "ok"}
Setting `pad_token_id` to `eos_token_id`:151645 for open-end generation.
{"cell": "qwen3vl8b_seed31_strict65__downsample_s075_p0_shuffled_3072", "latency_seconds": 0.6197462324053049, "progress": "218/260", "status": "ok"}
Setting `pad_token_id` to `eos_token_id`:151645 for open-end generation.
{"cell": "qwen3vl8b_seed31_strict65__downsample_s075_p0_shuffled_3072", "latency_seconds": 0.6197881614789367, "progress": "219/260", "status": "ok"}
Setting `pad_token_id` to `eos_token_id`:151645 for open-end generation.
{"cell": "qwen3vl8b_seed31_strict65__downsample_s075_p0_shuffled_3072", "latency_seconds": 0.7263437127694488, "progress": "220/260", "status": "ok"}
Setting `pad_token_id` to `eos_token_id`:151645 for open-end generation.
{"cell": "qwen3vl8b_seed31_strict65__downsample_s075_p0_shuffled_3072", "latency_seconds": 0.6179415285587311, "progress": "221/260", "status": "ok"}
Setting `pad_token_id` to `eos_token_id`:151645 for open-end generation.
{"cell": "qwen3vl8b_seed31_strict65__downsample_s075_p0_shuffled_3072", "latency_seconds": 0.6182792307808995, "progress": "222/260", "status": "ok"}
Setting `pad_token_id` to `eos_token_id`:151645 for open-end generation.
{"cell": "qwen3vl8b_seed31_strict65__downsample_s075_p0_shuffled_3072", "latency_seconds": 0.6160644218325615, "progress": "223/260", "status": "ok"}
Setting `pad_token_id` to `eos_token_id`:151645 for open-end generation.
{"cell": "qwen3vl8b_seed31_strict65__downsample_s075_p0_shuffled_3072", "latency_seconds": 0.7462627114728093, "progress": "224/260", "status": "ok"}
Setting `pad_token_id` to `eos_token_id`:151645 for open-end generation.
{"cell": "qwen3vl8b_seed31_strict65__downsample_s075_p0_shuffled_3072", "latency_seconds": 0.6161127705127001, "progress": "225/260", "status": "ok"}
Setting `pad_token_id` to `eos_token_id`:151645 for open-end generation.
{"cell": "qwen3vl8b_seed31_strict65__downsample_s075_p0_shuffled_3072", "latency_seconds": 0.6203775992617011, "progress": "226/260", "status": "ok"}
Setting `pad_token_id` to `eos_token_id`:151645 for open-end generation.
{"cell": "qwen3vl8b_seed31_strict65__downsample_s075_p0_shuffled_3072", "latency_seconds": 0.6214197846129537, "progress": "227/260", "status": "ok"}
Setting `pad_token_id` to `eos_token_id`:151645 for open-end generation.
{"cell": "qwen3vl8b_seed31_strict65__downsample_s075_p0_shuffled_3072", "latency_seconds": 0.6804065844044089, "progress": "228/260", "status": "ok"}
Setting `pad_token_id` to `eos_token_id`:151645 for open-end generation.
{"cell": "qwen3vl8b_seed31_strict65__downsample_s075_p0_shuffled_3072", "latency_seconds": 0.6151875713840127, "progress": "229/260", "status": "ok"}
Setting `pad_token_id` to `eos_token_id`:151645 for open-end generation.
{"cell": "qwen3vl8b_seed31_strict65__downsample_s075_p0_shuffled_3072", "latency_seconds": 0.6166120544075966, "progress": "230/260", "status": "ok"}
Setting `pad_token_id` to `eos_token_id`:151645 for open-end generation.
{"cell": "qwen3vl8b_seed31_strict65__downsample_s075_p0_shuffled_3072", "latency_seconds": 0.6195899043232203, "progress": "231/260", "status": "ok"}
Setting `pad_token_id` to `eos_token_id`:151645 for open-end generation.
{"cell": "qwen3vl8b_seed31_strict65__downsample_s075_p0_shuffled_3072", "latency_seconds": 0.7458101399242878, "progress": "232/260", "status": "ok"}
Setting `pad_token_id` to `eos_token_id`:151645 for open-end generation.
{"cell": "qwen3vl8b_seed31_strict65__downsample_s075_p0_shuffled_3072", "latency_seconds": 0.6186521900817752, "progress": "233/260", "status": "ok"}
Setting `pad_token_id` to `eos_token_id`:151645 for open-end generation.
{"cell": "qwen3vl8b_seed31_strict65__downsample_s075_p0_shuffled_3072", "latency_seconds": 0.6197382630780339, "progress": "234/260", "status": "ok"}
Setting `pad_token_id` to `eos_token_id`:151645 for open-end generation.
{"cell": "qwen3vl8b_seed31_strict65__downsample_s075_p0_shuffled_3072", "latency_seconds": 0.6171252280473709, "progress": "235/260", "status": "ok"}
Setting `pad_token_id` to `eos_token_id`:151645 for open-end generation.
{"cell": "qwen3vl8b_seed31_strict65__downsample_s075_p0_shuffled_3072", "latency_seconds": 1.0861738519743085, "progress": "236/260", "status": "ok"}
Setting `pad_token_id` to `eos_token_id`:151645 for open-end generation.
{"cell": "qwen3vl8b_seed31_strict65__downsample_s075_p0_shuffled_3072", "latency_seconds": 0.6210774136707187, "progress": "237/260", "status": "ok"}
Setting `pad_token_id` to `eos_token_id`:151645 for open-end generation.
{"cell": "qwen3vl8b_seed31_strict65__downsample_s075_p0_shuffled_3072", "latency_seconds": 0.6188662797212601, "progress": "238/260", "status": "ok"}
Setting `pad_token_id` to `eos_token_id`:151645 for open-end generation.
{"cell": "qwen3vl8b_seed31_strict65__downsample_s075_p0_shuffled_3072", "latency_seconds": 0.6186303719878197, "progress": "239/260", "status": "ok"}
Setting `pad_token_id` to `eos_token_id`:151645 for open-end generation.
{"cell": "qwen3vl8b_seed31_strict65__downsample_s075_p0_shuffled_3072", "latency_seconds": 0.7423948450013995, "progress": "240/260", "status": "ok"}
Setting `pad_token_id` to `eos_token_id`:151645 for open-end generation.
{"cell": "qwen3vl8b_seed31_strict65__downsample_s075_p0_shuffled_3072", "latency_seconds": 0.6272415434941649, "progress": "241/260", "status": "ok"}
Setting `pad_token_id` to `eos_token_id`:151645 for open-end generation.
{"cell": "qwen3vl8b_seed31_strict65__downsample_s075_p0_shuffled_3072", "latency_seconds": 0.6514639323577285, "progress": "242/260", "status": "ok"}
Setting `pad_token_id` to `eos_token_id`:151645 for open-end generation.
{"cell": "qwen3vl8b_seed31_strict65__downsample_s075_p0_shuffled_3072", "latency_seconds": 0.6197375124320388, "progress": "243/260", "status": "ok"}
Setting `pad_token_id` to `eos_token_id`:151645 for open-end generation.
{"cell": "qwen3vl8b_seed31_strict65__downsample_s075_p0_shuffled_3072", "latency_seconds": 0.789195854216814, "progress": "244/260", "status": "ok"}
Setting `pad_token_id` to `eos_token_id`:151645 for open-end generation.
{"cell": "qwen3vl8b_seed31_strict65__downsample_s075_p0_shuffled_3072", "latency_seconds": 0.6173749510198832, "progress": "245/260", "status": "ok"}
Setting `pad_token_id` to `eos_token_id`:151645 for open-end generation.
{"cell": "qwen3vl8b_seed31_strict65__downsample_s075_p0_shuffled_3072", "latency_seconds": 0.6227208450436592, "progress": "246/260", "status": "ok"}
Setting `pad_token_id` to `eos_token_id`:151645 for open-end generation.
{"cell": "qwen3vl8b_seed31_strict65__downsample_s075_p0_shuffled_3072", "latency_seconds": 0.6193003645166755, "progress": "247/260", "status": "ok"}
Setting `pad_token_id` to `eos_token_id`:151645 for open-end generation.
{"cell": "qwen3vl8b_seed31_strict65__downsample_s075_p0_shuffled_3072", "latency_seconds": 1.2539244992658496, "progress": "248/260", "status": "ok"}
Setting `pad_token_id` to `eos_token_id`:151645 for open-end generation.
{"cell": "qwen3vl8b_seed31_strict65__downsample_s075_p0_shuffled_3072", "latency_seconds": 0.6181662566959858, "progress": "249/260", "status": "ok"}
Setting `pad_token_id` to `eos_token_id`:151645 for open-end generation.
{"cell": "qwen3vl8b_seed31_strict65__downsample_s075_p0_shuffled_3072", "latency_seconds": 0.6194054270163178, "progress": "250/260", "status": "ok"}
Setting `pad_token_id` to `eos_token_id`:151645 for open-end generation.
{"cell": "qwen3vl8b_seed31_strict65__downsample_s075_p0_shuffled_3072", "latency_seconds": 0.6170660862699151, "progress": "251/260", "status": "ok"}
Setting `pad_token_id` to `eos_token_id`:151645 for open-end generation.
{"cell": "qwen3vl8b_seed31_strict65__downsample_s075_p0_shuffled_3072", "latency_seconds": 1.0858104871585965, "progress": "252/260", "status": "ok"}
Setting `pad_token_id` to `eos_token_id`:151645 for open-end generation.
{"cell": "qwen3vl8b_seed31_strict65__downsample_s075_p0_shuffled_3072", "latency_seconds": 0.620736500248313, "progress": "253/260", "status": "ok"}
Setting `pad_token_id` to `eos_token_id`:151645 for open-end generation.
{"cell": "qwen3vl8b_seed31_strict65__downsample_s075_p0_shuffled_3072", "latency_seconds": 0.6211482556536794, "progress": "254/260", "status": "ok"}
Setting `pad_token_id` to `eos_token_id`:151645 for open-end generation.
{"cell": "qwen3vl8b_seed31_strict65__downsample_s075_p0_shuffled_3072", "latency_seconds": 0.6208074912428856, "progress": "255/260", "status": "ok"}
Setting `pad_token_id` to `eos_token_id`:151645 for open-end generation.
{"cell": "qwen3vl8b_seed31_strict65__downsample_s075_p0_shuffled_3072", "latency_seconds": 0.7495999298989773, "progress": "256/260", "status": "ok"}
Setting `pad_token_id` to `eos_token_id`:151645 for open-end generation.
{"cell": "qwen3vl8b_seed31_strict65__downsample_s075_p0_shuffled_3072", "latency_seconds": 0.618587582372129, "progress": "257/260", "status": "ok"}
Setting `pad_token_id` to `eos_token_id`:151645 for open-end generation.
{"cell": "qwen3vl8b_seed31_strict65__downsample_s075_p0_shuffled_3072", "latency_seconds": 0.6168765025213361, "progress": "258/260", "status": "ok"}
Setting `pad_token_id` to `eos_token_id`:151645 for open-end generation.
{"cell": "qwen3vl8b_seed31_strict65__downsample_s075_p0_shuffled_3072", "latency_seconds": 0.6201639221981168, "progress": "259/260", "status": "ok"}
Setting `pad_token_id` to `eos_token_id`:151645 for open-end generation.
{"cell": "qwen3vl8b_seed31_strict65__downsample_s075_p0_shuffled_3072", "latency_seconds": 0.7037202855572104, "progress": "260/260", "status": "ok"}
{"status": "pass", "summary": "/kwkj-k8s/hera_pid_reliability_backups/active_v8_20260812/outputs/qwen3vl8b_quality/run_summary.json"}
