candidate_count,dataset,error_pattern,exact,f1,false_candidate_count,fn,fp,instance_id,method,missed_tag_count,precision,prediction_tags,recall,recovered_tag_count,source_id,tp,truth_count,truth_tags
2,set_b,false_candidates_without_recovery,0,0.0,2,3,2,pidqa-016b963d9bc57879,qwen,3,0.0,sdl-197;sdl-732,0.0,0,pidqa-sheet-361,0,3,sdl 197;sdl 389;sdl 732
1,set_b,partial_recovery_no_false_candidate,0,0.6666666666666666,0,1,0,pidqa-02b1077698718c87,qwen,1,1.0,av-71716,0.5,1,pidqa-sheet-181,1,2,av-53306;av-71716
6,set_b,partial_recovery_no_false_candidate,0,0.8571428571428571,0,2,0,pidqa-05367f98fc2978c5,qwen,2,1.0,cs-34;cs-50;cs-55;cs-80;cs-81;cs-86,0.75,6,pidqa-sheet-122,6,8,cs-01;cs-34;cs-50;cs-55;cs-80;cs-81;cs-83;cs-86
1,set_b,exact_set,1,1.0,0,0,0,pidqa-07d2d7d2ed61317a,qwen,0,1.0,op-14149,1.0,1,pidqa-sheet-350,1,1,op-14149
1,set_b,partial_recovery_no_false_candidate,0,0.25,0,6,0,pidqa-09a47d8256ca9af4,qwen,6,1.0,op-22494,0.14285714285714285,1,pidqa-sheet-378,1,7,op-22494;op-40540;op-42508;op-53551;op-54531;op-67900;op-83219
3,set_b,partial_recovery_no_false_candidate,0,0.5454545454545454,0,5,0,pidqa-09d5966f710213eb,qwen,5,1.0,gh-33873;gh-40059;gh-97223,0.375,3,pidqa-sheet-148,3,8,gh-33873;gh-40059;gh-41949;gh-48478;gh-49695;gh-77306;gh-85039;gh-97223
1,set_b,false_candidates_without_recovery,0,0.0,1,6,1,pidqa-0af6234429690fb1,qwen,6,0.0,ddl-329,0.0,0,pidqa-sheet-209,0,6,ddl 187;ddl 254;ddl 329;ddl 637;ddl 904;ddl 967
4,set_b,partial_recovery_no_false_candidate,0,0.8888888888888888,0,1,0,pidqa-0c327050b1b6428b,qwen,1,1.0,ddl 443;ddl 605;ddl 859;ddl 916,0.8,4,pidqa-sheet-360,4,5,ddl 443;ddl 605;ddl 847;ddl 859;ddl 916
3,set_b,false_candidates_without_recovery,0,0.0,3,3,3,pidqa-0df73136608ca96a,qwen,3,0.0,ins-19°c;ins-25°c;ins-51°c,0.0,0,pidqa-sheet-439,0,3,ins ( -19°c );ins ( -51°c );ins ( 25°c )
6,set_b,partial_recovery_with_false_candidates,0,0.36363636363636365,4,3,4,pidqa-0e1e010e50dbb0a5,qwen,3,0.3333333333333333,op-08866;op-34891;op-48831;op-52394;op-53869;op-88639,0.4,2,pidqa-sheet-070,2,5,op-04473;op-24050;op-36931;op-52394;op-53869
1,set_b,partial_recovery_no_false_candidate,0,0.4,0,3,0,pidqa-13b8dc3f25e25bb5,qwen,3,1.0,gh-58647,0.25,1,pidqa-sheet-072,1,4,gh-02943;gh-37776;gh-57979;gh-58647
5,set_b,partial_recovery_with_false_candidates,0,0.5454545454545454,2,3,2,pidqa-13db22813d5a5dd7,qwen,3,0.6,cd-30656;cd-49269;cd-58389;cd-86324;cd-95745,0.5,3,pidqa-sheet-482,3,6,cd-30656;cd-49269;cd-58589;cd-66301;cd-86324;cd-92980
1,set_b,exact_set,1,1.0,0,0,0,pidqa-1c3a03e1501a5d2f,qwen,0,1.0,erv-3-12,1.0,1,pidqa-sheet-256,1,1,erv-3-12
2,set_b,partial_recovery_no_false_candidate,0,0.6666666666666666,0,2,0,pidqa-1f3f881abf809ee1,qwen,2,1.0,ab-25264;ab-25691,0.5,2,pidqa-sheet-392,2,4,ab-25264;ab-25691;ab-30864;ab-65995
1,set_b,exact_set,1,1.0,0,0,0,pidqa-201aff7da5782292,qwen,0,1.0,cv-94282,1.0,1,pidqa-sheet-448,1,1,cv-94282
4,set_b,partial_recovery_with_false_candidates,0,0.6666666666666666,1,2,1,pidqa-2199662f817e5a8d,qwen,2,0.75,uv-49567;uv-69206;uv-75579;uv-78264,0.6,3,pidqa-sheet-100,3,5,uv-26488;uv-49567;uv-69206;uv-75579;uv-97976
1,set_b,false_candidates_without_recovery,0,0.0,1,0,1,pidqa-2479dc9dd92deb72,qwen,0,0.0,none,0.0,0,pidqa-sheet-089,0,0,
2,set_b,partial_recovery_no_false_candidate,0,0.8,0,1,0,pidqa-259eb80e4408df30,qwen,1,1.0,dv-04965;dv-41907,0.6666666666666666,2,pidqa-sheet-162,2,3,dv-04965;dv-37643;dv-41907
4,set_b,false_candidates_without_recovery,0,0.0,4,4,4,pidqa-26b17721d40df362,qwen,4,0.0,zlo-395;zlo-497;zlo-607;zlo-743,0.0,0,pidqa-sheet-242,0,4,zlo 395;zlo 497;zlo 607;zlo 743
3,set_b,partial_recovery_with_false_candidates,0,0.6666666666666666,1,1,1,pidqa-27921cfa2f04484d,qwen,1,0.6666666666666666,cv-0-70;cv-59107;cv-90923,0.6666666666666666,2,pidqa-sheet-405,2,3,cv-53997;cv-59107;cv-90923
6,set_b,partial_recovery_with_false_candidates,0,0.6666666666666666,2,2,2,pidqa-2a3e7d16a4b6dc5e,qwen,2,0.6666666666666666,dv-10172;dv-10406;dv-51772;dv-60502;dv-60506;dv-88858,0.6666666666666666,4,pidqa-sheet-029,4,6,dv-10172;dv-10406;dv-51752;dv-60502;dv-64954;dv-88858
1,set_b,false_candidates_without_recovery,0,0.0,1,0,1,pidqa-3326cad2a81c63e7,qwen,0,0.0,none,0.0,0,pidqa-sheet-444,0,0,
4,set_b,partial_recovery_with_false_candidates,0,0.75,1,1,1,pidqa-36e9b51bd2b49d64,qwen,1,0.75,ro-10 304;ro-10 514;ro-10 778;ro-10 790,0.75,3,pidqa-sheet-155,3,4,ro-10 304;ro-10 514;ro-10 778;ro-10 985
2,set_b,exact_set,1,1.0,0,0,0,pidqa-3812b214e1818b14,qwen,0,1.0,av-04652;av-77491,1.0,2,pidqa-sheet-169,2,2,av-04652;av-77491
1,set_b,partial_recovery_no_false_candidate,0,0.6666666666666666,0,1,0,pidqa-38c3da059c3062e9,qwen,1,1.0,kl-75775,0.5,1,pidqa-sheet-013,1,2,kl-08580;kl-75775
5,set_b,complete_recovery_with_false_candidates,0,0.8888888888888888,1,0,1,pidqa-3b6e2a71c1e96cca,qwen,0,0.8,av-26029;av-45890;av-71332;av-91942;av-97339,1.0,4,pidqa-sheet-212,4,4,av-26029;av-45890;av-71332;av-97339
1,set_b,partial_recovery_no_false_candidate,0,0.2,0,8,0,pidqa-3cba7a7dbf5dd60c,qwen,8,1.0,wx-86682,0.1111111111111111,1,pidqa-sheet-158,1,9,wx-10191;wx-11206;wx-16248;wx-30831;wx-31549;wx-73557;wx-86553;wx-86682;wx-97331
5,set_b,partial_recovery_with_false_candidates,0,0.6666666666666666,1,3,1,pidqa-3d67f14265bb2220,qwen,3,0.8,ij-02301;ij-04875;ij-38979;ij-51230;ij-88533,0.5714285714285714,4,pidqa-sheet-451,4,7,ij-04875;ij-21696;ij-38979;ij-51230;ij-52366;ij-59885;ij-88533
1,set_b,false_candidates_without_recovery,0,0.0,1,5,1,pidqa-3f2361937c910a54,qwen,5,0.0,ddl-237,0.0,0,pidqa-sheet-187,0,5,ddl 223;ddl 237;ddl 515;ddl 759;ddl 998
7,set_b,complete_recovery_with_false_candidates,0,0.9230769230769231,1,0,1,pidqa-421b44d975ff4678,qwen,0,0.8571428571428571,uv-07585;uv-34995;uv-37805;uv-46020;uv-57436;uv-73731;uv-96753,1.0,6,pidqa-sheet-351,6,6,uv-07585;uv-37805;uv-46020;uv-57436;uv-73731;uv-96753
3,set_b,partial_recovery_no_false_candidate,0,0.8571428571428571,0,1,0,pidqa-4552eed9d3456a8a,qwen,1,1.0,kl-50201;kl-56828;kl-85807,0.75,3,pidqa-sheet-286,3,4,kl-50201;kl-54724;kl-56828;kl-85807
2,set_b,false_candidates_without_recovery,0,0.0,2,2,2,pidqa-49105c2af1960eea,qwen,2,0.0,gi-712;gi-933,0.0,0,pidqa-sheet-221,0,2,gi 712;gi 933
2,set_b,partial_recovery_no_false_candidate,0,0.8,0,1,0,pidqa-4ce6915c793fe515,qwen,1,1.0,ef-24668;ef-90762,0.6666666666666666,2,pidqa-sheet-338,2,3,ef-24668;ef-90762;ef-97004
3,set_b,partial_recovery_with_false_candidates,0,0.4,2,1,2,pidqa-4f8914d0c4f6750f,qwen,1,0.3333333333333333,ef-22221;ef-23900;ef-46730,0.5,1,pidqa-sheet-190,1,2,ef-22221;ef-39840
6,set_b,complete_recovery_with_false_candidates,0,0.8,2,0,2,pidqa-53f77daeaca01320,qwen,0,0.6666666666666666,kl-29271;kl-36908;kl-45823;kl-53206;kl-58999;kl-62250,1.0,4,pidqa-sheet-002,4,4,kl-29271;kl-53206;kl-58999;kl-62250
3,set_b,exact_set,1,1.0,0,0,0,pidqa-56bd7c162d3f5d5e,qwen,0,1.0,zlc 488;zlc 599;zlc 757,1.0,3,pidqa-sheet-307,3,3,zlc 488;zlc 599;zlc 757
0,set_b,exact_set,1,1.0,0,0,0,pidqa-59c9f9251a714a5b,qwen,0,1.0,,1.0,0,pidqa-sheet-269,0,0,
6,set_b,complete_recovery_with_false_candidates,0,0.8,2,0,2,pidqa-5a1c2466e26c2f44,qwen,0,0.6666666666666666,wx-21066;wx-25461;wx-49643;wx-5303;wx-55303;wx-67272,1.0,4,pidqa-sheet-490,4,4,wx-21066;wx-25461;wx-55303;wx-67272
2,set_b,exact_set,1,1.0,0,0,0,pidqa-5fbbf7e105b68853,qwen,0,1.0,rv-18376;rv-84378,1.0,2,pidqa-sheet-098,2,2,rv-18376;rv-84378
2,set_b,partial_recovery_no_false_candidate,0,0.8,0,1,0,pidqa-6267a699045894d4,qwen,1,1.0,cd-56614;cd-72015,0.6666666666666666,2,pidqa-sheet-276,2,3,cd-56614;cd-72015;cd-84862
1,set_b,partial_recovery_no_false_candidate,0,0.6666666666666666,0,1,0,pidqa-65020dbb36831bca,qwen,1,1.0,ij-89212,0.5,1,pidqa-sheet-402,1,2,ij-31831;ij-89212
10,set_b,partial_recovery_with_false_candidates,0,0.47058823529411764,6,3,6,pidqa-6518bb75c0ec241c,qwen,3,0.4,st-19224;st-61009;st-6717;st-69678;st-7;st-77533;st-77971;st-81009;st-93051;st-98858,0.5714285714285714,4,pidqa-sheet-142,4,7,st-07829;st-20472;st-69678;st-81009;st-93051;st-97223;st-98858
4,set_b,exact_set,1,1.0,0,0,0,pidqa-734329612e43d1ca,qwen,0,1.0,ro-10 135;ro-10 202;ro-10 385;ro-10 603,1.0,4,pidqa-sheet-244,4,4,ro-10 135;ro-10 202;ro-10 385;ro-10 603
4,set_b,partial_recovery_no_false_candidate,0,0.8888888888888888,0,1,0,pidqa-738bc3f1782a76e0,qwen,1,1.0,kl-08386;kl-55062;kl-75802;kl-97019,0.8,4,pidqa-sheet-267,4,5,kl-08386;kl-55062;kl-72371;kl-75802;kl-97019
1,set_b,partial_recovery_no_false_candidate,0,0.6666666666666666,0,1,0,pidqa-7a6a1185e3b45659,qwen,1,1.0,kl-81274,0.5,1,pidqa-sheet-059,1,2,kl-03031;kl-81274
1,set_b,false_candidates_without_recovery,0,0.0,1,0,1,pidqa-7f1bf9753128acd2,qwen,0,0.0,sta,0.0,0,pidqa-sheet-056,0,0,
1,set_b,exact_set,1,1.0,0,0,0,pidqa-88314ef2eeb50b78,qwen,0,1.0,sta,1.0,1,pidqa-sheet-207,1,1,sta
1,set_b,partial_recovery_no_false_candidate,0,0.5,0,2,0,pidqa-8c8b27e3fe4edc66,qwen,2,1.0,cs-86,0.3333333333333333,1,pidqa-sheet-327,1,3,cs-24;cs-39;cs-86
6,set_b,partial_recovery_with_false_candidates,0,0.6,3,1,3,pidqa-8ce8fb4eeb3fe824,qwen,1,0.5,kl-;kl-61393;kl-62698;kl-71789;kl-766;kl-97275,0.75,3,pidqa-sheet-009,3,4,kl-44057;kl-61393;kl-62698;kl-97275
1,set_b,false_candidates_without_recovery,0,0.0,1,0,1,pidqa-8fd5949763072a9e,qwen,0,0.0,none,0.0,0,pidqa-sheet-127,0,0,
4,set_b,partial_recovery_no_false_candidate,0,0.8,0,2,0,pidqa-90b74af181950866,qwen,2,1.0,cd-39967;cd-50933;cd-52848;cd-67339,0.6666666666666666,4,pidqa-sheet-413,4,6,cd-39967;cd-50933;cd-52848;cd-67339;cd-80480;cd-88405
7,set_b,false_candidates_without_recovery,0,0.0,7,9,7,pidqa-9205c9a543f7fa28,qwen,9,0.0,ins(-11°c);ins(-17°c);ins(-22°c);ins(-49°c);ins(-50°c);ins(14°c);ins(46°c),0.0,0,pidqa-sheet-382,0,9,ins ( -11°c );ins ( -17°c );ins ( -22°c );ins ( -49°c );ins ( -50°c );ins ( 14°c );ins ( 42°c );ins ( 46°c );ins ( 50°c )
6,set_b,partial_recovery_with_false_candidates,0,0.6666666666666666,2,2,2,pidqa-9644c0ea46acad70,qwen,2,0.6666666666666666,mn-62339;mn-72190;mn-72516;mn-84852;mn-94206;mn-98871,0.6666666666666666,4,pidqa-sheet-396,4,6,mn-27407;mn-62939;mn-72516;mn-84852;mn-94206;mn-98871
3,set_b,partial_recovery_no_false_candidate,0,0.8571428571428571,0,1,0,pidqa-97829bc150662fe9,qwen,1,1.0,cs-16;cs-21;cs-35,0.75,3,pidqa-sheet-259,3,4,cs-16;cs-21;cs-35;cs-40
4,set_b,false_candidates_without_recovery,0,0.0,4,4,4,pidqa-9abe1b15aa131c32,qwen,4,0.0,sdl-333;sdl-343;sdl-658;sdl-871,0.0,0,pidqa-sheet-491,0,4,sdl 333;sdl 343;sdl 658;sdl 871
4,set_b,partial_recovery_no_false_candidate,0,0.8,0,2,0,pidqa-9c68f482a6167707,qwen,2,1.0,cs-07;cs-15;cs-60;cs-85,0.6666666666666666,4,pidqa-sheet-032,4,6,cs-07;cs-15;cs-20;cs-60;cs-68;cs-85
2,set_b,partial_recovery_no_false_candidate,0,0.8,0,1,0,pidqa-a3111e5026a1f8f7,qwen,1,1.0,kl-73553;kl-96905,0.6666666666666666,2,pidqa-sheet-284,2,3,kl-35684;kl-73553;kl-96905
3,set_b,false_candidates_without_recovery,0,0.0,3,2,3,pidqa-a581b081d7294cf7,qwen,2,0.0,zlc-339;zlc-541;zlc-702,0.0,0,pidqa-sheet-349,0,2,zlc 339;zlc 541
3,set_b,false_candidates_without_recovery,0,0.0,3,3,3,pidqa-ae7ff9dd3a5ee54d,qwen,3,0.0,sdl-299;sdl-560;sdl-707,0.0,0,pidqa-sheet-025,0,3,sdl 299;sdl 560;sdl 707
3,set_b,exact_set,1,1.0,0,0,0,pidqa-aef49d3f960637da,qwen,0,1.0,ddl 380;ddl 519;ddl 777,1.0,3,pidqa-sheet-472,3,3,ddl 380;ddl 519;ddl 777
1,set_b,partial_recovery_no_false_candidate,0,0.6666666666666666,0,1,0,pidqa-affde9a2d65ed274,qwen,1,1.0,qr-62154,0.5,1,pidqa-sheet-447,1,2,qr-62154;qr-99555
3,set_b,exact_set,1,1.0,0,0,0,pidqa-b0c77e506f2fd952,qwen,0,1.0,op-02735;op-18903;op-75219,1.0,3,pidqa-sheet-129,3,3,op-02735;op-18903;op-75219
2,set_b,partial_recovery_no_false_candidate,0,0.5714285714285714,0,3,0,pidqa-b3639767f8fb4b69,qwen,3,1.0,cd-13369;cd-44814,0.4,2,pidqa-sheet-442,2,5,cd-00045;cd-13369;cd-24096;cd-44814;cd-78933
1,set_b,exact_set,1,1.0,0,0,0,pidqa-b38974d89c5567b7,qwen,0,1.0,wx-99532,1.0,1,pidqa-sheet-433,1,1,wx-99532
3,set_b,false_candidates_without_recovery,0,0.0,3,3,3,pidqa-b68b3ec10ff7c845,qwen,3,0.0,ins (-37°c);ins (-47°c);ins (37°c),0.0,0,pidqa-sheet-107,0,3,ins ( -37°c );ins ( -47°c );ins ( 37°c )
1,set_b,partial_recovery_no_false_candidate,0,0.6666666666666666,0,1,0,pidqa-b7b2467002e6ef5c,qwen,1,1.0,cs-98,0.5,1,pidqa-sheet-109,1,2,cs-18;cs-98
3,set_b,partial_recovery_no_false_candidate,0,0.8571428571428571,0,1,0,pidqa-b969d18c38d14a2a,qwen,1,1.0,rv-06129;rv-62785;rv-95459,0.75,3,pidqa-sheet-416,3,4,rv-06129;rv-43029;rv-62785;rv-95459
1,set_b,partial_recovery_no_false_candidate,0,0.6666666666666666,0,1,0,pidqa-bb46b7c2c5044f85,qwen,1,1.0,mn-74592,0.5,1,pidqa-sheet-205,1,2,mn-52607;mn-74592
5,set_b,complete_recovery_with_false_candidates,0,0.75,2,0,2,pidqa-bd006d290ebc8473,qwen,0,0.6,ij-01929;ij-34382;ij-47147;ij-59462;ij-67397,1.0,3,pidqa-sheet-272,3,3,ij-34382;ij-59462;ij-67397
5,set_b,complete_recovery_with_false_candidates,0,0.8888888888888888,1,0,1,pidqa-be67ffa9e48ac764,qwen,0,0.8,gh-17276;gh-25813;gh-32152;gh-58467;gh-91168,1.0,4,pidqa-sheet-172,4,4,gh-25813;gh-32152;gh-58467;gh-91168
2,set_b,false_candidates_without_recovery,0,0.0,2,2,2,pidqa-bf40e825a62b8259,qwen,2,0.0,sdl-251;sdl-969,0.0,0,pidqa-sheet-214,0,2,sdl 251;sdl 969
5,set_b,partial_recovery_with_false_candidates,0,0.6666666666666666,1,3,1,pidqa-c197f849a4360f1f,qwen,3,0.8,ij-05901;ij-11564;ij-2788;ij-42814;ij-77397,0.5714285714285714,4,pidqa-sheet-292,4,7,ij-05901;ij-11564;ij-14675;ij-27288;ij-27670;ij-42814;ij-77397
3,set_b,partial_recovery_no_false_candidate,0,0.6666666666666666,0,3,0,pidqa-c28de3b9be15ca9b,qwen,3,1.0,cd-03255;cd-50553;cd-86228,0.5,3,pidqa-sheet-063,3,6,cd-03255;cd-39523;cd-50553;cd-76243;cd-86228;cd-98999
1,set_b,exact_set,1,1.0,0,0,0,pidqa-c36267312418de23,qwen,0,1.0,ef-30475,1.0,1,pidqa-sheet-479,1,1,ef-30475
5,set_b,complete_recovery_with_false_candidates,0,0.8888888888888888,1,0,1,pidqa-c3bba23728b3fbf8,qwen,0,0.8,er;erv-0-20;erv-1-68;erv-4-29;erv-9-65,1.0,4,pidqa-sheet-285,4,4,erv-0-20;erv-1-68;erv-4-29;erv-9-65
3,set_b,partial_recovery_no_false_candidate,0,0.8571428571428571,0,1,0,pidqa-c88f3f166d2b8685,qwen,1,1.0,mn-70303;mn-86418;mn-86565,0.75,3,pidqa-sheet-071,3,4,mn-02285;mn-70303;mn-86418;mn-86565
1,set_b,exact_set,1,1.0,0,0,0,pidqa-ca9453c0916dd854,qwen,0,1.0,qr-01570,1.0,1,pidqa-sheet-141,1,1,qr-01570
2,set_b,partial_recovery_no_false_candidate,0,0.8,0,1,0,pidqa-cd9e54a055aa1d2d,qwen,1,1.0,st-04173;st-56743,0.6666666666666666,2,pidqa-sheet-488,2,3,st-04173;st-56743;st-75402
10,set_b,complete_recovery_with_false_candidates,0,0.5714285714285714,6,0,6,pidqa-cf8567fb7c3d4a47,qwen,0,0.4,st-0346;st-15-4437;st-21757;st-24175;st-3187;st-4433;st-50001;st-66912;st-76618;st-96788,1.0,4,pidqa-sheet-077,4,4,st-50001;st-66912;st-76618;st-96788
3,set_b,exact_set,1,1.0,0,0,0,pidqa-d46c433407c03e66,qwen,0,1.0,ro-10 364;ro-10 525;ro-10 545,1.0,3,pidqa-sheet-282,3,3,ro-10 364;ro-10 525;ro-10 545
2,set_b,exact_set,1,1.0,0,0,0,pidqa-dd211d193226cddc,qwen,0,1.0,mn-29700;mn-90715,1.0,2,pidqa-sheet-184,2,2,mn-29700;mn-90715
3,set_b,false_candidates_without_recovery,0,0.0,3,3,3,pidqa-dd4e735e1a38f0f1,qwen,3,0.0,sdl-257;sdl-382;sdl-727,0.0,0,pidqa-sheet-385,0,3,sdl 257;sdl 382;sdl 727
2,set_b,exact_set,1,1.0,0,0,0,pidqa-ddffb495a2f0db07,qwen,0,1.0,wx-11994;wx-46690,1.0,2,pidqa-sheet-417,2,2,wx-11994;wx-46690
8,set_b,partial_recovery_with_false_candidates,0,0.5714285714285714,4,2,4,pidqa-df288d95dc24fe32,qwen,2,0.5,cd-31332;cd-59095;cd-60869;cd-79998;cd-87616;cd-89474;cd-91332;cd-946,0.6666666666666666,4,pidqa-sheet-296,4,6,cd-31332;cd-45970;cd-54941;cd-79998;cd-87616;cd-89474
1,set_b,exact_set,1,1.0,0,0,0,pidqa-e069b204039e9a2a,qwen,0,1.0,qr-32684,1.0,1,pidqa-sheet-041,1,1,qr-32684
2,set_b,false_candidates_without_recovery,0,0.0,2,2,2,pidqa-e55d2ddac4335454,qwen,2,0.0,zlo-289;zlo-371,0.0,0,pidqa-sheet-136,0,2,zlo 289;zlo 371
4,set_b,false_candidates_without_recovery,0,0.0,4,4,4,pidqa-e72e732e00404ca5,qwen,4,0.0,ins (11°c);ins (133°c);ins (15°c);ins (22°c),0.0,0,pidqa-sheet-410,0,4,ins ( 11°c );ins ( 15°c );ins ( 22°c );ins ( 53°c )
16,set_b,partial_recovery_with_false_candidates,0,0.08695652173913043,15,6,15,pidqa-e784a9dda46b26d4,qwen,6,0.0625,ef-07880;ef-13294;ef-29372;ef-38281;ef-42480;ef-46335;ef-58866;ef-79790;ef-8212;ef-84418;ef-91567;ef-95951;ef-9631;ef-97300;ef-982;ef-9825,0.14285714285714285,1,pidqa-sheet-031,1,7,ef-07980;ef-54357;ef-58866;ef-61350;ef-76248;ef-76647;ef-79825
1,set_b,exact_set,1,1.0,0,0,0,pidqa-e8a88e68db8af87a,qwen,0,1.0,qr-20140,1.0,1,pidqa-sheet-415,1,1,qr-20140
3,set_b,partial_recovery_no_false_candidate,0,0.75,0,2,0,pidqa-e9d9f9e5915f13b4,qwen,2,1.0,op-01435;op-12489;op-66212,0.6,3,pidqa-sheet-474,3,5,op-01435;op-12489;op-41990;op-66212;op-76756
2,set_b,partial_recovery_no_false_candidate,0,0.8,0,1,0,pidqa-edecda2f285f0d3b,qwen,1,1.0,ro-10 507;ro-10 538,0.6666666666666666,2,pidqa-sheet-309,2,3,ro-10 327;ro-10 507;ro-10 538
1,set_b,partial_recovery_no_false_candidate,0,0.5,0,2,0,pidqa-f22ac37cadb8555d,qwen,2,1.0,cv-42277,0.3333333333333333,1,pidqa-sheet-469,1,3,cv-42277;cv-45934;cv-64294
2,set_b,false_candidates_without_recovery,0,0.0,2,0,2,pidqa-f283793d943fcfa8,qwen,0,0.0,op-74206;op-96875,0.0,0,pidqa-sheet-026,0,0,
2,set_b,partial_recovery_with_false_candidates,0,0.5,1,1,1,pidqa-f5c61061d0075833,qwen,1,0.5,cd-58014;cd-81354,0.5,1,pidqa-sheet-191,1,2,cd-15150;cd-58014
11,set_b,complete_recovery_with_false_candidates,0,0.42857142857142855,8,0,8,pidqa-f91a982dc4d46fa9,qwen,0,0.2727272727272727,wx-09105;wx-24784;wx-27393;wx-40255;wx-47529;wx-66044;wx-73523;wx-77268;wx-90586;wx-91162;wx-91446,1.0,3,pidqa-sheet-463,3,3,wx-09105;wx-24784;wx-27393
7,set_b,partial_recovery_with_false_candidates,0,0.5454545454545454,4,1,4,pidqa-fa684002ab74446b,qwen,1,0.42857142857142855,rv-07926;rv-1-0694;rv-14074;rv-24038;rv-32077;rv-5-01;rv-74432,0.75,3,pidqa-sheet-440,3,4,rv-14074;rv-24038;rv-32077;rv-74452
4,set_b,partial_recovery_with_false_candidates,0,0.5,2,2,2,pidqa-fb09b726215e5b3c,qwen,2,0.5,kl-28839;kl-49397;kl-83787;kl-91724,0.5,2,pidqa-sheet-366,2,4,kl-28839;kl-38032;kl-49397;kl-91274
24,set_b,partial_recovery_with_false_candidates,0,0.14285714285714285,22,2,22,pidqa-fcc7bcbeb95f27f4,qwen,2,0.08333333333333333,cv-13992;cv-81407;cv-81847;cv-82618;cv-82619;cv-82628;cv-82633;cv-82634;cv-82635;cv-82636;cv-82637;cv-82638;cv-82639;cv-82640;cv-82641;cv-82642;cv-82643;cv-82644;cv-82645;cv-82646;cv-82647;cv-82648;cv-82649;cv-82800,0.5,2,pidqa-sheet-035,2,4,cv-13992;cv-15444;cv-38118;cv-81847
1,set_b,false_candidates_without_recovery,0,0.0,1,0,1,pidqa-fd4335aa2c9016cb,qwen,0,0.0,none,0.0,0,pidqa-sheet-196,0,0,
5,set_b,partial_recovery_with_false_candidates,0,0.5,3,1,3,pidqa-ffa7a479d6ee04c9,qwen,1,0.4,dv-08762;dv-55523;dv-66765;dv-90393;dv-94041,0.6666666666666666,2,pidqa-sheet-370,2,3,dv-06765;dv-08762;dv-55523
2,set_b,partial_recovery_no_false_candidate,0,0.8,0,1,0,pidqa-016b963d9bc57879,paddleocr_geometry,1,1.0,sdl 197;sdl 389,0.6666666666666666,2,pidqa-sheet-361,2,3,sdl 197;sdl 389;sdl 732
2,set_b,partial_recovery_with_false_candidates,0,0.5,1,1,1,pidqa-02b1077698718c87,paddleocr_geometry,1,0.5,av-71716;av15,0.5,1,pidqa-sheet-181,1,2,av-53306;av-71716
3,set_b,partial_recovery_no_false_candidate,0,0.5454545454545454,0,5,0,pidqa-05367f98fc2978c5,paddleocr_geometry,5,1.0,cs-55;cs-80;cs-86,0.375,3,pidqa-sheet-122,3,8,cs-01;cs-34;cs-50;cs-55;cs-80;cs-81;cs-83;cs-86
0,set_b,empty_prediction,0,0.0,0,1,0,pidqa-07d2d7d2ed61317a,paddleocr_geometry,1,0.0,,0.0,0,pidqa-sheet-350,0,1,op-14149
4,set_b,partial_recovery_no_false_candidate,0,0.7272727272727273,0,3,0,pidqa-09a47d8256ca9af4,paddleocr_geometry,3,1.0,op-22494;op-42508;op-54531;op-67900,0.5714285714285714,4,pidqa-sheet-378,4,7,op-22494;op-40540;op-42508;op-53551;op-54531;op-67900;op-83219
5,set_b,partial_recovery_no_false_candidate,0,0.7692307692307693,0,3,0,pidqa-09d5966f710213eb,paddleocr_geometry,3,1.0,gh-33873;gh-40059;gh-41949;gh-77306;gh-97223,0.625,5,pidqa-sheet-148,5,8,gh-33873;gh-40059;gh-41949;gh-48478;gh-49695;gh-77306;gh-85039;gh-97223
4,set_b,partial_recovery_no_false_candidate,0,0.8,0,2,0,pidqa-0af6234429690fb1,paddleocr_geometry,2,1.0,ddl 187;ddl 254;ddl 904;ddl 967,0.6666666666666666,4,pidqa-sheet-209,4,6,ddl 187;ddl 254;ddl 329;ddl 637;ddl 904;ddl 967
2,set_b,partial_recovery_no_false_candidate,0,0.5714285714285714,0,3,0,pidqa-0c327050b1b6428b,paddleocr_geometry,3,1.0,ddl 605;ddl 859,0.4,2,pidqa-sheet-360,2,5,ddl 443;ddl 605;ddl 847;ddl 859;ddl 916
0,set_b,empty_prediction,0,0.0,0,3,0,pidqa-0df73136608ca96a,paddleocr_geometry,3,0.0,,0.0,0,pidqa-sheet-439,0,3,ins ( -19°c );ins ( -51°c );ins ( 25°c )
2,set_b,partial_recovery_no_false_candidate,0,0.5714285714285714,0,3,0,pidqa-0e1e010e50dbb0a5,paddleocr_geometry,3,1.0,op-52394;op-53869,0.4,2,pidqa-sheet-070,2,5,op-04473;op-24050;op-36931;op-52394;op-53869
2,set_b,partial_recovery_no_false_candidate,0,0.6666666666666666,0,2,0,pidqa-13b8dc3f25e25bb5,paddleocr_geometry,2,1.0,gh-57979;gh-58647,0.5,2,pidqa-sheet-072,2,4,gh-02943;gh-37776;gh-57979;gh-58647
3,set_b,partial_recovery_no_false_candidate,0,0.6666666666666666,0,3,0,pidqa-13db22813d5a5dd7,paddleocr_geometry,3,1.0,cd-30656;cd-49269;cd-86324,0.5,3,pidqa-sheet-482,3,6,cd-30656;cd-49269;cd-58589;cd-66301;cd-86324;cd-92980
1,set_b,exact_set,1,1.0,0,0,0,pidqa-1c3a03e1501a5d2f,paddleocr_geometry,0,1.0,erv-3-12,1.0,1,pidqa-sheet-256,1,1,erv-3-12
3,set_b,partial_recovery_with_false_candidates,0,0.2857142857142857,2,3,2,pidqa-1f3f881abf809ee1,paddleocr_geometry,3,0.3333333333333333,ab-25264;abc;abcd,0.25,1,pidqa-sheet-392,1,4,ab-25264;ab-25691;ab-30864;ab-65995
1,set_b,exact_set,1,1.0,0,0,0,pidqa-201aff7da5782292,paddleocr_geometry,0,1.0,cv-94282,1.0,1,pidqa-sheet-448,1,1,cv-94282
2,set_b,partial_recovery_no_false_candidate,0,0.5714285714285714,0,3,0,pidqa-2199662f817e5a8d,paddleocr_geometry,3,1.0,uv-49567;uv-75579,0.4,2,pidqa-sheet-100,2,5,uv-26488;uv-49567;uv-69206;uv-75579;uv-97976
0,set_b,exact_set,1,1.0,0,0,0,pidqa-2479dc9dd92deb72,paddleocr_geometry,0,1.0,,1.0,0,pidqa-sheet-089,0,0,
1,set_b,false_candidates_without_recovery,0,0.0,1,3,1,pidqa-259eb80e4408df30,paddleocr_geometry,3,0.0,dv,0.0,0,pidqa-sheet-162,0,3,dv-04965;dv-37643;dv-41907
4,set_b,exact_set,1,1.0,0,0,0,pidqa-26b17721d40df362,paddleocr_geometry,0,1.0,zlo 395;zlo 497;zlo 607;zlo 743,1.0,4,pidqa-sheet-242,4,4,zlo 395;zlo 497;zlo 607;zlo 743
2,set_b,partial_recovery_no_false_candidate,0,0.8,0,1,0,pidqa-27921cfa2f04484d,paddleocr_geometry,1,1.0,cv-59107;cv-90923,0.6666666666666666,2,pidqa-sheet-405,2,3,cv-53997;cv-59107;cv-90923
4,set_b,partial_recovery_with_false_candidates,0,0.6,1,3,1,pidqa-2a3e7d16a4b6dc5e,paddleocr_geometry,3,0.75,dv-10406;dv-64954;dv-88858;dvy12,0.5,3,pidqa-sheet-029,3,6,dv-10172;dv-10406;dv-51752;dv-60502;dv-64954;dv-88858
0,set_b,exact_set,1,1.0,0,0,0,pidqa-3326cad2a81c63e7,paddleocr_geometry,0,1.0,,1.0,0,pidqa-sheet-444,0,0,
0,set_b,empty_prediction,0,0.0,0,4,0,pidqa-36e9b51bd2b49d64,paddleocr_geometry,4,0.0,,0.0,0,pidqa-sheet-155,0,4,ro-10 304;ro-10 514;ro-10 778;ro-10 985
1,set_b,partial_recovery_no_false_candidate,0,0.6666666666666666,0,1,0,pidqa-3812b214e1818b14,paddleocr_geometry,1,1.0,av-04652,0.5,1,pidqa-sheet-169,1,2,av-04652;av-77491
0,set_b,empty_prediction,0,0.0,0,2,0,pidqa-38c3da059c3062e9,paddleocr_geometry,2,0.0,,0.0,0,pidqa-sheet-013,0,2,kl-08580;kl-75775
2,set_b,partial_recovery_with_false_candidates,0,0.3333333333333333,1,3,1,pidqa-3b6e2a71c1e96cca,paddleocr_geometry,3,0.5,av-97339;avy732,0.25,1,pidqa-sheet-212,1,4,av-26029;av-45890;av-71332;av-97339
6,set_b,partial_recovery_no_false_candidate,0,0.8,0,3,0,pidqa-3cba7a7dbf5dd60c,paddleocr_geometry,3,1.0,wx-10191;wx-16248;wx-31549;wx-86553;wx-86682;wx-97331,0.6666666666666666,6,pidqa-sheet-158,6,9,wx-10191;wx-11206;wx-16248;wx-30831;wx-31549;wx-73557;wx-86553;wx-86682;wx-97331
3,set_b,partial_recovery_no_false_candidate,0,0.6,0,4,0,pidqa-3d67f14265bb2220,paddleocr_geometry,4,1.0,ij-38979;ij-51230;ij-88533,0.42857142857142855,3,pidqa-sheet-451,3,7,ij-04875;ij-21696;ij-38979;ij-51230;ij-52366;ij-59885;ij-88533
4,set_b,partial_recovery_no_false_candidate,0,0.8888888888888888,0,1,0,pidqa-3f2361937c910a54,paddleocr_geometry,1,1.0,ddl 223;ddl 237;ddl 759;ddl 998,0.8,4,pidqa-sheet-187,4,5,ddl 223;ddl 237;ddl 515;ddl 759;ddl 998
2,set_b,partial_recovery_no_false_candidate,0,0.5,0,4,0,pidqa-421b44d975ff4678,paddleocr_geometry,4,1.0,uv-46020;uv-57436,0.3333333333333333,2,pidqa-sheet-351,2,6,uv-07585;uv-37805;uv-46020;uv-57436;uv-73731;uv-96753
3,set_b,partial_recovery_no_false_candidate,0,0.8571428571428571,0,1,0,pidqa-4552eed9d3456a8a,paddleocr_geometry,1,1.0,kl-50201;kl-56828;kl-85807,0.75,3,pidqa-sheet-286,3,4,kl-50201;kl-54724;kl-56828;kl-85807
2,set_b,exact_set,1,1.0,0,0,0,pidqa-49105c2af1960eea,paddleocr_geometry,0,1.0,gi 712;gi 933,1.0,2,pidqa-sheet-221,2,2,gi 712;gi 933
1,set_b,false_candidates_without_recovery,0,0.0,1,3,1,pidqa-4ce6915c793fe515,paddleocr_geometry,3,0.0,efgh,0.0,0,pidqa-sheet-338,0,3,ef-24668;ef-90762;ef-97004
3,set_b,partial_recovery_with_false_candidates,0,0.4,2,1,2,pidqa-4f8914d0c4f6750f,paddleocr_geometry,1,0.3333333333333333,ef-22221;efforts;efgh,0.5,1,pidqa-sheet-190,1,2,ef-22221;ef-39840
3,set_b,partial_recovery_with_false_candidates,0,0.5714285714285714,1,2,1,pidqa-53f77daeaca01320,paddleocr_geometry,2,0.6666666666666666,kl-53206;kl-58999;kl252,0.5,2,pidqa-sheet-002,2,4,kl-29271;kl-53206;kl-58999;kl-62250
3,set_b,exact_set,1,1.0,0,0,0,pidqa-56bd7c162d3f5d5e,paddleocr_geometry,0,1.0,zlc 488;zlc 599;zlc 757,1.0,3,pidqa-sheet-307,3,3,zlc 488;zlc 599;zlc 757
0,set_b,exact_set,1,1.0,0,0,0,pidqa-59c9f9251a714a5b,paddleocr_geometry,0,1.0,,1.0,0,pidqa-sheet-269,0,0,
3,set_b,partial_recovery_no_false_candidate,0,0.8571428571428571,0,1,0,pidqa-5a1c2466e26c2f44,paddleocr_geometry,1,1.0,wx-21066;wx-55303;wx-67272,0.75,3,pidqa-sheet-490,3,4,wx-21066;wx-25461;wx-55303;wx-67272
0,set_b,empty_prediction,0,0.0,0,2,0,pidqa-5fbbf7e105b68853,paddleocr_geometry,2,0.0,,0.0,0,pidqa-sheet-098,0,2,rv-18376;rv-84378
1,set_b,partial_recovery_no_false_candidate,0,0.5,0,2,0,pidqa-6267a699045894d4,paddleocr_geometry,2,1.0,cd-72015,0.3333333333333333,1,pidqa-sheet-276,1,3,cd-56614;cd-72015;cd-84862
1,set_b,partial_recovery_no_false_candidate,0,0.6666666666666666,0,1,0,pidqa-65020dbb36831bca,paddleocr_geometry,1,1.0,ij-89212,0.5,1,pidqa-sheet-402,1,2,ij-31831;ij-89212
3,set_b,partial_recovery_with_false_candidates,0,0.4,1,5,1,pidqa-6518bb75c0ec241c,paddleocr_geometry,5,0.6666666666666666,st-20472;st-97223;sta,0.2857142857142857,2,pidqa-sheet-142,2,7,st-07829;st-20472;st-69678;st-81009;st-93051;st-97223;st-98858
4,set_b,exact_set,1,1.0,0,0,0,pidqa-734329612e43d1ca,paddleocr_geometry,0,1.0,ro-10 135;ro-10 202;ro-10 385;ro-10 603,1.0,4,pidqa-sheet-244,4,4,ro-10 135;ro-10 202;ro-10 385;ro-10 603
2,set_b,partial_recovery_no_false_candidate,0,0.5714285714285714,0,3,0,pidqa-738bc3f1782a76e0,paddleocr_geometry,3,1.0,kl-08386;kl-55062,0.4,2,pidqa-sheet-267,2,5,kl-08386;kl-55062;kl-72371;kl-75802;kl-97019
2,set_b,false_candidates_without_recovery,0,0.0,2,2,2,pidqa-7a6a1185e3b45659,paddleocr_geometry,2,0.0,kll03;kll7,0.0,0,pidqa-sheet-059,0,2,kl-03031;kl-81274
1,set_b,false_candidates_without_recovery,0,0.0,1,0,1,pidqa-7f1bf9753128acd2,paddleocr_geometry,0,0.0,sta,0.0,0,pidqa-sheet-056,0,0,
1,set_b,exact_set,1,1.0,0,0,0,pidqa-88314ef2eeb50b78,paddleocr_geometry,0,1.0,sta,1.0,1,pidqa-sheet-207,1,1,sta
2,set_b,partial_recovery_no_false_candidate,0,0.8,0,1,0,pidqa-8c8b27e3fe4edc66,paddleocr_geometry,1,1.0,cs-24;cs-86,0.6666666666666666,2,pidqa-sheet-327,2,3,cs-24;cs-39;cs-86
3,set_b,partial_recovery_with_false_candidates,0,0.5714285714285714,1,2,1,pidqa-8ce8fb4eeb3fe824,paddleocr_geometry,2,0.6666666666666666,kl-61393;kl-62698;klz26,0.5,2,pidqa-sheet-009,2,4,kl-44057;kl-61393;kl-62698;kl-97275
0,set_b,exact_set,1,1.0,0,0,0,pidqa-8fd5949763072a9e,paddleocr_geometry,0,1.0,,1.0,0,pidqa-sheet-127,0,0,
2,set_b,partial_recovery_no_false_candidate,0,0.5,0,4,0,pidqa-90b74af181950866,paddleocr_geometry,4,1.0,cd-39967;cd-67339,0.3333333333333333,2,pidqa-sheet-413,2,6,cd-39967;cd-50933;cd-52848;cd-67339;cd-80480;cd-88405
1,set_b,false_candidates_without_recovery,0,0.0,1,9,1,pidqa-9205c9a543f7fa28,paddleocr_geometry,9,0.0,ins,0.0,0,pidqa-sheet-382,0,9,ins ( -11°c );ins ( -17°c );ins ( -22°c );ins ( -49°c );ins ( -50°c );ins ( 14°c );ins ( 42°c );ins ( 46°c );ins ( 50°c )
4,set_b,partial_recovery_with_false_candidates,0,0.6,1,3,1,pidqa-9644c0ea46acad70,paddleocr_geometry,3,0.75,mn-84852;mn-94206;mn-98871;mnn55,0.5,3,pidqa-sheet-396,3,6,mn-27407;mn-62939;mn-72516;mn-84852;mn-94206;mn-98871
1,set_b,partial_recovery_no_false_candidate,0,0.4,0,3,0,pidqa-97829bc150662fe9,paddleocr_geometry,3,1.0,cs-16,0.25,1,pidqa-sheet-259,1,4,cs-16;cs-21;cs-35;cs-40
4,set_b,exact_set,1,1.0,0,0,0,pidqa-9abe1b15aa131c32,paddleocr_geometry,0,1.0,sdl 333;sdl 343;sdl 658;sdl 871,1.0,4,pidqa-sheet-491,4,4,sdl 333;sdl 343;sdl 658;sdl 871
1,set_b,partial_recovery_no_false_candidate,0,0.2857142857142857,0,5,0,pidqa-9c68f482a6167707,paddleocr_geometry,5,1.0,cs-07,0.16666666666666666,1,pidqa-sheet-032,1,6,cs-07;cs-15;cs-20;cs-60;cs-68;cs-85
2,set_b,partial_recovery_no_false_candidate,0,0.8,0,1,0,pidqa-a3111e5026a1f8f7,paddleocr_geometry,1,1.0,kl-73553;kl-96905,0.6666666666666666,2,pidqa-sheet-284,2,3,kl-35684;kl-73553;kl-96905
1,set_b,partial_recovery_no_false_candidate,0,0.6666666666666666,0,1,0,pidqa-a581b081d7294cf7,paddleocr_geometry,1,1.0,zlc 541,0.5,1,pidqa-sheet-349,1,2,zlc 339;zlc 541
3,set_b,exact_set,1,1.0,0,0,0,pidqa-ae7ff9dd3a5ee54d,paddleocr_geometry,0,1.0,sdl 299;sdl 560;sdl 707,1.0,3,pidqa-sheet-025,3,3,sdl 299;sdl 560;sdl 707
3,set_b,exact_set,1,1.0,0,0,0,pidqa-aef49d3f960637da,paddleocr_geometry,0,1.0,ddl 380;ddl 519;ddl 777,1.0,3,pidqa-sheet-472,3,3,ddl 380;ddl 519;ddl 777
0,set_b,empty_prediction,0,0.0,0,2,0,pidqa-affde9a2d65ed274,paddleocr_geometry,2,0.0,,0.0,0,pidqa-sheet-447,0,2,qr-62154;qr-99555
3,set_b,exact_set,1,1.0,0,0,0,pidqa-b0c77e506f2fd952,paddleocr_geometry,0,1.0,op-02735;op-18903;op-75219,1.0,3,pidqa-sheet-129,3,3,op-02735;op-18903;op-75219
4,set_b,partial_recovery_with_false_candidates,0,0.6666666666666666,1,2,1,pidqa-b3639767f8fb4b69,paddleocr_geometry,2,0.75,cd-13369;cd-24096;cd-44814;cdd00,0.6,3,pidqa-sheet-442,3,5,cd-00045;cd-13369;cd-24096;cd-44814;cd-78933
0,set_b,empty_prediction,0,0.0,0,1,0,pidqa-b38974d89c5567b7,paddleocr_geometry,1,0.0,,0.0,0,pidqa-sheet-433,0,1,wx-99532
1,set_b,false_candidates_without_recovery,0,0.0,1,3,1,pidqa-b68b3ec10ff7c845,paddleocr_geometry,3,0.0,ins,0.0,0,pidqa-sheet-107,0,3,ins ( -37°c );ins ( -47°c );ins ( 37°c )
1,set_b,partial_recovery_no_false_candidate,0,0.6666666666666666,0,1,0,pidqa-b7b2467002e6ef5c,paddleocr_geometry,1,1.0,cs-18,0.5,1,pidqa-sheet-109,1,2,cs-18;cs-98
1,set_b,partial_recovery_no_false_candidate,0,0.4,0,3,0,pidqa-b969d18c38d14a2a,paddleocr_geometry,3,1.0,rv-06129,0.25,1,pidqa-sheet-416,1,4,rv-06129;rv-43029;rv-62785;rv-95459
0,set_b,empty_prediction,0,0.0,0,2,0,pidqa-bb46b7c2c5044f85,paddleocr_geometry,2,0.0,,0.0,0,pidqa-sheet-205,0,2,mn-52607;mn-74592
2,set_b,partial_recovery_no_false_candidate,0,0.8,0,1,0,pidqa-bd006d290ebc8473,paddleocr_geometry,1,1.0,ij-34382;ij-67397,0.6666666666666666,2,pidqa-sheet-272,2,3,ij-34382;ij-59462;ij-67397
3,set_b,partial_recovery_no_false_candidate,0,0.8571428571428571,0,1,0,pidqa-be67ffa9e48ac764,paddleocr_geometry,1,1.0,gh-25813;gh-32152;gh-91168,0.75,3,pidqa-sheet-172,3,4,gh-25813;gh-32152;gh-58467;gh-91168
2,set_b,exact_set,1,1.0,0,0,0,pidqa-bf40e825a62b8259,paddleocr_geometry,0,1.0,sdl 251;sdl 969,1.0,2,pidqa-sheet-214,2,2,sdl 251;sdl 969
1,set_b,partial_recovery_no_false_candidate,0,0.25,0,6,0,pidqa-c197f849a4360f1f,paddleocr_geometry,6,1.0,ij-05901,0.14285714285714285,1,pidqa-sheet-292,1,7,ij-05901;ij-11564;ij-14675;ij-27288;ij-27670;ij-42814;ij-77397
2,set_b,partial_recovery_no_false_candidate,0,0.5,0,4,0,pidqa-c28de3b9be15ca9b,paddleocr_geometry,4,1.0,cd-03255;cd-86228,0.3333333333333333,2,pidqa-sheet-063,2,6,cd-03255;cd-39523;cd-50553;cd-76243;cd-86228;cd-98999
1,set_b,false_candidates_without_recovery,0,0.0,1,1,1,pidqa-c36267312418de23,paddleocr_geometry,1,0.0,efgh,0.0,0,pidqa-sheet-479,0,1,ef-30475
3,set_b,partial_recovery_with_false_candidates,0,0.5714285714285714,1,2,1,pidqa-c3bba23728b3fbf8,paddleocr_geometry,2,0.6666666666666666,erv-0-20;erv-1-68 671;erv-9-65,0.5,2,pidqa-sheet-285,2,4,erv-0-20;erv-1-68;erv-4-29;erv-9-65
2,set_b,partial_recovery_with_false_candidates,0,0.3333333333333333,1,3,1,pidqa-c88f3f166d2b8685,paddleocr_geometry,3,0.5,mn-70303;mnz22,0.25,1,pidqa-sheet-071,1,4,mn-02285;mn-70303;mn-86418;mn-86565
0,set_b,empty_prediction,0,0.0,0,1,0,pidqa-ca9453c0916dd854,paddleocr_geometry,1,0.0,,0.0,0,pidqa-sheet-141,0,1,qr-01570
2,set_b,partial_recovery_with_false_candidates,0,0.4,1,2,1,pidqa-cd9e54a055aa1d2d,paddleocr_geometry,2,0.5,st-56743;st5302,0.3333333333333333,1,pidqa-sheet-488,1,3,st-04173;st-56743;st-75402
5,set_b,complete_recovery_with_false_candidates,0,0.8888888888888888,1,0,1,pidqa-cf8567fb7c3d4a47,paddleocr_geometry,0,0.8,st-50001;st-66912;st-76618;st-96788;sta,1.0,4,pidqa-sheet-077,4,4,st-50001;st-66912;st-76618;st-96788
3,set_b,exact_set,1,1.0,0,0,0,pidqa-d46c433407c03e66,paddleocr_geometry,0,1.0,ro-10 364;ro-10 525;ro-10 545,1.0,3,pidqa-sheet-282,3,3,ro-10 364;ro-10 525;ro-10 545
2,set_b,exact_set,1,1.0,0,0,0,pidqa-dd211d193226cddc,paddleocr_geometry,0,1.0,mn-29700;mn-90715,1.0,2,pidqa-sheet-184,2,2,mn-29700;mn-90715
2,set_b,partial_recovery_no_false_candidate,0,0.8,0,1,0,pidqa-dd4e735e1a38f0f1,paddleocr_geometry,1,1.0,sdl 257;sdl 382,0.6666666666666666,2,pidqa-sheet-385,2,3,sdl 257;sdl 382;sdl 727
0,set_b,empty_prediction,0,0.0,0,2,0,pidqa-ddffb495a2f0db07,paddleocr_geometry,2,0.0,,0.0,0,pidqa-sheet-417,0,2,wx-11994;wx-46690
3,set_b,partial_recovery_no_false_candidate,0,0.6666666666666666,0,3,0,pidqa-df288d95dc24fe32,paddleocr_geometry,3,1.0,cd-31332;cd-45970;cd-54941,0.5,3,pidqa-sheet-296,3,6,cd-31332;cd-45970;cd-54941;cd-79998;cd-87616;cd-89474
1,set_b,exact_set,1,1.0,0,0,0,pidqa-e069b204039e9a2a,paddleocr_geometry,0,1.0,qr-32684,1.0,1,pidqa-sheet-041,1,1,qr-32684
1,set_b,partial_recovery_no_false_candidate,0,0.6666666666666666,0,1,0,pidqa-e55d2ddac4335454,paddleocr_geometry,1,1.0,zlo 371,0.5,1,pidqa-sheet-136,1,2,zlo 289;zlo 371
1,set_b,false_candidates_without_recovery,0,0.0,1,4,1,pidqa-e72e732e00404ca5,paddleocr_geometry,4,0.0,ins,0.0,0,pidqa-sheet-410,0,4,ins ( 11°c );ins ( 15°c );ins ( 22°c );ins ( 53°c )
5,set_b,partial_recovery_with_false_candidates,0,0.5,2,4,2,pidqa-e784a9dda46b26d4,paddleocr_geometry,4,0.6,ef-54357;ef-76248;ef-76647;efforts;efgh,0.42857142857142855,3,pidqa-sheet-031,3,7,ef-07980;ef-54357;ef-58866;ef-61350;ef-76248;ef-76647;ef-79825
0,set_b,empty_prediction,0,0.0,0,1,0,pidqa-e8a88e68db8af87a,paddleocr_geometry,1,0.0,,0.0,0,pidqa-sheet-415,0,1,qr-20140
1,set_b,false_candidates_without_recovery,0,0.0,1,5,1,pidqa-e9d9f9e5915f13b4,paddleocr_geometry,5,0.0,opp1,0.0,0,pidqa-sheet-474,0,5,op-01435;op-12489;op-41990;op-66212;op-76756
0,set_b,empty_prediction,0,0.0,0,3,0,pidqa-edecda2f285f0d3b,paddleocr_geometry,3,0.0,,0.0,0,pidqa-sheet-309,0,3,ro-10 327;ro-10 507;ro-10 538
1,set_b,partial_recovery_no_false_candidate,0,0.5,0,2,0,pidqa-f22ac37cadb8555d,paddleocr_geometry,2,1.0,cv-64294,0.3333333333333333,1,pidqa-sheet-469,1,3,cv-42277;cv-45934;cv-64294
0,set_b,exact_set,1,1.0,0,0,0,pidqa-f283793d943fcfa8,paddleocr_geometry,0,1.0,,1.0,0,pidqa-sheet-026,0,0,
1,set_b,partial_recovery_no_false_candidate,0,0.6666666666666666,0,1,0,pidqa-f5c61061d0075833,paddleocr_geometry,1,1.0,cd-58014,0.5,1,pidqa-sheet-191,1,2,cd-15150;cd-58014
2,set_b,partial_recovery_with_false_candidates,0,0.4,1,2,1,pidqa-f91a982dc4d46fa9,paddleocr_geometry,2,0.5,wx-24-70;wx-27393,0.3333333333333333,1,pidqa-sheet-463,1,3,wx-09105;wx-24784;wx-27393
1,set_b,partial_recovery_no_false_candidate,0,0.4,0,3,0,pidqa-fa684002ab74446b,paddleocr_geometry,3,1.0,rv-14074,0.25,1,pidqa-sheet-440,1,4,rv-14074;rv-24038;rv-32077;rv-74452
2,set_b,partial_recovery_no_false_candidate,0,0.6666666666666666,0,2,0,pidqa-fb09b726215e5b3c,paddleocr_geometry,2,1.0,kl-38032;kl-49397,0.5,2,pidqa-sheet-366,2,4,kl-28839;kl-38032;kl-49397;kl-91274
2,set_b,partial_recovery_no_false_candidate,0,0.6666666666666666,0,2,0,pidqa-fcc7bcbeb95f27f4,paddleocr_geometry,2,1.0,cv-13992;cv-81847,0.5,2,pidqa-sheet-035,2,4,cv-13992;cv-15444;cv-38118;cv-81847
0,set_b,exact_set,1,1.0,0,0,0,pidqa-fd4335aa2c9016cb,paddleocr_geometry,0,1.0,,1.0,0,pidqa-sheet-196,0,0,
2,set_b,partial_recovery_no_false_candidate,0,0.8,0,1,0,pidqa-ffa7a479d6ee04c9,paddleocr_geometry,1,1.0,dv-08762;dv-55523,0.6666666666666666,2,pidqa-sheet-370,2,3,dv-06765;dv-08762;dv-55523
4,set_b,partial_recovery_with_false_candidates,0,0.5714285714285714,2,1,2,pidqa-016b963d9bc57879,set_union,1,0.5,sdl 197;sdl 389;sdl-197;sdl-732,0.6666666666666666,2,pidqa-sheet-361,2,3,sdl 197;sdl 389;sdl 732
2,set_b,partial_recovery_with_false_candidates,0,0.5,1,1,1,pidqa-02b1077698718c87,set_union,1,0.5,av-71716;av15,0.5,1,pidqa-sheet-181,1,2,av-53306;av-71716
6,set_b,partial_recovery_no_false_candidate,0,0.8571428571428571,0,2,0,pidqa-05367f98fc2978c5,set_union,2,1.0,cs-34;cs-50;cs-55;cs-80;cs-81;cs-86,0.75,6,pidqa-sheet-122,6,8,cs-01;cs-34;cs-50;cs-55;cs-80;cs-81;cs-83;cs-86
1,set_b,exact_set,1,1.0,0,0,0,pidqa-07d2d7d2ed61317a,set_union,0,1.0,op-14149,1.0,1,pidqa-sheet-350,1,1,op-14149
4,set_b,partial_recovery_no_false_candidate,0,0.7272727272727273,0,3,0,pidqa-09a47d8256ca9af4,set_union,3,1.0,op-22494;op-42508;op-54531;op-67900,0.5714285714285714,4,pidqa-sheet-378,4,7,op-22494;op-40540;op-42508;op-53551;op-54531;op-67900;op-83219
5,set_b,partial_recovery_no_false_candidate,0,0.7692307692307693,0,3,0,pidqa-09d5966f710213eb,set_union,3,1.0,gh-33873;gh-40059;gh-41949;gh-77306;gh-97223,0.625,5,pidqa-sheet-148,5,8,gh-33873;gh-40059;gh-41949;gh-48478;gh-49695;gh-77306;gh-85039;gh-97223
5,set_b,partial_recovery_with_false_candidates,0,0.7272727272727273,1,2,1,pidqa-0af6234429690fb1,set_union,2,0.8,ddl 187;ddl 254;ddl 904;ddl 967;ddl-329,0.6666666666666666,4,pidqa-sheet-209,4,6,ddl 187;ddl 254;ddl 329;ddl 637;ddl 904;ddl 967
4,set_b,partial_recovery_no_false_candidate,0,0.8888888888888888,0,1,0,pidqa-0c327050b1b6428b,set_union,1,1.0,ddl 443;ddl 605;ddl 859;ddl 916,0.8,4,pidqa-sheet-360,4,5,ddl 443;ddl 605;ddl 847;ddl 859;ddl 916
3,set_b,false_candidates_without_recovery,0,0.0,3,3,3,pidqa-0df73136608ca96a,set_union,3,0.0,ins-19°c;ins-25°c;ins-51°c,0.0,0,pidqa-sheet-439,0,3,ins ( -19°c );ins ( -51°c );ins ( 25°c )
6,set_b,partial_recovery_with_false_candidates,0,0.36363636363636365,4,3,4,pidqa-0e1e010e50dbb0a5,set_union,3,0.3333333333333333,op-08866;op-34891;op-48831;op-52394;op-53869;op-88639,0.4,2,pidqa-sheet-070,2,5,op-04473;op-24050;op-36931;op-52394;op-53869
2,set_b,partial_recovery_no_false_candidate,0,0.6666666666666666,0,2,0,pidqa-13b8dc3f25e25bb5,set_union,2,1.0,gh-57979;gh-58647,0.5,2,pidqa-sheet-072,2,4,gh-02943;gh-37776;gh-57979;gh-58647
5,set_b,partial_recovery_with_false_candidates,0,0.5454545454545454,2,3,2,pidqa-13db22813d5a5dd7,set_union,3,0.6,cd-30656;cd-49269;cd-58389;cd-86324;cd-95745,0.5,3,pidqa-sheet-482,3,6,cd-30656;cd-49269;cd-58589;cd-66301;cd-86324;cd-92980
1,set_b,exact_set,1,1.0,0,0,0,pidqa-1c3a03e1501a5d2f,set_union,0,1.0,erv-3-12,1.0,1,pidqa-sheet-256,1,1,erv-3-12
4,set_b,partial_recovery_with_false_candidates,0,0.5,2,2,2,pidqa-1f3f881abf809ee1,set_union,2,0.5,ab-25264;ab-25691;abc;abcd,0.5,2,pidqa-sheet-392,2,4,ab-25264;ab-25691;ab-30864;ab-65995
1,set_b,exact_set,1,1.0,0,0,0,pidqa-201aff7da5782292,set_union,0,1.0,cv-94282,1.0,1,pidqa-sheet-448,1,1,cv-94282
4,set_b,partial_recovery_with_false_candidates,0,0.6666666666666666,1,2,1,pidqa-2199662f817e5a8d,set_union,2,0.75,uv-49567;uv-69206;uv-75579;uv-78264,0.6,3,pidqa-sheet-100,3,5,uv-26488;uv-49567;uv-69206;uv-75579;uv-97976
1,set_b,false_candidates_without_recovery,0,0.0,1,0,1,pidqa-2479dc9dd92deb72,set_union,0,0.0,none,0.0,0,pidqa-sheet-089,0,0,
3,set_b,partial_recovery_with_false_candidates,0,0.6666666666666666,1,1,1,pidqa-259eb80e4408df30,set_union,1,0.6666666666666666,dv;dv-04965;dv-41907,0.6666666666666666,2,pidqa-sheet-162,2,3,dv-04965;dv-37643;dv-41907
8,set_b,complete_recovery_with_false_candidates,0,0.6666666666666666,4,0,4,pidqa-26b17721d40df362,set_union,0,0.5,zlo 395;zlo 497;zlo 607;zlo 743;zlo-395;zlo-497;zlo-607;zlo-743,1.0,4,pidqa-sheet-242,4,4,zlo 395;zlo 497;zlo 607;zlo 743
3,set_b,partial_recovery_with_false_candidates,0,0.6666666666666666,1,1,1,pidqa-27921cfa2f04484d,set_union,1,0.6666666666666666,cv-0-70;cv-59107;cv-90923,0.6666666666666666,2,pidqa-sheet-405,2,3,cv-53997;cv-59107;cv-90923
8,set_b,partial_recovery_with_false_candidates,0,0.7142857142857143,3,1,3,pidqa-2a3e7d16a4b6dc5e,set_union,1,0.625,dv-10172;dv-10406;dv-51772;dv-60502;dv-60506;dv-64954;dv-88858;dvy12,0.8333333333333334,5,pidqa-sheet-029,5,6,dv-10172;dv-10406;dv-51752;dv-60502;dv-64954;dv-88858
1,set_b,false_candidates_without_recovery,0,0.0,1,0,1,pidqa-3326cad2a81c63e7,set_union,0,0.0,none,0.0,0,pidqa-sheet-444,0,0,
4,set_b,partial_recovery_with_false_candidates,0,0.75,1,1,1,pidqa-36e9b51bd2b49d64,set_union,1,0.75,ro-10 304;ro-10 514;ro-10 778;ro-10 790,0.75,3,pidqa-sheet-155,3,4,ro-10 304;ro-10 514;ro-10 778;ro-10 985
2,set_b,exact_set,1,1.0,0,0,0,pidqa-3812b214e1818b14,set_union,0,1.0,av-04652;av-77491,1.0,2,pidqa-sheet-169,2,2,av-04652;av-77491
1,set_b,partial_recovery_no_false_candidate,0,0.6666666666666666,0,1,0,pidqa-38c3da059c3062e9,set_union,1,1.0,kl-75775,0.5,1,pidqa-sheet-013,1,2,kl-08580;kl-75775
6,set_b,complete_recovery_with_false_candidates,0,0.8,2,0,2,pidqa-3b6e2a71c1e96cca,set_union,0,0.6666666666666666,av-26029;av-45890;av-71332;av-91942;av-97339;avy732,1.0,4,pidqa-sheet-212,4,4,av-26029;av-45890;av-71332;av-97339
6,set_b,partial_recovery_no_false_candidate,0,0.8,0,3,0,pidqa-3cba7a7dbf5dd60c,set_union,3,1.0,wx-10191;wx-16248;wx-31549;wx-86553;wx-86682;wx-97331,0.6666666666666666,6,pidqa-sheet-158,6,9,wx-10191;wx-11206;wx-16248;wx-30831;wx-31549;wx-73557;wx-86553;wx-86682;wx-97331
5,set_b,partial_recovery_with_false_candidates,0,0.6666666666666666,1,3,1,pidqa-3d67f14265bb2220,set_union,3,0.8,ij-02301;ij-04875;ij-38979;ij-51230;ij-88533,0.5714285714285714,4,pidqa-sheet-451,4,7,ij-04875;ij-21696;ij-38979;ij-51230;ij-52366;ij-59885;ij-88533
5,set_b,partial_recovery_with_false_candidates,0,0.8,1,1,1,pidqa-3f2361937c910a54,set_union,1,0.8,ddl 223;ddl 237;ddl 759;ddl 998;ddl-237,0.8,4,pidqa-sheet-187,4,5,ddl 223;ddl 237;ddl 515;ddl 759;ddl 998
7,set_b,complete_recovery_with_false_candidates,0,0.9230769230769231,1,0,1,pidqa-421b44d975ff4678,set_union,0,0.8571428571428571,uv-07585;uv-34995;uv-37805;uv-46020;uv-57436;uv-73731;uv-96753,1.0,6,pidqa-sheet-351,6,6,uv-07585;uv-37805;uv-46020;uv-57436;uv-73731;uv-96753
3,set_b,partial_recovery_no_false_candidate,0,0.8571428571428571,0,1,0,pidqa-4552eed9d3456a8a,set_union,1,1.0,kl-50201;kl-56828;kl-85807,0.75,3,pidqa-sheet-286,3,4,kl-50201;kl-54724;kl-56828;kl-85807
4,set_b,complete_recovery_with_false_candidates,0,0.6666666666666666,2,0,2,pidqa-49105c2af1960eea,set_union,0,0.5,gi 712;gi 933;gi-712;gi-933,1.0,2,pidqa-sheet-221,2,2,gi 712;gi 933
3,set_b,partial_recovery_with_false_candidates,0,0.6666666666666666,1,1,1,pidqa-4ce6915c793fe515,set_union,1,0.6666666666666666,ef-24668;ef-90762;efgh,0.6666666666666666,2,pidqa-sheet-338,2,3,ef-24668;ef-90762;ef-97004
5,set_b,partial_recovery_with_false_candidates,0,0.2857142857142857,4,1,4,pidqa-4f8914d0c4f6750f,set_union,1,0.2,ef-22221;ef-23900;ef-46730;efforts;efgh,0.5,1,pidqa-sheet-190,1,2,ef-22221;ef-39840
7,set_b,complete_recovery_with_false_candidates,0,0.7272727272727273,3,0,3,pidqa-53f77daeaca01320,set_union,0,0.5714285714285714,kl-29271;kl-36908;kl-45823;kl-53206;kl-58999;kl-62250;kl252,1.0,4,pidqa-sheet-002,4,4,kl-29271;kl-53206;kl-58999;kl-62250
3,set_b,exact_set,1,1.0,0,0,0,pidqa-56bd7c162d3f5d5e,set_union,0,1.0,zlc 488;zlc 599;zlc 757,1.0,3,pidqa-sheet-307,3,3,zlc 488;zlc 599;zlc 757
0,set_b,exact_set,1,1.0,0,0,0,pidqa-59c9f9251a714a5b,set_union,0,1.0,,1.0,0,pidqa-sheet-269,0,0,
6,set_b,complete_recovery_with_false_candidates,0,0.8,2,0,2,pidqa-5a1c2466e26c2f44,set_union,0,0.6666666666666666,wx-21066;wx-25461;wx-49643;wx-5303;wx-55303;wx-67272,1.0,4,pidqa-sheet-490,4,4,wx-21066;wx-25461;wx-55303;wx-67272
2,set_b,exact_set,1,1.0,0,0,0,pidqa-5fbbf7e105b68853,set_union,0,1.0,rv-18376;rv-84378,1.0,2,pidqa-sheet-098,2,2,rv-18376;rv-84378
2,set_b,partial_recovery_no_false_candidate,0,0.8,0,1,0,pidqa-6267a699045894d4,set_union,1,1.0,cd-56614;cd-72015,0.6666666666666666,2,pidqa-sheet-276,2,3,cd-56614;cd-72015;cd-84862
1,set_b,partial_recovery_no_false_candidate,0,0.6666666666666666,0,1,0,pidqa-65020dbb36831bca,set_union,1,1.0,ij-89212,0.5,1,pidqa-sheet-402,1,2,ij-31831;ij-89212
13,set_b,partial_recovery_with_false_candidates,0,0.6,7,1,7,pidqa-6518bb75c0ec241c,set_union,1,0.46153846153846156,st-19224;st-20472;st-61009;st-6717;st-69678;st-7;st-77533;st-77971;st-81009;st-93051;st-97223;st-98858;sta,0.8571428571428571,6,pidqa-sheet-142,6,7,st-07829;st-20472;st-69678;st-81009;st-93051;st-97223;st-98858
4,set_b,exact_set,1,1.0,0,0,0,pidqa-734329612e43d1ca,set_union,0,1.0,ro-10 135;ro-10 202;ro-10 385;ro-10 603,1.0,4,pidqa-sheet-244,4,4,ro-10 135;ro-10 202;ro-10 385;ro-10 603
4,set_b,partial_recovery_no_false_candidate,0,0.8888888888888888,0,1,0,pidqa-738bc3f1782a76e0,set_union,1,1.0,kl-08386;kl-55062;kl-75802;kl-97019,0.8,4,pidqa-sheet-267,4,5,kl-08386;kl-55062;kl-72371;kl-75802;kl-97019
3,set_b,partial_recovery_with_false_candidates,0,0.4,2,1,2,pidqa-7a6a1185e3b45659,set_union,1,0.3333333333333333,kl-81274;kll03;kll7,0.5,1,pidqa-sheet-059,1,2,kl-03031;kl-81274
1,set_b,false_candidates_without_recovery,0,0.0,1,0,1,pidqa-7f1bf9753128acd2,set_union,0,0.0,sta,0.0,0,pidqa-sheet-056,0,0,
1,set_b,exact_set,1,1.0,0,0,0,pidqa-88314ef2eeb50b78,set_union,0,1.0,sta,1.0,1,pidqa-sheet-207,1,1,sta
2,set_b,partial_recovery_no_false_candidate,0,0.8,0,1,0,pidqa-8c8b27e3fe4edc66,set_union,1,1.0,cs-24;cs-86,0.6666666666666666,2,pidqa-sheet-327,2,3,cs-24;cs-39;cs-86
7,set_b,partial_recovery_with_false_candidates,0,0.5454545454545454,4,1,4,pidqa-8ce8fb4eeb3fe824,set_union,1,0.42857142857142855,kl-;kl-61393;kl-62698;kl-71789;kl-766;kl-97275;klz26,0.75,3,pidqa-sheet-009,3,4,kl-44057;kl-61393;kl-62698;kl-97275
1,set_b,false_candidates_without_recovery,0,0.0,1,0,1,pidqa-8fd5949763072a9e,set_union,0,0.0,none,0.0,0,pidqa-sheet-127,0,0,
4,set_b,partial_recovery_no_false_candidate,0,0.8,0,2,0,pidqa-90b74af181950866,set_union,2,1.0,cd-39967;cd-50933;cd-52848;cd-67339,0.6666666666666666,4,pidqa-sheet-413,4,6,cd-39967;cd-50933;cd-52848;cd-67339;cd-80480;cd-88405
8,set_b,false_candidates_without_recovery,0,0.0,8,9,8,pidqa-9205c9a543f7fa28,set_union,9,0.0,ins;ins(-11°c);ins(-17°c);ins(-22°c);ins(-49°c);ins(-50°c);ins(14°c);ins(46°c),0.0,0,pidqa-sheet-382,0,9,ins ( -11°c );ins ( -17°c );ins ( -22°c );ins ( -49°c );ins ( -50°c );ins ( 14°c );ins ( 42°c );ins ( 46°c );ins ( 50°c )
7,set_b,partial_recovery_with_false_candidates,0,0.6153846153846154,3,2,3,pidqa-9644c0ea46acad70,set_union,2,0.5714285714285714,mn-62339;mn-72190;mn-72516;mn-84852;mn-94206;mn-98871;mnn55,0.6666666666666666,4,pidqa-sheet-396,4,6,mn-27407;mn-62939;mn-72516;mn-84852;mn-94206;mn-98871
3,set_b,partial_recovery_no_false_candidate,0,0.8571428571428571,0,1,0,pidqa-97829bc150662fe9,set_union,1,1.0,cs-16;cs-21;cs-35,0.75,3,pidqa-sheet-259,3,4,cs-16;cs-21;cs-35;cs-40
8,set_b,complete_recovery_with_false_candidates,0,0.6666666666666666,4,0,4,pidqa-9abe1b15aa131c32,set_union,0,0.5,sdl 333;sdl 343;sdl 658;sdl 871;sdl-333;sdl-343;sdl-658;sdl-871,1.0,4,pidqa-sheet-491,4,4,sdl 333;sdl 343;sdl 658;sdl 871
4,set_b,partial_recovery_no_false_candidate,0,0.8,0,2,0,pidqa-9c68f482a6167707,set_union,2,1.0,cs-07;cs-15;cs-60;cs-85,0.6666666666666666,4,pidqa-sheet-032,4,6,cs-07;cs-15;cs-20;cs-60;cs-68;cs-85
2,set_b,partial_recovery_no_false_candidate,0,0.8,0,1,0,pidqa-a3111e5026a1f8f7,set_union,1,1.0,kl-73553;kl-96905,0.6666666666666666,2,pidqa-sheet-284,2,3,kl-35684;kl-73553;kl-96905
4,set_b,partial_recovery_with_false_candidates,0,0.3333333333333333,3,1,3,pidqa-a581b081d7294cf7,set_union,1,0.25,zlc 541;zlc-339;zlc-541;zlc-702,0.5,1,pidqa-sheet-349,1,2,zlc 339;zlc 541
6,set_b,complete_recovery_with_false_candidates,0,0.6666666666666666,3,0,3,pidqa-ae7ff9dd3a5ee54d,set_union,0,0.5,sdl 299;sdl 560;sdl 707;sdl-299;sdl-560;sdl-707,1.0,3,pidqa-sheet-025,3,3,sdl 299;sdl 560;sdl 707
3,set_b,exact_set,1,1.0,0,0,0,pidqa-aef49d3f960637da,set_union,0,1.0,ddl 380;ddl 519;ddl 777,1.0,3,pidqa-sheet-472,3,3,ddl 380;ddl 519;ddl 777
1,set_b,partial_recovery_no_false_candidate,0,0.6666666666666666,0,1,0,pidqa-affde9a2d65ed274,set_union,1,1.0,qr-62154,0.5,1,pidqa-sheet-447,1,2,qr-62154;qr-99555
3,set_b,exact_set,1,1.0,0,0,0,pidqa-b0c77e506f2fd952,set_union,0,1.0,op-02735;op-18903;op-75219,1.0,3,pidqa-sheet-129,3,3,op-02735;op-18903;op-75219
4,set_b,partial_recovery_with_false_candidates,0,0.6666666666666666,1,2,1,pidqa-b3639767f8fb4b69,set_union,2,0.75,cd-13369;cd-24096;cd-44814;cdd00,0.6,3,pidqa-sheet-442,3,5,cd-00045;cd-13369;cd-24096;cd-44814;cd-78933
1,set_b,exact_set,1,1.0,0,0,0,pidqa-b38974d89c5567b7,set_union,0,1.0,wx-99532,1.0,1,pidqa-sheet-433,1,1,wx-99532
4,set_b,false_candidates_without_recovery,0,0.0,4,3,4,pidqa-b68b3ec10ff7c845,set_union,3,0.0,ins;ins (-37°c);ins (-47°c);ins (37°c),0.0,0,pidqa-sheet-107,0,3,ins ( -37°c );ins ( -47°c );ins ( 37°c )
2,set_b,exact_set,1,1.0,0,0,0,pidqa-b7b2467002e6ef5c,set_union,0,1.0,cs-18;cs-98,1.0,2,pidqa-sheet-109,2,2,cs-18;cs-98
3,set_b,partial_recovery_no_false_candidate,0,0.8571428571428571,0,1,0,pidqa-b969d18c38d14a2a,set_union,1,1.0,rv-06129;rv-62785;rv-95459,0.75,3,pidqa-sheet-416,3,4,rv-06129;rv-43029;rv-62785;rv-95459
1,set_b,partial_recovery_no_false_candidate,0,0.6666666666666666,0,1,0,pidqa-bb46b7c2c5044f85,set_union,1,1.0,mn-74592,0.5,1,pidqa-sheet-205,1,2,mn-52607;mn-74592
5,set_b,complete_recovery_with_false_candidates,0,0.75,2,0,2,pidqa-bd006d290ebc8473,set_union,0,0.6,ij-01929;ij-34382;ij-47147;ij-59462;ij-67397,1.0,3,pidqa-sheet-272,3,3,ij-34382;ij-59462;ij-67397
5,set_b,complete_recovery_with_false_candidates,0,0.8888888888888888,1,0,1,pidqa-be67ffa9e48ac764,set_union,0,0.8,gh-17276;gh-25813;gh-32152;gh-58467;gh-91168,1.0,4,pidqa-sheet-172,4,4,gh-25813;gh-32152;gh-58467;gh-91168
4,set_b,complete_recovery_with_false_candidates,0,0.6666666666666666,2,0,2,pidqa-bf40e825a62b8259,set_union,0,0.5,sdl 251;sdl 969;sdl-251;sdl-969,1.0,2,pidqa-sheet-214,2,2,sdl 251;sdl 969
5,set_b,partial_recovery_with_false_candidates,0,0.6666666666666666,1,3,1,pidqa-c197f849a4360f1f,set_union,3,0.8,ij-05901;ij-11564;ij-2788;ij-42814;ij-77397,0.5714285714285714,4,pidqa-sheet-292,4,7,ij-05901;ij-11564;ij-14675;ij-27288;ij-27670;ij-42814;ij-77397
3,set_b,partial_recovery_no_false_candidate,0,0.6666666666666666,0,3,0,pidqa-c28de3b9be15ca9b,set_union,3,1.0,cd-03255;cd-50553;cd-86228,0.5,3,pidqa-sheet-063,3,6,cd-03255;cd-39523;cd-50553;cd-76243;cd-86228;cd-98999
2,set_b,complete_recovery_with_false_candidates,0,0.6666666666666666,1,0,1,pidqa-c36267312418de23,set_union,0,0.5,ef-30475;efgh,1.0,1,pidqa-sheet-479,1,1,ef-30475
6,set_b,complete_recovery_with_false_candidates,0,0.8,2,0,2,pidqa-c3bba23728b3fbf8,set_union,0,0.6666666666666666,er;erv-0-20;erv-1-68;erv-1-68 671;erv-4-29;erv-9-65,1.0,4,pidqa-sheet-285,4,4,erv-0-20;erv-1-68;erv-4-29;erv-9-65
4,set_b,partial_recovery_with_false_candidates,0,0.75,1,1,1,pidqa-c88f3f166d2b8685,set_union,1,0.75,mn-70303;mn-86418;mn-86565;mnz22,0.75,3,pidqa-sheet-071,3,4,mn-02285;mn-70303;mn-86418;mn-86565
1,set_b,exact_set,1,1.0,0,0,0,pidqa-ca9453c0916dd854,set_union,0,1.0,qr-01570,1.0,1,pidqa-sheet-141,1,1,qr-01570
3,set_b,partial_recovery_with_false_candidates,0,0.6666666666666666,1,1,1,pidqa-cd9e54a055aa1d2d,set_union,1,0.6666666666666666,st-04173;st-56743;st5302,0.6666666666666666,2,pidqa-sheet-488,2,3,st-04173;st-56743;st-75402
11,set_b,complete_recovery_with_false_candidates,0,0.5333333333333333,7,0,7,pidqa-cf8567fb7c3d4a47,set_union,0,0.36363636363636365,st-0346;st-15-4437;st-21757;st-24175;st-3187;st-4433;st-50001;st-66912;st-76618;st-96788;sta,1.0,4,pidqa-sheet-077,4,4,st-50001;st-66912;st-76618;st-96788
3,set_b,exact_set,1,1.0,0,0,0,pidqa-d46c433407c03e66,set_union,0,1.0,ro-10 364;ro-10 525;ro-10 545,1.0,3,pidqa-sheet-282,3,3,ro-10 364;ro-10 525;ro-10 545
2,set_b,exact_set,1,1.0,0,0,0,pidqa-dd211d193226cddc,set_union,0,1.0,mn-29700;mn-90715,1.0,2,pidqa-sheet-184,2,2,mn-29700;mn-90715
5,set_b,partial_recovery_with_false_candidates,0,0.5,3,1,3,pidqa-dd4e735e1a38f0f1,set_union,1,0.4,sdl 257;sdl 382;sdl-257;sdl-382;sdl-727,0.6666666666666666,2,pidqa-sheet-385,2,3,sdl 257;sdl 382;sdl 727
2,set_b,exact_set,1,1.0,0,0,0,pidqa-ddffb495a2f0db07,set_union,0,1.0,wx-11994;wx-46690,1.0,2,pidqa-sheet-417,2,2,wx-11994;wx-46690
10,set_b,complete_recovery_with_false_candidates,0,0.75,4,0,4,pidqa-df288d95dc24fe32,set_union,0,0.6,cd-31332;cd-45970;cd-54941;cd-59095;cd-60869;cd-79998;cd-87616;cd-89474;cd-91332;cd-946,1.0,6,pidqa-sheet-296,6,6,cd-31332;cd-45970;cd-54941;cd-79998;cd-87616;cd-89474
1,set_b,exact_set,1,1.0,0,0,0,pidqa-e069b204039e9a2a,set_union,0,1.0,qr-32684,1.0,1,pidqa-sheet-041,1,1,qr-32684
3,set_b,partial_recovery_with_false_candidates,0,0.4,2,1,2,pidqa-e55d2ddac4335454,set_union,1,0.3333333333333333,zlo 371;zlo-289;zlo-371,0.5,1,pidqa-sheet-136,1,2,zlo 289;zlo 371
5,set_b,false_candidates_without_recovery,0,0.0,5,4,5,pidqa-e72e732e00404ca5,set_union,4,0.0,ins;ins (11°c);ins (133°c);ins (15°c);ins (22°c),0.0,0,pidqa-sheet-410,0,4,ins ( 11°c );ins ( 15°c );ins ( 22°c );ins ( 53°c )
21,set_b,partial_recovery_with_false_candidates,0,0.2857142857142857,17,3,17,pidqa-e784a9dda46b26d4,set_union,3,0.19047619047619047,ef-07880;ef-13294;ef-29372;ef-38281;ef-42480;ef-46335;ef-54357;ef-58866;ef-76248;ef-76647;ef-79790;ef-8212;ef-84418;ef-91567;ef-95951;ef-9631;ef-97300;ef-982;ef-9825;efforts;efgh,0.5714285714285714,4,pidqa-sheet-031,4,7,ef-07980;ef-54357;ef-58866;ef-61350;ef-76248;ef-76647;ef-79825
1,set_b,exact_set,1,1.0,0,0,0,pidqa-e8a88e68db8af87a,set_union,0,1.0,qr-20140,1.0,1,pidqa-sheet-415,1,1,qr-20140
4,set_b,partial_recovery_with_false_candidates,0,0.6666666666666666,1,2,1,pidqa-e9d9f9e5915f13b4,set_union,2,0.75,op-01435;op-12489;op-66212;opp1,0.6,3,pidqa-sheet-474,3,5,op-01435;op-12489;op-41990;op-66212;op-76756
2,set_b,partial_recovery_no_false_candidate,0,0.8,0,1,0,pidqa-edecda2f285f0d3b,set_union,1,1.0,ro-10 507;ro-10 538,0.6666666666666666,2,pidqa-sheet-309,2,3,ro-10 327;ro-10 507;ro-10 538
2,set_b,partial_recovery_no_false_candidate,0,0.8,0,1,0,pidqa-f22ac37cadb8555d,set_union,1,1.0,cv-42277;cv-64294,0.6666666666666666,2,pidqa-sheet-469,2,3,cv-42277;cv-45934;cv-64294
2,set_b,false_candidates_without_recovery,0,0.0,2,0,2,pidqa-f283793d943fcfa8,set_union,0,0.0,op-74206;op-96875,0.0,0,pidqa-sheet-026,0,0,
2,set_b,partial_recovery_with_false_candidates,0,0.5,1,1,1,pidqa-f5c61061d0075833,set_union,1,0.5,cd-58014;cd-81354,0.5,1,pidqa-sheet-191,1,2,cd-15150;cd-58014
12,set_b,complete_recovery_with_false_candidates,0,0.4,9,0,9,pidqa-f91a982dc4d46fa9,set_union,0,0.25,wx-09105;wx-24-70;wx-24784;wx-27393;wx-40255;wx-47529;wx-66044;wx-73523;wx-77268;wx-90586;wx-91162;wx-91446,1.0,3,pidqa-sheet-463,3,3,wx-09105;wx-24784;wx-27393
7,set_b,partial_recovery_with_false_candidates,0,0.5454545454545454,4,1,4,pidqa-fa684002ab74446b,set_union,1,0.42857142857142855,rv-07926;rv-1-0694;rv-14074;rv-24038;rv-32077;rv-5-01;rv-74432,0.75,3,pidqa-sheet-440,3,4,rv-14074;rv-24038;rv-32077;rv-74452
5,set_b,partial_recovery_with_false_candidates,0,0.6666666666666666,2,1,2,pidqa-fb09b726215e5b3c,set_union,1,0.6,kl-28839;kl-38032;kl-49397;kl-83787;kl-91724,0.75,3,pidqa-sheet-366,3,4,kl-28839;kl-38032;kl-49397;kl-91274
24,set_b,partial_recovery_with_false_candidates,0,0.14285714285714285,22,2,22,pidqa-fcc7bcbeb95f27f4,set_union,2,0.08333333333333333,cv-13992;cv-81407;cv-81847;cv-82618;cv-82619;cv-82628;cv-82633;cv-82634;cv-82635;cv-82636;cv-82637;cv-82638;cv-82639;cv-82640;cv-82641;cv-82642;cv-82643;cv-82644;cv-82645;cv-82646;cv-82647;cv-82648;cv-82649;cv-82800,0.5,2,pidqa-sheet-035,2,4,cv-13992;cv-15444;cv-38118;cv-81847
1,set_b,false_candidates_without_recovery,0,0.0,1,0,1,pidqa-fd4335aa2c9016cb,set_union,0,0.0,none,0.0,0,pidqa-sheet-196,0,0,
5,set_b,partial_recovery_with_false_candidates,0,0.5,3,1,3,pidqa-ffa7a479d6ee04c9,set_union,1,0.4,dv-08762;dv-55523;dv-66765;dv-90393;dv-94041,0.6666666666666666,2,pidqa-sheet-370,2,3,dv-06765;dv-08762;dv-55523
0,set_b,empty_prediction,0,0.0,0,3,0,pidqa-016b963d9bc57879,set_intersection,3,0.0,,0.0,0,pidqa-sheet-361,0,3,sdl 197;sdl 389;sdl 732
1,set_b,partial_recovery_no_false_candidate,0,0.6666666666666666,0,1,0,pidqa-02b1077698718c87,set_intersection,1,1.0,av-71716,0.5,1,pidqa-sheet-181,1,2,av-53306;av-71716
3,set_b,partial_recovery_no_false_candidate,0,0.5454545454545454,0,5,0,pidqa-05367f98fc2978c5,set_intersection,5,1.0,cs-55;cs-80;cs-86,0.375,3,pidqa-sheet-122,3,8,cs-01;cs-34;cs-50;cs-55;cs-80;cs-81;cs-83;cs-86
0,set_b,empty_prediction,0,0.0,0,1,0,pidqa-07d2d7d2ed61317a,set_intersection,1,0.0,,0.0,0,pidqa-sheet-350,0,1,op-14149
1,set_b,partial_recovery_no_false_candidate,0,0.25,0,6,0,pidqa-09a47d8256ca9af4,set_intersection,6,1.0,op-22494,0.14285714285714285,1,pidqa-sheet-378,1,7,op-22494;op-40540;op-42508;op-53551;op-54531;op-67900;op-83219
3,set_b,partial_recovery_no_false_candidate,0,0.5454545454545454,0,5,0,pidqa-09d5966f710213eb,set_intersection,5,1.0,gh-33873;gh-40059;gh-97223,0.375,3,pidqa-sheet-148,3,8,gh-33873;gh-40059;gh-41949;gh-48478;gh-49695;gh-77306;gh-85039;gh-97223
0,set_b,empty_prediction,0,0.0,0,6,0,pidqa-0af6234429690fb1,set_intersection,6,0.0,,0.0,0,pidqa-sheet-209,0,6,ddl 187;ddl 254;ddl 329;ddl 637;ddl 904;ddl 967
2,set_b,partial_recovery_no_false_candidate,0,0.5714285714285714,0,3,0,pidqa-0c327050b1b6428b,set_intersection,3,1.0,ddl 605;ddl 859,0.4,2,pidqa-sheet-360,2,5,ddl 443;ddl 605;ddl 847;ddl 859;ddl 916
0,set_b,empty_prediction,0,0.0,0,3,0,pidqa-0df73136608ca96a,set_intersection,3,0.0,,0.0,0,pidqa-sheet-439,0,3,ins ( -19°c );ins ( -51°c );ins ( 25°c )
2,set_b,partial_recovery_no_false_candidate,0,0.5714285714285714,0,3,0,pidqa-0e1e010e50dbb0a5,set_intersection,3,1.0,op-52394;op-53869,0.4,2,pidqa-sheet-070,2,5,op-04473;op-24050;op-36931;op-52394;op-53869
1,set_b,partial_recovery_no_false_candidate,0,0.4,0,3,0,pidqa-13b8dc3f25e25bb5,set_intersection,3,1.0,gh-58647,0.25,1,pidqa-sheet-072,1,4,gh-02943;gh-37776;gh-57979;gh-58647
3,set_b,partial_recovery_no_false_candidate,0,0.6666666666666666,0,3,0,pidqa-13db22813d5a5dd7,set_intersection,3,1.0,cd-30656;cd-49269;cd-86324,0.5,3,pidqa-sheet-482,3,6,cd-30656;cd-49269;cd-58589;cd-66301;cd-86324;cd-92980
1,set_b,exact_set,1,1.0,0,0,0,pidqa-1c3a03e1501a5d2f,set_intersection,0,1.0,erv-3-12,1.0,1,pidqa-sheet-256,1,1,erv-3-12
1,set_b,partial_recovery_no_false_candidate,0,0.4,0,3,0,pidqa-1f3f881abf809ee1,set_intersection,3,1.0,ab-25264,0.25,1,pidqa-sheet-392,1,4,ab-25264;ab-25691;ab-30864;ab-65995
1,set_b,exact_set,1,1.0,0,0,0,pidqa-201aff7da5782292,set_intersection,0,1.0,cv-94282,1.0,1,pidqa-sheet-448,1,1,cv-94282
2,set_b,partial_recovery_no_false_candidate,0,0.5714285714285714,0,3,0,pidqa-2199662f817e5a8d,set_intersection,3,1.0,uv-49567;uv-75579,0.4,2,pidqa-sheet-100,2,5,uv-26488;uv-49567;uv-69206;uv-75579;uv-97976
0,set_b,exact_set,1,1.0,0,0,0,pidqa-2479dc9dd92deb72,set_intersection,0,1.0,,1.0,0,pidqa-sheet-089,0,0,
0,set_b,empty_prediction,0,0.0,0,3,0,pidqa-259eb80e4408df30,set_intersection,3,0.0,,0.0,0,pidqa-sheet-162,0,3,dv-04965;dv-37643;dv-41907
0,set_b,empty_prediction,0,0.0,0,4,0,pidqa-26b17721d40df362,set_intersection,4,0.0,,0.0,0,pidqa-sheet-242,0,4,zlo 395;zlo 497;zlo 607;zlo 743
2,set_b,partial_recovery_no_false_candidate,0,0.8,0,1,0,pidqa-27921cfa2f04484d,set_intersection,1,1.0,cv-59107;cv-90923,0.6666666666666666,2,pidqa-sheet-405,2,3,cv-53997;cv-59107;cv-90923
2,set_b,partial_recovery_no_false_candidate,0,0.5,0,4,0,pidqa-2a3e7d16a4b6dc5e,set_intersection,4,1.0,dv-10406;dv-88858,0.3333333333333333,2,pidqa-sheet-029,2,6,dv-10172;dv-10406;dv-51752;dv-60502;dv-64954;dv-88858
0,set_b,exact_set,1,1.0,0,0,0,pidqa-3326cad2a81c63e7,set_intersection,0,1.0,,1.0,0,pidqa-sheet-444,0,0,
0,set_b,empty_prediction,0,0.0,0,4,0,pidqa-36e9b51bd2b49d64,set_intersection,4,0.0,,0.0,0,pidqa-sheet-155,0,4,ro-10 304;ro-10 514;ro-10 778;ro-10 985
1,set_b,partial_recovery_no_false_candidate,0,0.6666666666666666,0,1,0,pidqa-3812b214e1818b14,set_intersection,1,1.0,av-04652,0.5,1,pidqa-sheet-169,1,2,av-04652;av-77491
0,set_b,empty_prediction,0,0.0,0,2,0,pidqa-38c3da059c3062e9,set_intersection,2,0.0,,0.0,0,pidqa-sheet-013,0,2,kl-08580;kl-75775
1,set_b,partial_recovery_no_false_candidate,0,0.4,0,3,0,pidqa-3b6e2a71c1e96cca,set_intersection,3,1.0,av-97339,0.25,1,pidqa-sheet-212,1,4,av-26029;av-45890;av-71332;av-97339
1,set_b,partial_recovery_no_false_candidate,0,0.2,0,8,0,pidqa-3cba7a7dbf5dd60c,set_intersection,8,1.0,wx-86682,0.1111111111111111,1,pidqa-sheet-158,1,9,wx-10191;wx-11206;wx-16248;wx-30831;wx-31549;wx-73557;wx-86553;wx-86682;wx-97331
3,set_b,partial_recovery_no_false_candidate,0,0.6,0,4,0,pidqa-3d67f14265bb2220,set_intersection,4,1.0,ij-38979;ij-51230;ij-88533,0.42857142857142855,3,pidqa-sheet-451,3,7,ij-04875;ij-21696;ij-38979;ij-51230;ij-52366;ij-59885;ij-88533
0,set_b,empty_prediction,0,0.0,0,5,0,pidqa-3f2361937c910a54,set_intersection,5,0.0,,0.0,0,pidqa-sheet-187,0,5,ddl 223;ddl 237;ddl 515;ddl 759;ddl 998
2,set_b,partial_recovery_no_false_candidate,0,0.5,0,4,0,pidqa-421b44d975ff4678,set_intersection,4,1.0,uv-46020;uv-57436,0.3333333333333333,2,pidqa-sheet-351,2,6,uv-07585;uv-37805;uv-46020;uv-57436;uv-73731;uv-96753
3,set_b,partial_recovery_no_false_candidate,0,0.8571428571428571,0,1,0,pidqa-4552eed9d3456a8a,set_intersection,1,1.0,kl-50201;kl-56828;kl-85807,0.75,3,pidqa-sheet-286,3,4,kl-50201;kl-54724;kl-56828;kl-85807
0,set_b,empty_prediction,0,0.0,0,2,0,pidqa-49105c2af1960eea,set_intersection,2,0.0,,0.0,0,pidqa-sheet-221,0,2,gi 712;gi 933
0,set_b,empty_prediction,0,0.0,0,3,0,pidqa-4ce6915c793fe515,set_intersection,3,0.0,,0.0,0,pidqa-sheet-338,0,3,ef-24668;ef-90762;ef-97004
1,set_b,partial_recovery_no_false_candidate,0,0.6666666666666666,0,1,0,pidqa-4f8914d0c4f6750f,set_intersection,1,1.0,ef-22221,0.5,1,pidqa-sheet-190,1,2,ef-22221;ef-39840
2,set_b,partial_recovery_no_false_candidate,0,0.6666666666666666,0,2,0,pidqa-53f77daeaca01320,set_intersection,2,1.0,kl-53206;kl-58999,0.5,2,pidqa-sheet-002,2,4,kl-29271;kl-53206;kl-58999;kl-62250
3,set_b,exact_set,1,1.0,0,0,0,pidqa-56bd7c162d3f5d5e,set_intersection,0,1.0,zlc 488;zlc 599;zlc 757,1.0,3,pidqa-sheet-307,3,3,zlc 488;zlc 599;zlc 757
0,set_b,exact_set,1,1.0,0,0,0,pidqa-59c9f9251a714a5b,set_intersection,0,1.0,,1.0,0,pidqa-sheet-269,0,0,
3,set_b,partial_recovery_no_false_candidate,0,0.8571428571428571,0,1,0,pidqa-5a1c2466e26c2f44,set_intersection,1,1.0,wx-21066;wx-55303;wx-67272,0.75,3,pidqa-sheet-490,3,4,wx-21066;wx-25461;wx-55303;wx-67272
0,set_b,empty_prediction,0,0.0,0,2,0,pidqa-5fbbf7e105b68853,set_intersection,2,0.0,,0.0,0,pidqa-sheet-098,0,2,rv-18376;rv-84378
1,set_b,partial_recovery_no_false_candidate,0,0.5,0,2,0,pidqa-6267a699045894d4,set_intersection,2,1.0,cd-72015,0.3333333333333333,1,pidqa-sheet-276,1,3,cd-56614;cd-72015;cd-84862
1,set_b,partial_recovery_no_false_candidate,0,0.6666666666666666,0,1,0,pidqa-65020dbb36831bca,set_intersection,1,1.0,ij-89212,0.5,1,pidqa-sheet-402,1,2,ij-31831;ij-89212
0,set_b,empty_prediction,0,0.0,0,7,0,pidqa-6518bb75c0ec241c,set_intersection,7,0.0,,0.0,0,pidqa-sheet-142,0,7,st-07829;st-20472;st-69678;st-81009;st-93051;st-97223;st-98858
4,set_b,exact_set,1,1.0,0,0,0,pidqa-734329612e43d1ca,set_intersection,0,1.0,ro-10 135;ro-10 202;ro-10 385;ro-10 603,1.0,4,pidqa-sheet-244,4,4,ro-10 135;ro-10 202;ro-10 385;ro-10 603
2,set_b,partial_recovery_no_false_candidate,0,0.5714285714285714,0,3,0,pidqa-738bc3f1782a76e0,set_intersection,3,1.0,kl-08386;kl-55062,0.4,2,pidqa-sheet-267,2,5,kl-08386;kl-55062;kl-72371;kl-75802;kl-97019
0,set_b,empty_prediction,0,0.0,0,2,0,pidqa-7a6a1185e3b45659,set_intersection,2,0.0,,0.0,0,pidqa-sheet-059,0,2,kl-03031;kl-81274
1,set_b,false_candidates_without_recovery,0,0.0,1,0,1,pidqa-7f1bf9753128acd2,set_intersection,0,0.0,sta,0.0,0,pidqa-sheet-056,0,0,
1,set_b,exact_set,1,1.0,0,0,0,pidqa-88314ef2eeb50b78,set_intersection,0,1.0,sta,1.0,1,pidqa-sheet-207,1,1,sta
1,set_b,partial_recovery_no_false_candidate,0,0.5,0,2,0,pidqa-8c8b27e3fe4edc66,set_intersection,2,1.0,cs-86,0.3333333333333333,1,pidqa-sheet-327,1,3,cs-24;cs-39;cs-86
2,set_b,partial_recovery_no_false_candidate,0,0.6666666666666666,0,2,0,pidqa-8ce8fb4eeb3fe824,set_intersection,2,1.0,kl-61393;kl-62698,0.5,2,pidqa-sheet-009,2,4,kl-44057;kl-61393;kl-62698;kl-97275
0,set_b,exact_set,1,1.0,0,0,0,pidqa-8fd5949763072a9e,set_intersection,0,1.0,,1.0,0,pidqa-sheet-127,0,0,
2,set_b,partial_recovery_no_false_candidate,0,0.5,0,4,0,pidqa-90b74af181950866,set_intersection,4,1.0,cd-39967;cd-67339,0.3333333333333333,2,pidqa-sheet-413,2,6,cd-39967;cd-50933;cd-52848;cd-67339;cd-80480;cd-88405
0,set_b,empty_prediction,0,0.0,0,9,0,pidqa-9205c9a543f7fa28,set_intersection,9,0.0,,0.0,0,pidqa-sheet-382,0,9,ins ( -11°c );ins ( -17°c );ins ( -22°c );ins ( -49°c );ins ( -50°c );ins ( 14°c );ins ( 42°c );ins ( 46°c );ins ( 50°c )
3,set_b,partial_recovery_no_false_candidate,0,0.6666666666666666,0,3,0,pidqa-9644c0ea46acad70,set_intersection,3,1.0,mn-84852;mn-94206;mn-98871,0.5,3,pidqa-sheet-396,3,6,mn-27407;mn-62939;mn-72516;mn-84852;mn-94206;mn-98871
1,set_b,partial_recovery_no_false_candidate,0,0.4,0,3,0,pidqa-97829bc150662fe9,set_intersection,3,1.0,cs-16,0.25,1,pidqa-sheet-259,1,4,cs-16;cs-21;cs-35;cs-40
0,set_b,empty_prediction,0,0.0,0,4,0,pidqa-9abe1b15aa131c32,set_intersection,4,0.0,,0.0,0,pidqa-sheet-491,0,4,sdl 333;sdl 343;sdl 658;sdl 871
1,set_b,partial_recovery_no_false_candidate,0,0.2857142857142857,0,5,0,pidqa-9c68f482a6167707,set_intersection,5,1.0,cs-07,0.16666666666666666,1,pidqa-sheet-032,1,6,cs-07;cs-15;cs-20;cs-60;cs-68;cs-85
2,set_b,partial_recovery_no_false_candidate,0,0.8,0,1,0,pidqa-a3111e5026a1f8f7,set_intersection,1,1.0,kl-73553;kl-96905,0.6666666666666666,2,pidqa-sheet-284,2,3,kl-35684;kl-73553;kl-96905
0,set_b,empty_prediction,0,0.0,0,2,0,pidqa-a581b081d7294cf7,set_intersection,2,0.0,,0.0,0,pidqa-sheet-349,0,2,zlc 339;zlc 541
0,set_b,empty_prediction,0,0.0,0,3,0,pidqa-ae7ff9dd3a5ee54d,set_intersection,3,0.0,,0.0,0,pidqa-sheet-025,0,3,sdl 299;sdl 560;sdl 707
3,set_b,exact_set,1,1.0,0,0,0,pidqa-aef49d3f960637da,set_intersection,0,1.0,ddl 380;ddl 519;ddl 777,1.0,3,pidqa-sheet-472,3,3,ddl 380;ddl 519;ddl 777
0,set_b,empty_prediction,0,0.0,0,2,0,pidqa-affde9a2d65ed274,set_intersection,2,0.0,,0.0,0,pidqa-sheet-447,0,2,qr-62154;qr-99555
3,set_b,exact_set,1,1.0,0,0,0,pidqa-b0c77e506f2fd952,set_intersection,0,1.0,op-02735;op-18903;op-75219,1.0,3,pidqa-sheet-129,3,3,op-02735;op-18903;op-75219
2,set_b,partial_recovery_no_false_candidate,0,0.5714285714285714,0,3,0,pidqa-b3639767f8fb4b69,set_intersection,3,1.0,cd-13369;cd-44814,0.4,2,pidqa-sheet-442,2,5,cd-00045;cd-13369;cd-24096;cd-44814;cd-78933
0,set_b,empty_prediction,0,0.0,0,1,0,pidqa-b38974d89c5567b7,set_intersection,1,0.0,,0.0,0,pidqa-sheet-433,0,1,wx-99532
0,set_b,empty_prediction,0,0.0,0,3,0,pidqa-b68b3ec10ff7c845,set_intersection,3,0.0,,0.0,0,pidqa-sheet-107,0,3,ins ( -37°c );ins ( -47°c );ins ( 37°c )
0,set_b,empty_prediction,0,0.0,0,2,0,pidqa-b7b2467002e6ef5c,set_intersection,2,0.0,,0.0,0,pidqa-sheet-109,0,2,cs-18;cs-98
1,set_b,partial_recovery_no_false_candidate,0,0.4,0,3,0,pidqa-b969d18c38d14a2a,set_intersection,3,1.0,rv-06129,0.25,1,pidqa-sheet-416,1,4,rv-06129;rv-43029;rv-62785;rv-95459
0,set_b,empty_prediction,0,0.0,0,2,0,pidqa-bb46b7c2c5044f85,set_intersection,2,0.0,,0.0,0,pidqa-sheet-205,0,2,mn-52607;mn-74592
2,set_b,partial_recovery_no_false_candidate,0,0.8,0,1,0,pidqa-bd006d290ebc8473,set_intersection,1,1.0,ij-34382;ij-67397,0.6666666666666666,2,pidqa-sheet-272,2,3,ij-34382;ij-59462;ij-67397
3,set_b,partial_recovery_no_false_candidate,0,0.8571428571428571,0,1,0,pidqa-be67ffa9e48ac764,set_intersection,1,1.0,gh-25813;gh-32152;gh-91168,0.75,3,pidqa-sheet-172,3,4,gh-25813;gh-32152;gh-58467;gh-91168
0,set_b,empty_prediction,0,0.0,0,2,0,pidqa-bf40e825a62b8259,set_intersection,2,0.0,,0.0,0,pidqa-sheet-214,0,2,sdl 251;sdl 969
1,set_b,partial_recovery_no_false_candidate,0,0.25,0,6,0,pidqa-c197f849a4360f1f,set_intersection,6,1.0,ij-05901,0.14285714285714285,1,pidqa-sheet-292,1,7,ij-05901;ij-11564;ij-14675;ij-27288;ij-27670;ij-42814;ij-77397
2,set_b,partial_recovery_no_false_candidate,0,0.5,0,4,0,pidqa-c28de3b9be15ca9b,set_intersection,4,1.0,cd-03255;cd-86228,0.3333333333333333,2,pidqa-sheet-063,2,6,cd-03255;cd-39523;cd-50553;cd-76243;cd-86228;cd-98999
0,set_b,empty_prediction,0,0.0,0,1,0,pidqa-c36267312418de23,set_intersection,1,0.0,,0.0,0,pidqa-sheet-479,0,1,ef-30475
2,set_b,partial_recovery_no_false_candidate,0,0.6666666666666666,0,2,0,pidqa-c3bba23728b3fbf8,set_intersection,2,1.0,erv-0-20;erv-9-65,0.5,2,pidqa-sheet-285,2,4,erv-0-20;erv-1-68;erv-4-29;erv-9-65
1,set_b,partial_recovery_no_false_candidate,0,0.4,0,3,0,pidqa-c88f3f166d2b8685,set_intersection,3,1.0,mn-70303,0.25,1,pidqa-sheet-071,1,4,mn-02285;mn-70303;mn-86418;mn-86565
0,set_b,empty_prediction,0,0.0,0,1,0,pidqa-ca9453c0916dd854,set_intersection,1,0.0,,0.0,0,pidqa-sheet-141,0,1,qr-01570
1,set_b,partial_recovery_no_false_candidate,0,0.5,0,2,0,pidqa-cd9e54a055aa1d2d,set_intersection,2,1.0,st-56743,0.3333333333333333,1,pidqa-sheet-488,1,3,st-04173;st-56743;st-75402
4,set_b,exact_set,1,1.0,0,0,0,pidqa-cf8567fb7c3d4a47,set_intersection,0,1.0,st-50001;st-66912;st-76618;st-96788,1.0,4,pidqa-sheet-077,4,4,st-50001;st-66912;st-76618;st-96788
3,set_b,exact_set,1,1.0,0,0,0,pidqa-d46c433407c03e66,set_intersection,0,1.0,ro-10 364;ro-10 525;ro-10 545,1.0,3,pidqa-sheet-282,3,3,ro-10 364;ro-10 525;ro-10 545
2,set_b,exact_set,1,1.0,0,0,0,pidqa-dd211d193226cddc,set_intersection,0,1.0,mn-29700;mn-90715,1.0,2,pidqa-sheet-184,2,2,mn-29700;mn-90715
0,set_b,empty_prediction,0,0.0,0,3,0,pidqa-dd4e735e1a38f0f1,set_intersection,3,0.0,,0.0,0,pidqa-sheet-385,0,3,sdl 257;sdl 382;sdl 727
0,set_b,empty_prediction,0,0.0,0,2,0,pidqa-ddffb495a2f0db07,set_intersection,2,0.0,,0.0,0,pidqa-sheet-417,0,2,wx-11994;wx-46690
1,set_b,partial_recovery_no_false_candidate,0,0.2857142857142857,0,5,0,pidqa-df288d95dc24fe32,set_intersection,5,1.0,cd-31332,0.16666666666666666,1,pidqa-sheet-296,1,6,cd-31332;cd-45970;cd-54941;cd-79998;cd-87616;cd-89474
1,set_b,exact_set,1,1.0,0,0,0,pidqa-e069b204039e9a2a,set_intersection,0,1.0,qr-32684,1.0,1,pidqa-sheet-041,1,1,qr-32684
0,set_b,empty_prediction,0,0.0,0,2,0,pidqa-e55d2ddac4335454,set_intersection,2,0.0,,0.0,0,pidqa-sheet-136,0,2,zlo 289;zlo 371
0,set_b,empty_prediction,0,0.0,0,4,0,pidqa-e72e732e00404ca5,set_intersection,4,0.0,,0.0,0,pidqa-sheet-410,0,4,ins ( 11°c );ins ( 15°c );ins ( 22°c );ins ( 53°c )
0,set_b,empty_prediction,0,0.0,0,7,0,pidqa-e784a9dda46b26d4,set_intersection,7,0.0,,0.0,0,pidqa-sheet-031,0,7,ef-07980;ef-54357;ef-58866;ef-61350;ef-76248;ef-76647;ef-79825
0,set_b,empty_prediction,0,0.0,0,1,0,pidqa-e8a88e68db8af87a,set_intersection,1,0.0,,0.0,0,pidqa-sheet-415,0,1,qr-20140
0,set_b,empty_prediction,0,0.0,0,5,0,pidqa-e9d9f9e5915f13b4,set_intersection,5,0.0,,0.0,0,pidqa-sheet-474,0,5,op-01435;op-12489;op-41990;op-66212;op-76756
0,set_b,empty_prediction,0,0.0,0,3,0,pidqa-edecda2f285f0d3b,set_intersection,3,0.0,,0.0,0,pidqa-sheet-309,0,3,ro-10 327;ro-10 507;ro-10 538
0,set_b,empty_prediction,0,0.0,0,3,0,pidqa-f22ac37cadb8555d,set_intersection,3,0.0,,0.0,0,pidqa-sheet-469,0,3,cv-42277;cv-45934;cv-64294
0,set_b,exact_set,1,1.0,0,0,0,pidqa-f283793d943fcfa8,set_intersection,0,1.0,,1.0,0,pidqa-sheet-026,0,0,
1,set_b,partial_recovery_no_false_candidate,0,0.6666666666666666,0,1,0,pidqa-f5c61061d0075833,set_intersection,1,1.0,cd-58014,0.5,1,pidqa-sheet-191,1,2,cd-15150;cd-58014
1,set_b,partial_recovery_no_false_candidate,0,0.5,0,2,0,pidqa-f91a982dc4d46fa9,set_intersection,2,1.0,wx-27393,0.3333333333333333,1,pidqa-sheet-463,1,3,wx-09105;wx-24784;wx-27393
1,set_b,partial_recovery_no_false_candidate,0,0.4,0,3,0,pidqa-fa684002ab74446b,set_intersection,3,1.0,rv-14074,0.25,1,pidqa-sheet-440,1,4,rv-14074;rv-24038;rv-32077;rv-74452
1,set_b,partial_recovery_no_false_candidate,0,0.4,0,3,0,pidqa-fb09b726215e5b3c,set_intersection,3,1.0,kl-49397,0.25,1,pidqa-sheet-366,1,4,kl-28839;kl-38032;kl-49397;kl-91274
2,set_b,partial_recovery_no_false_candidate,0,0.6666666666666666,0,2,0,pidqa-fcc7bcbeb95f27f4,set_intersection,2,1.0,cv-13992;cv-81847,0.5,2,pidqa-sheet-035,2,4,cv-13992;cv-15444;cv-38118;cv-81847
0,set_b,exact_set,1,1.0,0,0,0,pidqa-fd4335aa2c9016cb,set_intersection,0,1.0,,1.0,0,pidqa-sheet-196,0,0,
2,set_b,partial_recovery_no_false_candidate,0,0.8,0,1,0,pidqa-ffa7a479d6ee04c9,set_intersection,1,1.0,dv-08762;dv-55523,0.6666666666666666,2,pidqa-sheet-370,2,3,dv-06765;dv-08762;dv-55523
2,set_b,partial_recovery_no_false_candidate,0,0.8,0,1,0,pidqa-016b963d9bc57879,ocr_if_nonempty_else_qwen,1,1.0,sdl 197;sdl 389,0.6666666666666666,2,pidqa-sheet-361,2,3,sdl 197;sdl 389;sdl 732
2,set_b,partial_recovery_with_false_candidates,0,0.5,1,1,1,pidqa-02b1077698718c87,ocr_if_nonempty_else_qwen,1,0.5,av-71716;av15,0.5,1,pidqa-sheet-181,1,2,av-53306;av-71716
3,set_b,partial_recovery_no_false_candidate,0,0.5454545454545454,0,5,0,pidqa-05367f98fc2978c5,ocr_if_nonempty_else_qwen,5,1.0,cs-55;cs-80;cs-86,0.375,3,pidqa-sheet-122,3,8,cs-01;cs-34;cs-50;cs-55;cs-80;cs-81;cs-83;cs-86
1,set_b,exact_set,1,1.0,0,0,0,pidqa-07d2d7d2ed61317a,ocr_if_nonempty_else_qwen,0,1.0,op-14149,1.0,1,pidqa-sheet-350,1,1,op-14149
4,set_b,partial_recovery_no_false_candidate,0,0.7272727272727273,0,3,0,pidqa-09a47d8256ca9af4,ocr_if_nonempty_else_qwen,3,1.0,op-22494;op-42508;op-54531;op-67900,0.5714285714285714,4,pidqa-sheet-378,4,7,op-22494;op-40540;op-42508;op-53551;op-54531;op-67900;op-83219
5,set_b,partial_recovery_no_false_candidate,0,0.7692307692307693,0,3,0,pidqa-09d5966f710213eb,ocr_if_nonempty_else_qwen,3,1.0,gh-33873;gh-40059;gh-41949;gh-77306;gh-97223,0.625,5,pidqa-sheet-148,5,8,gh-33873;gh-40059;gh-41949;gh-48478;gh-49695;gh-77306;gh-85039;gh-97223
4,set_b,partial_recovery_no_false_candidate,0,0.8,0,2,0,pidqa-0af6234429690fb1,ocr_if_nonempty_else_qwen,2,1.0,ddl 187;ddl 254;ddl 904;ddl 967,0.6666666666666666,4,pidqa-sheet-209,4,6,ddl 187;ddl 254;ddl 329;ddl 637;ddl 904;ddl 967
2,set_b,partial_recovery_no_false_candidate,0,0.5714285714285714,0,3,0,pidqa-0c327050b1b6428b,ocr_if_nonempty_else_qwen,3,1.0,ddl 605;ddl 859,0.4,2,pidqa-sheet-360,2,5,ddl 443;ddl 605;ddl 847;ddl 859;ddl 916
3,set_b,false_candidates_without_recovery,0,0.0,3,3,3,pidqa-0df73136608ca96a,ocr_if_nonempty_else_qwen,3,0.0,ins-19°c;ins-25°c;ins-51°c,0.0,0,pidqa-sheet-439,0,3,ins ( -19°c );ins ( -51°c );ins ( 25°c )
2,set_b,partial_recovery_no_false_candidate,0,0.5714285714285714,0,3,0,pidqa-0e1e010e50dbb0a5,ocr_if_nonempty_else_qwen,3,1.0,op-52394;op-53869,0.4,2,pidqa-sheet-070,2,5,op-04473;op-24050;op-36931;op-52394;op-53869
2,set_b,partial_recovery_no_false_candidate,0,0.6666666666666666,0,2,0,pidqa-13b8dc3f25e25bb5,ocr_if_nonempty_else_qwen,2,1.0,gh-57979;gh-58647,0.5,2,pidqa-sheet-072,2,4,gh-02943;gh-37776;gh-57979;gh-58647
3,set_b,partial_recovery_no_false_candidate,0,0.6666666666666666,0,3,0,pidqa-13db22813d5a5dd7,ocr_if_nonempty_else_qwen,3,1.0,cd-30656;cd-49269;cd-86324,0.5,3,pidqa-sheet-482,3,6,cd-30656;cd-49269;cd-58589;cd-66301;cd-86324;cd-92980
1,set_b,exact_set,1,1.0,0,0,0,pidqa-1c3a03e1501a5d2f,ocr_if_nonempty_else_qwen,0,1.0,erv-3-12,1.0,1,pidqa-sheet-256,1,1,erv-3-12
3,set_b,partial_recovery_with_false_candidates,0,0.2857142857142857,2,3,2,pidqa-1f3f881abf809ee1,ocr_if_nonempty_else_qwen,3,0.3333333333333333,ab-25264;abc;abcd,0.25,1,pidqa-sheet-392,1,4,ab-25264;ab-25691;ab-30864;ab-65995
1,set_b,exact_set,1,1.0,0,0,0,pidqa-201aff7da5782292,ocr_if_nonempty_else_qwen,0,1.0,cv-94282,1.0,1,pidqa-sheet-448,1,1,cv-94282
2,set_b,partial_recovery_no_false_candidate,0,0.5714285714285714,0,3,0,pidqa-2199662f817e5a8d,ocr_if_nonempty_else_qwen,3,1.0,uv-49567;uv-75579,0.4,2,pidqa-sheet-100,2,5,uv-26488;uv-49567;uv-69206;uv-75579;uv-97976
1,set_b,false_candidates_without_recovery,0,0.0,1,0,1,pidqa-2479dc9dd92deb72,ocr_if_nonempty_else_qwen,0,0.0,none,0.0,0,pidqa-sheet-089,0,0,
1,set_b,false_candidates_without_recovery,0,0.0,1,3,1,pidqa-259eb80e4408df30,ocr_if_nonempty_else_qwen,3,0.0,dv,0.0,0,pidqa-sheet-162,0,3,dv-04965;dv-37643;dv-41907
4,set_b,exact_set,1,1.0,0,0,0,pidqa-26b17721d40df362,ocr_if_nonempty_else_qwen,0,1.0,zlo 395;zlo 497;zlo 607;zlo 743,1.0,4,pidqa-sheet-242,4,4,zlo 395;zlo 497;zlo 607;zlo 743
2,set_b,partial_recovery_no_false_candidate,0,0.8,0,1,0,pidqa-27921cfa2f04484d,ocr_if_nonempty_else_qwen,1,1.0,cv-59107;cv-90923,0.6666666666666666,2,pidqa-sheet-405,2,3,cv-53997;cv-59107;cv-90923
4,set_b,partial_recovery_with_false_candidates,0,0.6,1,3,1,pidqa-2a3e7d16a4b6dc5e,ocr_if_nonempty_else_qwen,3,0.75,dv-10406;dv-64954;dv-88858;dvy12,0.5,3,pidqa-sheet-029,3,6,dv-10172;dv-10406;dv-51752;dv-60502;dv-64954;dv-88858
1,set_b,false_candidates_without_recovery,0,0.0,1,0,1,pidqa-3326cad2a81c63e7,ocr_if_nonempty_else_qwen,0,0.0,none,0.0,0,pidqa-sheet-444,0,0,
4,set_b,partial_recovery_with_false_candidates,0,0.75,1,1,1,pidqa-36e9b51bd2b49d64,ocr_if_nonempty_else_qwen,1,0.75,ro-10 304;ro-10 514;ro-10 778;ro-10 790,0.75,3,pidqa-sheet-155,3,4,ro-10 304;ro-10 514;ro-10 778;ro-10 985
1,set_b,partial_recovery_no_false_candidate,0,0.6666666666666666,0,1,0,pidqa-3812b214e1818b14,ocr_if_nonempty_else_qwen,1,1.0,av-04652,0.5,1,pidqa-sheet-169,1,2,av-04652;av-77491
1,set_b,partial_recovery_no_false_candidate,0,0.6666666666666666,0,1,0,pidqa-38c3da059c3062e9,ocr_if_nonempty_else_qwen,1,1.0,kl-75775,0.5,1,pidqa-sheet-013,1,2,kl-08580;kl-75775
2,set_b,partial_recovery_with_false_candidates,0,0.3333333333333333,1,3,1,pidqa-3b6e2a71c1e96cca,ocr_if_nonempty_else_qwen,3,0.5,av-97339;avy732,0.25,1,pidqa-sheet-212,1,4,av-26029;av-45890;av-71332;av-97339
6,set_b,partial_recovery_no_false_candidate,0,0.8,0,3,0,pidqa-3cba7a7dbf5dd60c,ocr_if_nonempty_else_qwen,3,1.0,wx-10191;wx-16248;wx-31549;wx-86553;wx-86682;wx-97331,0.6666666666666666,6,pidqa-sheet-158,6,9,wx-10191;wx-11206;wx-16248;wx-30831;wx-31549;wx-73557;wx-86553;wx-86682;wx-97331
3,set_b,partial_recovery_no_false_candidate,0,0.6,0,4,0,pidqa-3d67f14265bb2220,ocr_if_nonempty_else_qwen,4,1.0,ij-38979;ij-51230;ij-88533,0.42857142857142855,3,pidqa-sheet-451,3,7,ij-04875;ij-21696;ij-38979;ij-51230;ij-52366;ij-59885;ij-88533
4,set_b,partial_recovery_no_false_candidate,0,0.8888888888888888,0,1,0,pidqa-3f2361937c910a54,ocr_if_nonempty_else_qwen,1,1.0,ddl 223;ddl 237;ddl 759;ddl 998,0.8,4,pidqa-sheet-187,4,5,ddl 223;ddl 237;ddl 515;ddl 759;ddl 998
2,set_b,partial_recovery_no_false_candidate,0,0.5,0,4,0,pidqa-421b44d975ff4678,ocr_if_nonempty_else_qwen,4,1.0,uv-46020;uv-57436,0.3333333333333333,2,pidqa-sheet-351,2,6,uv-07585;uv-37805;uv-46020;uv-57436;uv-73731;uv-96753
3,set_b,partial_recovery_no_false_candidate,0,0.8571428571428571,0,1,0,pidqa-4552eed9d3456a8a,ocr_if_nonempty_else_qwen,1,1.0,kl-50201;kl-56828;kl-85807,0.75,3,pidqa-sheet-286,3,4,kl-50201;kl-54724;kl-56828;kl-85807
2,set_b,exact_set,1,1.0,0,0,0,pidqa-49105c2af1960eea,ocr_if_nonempty_else_qwen,0,1.0,gi 712;gi 933,1.0,2,pidqa-sheet-221,2,2,gi 712;gi 933
1,set_b,false_candidates_without_recovery,0,0.0,1,3,1,pidqa-4ce6915c793fe515,ocr_if_nonempty_else_qwen,3,0.0,efgh,0.0,0,pidqa-sheet-338,0,3,ef-24668;ef-90762;ef-97004
3,set_b,partial_recovery_with_false_candidates,0,0.4,2,1,2,pidqa-4f8914d0c4f6750f,ocr_if_nonempty_else_qwen,1,0.3333333333333333,ef-22221;efforts;efgh,0.5,1,pidqa-sheet-190,1,2,ef-22221;ef-39840
3,set_b,partial_recovery_with_false_candidates,0,0.5714285714285714,1,2,1,pidqa-53f77daeaca01320,ocr_if_nonempty_else_qwen,2,0.6666666666666666,kl-53206;kl-58999;kl252,0.5,2,pidqa-sheet-002,2,4,kl-29271;kl-53206;kl-58999;kl-62250
3,set_b,exact_set,1,1.0,0,0,0,pidqa-56bd7c162d3f5d5e,ocr_if_nonempty_else_qwen,0,1.0,zlc 488;zlc 599;zlc 757,1.0,3,pidqa-sheet-307,3,3,zlc 488;zlc 599;zlc 757
0,set_b,exact_set,1,1.0,0,0,0,pidqa-59c9f9251a714a5b,ocr_if_nonempty_else_qwen,0,1.0,,1.0,0,pidqa-sheet-269,0,0,
3,set_b,partial_recovery_no_false_candidate,0,0.8571428571428571,0,1,0,pidqa-5a1c2466e26c2f44,ocr_if_nonempty_else_qwen,1,1.0,wx-21066;wx-55303;wx-67272,0.75,3,pidqa-sheet-490,3,4,wx-21066;wx-25461;wx-55303;wx-67272
2,set_b,exact_set,1,1.0,0,0,0,pidqa-5fbbf7e105b68853,ocr_if_nonempty_else_qwen,0,1.0,rv-18376;rv-84378,1.0,2,pidqa-sheet-098,2,2,rv-18376;rv-84378
1,set_b,partial_recovery_no_false_candidate,0,0.5,0,2,0,pidqa-6267a699045894d4,ocr_if_nonempty_else_qwen,2,1.0,cd-72015,0.3333333333333333,1,pidqa-sheet-276,1,3,cd-56614;cd-72015;cd-84862
1,set_b,partial_recovery_no_false_candidate,0,0.6666666666666666,0,1,0,pidqa-65020dbb36831bca,ocr_if_nonempty_else_qwen,1,1.0,ij-89212,0.5,1,pidqa-sheet-402,1,2,ij-31831;ij-89212
3,set_b,partial_recovery_with_false_candidates,0,0.4,1,5,1,pidqa-6518bb75c0ec241c,ocr_if_nonempty_else_qwen,5,0.6666666666666666,st-20472;st-97223;sta,0.2857142857142857,2,pidqa-sheet-142,2,7,st-07829;st-20472;st-69678;st-81009;st-93051;st-97223;st-98858
4,set_b,exact_set,1,1.0,0,0,0,pidqa-734329612e43d1ca,ocr_if_nonempty_else_qwen,0,1.0,ro-10 135;ro-10 202;ro-10 385;ro-10 603,1.0,4,pidqa-sheet-244,4,4,ro-10 135;ro-10 202;ro-10 385;ro-10 603
2,set_b,partial_recovery_no_false_candidate,0,0.5714285714285714,0,3,0,pidqa-738bc3f1782a76e0,ocr_if_nonempty_else_qwen,3,1.0,kl-08386;kl-55062,0.4,2,pidqa-sheet-267,2,5,kl-08386;kl-55062;kl-72371;kl-75802;kl-97019
2,set_b,false_candidates_without_recovery,0,0.0,2,2,2,pidqa-7a6a1185e3b45659,ocr_if_nonempty_else_qwen,2,0.0,kll03;kll7,0.0,0,pidqa-sheet-059,0,2,kl-03031;kl-81274
1,set_b,false_candidates_without_recovery,0,0.0,1,0,1,pidqa-7f1bf9753128acd2,ocr_if_nonempty_else_qwen,0,0.0,sta,0.0,0,pidqa-sheet-056,0,0,
1,set_b,exact_set,1,1.0,0,0,0,pidqa-88314ef2eeb50b78,ocr_if_nonempty_else_qwen,0,1.0,sta,1.0,1,pidqa-sheet-207,1,1,sta
2,set_b,partial_recovery_no_false_candidate,0,0.8,0,1,0,pidqa-8c8b27e3fe4edc66,ocr_if_nonempty_else_qwen,1,1.0,cs-24;cs-86,0.6666666666666666,2,pidqa-sheet-327,2,3,cs-24;cs-39;cs-86
3,set_b,partial_recovery_with_false_candidates,0,0.5714285714285714,1,2,1,pidqa-8ce8fb4eeb3fe824,ocr_if_nonempty_else_qwen,2,0.6666666666666666,kl-61393;kl-62698;klz26,0.5,2,pidqa-sheet-009,2,4,kl-44057;kl-61393;kl-62698;kl-97275
1,set_b,false_candidates_without_recovery,0,0.0,1,0,1,pidqa-8fd5949763072a9e,ocr_if_nonempty_else_qwen,0,0.0,none,0.0,0,pidqa-sheet-127,0,0,
2,set_b,partial_recovery_no_false_candidate,0,0.5,0,4,0,pidqa-90b74af181950866,ocr_if_nonempty_else_qwen,4,1.0,cd-39967;cd-67339,0.3333333333333333,2,pidqa-sheet-413,2,6,cd-39967;cd-50933;cd-52848;cd-67339;cd-80480;cd-88405
1,set_b,false_candidates_without_recovery,0,0.0,1,9,1,pidqa-9205c9a543f7fa28,ocr_if_nonempty_else_qwen,9,0.0,ins,0.0,0,pidqa-sheet-382,0,9,ins ( -11°c );ins ( -17°c );ins ( -22°c );ins ( -49°c );ins ( -50°c );ins ( 14°c );ins ( 42°c );ins ( 46°c );ins ( 50°c )
4,set_b,partial_recovery_with_false_candidates,0,0.6,1,3,1,pidqa-9644c0ea46acad70,ocr_if_nonempty_else_qwen,3,0.75,mn-84852;mn-94206;mn-98871;mnn55,0.5,3,pidqa-sheet-396,3,6,mn-27407;mn-62939;mn-72516;mn-84852;mn-94206;mn-98871
1,set_b,partial_recovery_no_false_candidate,0,0.4,0,3,0,pidqa-97829bc150662fe9,ocr_if_nonempty_else_qwen,3,1.0,cs-16,0.25,1,pidqa-sheet-259,1,4,cs-16;cs-21;cs-35;cs-40
4,set_b,exact_set,1,1.0,0,0,0,pidqa-9abe1b15aa131c32,ocr_if_nonempty_else_qwen,0,1.0,sdl 333;sdl 343;sdl 658;sdl 871,1.0,4,pidqa-sheet-491,4,4,sdl 333;sdl 343;sdl 658;sdl 871
1,set_b,partial_recovery_no_false_candidate,0,0.2857142857142857,0,5,0,pidqa-9c68f482a6167707,ocr_if_nonempty_else_qwen,5,1.0,cs-07,0.16666666666666666,1,pidqa-sheet-032,1,6,cs-07;cs-15;cs-20;cs-60;cs-68;cs-85
2,set_b,partial_recovery_no_false_candidate,0,0.8,0,1,0,pidqa-a3111e5026a1f8f7,ocr_if_nonempty_else_qwen,1,1.0,kl-73553;kl-96905,0.6666666666666666,2,pidqa-sheet-284,2,3,kl-35684;kl-73553;kl-96905
1,set_b,partial_recovery_no_false_candidate,0,0.6666666666666666,0,1,0,pidqa-a581b081d7294cf7,ocr_if_nonempty_else_qwen,1,1.0,zlc 541,0.5,1,pidqa-sheet-349,1,2,zlc 339;zlc 541
3,set_b,exact_set,1,1.0,0,0,0,pidqa-ae7ff9dd3a5ee54d,ocr_if_nonempty_else_qwen,0,1.0,sdl 299;sdl 560;sdl 707,1.0,3,pidqa-sheet-025,3,3,sdl 299;sdl 560;sdl 707
3,set_b,exact_set,1,1.0,0,0,0,pidqa-aef49d3f960637da,ocr_if_nonempty_else_qwen,0,1.0,ddl 380;ddl 519;ddl 777,1.0,3,pidqa-sheet-472,3,3,ddl 380;ddl 519;ddl 777
1,set_b,partial_recovery_no_false_candidate,0,0.6666666666666666,0,1,0,pidqa-affde9a2d65ed274,ocr_if_nonempty_else_qwen,1,1.0,qr-62154,0.5,1,pidqa-sheet-447,1,2,qr-62154;qr-99555
3,set_b,exact_set,1,1.0,0,0,0,pidqa-b0c77e506f2fd952,ocr_if_nonempty_else_qwen,0,1.0,op-02735;op-18903;op-75219,1.0,3,pidqa-sheet-129,3,3,op-02735;op-18903;op-75219
4,set_b,partial_recovery_with_false_candidates,0,0.6666666666666666,1,2,1,pidqa-b3639767f8fb4b69,ocr_if_nonempty_else_qwen,2,0.75,cd-13369;cd-24096;cd-44814;cdd00,0.6,3,pidqa-sheet-442,3,5,cd-00045;cd-13369;cd-24096;cd-44814;cd-78933
1,set_b,exact_set,1,1.0,0,0,0,pidqa-b38974d89c5567b7,ocr_if_nonempty_else_qwen,0,1.0,wx-99532,1.0,1,pidqa-sheet-433,1,1,wx-99532
1,set_b,false_candidates_without_recovery,0,0.0,1,3,1,pidqa-b68b3ec10ff7c845,ocr_if_nonempty_else_qwen,3,0.0,ins,0.0,0,pidqa-sheet-107,0,3,ins ( -37°c );ins ( -47°c );ins ( 37°c )
1,set_b,partial_recovery_no_false_candidate,0,0.6666666666666666,0,1,0,pidqa-b7b2467002e6ef5c,ocr_if_nonempty_else_qwen,1,1.0,cs-18,0.5,1,pidqa-sheet-109,1,2,cs-18;cs-98
1,set_b,partial_recovery_no_false_candidate,0,0.4,0,3,0,pidqa-b969d18c38d14a2a,ocr_if_nonempty_else_qwen,3,1.0,rv-06129,0.25,1,pidqa-sheet-416,1,4,rv-06129;rv-43029;rv-62785;rv-95459
1,set_b,partial_recovery_no_false_candidate,0,0.6666666666666666,0,1,0,pidqa-bb46b7c2c5044f85,ocr_if_nonempty_else_qwen,1,1.0,mn-74592,0.5,1,pidqa-sheet-205,1,2,mn-52607;mn-74592
2,set_b,partial_recovery_no_false_candidate,0,0.8,0,1,0,pidqa-bd006d290ebc8473,ocr_if_nonempty_else_qwen,1,1.0,ij-34382;ij-67397,0.6666666666666666,2,pidqa-sheet-272,2,3,ij-34382;ij-59462;ij-67397
3,set_b,partial_recovery_no_false_candidate,0,0.8571428571428571,0,1,0,pidqa-be67ffa9e48ac764,ocr_if_nonempty_else_qwen,1,1.0,gh-25813;gh-32152;gh-91168,0.75,3,pidqa-sheet-172,3,4,gh-25813;gh-32152;gh-58467;gh-91168
2,set_b,exact_set,1,1.0,0,0,0,pidqa-bf40e825a62b8259,ocr_if_nonempty_else_qwen,0,1.0,sdl 251;sdl 969,1.0,2,pidqa-sheet-214,2,2,sdl 251;sdl 969
1,set_b,partial_recovery_no_false_candidate,0,0.25,0,6,0,pidqa-c197f849a4360f1f,ocr_if_nonempty_else_qwen,6,1.0,ij-05901,0.14285714285714285,1,pidqa-sheet-292,1,7,ij-05901;ij-11564;ij-14675;ij-27288;ij-27670;ij-42814;ij-77397
2,set_b,partial_recovery_no_false_candidate,0,0.5,0,4,0,pidqa-c28de3b9be15ca9b,ocr_if_nonempty_else_qwen,4,1.0,cd-03255;cd-86228,0.3333333333333333,2,pidqa-sheet-063,2,6,cd-03255;cd-39523;cd-50553;cd-76243;cd-86228;cd-98999
1,set_b,false_candidates_without_recovery,0,0.0,1,1,1,pidqa-c36267312418de23,ocr_if_nonempty_else_qwen,1,0.0,efgh,0.0,0,pidqa-sheet-479,0,1,ef-30475
3,set_b,partial_recovery_with_false_candidates,0,0.5714285714285714,1,2,1,pidqa-c3bba23728b3fbf8,ocr_if_nonempty_else_qwen,2,0.6666666666666666,erv-0-20;erv-1-68 671;erv-9-65,0.5,2,pidqa-sheet-285,2,4,erv-0-20;erv-1-68;erv-4-29;erv-9-65
2,set_b,partial_recovery_with_false_candidates,0,0.3333333333333333,1,3,1,pidqa-c88f3f166d2b8685,ocr_if_nonempty_else_qwen,3,0.5,mn-70303;mnz22,0.25,1,pidqa-sheet-071,1,4,mn-02285;mn-70303;mn-86418;mn-86565
1,set_b,exact_set,1,1.0,0,0,0,pidqa-ca9453c0916dd854,ocr_if_nonempty_else_qwen,0,1.0,qr-01570,1.0,1,pidqa-sheet-141,1,1,qr-01570
2,set_b,partial_recovery_with_false_candidates,0,0.4,1,2,1,pidqa-cd9e54a055aa1d2d,ocr_if_nonempty_else_qwen,2,0.5,st-56743;st5302,0.3333333333333333,1,pidqa-sheet-488,1,3,st-04173;st-56743;st-75402
5,set_b,complete_recovery_with_false_candidates,0,0.8888888888888888,1,0,1,pidqa-cf8567fb7c3d4a47,ocr_if_nonempty_else_qwen,0,0.8,st-50001;st-66912;st-76618;st-96788;sta,1.0,4,pidqa-sheet-077,4,4,st-50001;st-66912;st-76618;st-96788
3,set_b,exact_set,1,1.0,0,0,0,pidqa-d46c433407c03e66,ocr_if_nonempty_else_qwen,0,1.0,ro-10 364;ro-10 525;ro-10 545,1.0,3,pidqa-sheet-282,3,3,ro-10 364;ro-10 525;ro-10 545
2,set_b,exact_set,1,1.0,0,0,0,pidqa-dd211d193226cddc,ocr_if_nonempty_else_qwen,0,1.0,mn-29700;mn-90715,1.0,2,pidqa-sheet-184,2,2,mn-29700;mn-90715
2,set_b,partial_recovery_no_false_candidate,0,0.8,0,1,0,pidqa-dd4e735e1a38f0f1,ocr_if_nonempty_else_qwen,1,1.0,sdl 257;sdl 382,0.6666666666666666,2,pidqa-sheet-385,2,3,sdl 257;sdl 382;sdl 727
2,set_b,exact_set,1,1.0,0,0,0,pidqa-ddffb495a2f0db07,ocr_if_nonempty_else_qwen,0,1.0,wx-11994;wx-46690,1.0,2,pidqa-sheet-417,2,2,wx-11994;wx-46690
3,set_b,partial_recovery_no_false_candidate,0,0.6666666666666666,0,3,0,pidqa-df288d95dc24fe32,ocr_if_nonempty_else_qwen,3,1.0,cd-31332;cd-45970;cd-54941,0.5,3,pidqa-sheet-296,3,6,cd-31332;cd-45970;cd-54941;cd-79998;cd-87616;cd-89474
1,set_b,exact_set,1,1.0,0,0,0,pidqa-e069b204039e9a2a,ocr_if_nonempty_else_qwen,0,1.0,qr-32684,1.0,1,pidqa-sheet-041,1,1,qr-32684
1,set_b,partial_recovery_no_false_candidate,0,0.6666666666666666,0,1,0,pidqa-e55d2ddac4335454,ocr_if_nonempty_else_qwen,1,1.0,zlo 371,0.5,1,pidqa-sheet-136,1,2,zlo 289;zlo 371
1,set_b,false_candidates_without_recovery,0,0.0,1,4,1,pidqa-e72e732e00404ca5,ocr_if_nonempty_else_qwen,4,0.0,ins,0.0,0,pidqa-sheet-410,0,4,ins ( 11°c );ins ( 15°c );ins ( 22°c );ins ( 53°c )
5,set_b,partial_recovery_with_false_candidates,0,0.5,2,4,2,pidqa-e784a9dda46b26d4,ocr_if_nonempty_else_qwen,4,0.6,ef-54357;ef-76248;ef-76647;efforts;efgh,0.42857142857142855,3,pidqa-sheet-031,3,7,ef-07980;ef-54357;ef-58866;ef-61350;ef-76248;ef-76647;ef-79825
1,set_b,exact_set,1,1.0,0,0,0,pidqa-e8a88e68db8af87a,ocr_if_nonempty_else_qwen,0,1.0,qr-20140,1.0,1,pidqa-sheet-415,1,1,qr-20140
1,set_b,false_candidates_without_recovery,0,0.0,1,5,1,pidqa-e9d9f9e5915f13b4,ocr_if_nonempty_else_qwen,5,0.0,opp1,0.0,0,pidqa-sheet-474,0,5,op-01435;op-12489;op-41990;op-66212;op-76756
2,set_b,partial_recovery_no_false_candidate,0,0.8,0,1,0,pidqa-edecda2f285f0d3b,ocr_if_nonempty_else_qwen,1,1.0,ro-10 507;ro-10 538,0.6666666666666666,2,pidqa-sheet-309,2,3,ro-10 327;ro-10 507;ro-10 538
1,set_b,partial_recovery_no_false_candidate,0,0.5,0,2,0,pidqa-f22ac37cadb8555d,ocr_if_nonempty_else_qwen,2,1.0,cv-64294,0.3333333333333333,1,pidqa-sheet-469,1,3,cv-42277;cv-45934;cv-64294
2,set_b,false_candidates_without_recovery,0,0.0,2,0,2,pidqa-f283793d943fcfa8,ocr_if_nonempty_else_qwen,0,0.0,op-74206;op-96875,0.0,0,pidqa-sheet-026,0,0,
1,set_b,partial_recovery_no_false_candidate,0,0.6666666666666666,0,1,0,pidqa-f5c61061d0075833,ocr_if_nonempty_else_qwen,1,1.0,cd-58014,0.5,1,pidqa-sheet-191,1,2,cd-15150;cd-58014
2,set_b,partial_recovery_with_false_candidates,0,0.4,1,2,1,pidqa-f91a982dc4d46fa9,ocr_if_nonempty_else_qwen,2,0.5,wx-24-70;wx-27393,0.3333333333333333,1,pidqa-sheet-463,1,3,wx-09105;wx-24784;wx-27393
1,set_b,partial_recovery_no_false_candidate,0,0.4,0,3,0,pidqa-fa684002ab74446b,ocr_if_nonempty_else_qwen,3,1.0,rv-14074,0.25,1,pidqa-sheet-440,1,4,rv-14074;rv-24038;rv-32077;rv-74452
2,set_b,partial_recovery_no_false_candidate,0,0.6666666666666666,0,2,0,pidqa-fb09b726215e5b3c,ocr_if_nonempty_else_qwen,2,1.0,kl-38032;kl-49397,0.5,2,pidqa-sheet-366,2,4,kl-28839;kl-38032;kl-49397;kl-91274
2,set_b,partial_recovery_no_false_candidate,0,0.6666666666666666,0,2,0,pidqa-fcc7bcbeb95f27f4,ocr_if_nonempty_else_qwen,2,1.0,cv-13992;cv-81847,0.5,2,pidqa-sheet-035,2,4,cv-13992;cv-15444;cv-38118;cv-81847
1,set_b,false_candidates_without_recovery,0,0.0,1,0,1,pidqa-fd4335aa2c9016cb,ocr_if_nonempty_else_qwen,0,0.0,none,0.0,0,pidqa-sheet-196,0,0,
2,set_b,partial_recovery_no_false_candidate,0,0.8,0,1,0,pidqa-ffa7a479d6ee04c9,ocr_if_nonempty_else_qwen,1,1.0,dv-08762;dv-55523,0.6666666666666666,2,pidqa-sheet-370,2,3,dv-06765;dv-08762;dv-55523
2,set_b,false_candidates_without_recovery,0,0.0,2,3,2,pidqa-016b963d9bc57879,qwen_if_nonempty_else_ocr,3,0.0,sdl-197;sdl-732,0.0,0,pidqa-sheet-361,0,3,sdl 197;sdl 389;sdl 732
1,set_b,partial_recovery_no_false_candidate,0,0.6666666666666666,0,1,0,pidqa-02b1077698718c87,qwen_if_nonempty_else_ocr,1,1.0,av-71716,0.5,1,pidqa-sheet-181,1,2,av-53306;av-71716
6,set_b,partial_recovery_no_false_candidate,0,0.8571428571428571,0,2,0,pidqa-05367f98fc2978c5,qwen_if_nonempty_else_ocr,2,1.0,cs-34;cs-50;cs-55;cs-80;cs-81;cs-86,0.75,6,pidqa-sheet-122,6,8,cs-01;cs-34;cs-50;cs-55;cs-80;cs-81;cs-83;cs-86
1,set_b,exact_set,1,1.0,0,0,0,pidqa-07d2d7d2ed61317a,qwen_if_nonempty_else_ocr,0,1.0,op-14149,1.0,1,pidqa-sheet-350,1,1,op-14149
1,set_b,partial_recovery_no_false_candidate,0,0.25,0,6,0,pidqa-09a47d8256ca9af4,qwen_if_nonempty_else_ocr,6,1.0,op-22494,0.14285714285714285,1,pidqa-sheet-378,1,7,op-22494;op-40540;op-42508;op-53551;op-54531;op-67900;op-83219
3,set_b,partial_recovery_no_false_candidate,0,0.5454545454545454,0,5,0,pidqa-09d5966f710213eb,qwen_if_nonempty_else_ocr,5,1.0,gh-33873;gh-40059;gh-97223,0.375,3,pidqa-sheet-148,3,8,gh-33873;gh-40059;gh-41949;gh-48478;gh-49695;gh-77306;gh-85039;gh-97223
1,set_b,false_candidates_without_recovery,0,0.0,1,6,1,pidqa-0af6234429690fb1,qwen_if_nonempty_else_ocr,6,0.0,ddl-329,0.0,0,pidqa-sheet-209,0,6,ddl 187;ddl 254;ddl 329;ddl 637;ddl 904;ddl 967
4,set_b,partial_recovery_no_false_candidate,0,0.8888888888888888,0,1,0,pidqa-0c327050b1b6428b,qwen_if_nonempty_else_ocr,1,1.0,ddl 443;ddl 605;ddl 859;ddl 916,0.8,4,pidqa-sheet-360,4,5,ddl 443;ddl 605;ddl 847;ddl 859;ddl 916
3,set_b,false_candidates_without_recovery,0,0.0,3,3,3,pidqa-0df73136608ca96a,qwen_if_nonempty_else_ocr,3,0.0,ins-19°c;ins-25°c;ins-51°c,0.0,0,pidqa-sheet-439,0,3,ins ( -19°c );ins ( -51°c );ins ( 25°c )
6,set_b,partial_recovery_with_false_candidates,0,0.36363636363636365,4,3,4,pidqa-0e1e010e50dbb0a5,qwen_if_nonempty_else_ocr,3,0.3333333333333333,op-08866;op-34891;op-48831;op-52394;op-53869;op-88639,0.4,2,pidqa-sheet-070,2,5,op-04473;op-24050;op-36931;op-52394;op-53869
1,set_b,partial_recovery_no_false_candidate,0,0.4,0,3,0,pidqa-13b8dc3f25e25bb5,qwen_if_nonempty_else_ocr,3,1.0,gh-58647,0.25,1,pidqa-sheet-072,1,4,gh-02943;gh-37776;gh-57979;gh-58647
5,set_b,partial_recovery_with_false_candidates,0,0.5454545454545454,2,3,2,pidqa-13db22813d5a5dd7,qwen_if_nonempty_else_ocr,3,0.6,cd-30656;cd-49269;cd-58389;cd-86324;cd-95745,0.5,3,pidqa-sheet-482,3,6,cd-30656;cd-49269;cd-58589;cd-66301;cd-86324;cd-92980
1,set_b,exact_set,1,1.0,0,0,0,pidqa-1c3a03e1501a5d2f,qwen_if_nonempty_else_ocr,0,1.0,erv-3-12,1.0,1,pidqa-sheet-256,1,1,erv-3-12
2,set_b,partial_recovery_no_false_candidate,0,0.6666666666666666,0,2,0,pidqa-1f3f881abf809ee1,qwen_if_nonempty_else_ocr,2,1.0,ab-25264;ab-25691,0.5,2,pidqa-sheet-392,2,4,ab-25264;ab-25691;ab-30864;ab-65995
1,set_b,exact_set,1,1.0,0,0,0,pidqa-201aff7da5782292,qwen_if_nonempty_else_ocr,0,1.0,cv-94282,1.0,1,pidqa-sheet-448,1,1,cv-94282
4,set_b,partial_recovery_with_false_candidates,0,0.6666666666666666,1,2,1,pidqa-2199662f817e5a8d,qwen_if_nonempty_else_ocr,2,0.75,uv-49567;uv-69206;uv-75579;uv-78264,0.6,3,pidqa-sheet-100,3,5,uv-26488;uv-49567;uv-69206;uv-75579;uv-97976
1,set_b,false_candidates_without_recovery,0,0.0,1,0,1,pidqa-2479dc9dd92deb72,qwen_if_nonempty_else_ocr,0,0.0,none,0.0,0,pidqa-sheet-089,0,0,
2,set_b,partial_recovery_no_false_candidate,0,0.8,0,1,0,pidqa-259eb80e4408df30,qwen_if_nonempty_else_ocr,1,1.0,dv-04965;dv-41907,0.6666666666666666,2,pidqa-sheet-162,2,3,dv-04965;dv-37643;dv-41907
4,set_b,false_candidates_without_recovery,0,0.0,4,4,4,pidqa-26b17721d40df362,qwen_if_nonempty_else_ocr,4,0.0,zlo-395;zlo-497;zlo-607;zlo-743,0.0,0,pidqa-sheet-242,0,4,zlo 395;zlo 497;zlo 607;zlo 743
3,set_b,partial_recovery_with_false_candidates,0,0.6666666666666666,1,1,1,pidqa-27921cfa2f04484d,qwen_if_nonempty_else_ocr,1,0.6666666666666666,cv-0-70;cv-59107;cv-90923,0.6666666666666666,2,pidqa-sheet-405,2,3,cv-53997;cv-59107;cv-90923
6,set_b,partial_recovery_with_false_candidates,0,0.6666666666666666,2,2,2,pidqa-2a3e7d16a4b6dc5e,qwen_if_nonempty_else_ocr,2,0.6666666666666666,dv-10172;dv-10406;dv-51772;dv-60502;dv-60506;dv-88858,0.6666666666666666,4,pidqa-sheet-029,4,6,dv-10172;dv-10406;dv-51752;dv-60502;dv-64954;dv-88858
1,set_b,false_candidates_without_recovery,0,0.0,1,0,1,pidqa-3326cad2a81c63e7,qwen_if_nonempty_else_ocr,0,0.0,none,0.0,0,pidqa-sheet-444,0,0,
4,set_b,partial_recovery_with_false_candidates,0,0.75,1,1,1,pidqa-36e9b51bd2b49d64,qwen_if_nonempty_else_ocr,1,0.75,ro-10 304;ro-10 514;ro-10 778;ro-10 790,0.75,3,pidqa-sheet-155,3,4,ro-10 304;ro-10 514;ro-10 778;ro-10 985
2,set_b,exact_set,1,1.0,0,0,0,pidqa-3812b214e1818b14,qwen_if_nonempty_else_ocr,0,1.0,av-04652;av-77491,1.0,2,pidqa-sheet-169,2,2,av-04652;av-77491
1,set_b,partial_recovery_no_false_candidate,0,0.6666666666666666,0,1,0,pidqa-38c3da059c3062e9,qwen_if_nonempty_else_ocr,1,1.0,kl-75775,0.5,1,pidqa-sheet-013,1,2,kl-08580;kl-75775
5,set_b,complete_recovery_with_false_candidates,0,0.8888888888888888,1,0,1,pidqa-3b6e2a71c1e96cca,qwen_if_nonempty_else_ocr,0,0.8,av-26029;av-45890;av-71332;av-91942;av-97339,1.0,4,pidqa-sheet-212,4,4,av-26029;av-45890;av-71332;av-97339
1,set_b,partial_recovery_no_false_candidate,0,0.2,0,8,0,pidqa-3cba7a7dbf5dd60c,qwen_if_nonempty_else_ocr,8,1.0,wx-86682,0.1111111111111111,1,pidqa-sheet-158,1,9,wx-10191;wx-11206;wx-16248;wx-30831;wx-31549;wx-73557;wx-86553;wx-86682;wx-97331
5,set_b,partial_recovery_with_false_candidates,0,0.6666666666666666,1,3,1,pidqa-3d67f14265bb2220,qwen_if_nonempty_else_ocr,3,0.8,ij-02301;ij-04875;ij-38979;ij-51230;ij-88533,0.5714285714285714,4,pidqa-sheet-451,4,7,ij-04875;ij-21696;ij-38979;ij-51230;ij-52366;ij-59885;ij-88533
1,set_b,false_candidates_without_recovery,0,0.0,1,5,1,pidqa-3f2361937c910a54,qwen_if_nonempty_else_ocr,5,0.0,ddl-237,0.0,0,pidqa-sheet-187,0,5,ddl 223;ddl 237;ddl 515;ddl 759;ddl 998
7,set_b,complete_recovery_with_false_candidates,0,0.9230769230769231,1,0,1,pidqa-421b44d975ff4678,qwen_if_nonempty_else_ocr,0,0.8571428571428571,uv-07585;uv-34995;uv-37805;uv-46020;uv-57436;uv-73731;uv-96753,1.0,6,pidqa-sheet-351,6,6,uv-07585;uv-37805;uv-46020;uv-57436;uv-73731;uv-96753
3,set_b,partial_recovery_no_false_candidate,0,0.8571428571428571,0,1,0,pidqa-4552eed9d3456a8a,qwen_if_nonempty_else_ocr,1,1.0,kl-50201;kl-56828;kl-85807,0.75,3,pidqa-sheet-286,3,4,kl-50201;kl-54724;kl-56828;kl-85807
2,set_b,false_candidates_without_recovery,0,0.0,2,2,2,pidqa-49105c2af1960eea,qwen_if_nonempty_else_ocr,2,0.0,gi-712;gi-933,0.0,0,pidqa-sheet-221,0,2,gi 712;gi 933
2,set_b,partial_recovery_no_false_candidate,0,0.8,0,1,0,pidqa-4ce6915c793fe515,qwen_if_nonempty_else_ocr,1,1.0,ef-24668;ef-90762,0.6666666666666666,2,pidqa-sheet-338,2,3,ef-24668;ef-90762;ef-97004
3,set_b,partial_recovery_with_false_candidates,0,0.4,2,1,2,pidqa-4f8914d0c4f6750f,qwen_if_nonempty_else_ocr,1,0.3333333333333333,ef-22221;ef-23900;ef-46730,0.5,1,pidqa-sheet-190,1,2,ef-22221;ef-39840
6,set_b,complete_recovery_with_false_candidates,0,0.8,2,0,2,pidqa-53f77daeaca01320,qwen_if_nonempty_else_ocr,0,0.6666666666666666,kl-29271;kl-36908;kl-45823;kl-53206;kl-58999;kl-62250,1.0,4,pidqa-sheet-002,4,4,kl-29271;kl-53206;kl-58999;kl-62250
3,set_b,exact_set,1,1.0,0,0,0,pidqa-56bd7c162d3f5d5e,qwen_if_nonempty_else_ocr,0,1.0,zlc 488;zlc 599;zlc 757,1.0,3,pidqa-sheet-307,3,3,zlc 488;zlc 599;zlc 757
0,set_b,exact_set,1,1.0,0,0,0,pidqa-59c9f9251a714a5b,qwen_if_nonempty_else_ocr,0,1.0,,1.0,0,pidqa-sheet-269,0,0,
6,set_b,complete_recovery_with_false_candidates,0,0.8,2,0,2,pidqa-5a1c2466e26c2f44,qwen_if_nonempty_else_ocr,0,0.6666666666666666,wx-21066;wx-25461;wx-49643;wx-5303;wx-55303;wx-67272,1.0,4,pidqa-sheet-490,4,4,wx-21066;wx-25461;wx-55303;wx-67272
2,set_b,exact_set,1,1.0,0,0,0,pidqa-5fbbf7e105b68853,qwen_if_nonempty_else_ocr,0,1.0,rv-18376;rv-84378,1.0,2,pidqa-sheet-098,2,2,rv-18376;rv-84378
2,set_b,partial_recovery_no_false_candidate,0,0.8,0,1,0,pidqa-6267a699045894d4,qwen_if_nonempty_else_ocr,1,1.0,cd-56614;cd-72015,0.6666666666666666,2,pidqa-sheet-276,2,3,cd-56614;cd-72015;cd-84862
1,set_b,partial_recovery_no_false_candidate,0,0.6666666666666666,0,1,0,pidqa-65020dbb36831bca,qwen_if_nonempty_else_ocr,1,1.0,ij-89212,0.5,1,pidqa-sheet-402,1,2,ij-31831;ij-89212
10,set_b,partial_recovery_with_false_candidates,0,0.47058823529411764,6,3,6,pidqa-6518bb75c0ec241c,qwen_if_nonempty_else_ocr,3,0.4,st-19224;st-61009;st-6717;st-69678;st-7;st-77533;st-77971;st-81009;st-93051;st-98858,0.5714285714285714,4,pidqa-sheet-142,4,7,st-07829;st-20472;st-69678;st-81009;st-93051;st-97223;st-98858
4,set_b,exact_set,1,1.0,0,0,0,pidqa-734329612e43d1ca,qwen_if_nonempty_else_ocr,0,1.0,ro-10 135;ro-10 202;ro-10 385;ro-10 603,1.0,4,pidqa-sheet-244,4,4,ro-10 135;ro-10 202;ro-10 385;ro-10 603
4,set_b,partial_recovery_no_false_candidate,0,0.8888888888888888,0,1,0,pidqa-738bc3f1782a76e0,qwen_if_nonempty_else_ocr,1,1.0,kl-08386;kl-55062;kl-75802;kl-97019,0.8,4,pidqa-sheet-267,4,5,kl-08386;kl-55062;kl-72371;kl-75802;kl-97019
1,set_b,partial_recovery_no_false_candidate,0,0.6666666666666666,0,1,0,pidqa-7a6a1185e3b45659,qwen_if_nonempty_else_ocr,1,1.0,kl-81274,0.5,1,pidqa-sheet-059,1,2,kl-03031;kl-81274
1,set_b,false_candidates_without_recovery,0,0.0,1,0,1,pidqa-7f1bf9753128acd2,qwen_if_nonempty_else_ocr,0,0.0,sta,0.0,0,pidqa-sheet-056,0,0,
1,set_b,exact_set,1,1.0,0,0,0,pidqa-88314ef2eeb50b78,qwen_if_nonempty_else_ocr,0,1.0,sta,1.0,1,pidqa-sheet-207,1,1,sta
1,set_b,partial_recovery_no_false_candidate,0,0.5,0,2,0,pidqa-8c8b27e3fe4edc66,qwen_if_nonempty_else_ocr,2,1.0,cs-86,0.3333333333333333,1,pidqa-sheet-327,1,3,cs-24;cs-39;cs-86
6,set_b,partial_recovery_with_false_candidates,0,0.6,3,1,3,pidqa-8ce8fb4eeb3fe824,qwen_if_nonempty_else_ocr,1,0.5,kl-;kl-61393;kl-62698;kl-71789;kl-766;kl-97275,0.75,3,pidqa-sheet-009,3,4,kl-44057;kl-61393;kl-62698;kl-97275
1,set_b,false_candidates_without_recovery,0,0.0,1,0,1,pidqa-8fd5949763072a9e,qwen_if_nonempty_else_ocr,0,0.0,none,0.0,0,pidqa-sheet-127,0,0,
4,set_b,partial_recovery_no_false_candidate,0,0.8,0,2,0,pidqa-90b74af181950866,qwen_if_nonempty_else_ocr,2,1.0,cd-39967;cd-50933;cd-52848;cd-67339,0.6666666666666666,4,pidqa-sheet-413,4,6,cd-39967;cd-50933;cd-52848;cd-67339;cd-80480;cd-88405
7,set_b,false_candidates_without_recovery,0,0.0,7,9,7,pidqa-9205c9a543f7fa28,qwen_if_nonempty_else_ocr,9,0.0,ins(-11°c);ins(-17°c);ins(-22°c);ins(-49°c);ins(-50°c);ins(14°c);ins(46°c),0.0,0,pidqa-sheet-382,0,9,ins ( -11°c );ins ( -17°c );ins ( -22°c );ins ( -49°c );ins ( -50°c );ins ( 14°c );ins ( 42°c );ins ( 46°c );ins ( 50°c )
6,set_b,partial_recovery_with_false_candidates,0,0.6666666666666666,2,2,2,pidqa-9644c0ea46acad70,qwen_if_nonempty_else_ocr,2,0.6666666666666666,mn-62339;mn-72190;mn-72516;mn-84852;mn-94206;mn-98871,0.6666666666666666,4,pidqa-sheet-396,4,6,mn-27407;mn-62939;mn-72516;mn-84852;mn-94206;mn-98871
3,set_b,partial_recovery_no_false_candidate,0,0.8571428571428571,0,1,0,pidqa-97829bc150662fe9,qwen_if_nonempty_else_ocr,1,1.0,cs-16;cs-21;cs-35,0.75,3,pidqa-sheet-259,3,4,cs-16;cs-21;cs-35;cs-40
4,set_b,false_candidates_without_recovery,0,0.0,4,4,4,pidqa-9abe1b15aa131c32,qwen_if_nonempty_else_ocr,4,0.0,sdl-333;sdl-343;sdl-658;sdl-871,0.0,0,pidqa-sheet-491,0,4,sdl 333;sdl 343;sdl 658;sdl 871
4,set_b,partial_recovery_no_false_candidate,0,0.8,0,2,0,pidqa-9c68f482a6167707,qwen_if_nonempty_else_ocr,2,1.0,cs-07;cs-15;cs-60;cs-85,0.6666666666666666,4,pidqa-sheet-032,4,6,cs-07;cs-15;cs-20;cs-60;cs-68;cs-85
2,set_b,partial_recovery_no_false_candidate,0,0.8,0,1,0,pidqa-a3111e5026a1f8f7,qwen_if_nonempty_else_ocr,1,1.0,kl-73553;kl-96905,0.6666666666666666,2,pidqa-sheet-284,2,3,kl-35684;kl-73553;kl-96905
3,set_b,false_candidates_without_recovery,0,0.0,3,2,3,pidqa-a581b081d7294cf7,qwen_if_nonempty_else_ocr,2,0.0,zlc-339;zlc-541;zlc-702,0.0,0,pidqa-sheet-349,0,2,zlc 339;zlc 541
3,set_b,false_candidates_without_recovery,0,0.0,3,3,3,pidqa-ae7ff9dd3a5ee54d,qwen_if_nonempty_else_ocr,3,0.0,sdl-299;sdl-560;sdl-707,0.0,0,pidqa-sheet-025,0,3,sdl 299;sdl 560;sdl 707
3,set_b,exact_set,1,1.0,0,0,0,pidqa-aef49d3f960637da,qwen_if_nonempty_else_ocr,0,1.0,ddl 380;ddl 519;ddl 777,1.0,3,pidqa-sheet-472,3,3,ddl 380;ddl 519;ddl 777
1,set_b,partial_recovery_no_false_candidate,0,0.6666666666666666,0,1,0,pidqa-affde9a2d65ed274,qwen_if_nonempty_else_ocr,1,1.0,qr-62154,0.5,1,pidqa-sheet-447,1,2,qr-62154;qr-99555
3,set_b,exact_set,1,1.0,0,0,0,pidqa-b0c77e506f2fd952,qwen_if_nonempty_else_ocr,0,1.0,op-02735;op-18903;op-75219,1.0,3,pidqa-sheet-129,3,3,op-02735;op-18903;op-75219
2,set_b,partial_recovery_no_false_candidate,0,0.5714285714285714,0,3,0,pidqa-b3639767f8fb4b69,qwen_if_nonempty_else_ocr,3,1.0,cd-13369;cd-44814,0.4,2,pidqa-sheet-442,2,5,cd-00045;cd-13369;cd-24096;cd-44814;cd-78933
1,set_b,exact_set,1,1.0,0,0,0,pidqa-b38974d89c5567b7,qwen_if_nonempty_else_ocr,0,1.0,wx-99532,1.0,1,pidqa-sheet-433,1,1,wx-99532
3,set_b,false_candidates_without_recovery,0,0.0,3,3,3,pidqa-b68b3ec10ff7c845,qwen_if_nonempty_else_ocr,3,0.0,ins (-37°c);ins (-47°c);ins (37°c),0.0,0,pidqa-sheet-107,0,3,ins ( -37°c );ins ( -47°c );ins ( 37°c )
1,set_b,partial_recovery_no_false_candidate,0,0.6666666666666666,0,1,0,pidqa-b7b2467002e6ef5c,qwen_if_nonempty_else_ocr,1,1.0,cs-98,0.5,1,pidqa-sheet-109,1,2,cs-18;cs-98
3,set_b,partial_recovery_no_false_candidate,0,0.8571428571428571,0,1,0,pidqa-b969d18c38d14a2a,qwen_if_nonempty_else_ocr,1,1.0,rv-06129;rv-62785;rv-95459,0.75,3,pidqa-sheet-416,3,4,rv-06129;rv-43029;rv-62785;rv-95459
1,set_b,partial_recovery_no_false_candidate,0,0.6666666666666666,0,1,0,pidqa-bb46b7c2c5044f85,qwen_if_nonempty_else_ocr,1,1.0,mn-74592,0.5,1,pidqa-sheet-205,1,2,mn-52607;mn-74592
5,set_b,complete_recovery_with_false_candidates,0,0.75,2,0,2,pidqa-bd006d290ebc8473,qwen_if_nonempty_else_ocr,0,0.6,ij-01929;ij-34382;ij-47147;ij-59462;ij-67397,1.0,3,pidqa-sheet-272,3,3,ij-34382;ij-59462;ij-67397
5,set_b,complete_recovery_with_false_candidates,0,0.8888888888888888,1,0,1,pidqa-be67ffa9e48ac764,qwen_if_nonempty_else_ocr,0,0.8,gh-17276;gh-25813;gh-32152;gh-58467;gh-91168,1.0,4,pidqa-sheet-172,4,4,gh-25813;gh-32152;gh-58467;gh-91168
2,set_b,false_candidates_without_recovery,0,0.0,2,2,2,pidqa-bf40e825a62b8259,qwen_if_nonempty_else_ocr,2,0.0,sdl-251;sdl-969,0.0,0,pidqa-sheet-214,0,2,sdl 251;sdl 969
5,set_b,partial_recovery_with_false_candidates,0,0.6666666666666666,1,3,1,pidqa-c197f849a4360f1f,qwen_if_nonempty_else_ocr,3,0.8,ij-05901;ij-11564;ij-2788;ij-42814;ij-77397,0.5714285714285714,4,pidqa-sheet-292,4,7,ij-05901;ij-11564;ij-14675;ij-27288;ij-27670;ij-42814;ij-77397
3,set_b,partial_recovery_no_false_candidate,0,0.6666666666666666,0,3,0,pidqa-c28de3b9be15ca9b,qwen_if_nonempty_else_ocr,3,1.0,cd-03255;cd-50553;cd-86228,0.5,3,pidqa-sheet-063,3,6,cd-03255;cd-39523;cd-50553;cd-76243;cd-86228;cd-98999
1,set_b,exact_set,1,1.0,0,0,0,pidqa-c36267312418de23,qwen_if_nonempty_else_ocr,0,1.0,ef-30475,1.0,1,pidqa-sheet-479,1,1,ef-30475
5,set_b,complete_recovery_with_false_candidates,0,0.8888888888888888,1,0,1,pidqa-c3bba23728b3fbf8,qwen_if_nonempty_else_ocr,0,0.8,er;erv-0-20;erv-1-68;erv-4-29;erv-9-65,1.0,4,pidqa-sheet-285,4,4,erv-0-20;erv-1-68;erv-4-29;erv-9-65
3,set_b,partial_recovery_no_false_candidate,0,0.8571428571428571,0,1,0,pidqa-c88f3f166d2b8685,qwen_if_nonempty_else_ocr,1,1.0,mn-70303;mn-86418;mn-86565,0.75,3,pidqa-sheet-071,3,4,mn-02285;mn-70303;mn-86418;mn-86565
1,set_b,exact_set,1,1.0,0,0,0,pidqa-ca9453c0916dd854,qwen_if_nonempty_else_ocr,0,1.0,qr-01570,1.0,1,pidqa-sheet-141,1,1,qr-01570
2,set_b,partial_recovery_no_false_candidate,0,0.8,0,1,0,pidqa-cd9e54a055aa1d2d,qwen_if_nonempty_else_ocr,1,1.0,st-04173;st-56743,0.6666666666666666,2,pidqa-sheet-488,2,3,st-04173;st-56743;st-75402
10,set_b,complete_recovery_with_false_candidates,0,0.5714285714285714,6,0,6,pidqa-cf8567fb7c3d4a47,qwen_if_nonempty_else_ocr,0,0.4,st-0346;st-15-4437;st-21757;st-24175;st-3187;st-4433;st-50001;st-66912;st-76618;st-96788,1.0,4,pidqa-sheet-077,4,4,st-50001;st-66912;st-76618;st-96788
3,set_b,exact_set,1,1.0,0,0,0,pidqa-d46c433407c03e66,qwen_if_nonempty_else_ocr,0,1.0,ro-10 364;ro-10 525;ro-10 545,1.0,3,pidqa-sheet-282,3,3,ro-10 364;ro-10 525;ro-10 545
2,set_b,exact_set,1,1.0,0,0,0,pidqa-dd211d193226cddc,qwen_if_nonempty_else_ocr,0,1.0,mn-29700;mn-90715,1.0,2,pidqa-sheet-184,2,2,mn-29700;mn-90715
3,set_b,false_candidates_without_recovery,0,0.0,3,3,3,pidqa-dd4e735e1a38f0f1,qwen_if_nonempty_else_ocr,3,0.0,sdl-257;sdl-382;sdl-727,0.0,0,pidqa-sheet-385,0,3,sdl 257;sdl 382;sdl 727
2,set_b,exact_set,1,1.0,0,0,0,pidqa-ddffb495a2f0db07,qwen_if_nonempty_else_ocr,0,1.0,wx-11994;wx-46690,1.0,2,pidqa-sheet-417,2,2,wx-11994;wx-46690
8,set_b,partial_recovery_with_false_candidates,0,0.5714285714285714,4,2,4,pidqa-df288d95dc24fe32,qwen_if_nonempty_else_ocr,2,0.5,cd-31332;cd-59095;cd-60869;cd-79998;cd-87616;cd-89474;cd-91332;cd-946,0.6666666666666666,4,pidqa-sheet-296,4,6,cd-31332;cd-45970;cd-54941;cd-79998;cd-87616;cd-89474
1,set_b,exact_set,1,1.0,0,0,0,pidqa-e069b204039e9a2a,qwen_if_nonempty_else_ocr,0,1.0,qr-32684,1.0,1,pidqa-sheet-041,1,1,qr-32684
2,set_b,false_candidates_without_recovery,0,0.0,2,2,2,pidqa-e55d2ddac4335454,qwen_if_nonempty_else_ocr,2,0.0,zlo-289;zlo-371,0.0,0,pidqa-sheet-136,0,2,zlo 289;zlo 371
4,set_b,false_candidates_without_recovery,0,0.0,4,4,4,pidqa-e72e732e00404ca5,qwen_if_nonempty_else_ocr,4,0.0,ins (11°c);ins (133°c);ins (15°c);ins (22°c),0.0,0,pidqa-sheet-410,0,4,ins ( 11°c );ins ( 15°c );ins ( 22°c );ins ( 53°c )
16,set_b,partial_recovery_with_false_candidates,0,0.08695652173913043,15,6,15,pidqa-e784a9dda46b26d4,qwen_if_nonempty_else_ocr,6,0.0625,ef-07880;ef-13294;ef-29372;ef-38281;ef-42480;ef-46335;ef-58866;ef-79790;ef-8212;ef-84418;ef-91567;ef-95951;ef-9631;ef-97300;ef-982;ef-9825,0.14285714285714285,1,pidqa-sheet-031,1,7,ef-07980;ef-54357;ef-58866;ef-61350;ef-76248;ef-76647;ef-79825
1,set_b,exact_set,1,1.0,0,0,0,pidqa-e8a88e68db8af87a,qwen_if_nonempty_else_ocr,0,1.0,qr-20140,1.0,1,pidqa-sheet-415,1,1,qr-20140
3,set_b,partial_recovery_no_false_candidate,0,0.75,0,2,0,pidqa-e9d9f9e5915f13b4,qwen_if_nonempty_else_ocr,2,1.0,op-01435;op-12489;op-66212,0.6,3,pidqa-sheet-474,3,5,op-01435;op-12489;op-41990;op-66212;op-76756
2,set_b,partial_recovery_no_false_candidate,0,0.8,0,1,0,pidqa-edecda2f285f0d3b,qwen_if_nonempty_else_ocr,1,1.0,ro-10 507;ro-10 538,0.6666666666666666,2,pidqa-sheet-309,2,3,ro-10 327;ro-10 507;ro-10 538
1,set_b,partial_recovery_no_false_candidate,0,0.5,0,2,0,pidqa-f22ac37cadb8555d,qwen_if_nonempty_else_ocr,2,1.0,cv-42277,0.3333333333333333,1,pidqa-sheet-469,1,3,cv-42277;cv-45934;cv-64294
2,set_b,false_candidates_without_recovery,0,0.0,2,0,2,pidqa-f283793d943fcfa8,qwen_if_nonempty_else_ocr,0,0.0,op-74206;op-96875,0.0,0,pidqa-sheet-026,0,0,
2,set_b,partial_recovery_with_false_candidates,0,0.5,1,1,1,pidqa-f5c61061d0075833,qwen_if_nonempty_else_ocr,1,0.5,cd-58014;cd-81354,0.5,1,pidqa-sheet-191,1,2,cd-15150;cd-58014
11,set_b,complete_recovery_with_false_candidates,0,0.42857142857142855,8,0,8,pidqa-f91a982dc4d46fa9,qwen_if_nonempty_else_ocr,0,0.2727272727272727,wx-09105;wx-24784;wx-27393;wx-40255;wx-47529;wx-66044;wx-73523;wx-77268;wx-90586;wx-91162;wx-91446,1.0,3,pidqa-sheet-463,3,3,wx-09105;wx-24784;wx-27393
7,set_b,partial_recovery_with_false_candidates,0,0.5454545454545454,4,1,4,pidqa-fa684002ab74446b,qwen_if_nonempty_else_ocr,1,0.42857142857142855,rv-07926;rv-1-0694;rv-14074;rv-24038;rv-32077;rv-5-01;rv-74432,0.75,3,pidqa-sheet-440,3,4,rv-14074;rv-24038;rv-32077;rv-74452
4,set_b,partial_recovery_with_false_candidates,0,0.5,2,2,2,pidqa-fb09b726215e5b3c,qwen_if_nonempty_else_ocr,2,0.5,kl-28839;kl-49397;kl-83787;kl-91724,0.5,2,pidqa-sheet-366,2,4,kl-28839;kl-38032;kl-49397;kl-91274
24,set_b,partial_recovery_with_false_candidates,0,0.14285714285714285,22,2,22,pidqa-fcc7bcbeb95f27f4,qwen_if_nonempty_else_ocr,2,0.08333333333333333,cv-13992;cv-81407;cv-81847;cv-82618;cv-82619;cv-82628;cv-82633;cv-82634;cv-82635;cv-82636;cv-82637;cv-82638;cv-82639;cv-82640;cv-82641;cv-82642;cv-82643;cv-82644;cv-82645;cv-82646;cv-82647;cv-82648;cv-82649;cv-82800,0.5,2,pidqa-sheet-035,2,4,cv-13992;cv-15444;cv-38118;cv-81847
1,set_b,false_candidates_without_recovery,0,0.0,1,0,1,pidqa-fd4335aa2c9016cb,qwen_if_nonempty_else_ocr,0,0.0,none,0.0,0,pidqa-sheet-196,0,0,
5,set_b,partial_recovery_with_false_candidates,0,0.5,3,1,3,pidqa-ffa7a479d6ee04c9,qwen_if_nonempty_else_ocr,1,0.4,dv-08762;dv-55523;dv-66765;dv-90393;dv-94041,0.6666666666666666,2,pidqa-sheet-370,2,3,dv-06765;dv-08762;dv-55523
1,set_b,false_candidates_without_recovery,0,0.0,1,3,1,pidqa-016b963d9bc57879,paddleocr_literal,3,0.0,sdl,0.0,0,pidqa-sheet-361,0,3,sdl 197;sdl 389;sdl 732
2,set_b,partial_recovery_with_false_candidates,0,0.5,1,1,1,pidqa-02b1077698718c87,paddleocr_literal,1,0.5,av-71716;av15,0.5,1,pidqa-sheet-181,1,2,av-53306;av-71716
3,set_b,partial_recovery_no_false_candidate,0,0.5454545454545454,0,5,0,pidqa-05367f98fc2978c5,paddleocr_literal,5,1.0,cs-55;cs-80;cs-86,0.375,3,pidqa-sheet-122,3,8,cs-01;cs-34;cs-50;cs-55;cs-80;cs-81;cs-83;cs-86
0,set_b,empty_prediction,0,0.0,0,1,0,pidqa-07d2d7d2ed61317a,paddleocr_literal,1,0.0,,0.0,0,pidqa-sheet-350,0,1,op-14149
4,set_b,partial_recovery_no_false_candidate,0,0.7272727272727273,0,3,0,pidqa-09a47d8256ca9af4,paddleocr_literal,3,1.0,op-22494;op-42508;op-54531;op-67900,0.5714285714285714,4,pidqa-sheet-378,4,7,op-22494;op-40540;op-42508;op-53551;op-54531;op-67900;op-83219
5,set_b,partial_recovery_no_false_candidate,0,0.7692307692307693,0,3,0,pidqa-09d5966f710213eb,paddleocr_literal,3,1.0,gh-33873;gh-40059;gh-41949;gh-77306;gh-97223,0.625,5,pidqa-sheet-148,5,8,gh-33873;gh-40059;gh-41949;gh-48478;gh-49695;gh-77306;gh-85039;gh-97223
1,set_b,false_candidates_without_recovery,0,0.0,1,6,1,pidqa-0af6234429690fb1,paddleocr_literal,6,0.0,ddl,0.0,0,pidqa-sheet-209,0,6,ddl 187;ddl 254;ddl 329;ddl 637;ddl 904;ddl 967
1,set_b,false_candidates_without_recovery,0,0.0,1,5,1,pidqa-0c327050b1b6428b,paddleocr_literal,5,0.0,ddl,0.0,0,pidqa-sheet-360,0,5,ddl 443;ddl 605;ddl 847;ddl 859;ddl 916
0,set_b,empty_prediction,0,0.0,0,3,0,pidqa-0df73136608ca96a,paddleocr_literal,3,0.0,,0.0,0,pidqa-sheet-439,0,3,ins ( -19°c );ins ( -51°c );ins ( 25°c )
2,set_b,partial_recovery_no_false_candidate,0,0.5714285714285714,0,3,0,pidqa-0e1e010e50dbb0a5,paddleocr_literal,3,1.0,op-52394;op-53869,0.4,2,pidqa-sheet-070,2,5,op-04473;op-24050;op-36931;op-52394;op-53869
2,set_b,partial_recovery_no_false_candidate,0,0.6666666666666666,0,2,0,pidqa-13b8dc3f25e25bb5,paddleocr_literal,2,1.0,gh-57979;gh-58647,0.5,2,pidqa-sheet-072,2,4,gh-02943;gh-37776;gh-57979;gh-58647
3,set_b,partial_recovery_no_false_candidate,0,0.6666666666666666,0,3,0,pidqa-13db22813d5a5dd7,paddleocr_literal,3,1.0,cd-30656;cd-49269;cd-86324,0.5,3,pidqa-sheet-482,3,6,cd-30656;cd-49269;cd-58589;cd-66301;cd-86324;cd-92980
1,set_b,exact_set,1,1.0,0,0,0,pidqa-1c3a03e1501a5d2f,paddleocr_literal,0,1.0,erv-3-12,1.0,1,pidqa-sheet-256,1,1,erv-3-12
3,set_b,partial_recovery_with_false_candidates,0,0.2857142857142857,2,3,2,pidqa-1f3f881abf809ee1,paddleocr_literal,3,0.3333333333333333,ab-25264;abc;abcd,0.25,1,pidqa-sheet-392,1,4,ab-25264;ab-25691;ab-30864;ab-65995
1,set_b,exact_set,1,1.0,0,0,0,pidqa-201aff7da5782292,paddleocr_literal,0,1.0,cv-94282,1.0,1,pidqa-sheet-448,1,1,cv-94282
2,set_b,partial_recovery_no_false_candidate,0,0.5714285714285714,0,3,0,pidqa-2199662f817e5a8d,paddleocr_literal,3,1.0,uv-49567;uv-75579,0.4,2,pidqa-sheet-100,2,5,uv-26488;uv-49567;uv-69206;uv-75579;uv-97976
0,set_b,exact_set,1,1.0,0,0,0,pidqa-2479dc9dd92deb72,paddleocr_literal,0,1.0,,1.0,0,pidqa-sheet-089,0,0,
1,set_b,false_candidates_without_recovery,0,0.0,1,3,1,pidqa-259eb80e4408df30,paddleocr_literal,3,0.0,dv,0.0,0,pidqa-sheet-162,0,3,dv-04965;dv-37643;dv-41907
1,set_b,false_candidates_without_recovery,0,0.0,1,4,1,pidqa-26b17721d40df362,paddleocr_literal,4,0.0,zlo,0.0,0,pidqa-sheet-242,0,4,zlo 395;zlo 497;zlo 607;zlo 743
2,set_b,partial_recovery_no_false_candidate,0,0.8,0,1,0,pidqa-27921cfa2f04484d,paddleocr_literal,1,1.0,cv-59107;cv-90923,0.6666666666666666,2,pidqa-sheet-405,2,3,cv-53997;cv-59107;cv-90923
4,set_b,partial_recovery_with_false_candidates,0,0.6,1,3,1,pidqa-2a3e7d16a4b6dc5e,paddleocr_literal,3,0.75,dv-10406;dv-64954;dv-88858;dvy12,0.5,3,pidqa-sheet-029,3,6,dv-10172;dv-10406;dv-51752;dv-60502;dv-64954;dv-88858
0,set_b,exact_set,1,1.0,0,0,0,pidqa-3326cad2a81c63e7,paddleocr_literal,0,1.0,,1.0,0,pidqa-sheet-444,0,0,
0,set_b,empty_prediction,0,0.0,0,4,0,pidqa-36e9b51bd2b49d64,paddleocr_literal,4,0.0,,0.0,0,pidqa-sheet-155,0,4,ro-10 304;ro-10 514;ro-10 778;ro-10 985
1,set_b,partial_recovery_no_false_candidate,0,0.6666666666666666,0,1,0,pidqa-3812b214e1818b14,paddleocr_literal,1,1.0,av-04652,0.5,1,pidqa-sheet-169,1,2,av-04652;av-77491
0,set_b,empty_prediction,0,0.0,0,2,0,pidqa-38c3da059c3062e9,paddleocr_literal,2,0.0,,0.0,0,pidqa-sheet-013,0,2,kl-08580;kl-75775
2,set_b,partial_recovery_with_false_candidates,0,0.3333333333333333,1,3,1,pidqa-3b6e2a71c1e96cca,paddleocr_literal,3,0.5,av-97339;avy732,0.25,1,pidqa-sheet-212,1,4,av-26029;av-45890;av-71332;av-97339
6,set_b,partial_recovery_no_false_candidate,0,0.8,0,3,0,pidqa-3cba7a7dbf5dd60c,paddleocr_literal,3,1.0,wx-10191;wx-16248;wx-31549;wx-86553;wx-86682;wx-97331,0.6666666666666666,6,pidqa-sheet-158,6,9,wx-10191;wx-11206;wx-16248;wx-30831;wx-31549;wx-73557;wx-86553;wx-86682;wx-97331
3,set_b,partial_recovery_no_false_candidate,0,0.6,0,4,0,pidqa-3d67f14265bb2220,paddleocr_literal,4,1.0,ij-38979;ij-51230;ij-88533,0.42857142857142855,3,pidqa-sheet-451,3,7,ij-04875;ij-21696;ij-38979;ij-51230;ij-52366;ij-59885;ij-88533
1,set_b,false_candidates_without_recovery,0,0.0,1,5,1,pidqa-3f2361937c910a54,paddleocr_literal,5,0.0,ddl,0.0,0,pidqa-sheet-187,0,5,ddl 223;ddl 237;ddl 515;ddl 759;ddl 998
2,set_b,partial_recovery_no_false_candidate,0,0.5,0,4,0,pidqa-421b44d975ff4678,paddleocr_literal,4,1.0,uv-46020;uv-57436,0.3333333333333333,2,pidqa-sheet-351,2,6,uv-07585;uv-37805;uv-46020;uv-57436;uv-73731;uv-96753
3,set_b,partial_recovery_no_false_candidate,0,0.8571428571428571,0,1,0,pidqa-4552eed9d3456a8a,paddleocr_literal,1,1.0,kl-50201;kl-56828;kl-85807,0.75,3,pidqa-sheet-286,3,4,kl-50201;kl-54724;kl-56828;kl-85807
1,set_b,false_candidates_without_recovery,0,0.0,1,2,1,pidqa-49105c2af1960eea,paddleocr_literal,2,0.0,gi,0.0,0,pidqa-sheet-221,0,2,gi 712;gi 933
1,set_b,false_candidates_without_recovery,0,0.0,1,3,1,pidqa-4ce6915c793fe515,paddleocr_literal,3,0.0,efgh,0.0,0,pidqa-sheet-338,0,3,ef-24668;ef-90762;ef-97004
3,set_b,partial_recovery_with_false_candidates,0,0.4,2,1,2,pidqa-4f8914d0c4f6750f,paddleocr_literal,1,0.3333333333333333,ef-22221;efforts;efgh,0.5,1,pidqa-sheet-190,1,2,ef-22221;ef-39840
3,set_b,partial_recovery_with_false_candidates,0,0.5714285714285714,1,2,1,pidqa-53f77daeaca01320,paddleocr_literal,2,0.6666666666666666,kl-53206;kl-58999;kl252,0.5,2,pidqa-sheet-002,2,4,kl-29271;kl-53206;kl-58999;kl-62250
1,set_b,false_candidates_without_recovery,0,0.0,1,3,1,pidqa-56bd7c162d3f5d5e,paddleocr_literal,3,0.0,zlc,0.0,0,pidqa-sheet-307,0,3,zlc 488;zlc 599;zlc 757
0,set_b,exact_set,1,1.0,0,0,0,pidqa-59c9f9251a714a5b,paddleocr_literal,0,1.0,,1.0,0,pidqa-sheet-269,0,0,
3,set_b,partial_recovery_no_false_candidate,0,0.8571428571428571,0,1,0,pidqa-5a1c2466e26c2f44,paddleocr_literal,1,1.0,wx-21066;wx-55303;wx-67272,0.75,3,pidqa-sheet-490,3,4,wx-21066;wx-25461;wx-55303;wx-67272
0,set_b,empty_prediction,0,0.0,0,2,0,pidqa-5fbbf7e105b68853,paddleocr_literal,2,0.0,,0.0,0,pidqa-sheet-098,0,2,rv-18376;rv-84378
1,set_b,partial_recovery_no_false_candidate,0,0.5,0,2,0,pidqa-6267a699045894d4,paddleocr_literal,2,1.0,cd-72015,0.3333333333333333,1,pidqa-sheet-276,1,3,cd-56614;cd-72015;cd-84862
1,set_b,partial_recovery_no_false_candidate,0,0.6666666666666666,0,1,0,pidqa-65020dbb36831bca,paddleocr_literal,1,1.0,ij-89212,0.5,1,pidqa-sheet-402,1,2,ij-31831;ij-89212
3,set_b,partial_recovery_with_false_candidates,0,0.4,1,5,1,pidqa-6518bb75c0ec241c,paddleocr_literal,5,0.6666666666666666,st-20472;st-97223;sta,0.2857142857142857,2,pidqa-sheet-142,2,7,st-07829;st-20472;st-69678;st-81009;st-93051;st-97223;st-98858
1,set_b,false_candidates_without_recovery,0,0.0,1,4,1,pidqa-734329612e43d1ca,paddleocr_literal,4,0.0,ro-10,0.0,0,pidqa-sheet-244,0,4,ro-10 135;ro-10 202;ro-10 385;ro-10 603
2,set_b,partial_recovery_no_false_candidate,0,0.5714285714285714,0,3,0,pidqa-738bc3f1782a76e0,paddleocr_literal,3,1.0,kl-08386;kl-55062,0.4,2,pidqa-sheet-267,2,5,kl-08386;kl-55062;kl-72371;kl-75802;kl-97019
2,set_b,false_candidates_without_recovery,0,0.0,2,2,2,pidqa-7a6a1185e3b45659,paddleocr_literal,2,0.0,kll03;kll7,0.0,0,pidqa-sheet-059,0,2,kl-03031;kl-81274
1,set_b,false_candidates_without_recovery,0,0.0,1,0,1,pidqa-7f1bf9753128acd2,paddleocr_literal,0,0.0,sta,0.0,0,pidqa-sheet-056,0,0,
1,set_b,exact_set,1,1.0,0,0,0,pidqa-88314ef2eeb50b78,paddleocr_literal,0,1.0,sta,1.0,1,pidqa-sheet-207,1,1,sta
2,set_b,partial_recovery_no_false_candidate,0,0.8,0,1,0,pidqa-8c8b27e3fe4edc66,paddleocr_literal,1,1.0,cs-24;cs-86,0.6666666666666666,2,pidqa-sheet-327,2,3,cs-24;cs-39;cs-86
3,set_b,partial_recovery_with_false_candidates,0,0.5714285714285714,1,2,1,pidqa-8ce8fb4eeb3fe824,paddleocr_literal,2,0.6666666666666666,kl-61393;kl-62698;klz26,0.5,2,pidqa-sheet-009,2,4,kl-44057;kl-61393;kl-62698;kl-97275
0,set_b,exact_set,1,1.0,0,0,0,pidqa-8fd5949763072a9e,paddleocr_literal,0,1.0,,1.0,0,pidqa-sheet-127,0,0,
2,set_b,partial_recovery_no_false_candidate,0,0.5,0,4,0,pidqa-90b74af181950866,paddleocr_literal,4,1.0,cd-39967;cd-67339,0.3333333333333333,2,pidqa-sheet-413,2,6,cd-39967;cd-50933;cd-52848;cd-67339;cd-80480;cd-88405
1,set_b,false_candidates_without_recovery,0,0.0,1,9,1,pidqa-9205c9a543f7fa28,paddleocr_literal,9,0.0,ins,0.0,0,pidqa-sheet-382,0,9,ins ( -11°c );ins ( -17°c );ins ( -22°c );ins ( -49°c );ins ( -50°c );ins ( 14°c );ins ( 42°c );ins ( 46°c );ins ( 50°c )
4,set_b,partial_recovery_with_false_candidates,0,0.6,1,3,1,pidqa-9644c0ea46acad70,paddleocr_literal,3,0.75,mn-84852;mn-94206;mn-98871;mnn55,0.5,3,pidqa-sheet-396,3,6,mn-27407;mn-62939;mn-72516;mn-84852;mn-94206;mn-98871
1,set_b,partial_recovery_no_false_candidate,0,0.4,0,3,0,pidqa-97829bc150662fe9,paddleocr_literal,3,1.0,cs-16,0.25,1,pidqa-sheet-259,1,4,cs-16;cs-21;cs-35;cs-40
1,set_b,false_candidates_without_recovery,0,0.0,1,4,1,pidqa-9abe1b15aa131c32,paddleocr_literal,4,0.0,sdl,0.0,0,pidqa-sheet-491,0,4,sdl 333;sdl 343;sdl 658;sdl 871
1,set_b,partial_recovery_no_false_candidate,0,0.2857142857142857,0,5,0,pidqa-9c68f482a6167707,paddleocr_literal,5,1.0,cs-07,0.16666666666666666,1,pidqa-sheet-032,1,6,cs-07;cs-15;cs-20;cs-60;cs-68;cs-85
2,set_b,partial_recovery_no_false_candidate,0,0.8,0,1,0,pidqa-a3111e5026a1f8f7,paddleocr_literal,1,1.0,kl-73553;kl-96905,0.6666666666666666,2,pidqa-sheet-284,2,3,kl-35684;kl-73553;kl-96905
1,set_b,false_candidates_without_recovery,0,0.0,1,2,1,pidqa-a581b081d7294cf7,paddleocr_literal,2,0.0,zlc,0.0,0,pidqa-sheet-349,0,2,zlc 339;zlc 541
1,set_b,false_candidates_without_recovery,0,0.0,1,3,1,pidqa-ae7ff9dd3a5ee54d,paddleocr_literal,3,0.0,sdl,0.0,0,pidqa-sheet-025,0,3,sdl 299;sdl 560;sdl 707
1,set_b,false_candidates_without_recovery,0,0.0,1,3,1,pidqa-aef49d3f960637da,paddleocr_literal,3,0.0,ddl,0.0,0,pidqa-sheet-472,0,3,ddl 380;ddl 519;ddl 777
0,set_b,empty_prediction,0,0.0,0,2,0,pidqa-affde9a2d65ed274,paddleocr_literal,2,0.0,,0.0,0,pidqa-sheet-447,0,2,qr-62154;qr-99555
3,set_b,exact_set,1,1.0,0,0,0,pidqa-b0c77e506f2fd952,paddleocr_literal,0,1.0,op-02735;op-18903;op-75219,1.0,3,pidqa-sheet-129,3,3,op-02735;op-18903;op-75219
4,set_b,partial_recovery_with_false_candidates,0,0.6666666666666666,1,2,1,pidqa-b3639767f8fb4b69,paddleocr_literal,2,0.75,cd-13369;cd-24096;cd-44814;cdd00,0.6,3,pidqa-sheet-442,3,5,cd-00045;cd-13369;cd-24096;cd-44814;cd-78933
0,set_b,empty_prediction,0,0.0,0,1,0,pidqa-b38974d89c5567b7,paddleocr_literal,1,0.0,,0.0,0,pidqa-sheet-433,0,1,wx-99532
1,set_b,false_candidates_without_recovery,0,0.0,1,3,1,pidqa-b68b3ec10ff7c845,paddleocr_literal,3,0.0,ins,0.0,0,pidqa-sheet-107,0,3,ins ( -37°c );ins ( -47°c );ins ( 37°c )
1,set_b,partial_recovery_no_false_candidate,0,0.6666666666666666,0,1,0,pidqa-b7b2467002e6ef5c,paddleocr_literal,1,1.0,cs-18,0.5,1,pidqa-sheet-109,1,2,cs-18;cs-98
1,set_b,partial_recovery_no_false_candidate,0,0.4,0,3,0,pidqa-b969d18c38d14a2a,paddleocr_literal,3,1.0,rv-06129,0.25,1,pidqa-sheet-416,1,4,rv-06129;rv-43029;rv-62785;rv-95459
0,set_b,empty_prediction,0,0.0,0,2,0,pidqa-bb46b7c2c5044f85,paddleocr_literal,2,0.0,,0.0,0,pidqa-sheet-205,0,2,mn-52607;mn-74592
2,set_b,partial_recovery_no_false_candidate,0,0.8,0,1,0,pidqa-bd006d290ebc8473,paddleocr_literal,1,1.0,ij-34382;ij-67397,0.6666666666666666,2,pidqa-sheet-272,2,3,ij-34382;ij-59462;ij-67397
3,set_b,partial_recovery_no_false_candidate,0,0.8571428571428571,0,1,0,pidqa-be67ffa9e48ac764,paddleocr_literal,1,1.0,gh-25813;gh-32152;gh-91168,0.75,3,pidqa-sheet-172,3,4,gh-25813;gh-32152;gh-58467;gh-91168
1,set_b,false_candidates_without_recovery,0,0.0,1,2,1,pidqa-bf40e825a62b8259,paddleocr_literal,2,0.0,sdl,0.0,0,pidqa-sheet-214,0,2,sdl 251;sdl 969
1,set_b,partial_recovery_no_false_candidate,0,0.25,0,6,0,pidqa-c197f849a4360f1f,paddleocr_literal,6,1.0,ij-05901,0.14285714285714285,1,pidqa-sheet-292,1,7,ij-05901;ij-11564;ij-14675;ij-27288;ij-27670;ij-42814;ij-77397
2,set_b,partial_recovery_no_false_candidate,0,0.5,0,4,0,pidqa-c28de3b9be15ca9b,paddleocr_literal,4,1.0,cd-03255;cd-86228,0.3333333333333333,2,pidqa-sheet-063,2,6,cd-03255;cd-39523;cd-50553;cd-76243;cd-86228;cd-98999
1,set_b,false_candidates_without_recovery,0,0.0,1,1,1,pidqa-c36267312418de23,paddleocr_literal,1,0.0,efgh,0.0,0,pidqa-sheet-479,0,1,ef-30475
3,set_b,partial_recovery_no_false_candidate,0,0.8571428571428571,0,1,0,pidqa-c3bba23728b3fbf8,paddleocr_literal,1,1.0,erv-0-20;erv-1-68;erv-9-65,0.75,3,pidqa-sheet-285,3,4,erv-0-20;erv-1-68;erv-4-29;erv-9-65
2,set_b,partial_recovery_with_false_candidates,0,0.3333333333333333,1,3,1,pidqa-c88f3f166d2b8685,paddleocr_literal,3,0.5,mn-70303;mnz22,0.25,1,pidqa-sheet-071,1,4,mn-02285;mn-70303;mn-86418;mn-86565
0,set_b,empty_prediction,0,0.0,0,1,0,pidqa-ca9453c0916dd854,paddleocr_literal,1,0.0,,0.0,0,pidqa-sheet-141,0,1,qr-01570
2,set_b,partial_recovery_with_false_candidates,0,0.4,1,2,1,pidqa-cd9e54a055aa1d2d,paddleocr_literal,2,0.5,st-56743;st5302,0.3333333333333333,1,pidqa-sheet-488,1,3,st-04173;st-56743;st-75402
5,set_b,complete_recovery_with_false_candidates,0,0.8888888888888888,1,0,1,pidqa-cf8567fb7c3d4a47,paddleocr_literal,0,0.8,st-50001;st-66912;st-76618;st-96788;sta,1.0,4,pidqa-sheet-077,4,4,st-50001;st-66912;st-76618;st-96788
1,set_b,false_candidates_without_recovery,0,0.0,1,3,1,pidqa-d46c433407c03e66,paddleocr_literal,3,0.0,ro-10,0.0,0,pidqa-sheet-282,0,3,ro-10 364;ro-10 525;ro-10 545
2,set_b,exact_set,1,1.0,0,0,0,pidqa-dd211d193226cddc,paddleocr_literal,0,1.0,mn-29700;mn-90715,1.0,2,pidqa-sheet-184,2,2,mn-29700;mn-90715
1,set_b,false_candidates_without_recovery,0,0.0,1,3,1,pidqa-dd4e735e1a38f0f1,paddleocr_literal,3,0.0,sdl,0.0,0,pidqa-sheet-385,0,3,sdl 257;sdl 382;sdl 727
0,set_b,empty_prediction,0,0.0,0,2,0,pidqa-ddffb495a2f0db07,paddleocr_literal,2,0.0,,0.0,0,pidqa-sheet-417,0,2,wx-11994;wx-46690
3,set_b,partial_recovery_no_false_candidate,0,0.6666666666666666,0,3,0,pidqa-df288d95dc24fe32,paddleocr_literal,3,1.0,cd-31332;cd-45970;cd-54941,0.5,3,pidqa-sheet-296,3,6,cd-31332;cd-45970;cd-54941;cd-79998;cd-87616;cd-89474
1,set_b,exact_set,1,1.0,0,0,0,pidqa-e069b204039e9a2a,paddleocr_literal,0,1.0,qr-32684,1.0,1,pidqa-sheet-041,1,1,qr-32684
1,set_b,false_candidates_without_recovery,0,0.0,1,2,1,pidqa-e55d2ddac4335454,paddleocr_literal,2,0.0,zlo,0.0,0,pidqa-sheet-136,0,2,zlo 289;zlo 371
1,set_b,false_candidates_without_recovery,0,0.0,1,4,1,pidqa-e72e732e00404ca5,paddleocr_literal,4,0.0,ins,0.0,0,pidqa-sheet-410,0,4,ins ( 11°c );ins ( 15°c );ins ( 22°c );ins ( 53°c )
5,set_b,partial_recovery_with_false_candidates,0,0.5,2,4,2,pidqa-e784a9dda46b26d4,paddleocr_literal,4,0.6,ef-54357;ef-76248;ef-76647;efforts;efgh,0.42857142857142855,3,pidqa-sheet-031,3,7,ef-07980;ef-54357;ef-58866;ef-61350;ef-76248;ef-76647;ef-79825
0,set_b,empty_prediction,0,0.0,0,1,0,pidqa-e8a88e68db8af87a,paddleocr_literal,1,0.0,,0.0,0,pidqa-sheet-415,0,1,qr-20140
1,set_b,false_candidates_without_recovery,0,0.0,1,5,1,pidqa-e9d9f9e5915f13b4,paddleocr_literal,5,0.0,opp1,0.0,0,pidqa-sheet-474,0,5,op-01435;op-12489;op-41990;op-66212;op-76756
0,set_b,empty_prediction,0,0.0,0,3,0,pidqa-edecda2f285f0d3b,paddleocr_literal,3,0.0,,0.0,0,pidqa-sheet-309,0,3,ro-10 327;ro-10 507;ro-10 538
1,set_b,partial_recovery_no_false_candidate,0,0.5,0,2,0,pidqa-f22ac37cadb8555d,paddleocr_literal,2,1.0,cv-64294,0.3333333333333333,1,pidqa-sheet-469,1,3,cv-42277;cv-45934;cv-64294
0,set_b,exact_set,1,1.0,0,0,0,pidqa-f283793d943fcfa8,paddleocr_literal,0,1.0,,1.0,0,pidqa-sheet-026,0,0,
1,set_b,partial_recovery_no_false_candidate,0,0.6666666666666666,0,1,0,pidqa-f5c61061d0075833,paddleocr_literal,1,1.0,cd-58014,0.5,1,pidqa-sheet-191,1,2,cd-15150;cd-58014
2,set_b,partial_recovery_with_false_candidates,0,0.4,1,2,1,pidqa-f91a982dc4d46fa9,paddleocr_literal,2,0.5,wx-24-70;wx-27393,0.3333333333333333,1,pidqa-sheet-463,1,3,wx-09105;wx-24784;wx-27393
1,set_b,partial_recovery_no_false_candidate,0,0.4,0,3,0,pidqa-fa684002ab74446b,paddleocr_literal,3,1.0,rv-14074,0.25,1,pidqa-sheet-440,1,4,rv-14074;rv-24038;rv-32077;rv-74452
2,set_b,partial_recovery_no_false_candidate,0,0.6666666666666666,0,2,0,pidqa-fb09b726215e5b3c,paddleocr_literal,2,1.0,kl-38032;kl-49397,0.5,2,pidqa-sheet-366,2,4,kl-28839;kl-38032;kl-49397;kl-91274
2,set_b,partial_recovery_no_false_candidate,0,0.6666666666666666,0,2,0,pidqa-fcc7bcbeb95f27f4,paddleocr_literal,2,1.0,cv-13992;cv-81847,0.5,2,pidqa-sheet-035,2,4,cv-13992;cv-15444;cv-38118;cv-81847
0,set_b,exact_set,1,1.0,0,0,0,pidqa-fd4335aa2c9016cb,paddleocr_literal,0,1.0,,1.0,0,pidqa-sheet-196,0,0,
2,set_b,partial_recovery_no_false_candidate,0,0.8,0,1,0,pidqa-ffa7a479d6ee04c9,paddleocr_literal,1,1.0,dv-08762;dv-55523,0.6666666666666666,2,pidqa-sheet-370,2,3,dv-06765;dv-08762;dv-55523
2,seed29_excluding_set_b,exact_set,1,1.0,0,0,0,pidqa-037d27f1a889b137,qwen,0,1.0,ij-25925;ij-69812,1.0,2,pidqa-sheet-483,2,2,ij-25925;ij-69812
2,seed29_excluding_set_b,exact_set,1,1.0,0,0,0,pidqa-04f1611040d3febc,qwen,0,1.0,rv-08711;rv-90277,1.0,2,pidqa-sheet-254,2,2,rv-08711;rv-90277
3,seed29_excluding_set_b,partial_recovery_with_false_candidates,0,0.6666666666666666,1,1,1,pidqa-0932c09d1853386b,qwen,1,0.6666666666666666,rv-21125;rv-47340;rv-63124,0.6666666666666666,2,pidqa-sheet-168,2,3,rv-21525;rv-47340;rv-63124
1,seed29_excluding_set_b,false_candidates_without_recovery,0,0.0,1,0,1,pidqa-0a0c45d4ea70cb31,qwen,0,0.0,none,0.0,0,pidqa-sheet-320,0,0,
1,seed29_excluding_set_b,partial_recovery_no_false_candidate,0,0.5,0,2,0,pidqa-0f59f92d52c5fca4,qwen,2,1.0,gh-39865,0.3333333333333333,1,pidqa-sheet-261,1,3,gh-16741;gh-39865;gh-64234
6,seed29_excluding_set_b,partial_recovery_with_false_candidates,0,0.46153846153846156,3,4,3,pidqa-1274bb1ce830c15a,qwen,4,0.5,cs-00;cs-33;cs-63;cs-70;cs-90;cs-9738,0.42857142857142855,3,pidqa-sheet-374,3,7,cs-00;cs-19;cs-33;cs-42;cs-63;cs-72;cs-83
2,seed29_excluding_set_b,exact_set,1,1.0,0,0,0,pidqa-15426398d576b75b,qwen,0,1.0,ab-52901;ab-54940,1.0,2,pidqa-sheet-316,2,2,ab-52901;ab-54940
4,seed29_excluding_set_b,partial_recovery_no_false_candidate,0,0.8888888888888888,0,1,0,pidqa-1b2f684dae9ca085,qwen,1,1.0,wx-12077;wx-19660;wx-93060;wx-97230,0.8,4,pidqa-sheet-311,4,5,wx-12077;wx-19660;wx-59994;wx-93060;wx-97230
4,seed29_excluding_set_b,complete_recovery_with_false_candidates,0,0.6666666666666666,2,0,2,pidqa-1ced87cccba73b13,qwen,0,0.5,gh-41708;gh-77369;gh-84711;gh-97110,1.0,2,pidqa-sheet-411,2,2,gh-77369;gh-97110
1,seed29_excluding_set_b,partial_recovery_no_false_candidate,0,0.6666666666666666,0,1,0,pidqa-1d9856d79146dfd2,qwen,1,1.0,wx-82621,0.5,1,pidqa-sheet-043,1,2,wx-38305;wx-82621
3,seed29_excluding_set_b,exact_set,1,1.0,0,0,0,pidqa-230f687bb9ead401,qwen,0,1.0,ro-10 191;ro-10 300;ro-10 856,1.0,3,pidqa-sheet-262,3,3,ro-10 191;ro-10 300;ro-10 856
3,seed29_excluding_set_b,partial_recovery_no_false_candidate,0,0.8571428571428571,0,1,0,pidqa-25c7beefd77ac6cc,qwen,1,1.0,dv-05914;dv-24777;dv-51686,0.75,3,pidqa-sheet-188,3,4,dv-05914;dv-24777;dv-51686;dv-94284
9,seed29_excluding_set_b,partial_recovery_with_false_candidates,0,0.42857142857142855,6,2,6,pidqa-2af5267c7032dd93,qwen,2,0.3333333333333333,st-14176;st-33315;st-38657;st-60016;st-70286;st-73110;st-80290;st-80474;st-805239,0.6,3,pidqa-sheet-115,3,5,st-38567;st-48511;st-60016;st-70286;st-73110
6,seed29_excluding_set_b,partial_recovery_no_false_candidate,0,0.9230769230769231,0,1,0,pidqa-2b6a3e373b87d280,qwen,1,1.0,cv-16789;cv-36077;cv-46169;cv-65700;cv-74878;cv-95883,0.8571428571428571,6,pidqa-sheet-432,6,7,cv-16789;cv-36077;cv-46169;cv-65700;cv-66915;cv-74878;cv-95883
3,seed29_excluding_set_b,partial_recovery_no_false_candidate,0,0.8571428571428571,0,1,0,pidqa-330b319823bc1077,qwen,1,1.0,st-04832;st-08341;st-28377,0.75,3,pidqa-sheet-222,3,4,st-04832;st-08341;st-28377;st-78526
5,seed29_excluding_set_b,false_candidates_without_recovery,0,0.0,5,5,5,pidqa-33df727240c998d0,qwen,5,0.0,ins (-11°c);ins (-22°c);ins (-41°c);ins (30°c);ins (47°c),0.0,0,pidqa-sheet-277,0,5,ins ( -11°c );ins ( -22°c );ins ( -41°c );ins ( 30°c );ins ( 47°c )
4,seed29_excluding_set_b,partial_recovery_no_false_candidate,0,0.8888888888888888,0,1,0,pidqa-36a4c8f5f265f86d,qwen,1,1.0,mn-34739;mn-59937;mn-61682;mn-92449,0.8,4,pidqa-sheet-419,4,5,mn-34739;mn-59937;mn-61682;mn-78992;mn-92449
4,seed29_excluding_set_b,partial_recovery_with_false_candidates,0,0.75,1,1,1,pidqa-3a69c27c99bc845f,qwen,1,0.75,ab-08822;ab-63795;ab-67992;ab-98796,0.75,3,pidqa-sheet-381,3,4,ab-08822;ab-52246;ab-63795;ab-98796
1,seed29_excluding_set_b,partial_recovery_no_false_candidate,0,0.3333333333333333,0,4,0,pidqa-408ae0b98586380b,qwen,4,1.0,dv-61329,0.2,1,pidqa-sheet-208,1,5,dv-06719;dv-33483;dv-43761;dv-61329;dv-82399
3,seed29_excluding_set_b,exact_set,1,1.0,0,0,0,pidqa-423f6e9d0d11e5ca,qwen,0,1.0,erv-1-79;erv-5-08;erv-5-77,1.0,3,pidqa-sheet-016,3,3,erv-1-79;erv-5-08;erv-5-77
2,seed29_excluding_set_b,partial_recovery_no_false_candidate,0,0.8,0,1,0,pidqa-485a0d49279c7566,qwen,1,1.0,kl-03354;kl-16663,0.6666666666666666,2,pidqa-sheet-454,2,3,kl-03354;kl-16663;kl-82767
0,seed29_excluding_set_b,exact_set,1,1.0,0,0,0,pidqa-4bc830f2193e2041,qwen,0,1.0,,1.0,0,pidqa-sheet-050,0,0,
4,seed29_excluding_set_b,partial_recovery_with_false_candidates,0,0.5714285714285714,2,1,2,pidqa-4d55b098338d90af,qwen,1,0.5,mn-2144;mn-33614;mn-46468;mn-83090,0.6666666666666666,2,pidqa-sheet-461,2,3,mn-33614;mn-46468;mn-85090
5,seed29_excluding_set_b,partial_recovery_with_false_candidates,0,0.5,2,4,2,pidqa-4daf1dfd58c53a94,qwen,4,0.6,cd-03566;cd-16741;cd-203;cd-25951;cd-429,0.42857142857142855,3,pidqa-sheet-147,3,7,cd-03078;cd-03566;cd-15993;cd-16741;cd-25951;cd-84895;cd-95728
6,seed29_excluding_set_b,complete_recovery_with_false_candidates,0,0.9090909090909091,1,0,1,pidqa-4e4e54e64ea97206,qwen,0,0.8333333333333334,cv-05122;cv-40504;cv-49325;cv-60675;cv-78629;cv-83331,1.0,5,pidqa-sheet-278,5,5,cv-05122;cv-40504;cv-49325;cv-60675;cv-78629
1,seed29_excluding_set_b,false_candidates_without_recovery,0,0.0,1,1,1,pidqa-533fc351e1cdd8eb,qwen,1,0.0,zlo-202,0.0,0,pidqa-sheet-357,0,1,zlo 202
1,seed29_excluding_set_b,exact_set,1,1.0,0,0,0,pidqa-5340d3695dcc1560,qwen,0,1.0,wx-23455,1.0,1,pidqa-sheet-330,1,1,wx-23455
1,seed29_excluding_set_b,partial_recovery_no_false_candidate,0,0.2222222222222222,0,7,0,pidqa-56030edad68463c6,qwen,7,1.0,op-90302,0.125,1,pidqa-sheet-300,1,8,op-06603;op-10869;op-18523;op-45254;op-81021;op-84658;op-89250;op-90302
4,seed29_excluding_set_b,partial_recovery_with_false_candidates,0,0.75,1,1,1,pidqa-586fffaf411f9b3b,qwen,1,0.75,cs-40;cs-59;cs-67;cs-90,0.75,3,pidqa-sheet-076,3,4,cs-09;cs-40;cs-59;cs-67
3,seed29_excluding_set_b,exact_set,1,1.0,0,0,0,pidqa-5b06989c4df3336f,qwen,0,1.0,qr-21077;qr-64236;qr-70239,1.0,3,pidqa-sheet-105,3,3,qr-21077;qr-64236;qr-70239
3,seed29_excluding_set_b,partial_recovery_no_false_candidate,0,0.8571428571428571,0,1,0,pidqa-5cba9a5c08547fbd,qwen,1,1.0,ab-41151;ab-44053;ab-45108,0.75,3,pidqa-sheet-420,3,4,ab-41151;ab-44053;ab-45108;ab-93245
1,seed29_excluding_set_b,exact_set,1,1.0,0,0,0,pidqa-5e1f751df1e8a2ec,qwen,0,1.0,cd-09064,1.0,1,pidqa-sheet-102,1,1,cd-09064
7,seed29_excluding_set_b,partial_recovery_with_false_candidates,0,0.7142857142857143,2,2,2,pidqa-5eeb6c8c4e52b425,qwen,2,0.7142857142857143,cs-36;cs-48;cs-72;cs-73;cs-81;cs-88;cs-89,0.7142857142857143,5,pidqa-sheet-325,5,7,cs-08;cs-36;cs-48;cs-72;cs-78;cs-81;cs-89
1,seed29_excluding_set_b,false_candidates_without_recovery,0,0.0,1,0,1,pidqa-5f9bfb932c14e748,qwen,0,0.0,none,0.0,0,pidqa-sheet-268,0,0,
2,seed29_excluding_set_b,complete_recovery_with_false_candidates,0,0.6666666666666666,1,0,1,pidqa-6006f6cacb548608,qwen,0,0.5,ab-14250;ab-93971,1.0,1,pidqa-sheet-203,1,1,ab-14250
1,seed29_excluding_set_b,false_candidates_without_recovery,0,0.0,1,1,1,pidqa-601d1474adb31ab4,qwen,1,0.0,zlc-856,0.0,0,pidqa-sheet-238,0,1,zlc 856
4,seed29_excluding_set_b,exact_set,1,1.0,0,0,0,pidqa-63a05404c523bb1f,qwen,0,1.0,ro-10 459;ro-10 482;ro-10 888;ro-10 927,1.0,4,pidqa-sheet-228,4,4,ro-10 459;ro-10 482;ro-10 888;ro-10 927
1,seed29_excluding_set_b,partial_recovery_no_false_candidate,0,0.4,0,3,0,pidqa-645ae80f4755b34c,qwen,3,1.0,qr-01143,0.25,1,pidqa-sheet-053,1,4,qr-01143;qr-06900;qr-19925;qr-38298
2,seed29_excluding_set_b,false_candidates_without_recovery,0,0.0,2,2,2,pidqa-6668902e3347107c,qwen,2,0.0,ddl-101;ddl-644,0.0,0,pidqa-sheet-375,0,2,ddl 101;ddl 644
2,seed29_excluding_set_b,exact_set,1,1.0,0,0,0,pidqa-6c8c106bdc274747,qwen,0,1.0,op-20600;op-65704,1.0,2,pidqa-sheet-176,2,2,op-20600;op-65704
2,seed29_excluding_set_b,partial_recovery_no_false_candidate,0,0.8,0,1,0,pidqa-713785d0c52e3db8,qwen,1,1.0,qr-12411;qr-51203,0.6666666666666666,2,pidqa-sheet-397,2,3,qr-12411;qr-45113;qr-51203
7,seed29_excluding_set_b,partial_recovery_with_false_candidates,0,0.7142857142857143,2,2,2,pidqa-730aee11c15178c7,qwen,2,0.7142857142857143,kl-05335;kl-20048;kl-59429;kl-65399;kl-78341;kl-80395;kl-94662,0.7142857142857143,5,pidqa-sheet-227,5,7,kl-05325;kl-20048;kl-59429;kl-65399;kl-78341;kl-80584;kl-94662
1,seed29_excluding_set_b,partial_recovery_no_false_candidate,0,0.6666666666666666,0,1,0,pidqa-7527c6077f6047e5,qwen,1,1.0,mn-75516,0.5,1,pidqa-sheet-335,1,2,mn-18441;mn-75516
3,seed29_excluding_set_b,partial_recovery_with_false_candidates,0,0.6666666666666666,1,1,1,pidqa-77e00c2338f52aa2,qwen,1,0.6666666666666666,cv-52538;cv-55056;cv-95998,0.6666666666666666,2,pidqa-sheet-087,2,3,cv-52558;cv-55056;cv-95998
2,seed29_excluding_set_b,partial_recovery_no_false_candidate,0,0.6666666666666666,0,2,0,pidqa-7cb44b039e938212,qwen,2,1.0,qr-10436;qr-48370,0.5,2,pidqa-sheet-177,2,4,qr-10436;qr-46136;qr-48370;qr-62866
4,seed29_excluding_set_b,partial_recovery_with_false_candidates,0,0.6,1,3,1,pidqa-85865b3c2f722477,qwen,3,0.75,gh-17445;gh-2397;gh-51008;gh-98017,0.5,3,pidqa-sheet-373,3,6,gh-17445;gh-48246;gh-51008;gh-52571;gh-92397;gh-98017
1,seed29_excluding_set_b,partial_recovery_no_false_candidate,0,0.4,0,3,0,pidqa-85bfc32906052d24,qwen,3,1.0,erv-5-43,0.25,1,pidqa-sheet-384,1,4,erv-1-95;erv-3-54;erv-5-43;erv-9-18
1,seed29_excluding_set_b,partial_recovery_no_false_candidate,0,0.6666666666666666,0,1,0,pidqa-8f976cef5d632142,qwen,1,1.0,cv-08339,0.5,1,pidqa-sheet-352,1,2,cv-08339;cv-19282
1,seed29_excluding_set_b,partial_recovery_no_false_candidate,0,0.3333333333333333,0,4,0,pidqa-97f49c143812b5f1,qwen,4,1.0,erv-7-45,0.2,1,pidqa-sheet-201,1,5,erv-0-02;erv-3-32;erv-6-57;erv-6-98;erv-7-45
4,seed29_excluding_set_b,exact_set,1,1.0,0,0,0,pidqa-9a92a1fcf269afed,qwen,0,1.0,cd-13039;cd-22442;cd-62213;cd-81715,1.0,4,pidqa-sheet-218,4,4,cd-13039;cd-22442;cd-62213;cd-81715
1,seed29_excluding_set_b,false_candidates_without_recovery,0,0.0,1,1,1,pidqa-9bd70f3f594882a7,qwen,1,0.0,sta-03194,0.0,0,pidqa-sheet-112,0,1,sta
4,seed29_excluding_set_b,false_candidates_without_recovery,0,0.0,4,4,4,pidqa-9e685f8641d1bc7d,qwen,4,0.0,ins (-24°c);ins (-37°c);ins (21°c);ins (46°c),0.0,0,pidqa-sheet-174,0,4,ins ( -24°c );ins ( -37°c );ins ( 21°c );ins ( 46°c )
1,seed29_excluding_set_b,exact_set,1,1.0,0,0,0,pidqa-9ead719dd4391f46,qwen,0,1.0,sta,1.0,1,pidqa-sheet-135,1,1,sta
4,seed29_excluding_set_b,exact_set,1,1.0,0,0,0,pidqa-a52a2f67e20a6cec,qwen,0,1.0,ddl 447;ddl 562;ddl 606;ddl 711,1.0,4,pidqa-sheet-345,4,4,ddl 447;ddl 562;ddl 606;ddl 711
4,seed29_excluding_set_b,complete_recovery_with_false_candidates,0,0.8571428571428571,1,0,1,pidqa-a64ad369cfa41595,qwen,0,0.75,ij-21723;ij-32293;ij-48;ij-66800,1.0,3,pidqa-sheet-216,3,3,ij-21723;ij-32293;ij-66800
2,seed29_excluding_set_b,partial_recovery_no_false_candidate,0,0.5714285714285714,0,3,0,pidqa-a72a05bd0bbddc47,qwen,3,1.0,ddl 118;ddl 595,0.4,2,pidqa-sheet-387,2,5,ddl 118;ddl 448;ddl 595;ddl 651;ddl 996
2,seed29_excluding_set_b,exact_set,1,1.0,0,0,0,pidqa-a75682d490978cf3,qwen,0,1.0,kl-16059;kl-85942,1.0,2,pidqa-sheet-178,2,2,kl-16059;kl-85942
2,seed29_excluding_set_b,partial_recovery_no_false_candidate,0,0.5,0,4,0,pidqa-a92abe8d1049ba86,qwen,4,1.0,wx-75744;wx-86140,0.3333333333333333,2,pidqa-sheet-306,2,6,wx-07893;wx-09356;wx-63032;wx-75744;wx-83074;wx-86140
3,seed29_excluding_set_b,exact_set,1,1.0,0,0,0,pidqa-b0a229ea578e57dd,qwen,0,1.0,zlo 112;zlo 485;zlo 975,1.0,3,pidqa-sheet-157,3,3,zlo 112;zlo 485;zlo 975
1,seed29_excluding_set_b,exact_set,1,1.0,0,0,0,pidqa-b1eb13b22fb1d652,qwen,0,1.0,mn-90389,1.0,1,pidqa-sheet-470,1,1,mn-90389
2,seed29_excluding_set_b,exact_set,1,1.0,0,0,0,pidqa-b3b0bc3c778183c4,qwen,0,1.0,ef-79752;ef-89897,1.0,2,pidqa-sheet-465,2,2,ef-79752;ef-89897
5,seed29_excluding_set_b,false_candidates_without_recovery,0,0.0,5,4,5,pidqa-be69122a74bba601,qwen,4,0.0,zlc-284;zlc-299;zlc-585;zlc-589;zlc-709,0.0,0,pidqa-sheet-310,0,4,zlc 284;zlc 299;zlc 589;zlc 709
7,seed29_excluding_set_b,partial_recovery_with_false_candidates,0,0.6666666666666666,3,1,3,pidqa-bef1e7b25f21999b,qwen,1,0.5714285714285714,mn-32963;mn-50220;mn-53592;mn-67929;mn-73380;mn-75300;mn-87766,0.8,4,pidqa-sheet-079,4,5,mn-32963;mn-50220;mn-53592;mn-57306;mn-67929
3,seed29_excluding_set_b,exact_set,1,1.0,0,0,0,pidqa-c414cc1f3508c696,qwen,0,1.0,ro-10 469;ro-10 491;ro-10 791,1.0,3,pidqa-sheet-153,3,3,ro-10 469;ro-10 491;ro-10 791
3,seed29_excluding_set_b,exact_set,1,1.0,0,0,0,pidqa-c77c15847a5e766b,qwen,0,1.0,gh-13734;gh-61558;gh-82733,1.0,3,pidqa-sheet-333,3,3,gh-13734;gh-61558;gh-82733
5,seed29_excluding_set_b,partial_recovery_with_false_candidates,0,0.5,1,7,1,pidqa-ca69022dd8e62d83,qwen,7,0.8,ij-03134;ij-29763;ij-32414;ij-6527;ij-81078,0.36363636363636365,4,pidqa-sheet-362,4,11,ij-03134;ij-29763;ij-32414;ij-56034;ij-57429;ij-65735;ij-66527;ij-68501;ij-81078;ij-84732;ij-91759
1,seed29_excluding_set_b,exact_set,1,1.0,0,0,0,pidqa-cd757faa3f357702,qwen,0,1.0,dv-44878,1.0,1,pidqa-sheet-210,1,1,dv-44878
3,seed29_excluding_set_b,false_candidates_without_recovery,0,0.0,3,3,3,pidqa-d47bc1f58ffb95a5,qwen,3,0.0,ins (-14°c);ins (16°c);ins (38°c),0.0,0,pidqa-sheet-288,0,3,ins ( -14°c );ins ( 16°c );ins ( 38°c )
2,seed29_excluding_set_b,partial_recovery_no_false_candidate,0,0.8,0,1,0,pidqa-da0f3b101171ca5d,qwen,1,1.0,ab-09933;ab-78404,0.6666666666666666,2,pidqa-sheet-144,2,3,ab-09933;ab-28552;ab-78404
1,seed29_excluding_set_b,partial_recovery_no_false_candidate,0,0.4,0,3,0,pidqa-de60c7723be2a7db,qwen,3,1.0,qr-00016,0.25,1,pidqa-sheet-431,1,4,qr-00016;qr-10245;qr-71798;qr-82218
4,seed29_excluding_set_b,exact_set,1,1.0,0,0,0,pidqa-e6cb148df5772b05,qwen,0,1.0,ro-10 259;ro-10 891;ro-10 932;ro-10 963,1.0,4,pidqa-sheet-401,4,4,ro-10 259;ro-10 891;ro-10 932;ro-10 963
4,seed29_excluding_set_b,partial_recovery_with_false_candidates,0,0.2857142857142857,3,2,3,pidqa-e752e5e7430010ba,qwen,2,0.25,ro-10 561;ro-10 677;ro-15 158;ro-15 230,0.3333333333333333,1,pidqa-sheet-152,1,3,ro-10 158;ro-10 230;ro-10 561
1,seed29_excluding_set_b,false_candidates_without_recovery,0,0.0,1,1,1,pidqa-e7efdb59b850fd5b,qwen,1,0.0,glr-788,0.0,0,pidqa-sheet-073,0,1,glr 788
5,seed29_excluding_set_b,partial_recovery_no_false_candidate,0,0.9090909090909091,0,1,0,pidqa-e8bf5e5a996a4b7a,qwen,1,1.0,mn-00722;mn-19995;mn-50858;mn-52585;mn-53120,0.8333333333333334,5,pidqa-sheet-083,5,6,mn-00722;mn-19995;mn-50858;mn-52585;mn-53120;mn-74821
12,seed29_excluding_set_b,partial_recovery_with_false_candidates,0,0.7619047619047619,4,1,4,pidqa-eeb7208d14eb5ac4,qwen,1,0.6666666666666666,cd-16562;cd-21592;cd-40290;cd-45311;cd-61849;cd-74614;cd-78219;cd-80095;cd-82064;cd-86723;cd-86745;cd-91409,0.8888888888888888,8,pidqa-sheet-337,8,9,cd-21592;cd-40290;cd-45311;cd-61849;cd-68209;cd-74614;cd-82064;cd-86723;cd-86745
2,seed29_excluding_set_b,exact_set,1,1.0,0,0,0,pidqa-ef336a3f312e78dc,qwen,0,1.0,st-16729;st-74463,1.0,2,pidqa-sheet-044,2,2,st-16729;st-74463
1,seed29_excluding_set_b,partial_recovery_no_false_candidate,0,0.6666666666666666,0,1,0,pidqa-f296f695b1c4033b,qwen,1,1.0,ij-61723,0.5,1,pidqa-sheet-428,1,2,ij-61723;ij-79901
1,seed29_excluding_set_b,partial_recovery_no_false_candidate,0,0.5,0,2,0,pidqa-f326e386aba99f91,qwen,2,1.0,av-03839,0.3333333333333333,1,pidqa-sheet-164,1,3,av-01618;av-03839;av-35140
6,seed29_excluding_set_b,partial_recovery_no_false_candidate,0,0.9230769230769231,0,1,0,pidqa-f3dc11e8a3fcffd4,qwen,1,1.0,op-13754;op-15776;op-39731;op-41874;op-48833;op-48979,0.8571428571428571,6,pidqa-sheet-241,6,7,op-13754;op-14623;op-15776;op-39731;op-41874;op-48833;op-48979
2,seed29_excluding_set_b,partial_recovery_with_false_candidates,0,0.3333333333333333,1,3,1,pidqa-f41bdf413f884b8c,qwen,3,0.5,gh-56124;gh-60931,0.25,1,pidqa-sheet-038,1,4,gh-13995;gh-56124;gh-64931;gh-75589
1,seed29_excluding_set_b,partial_recovery_no_false_candidate,0,0.6666666666666666,0,1,0,pidqa-f463f1f21ab82fd1,qwen,1,1.0,dv-87411,0.5,1,pidqa-sheet-264,1,2,dv-41027;dv-87411
3,seed29_excluding_set_b,exact_set,1,1.0,0,0,0,pidqa-f594bf91e6719834,qwen,0,1.0,ij-30868;ij-35097;ij-97287,1.0,3,pidqa-sheet-487,3,3,ij-30868;ij-35097;ij-97287
1,seed29_excluding_set_b,exact_set,1,1.0,0,0,0,pidqa-f6aba1f4d9cf94a4,qwen,0,1.0,sta,1.0,1,pidqa-sheet-280,1,1,sta
2,seed29_excluding_set_b,exact_set,1,1.0,0,0,0,pidqa-037d27f1a889b137,paddleocr_geometry,0,1.0,ij-25925;ij-69812,1.0,2,pidqa-sheet-483,2,2,ij-25925;ij-69812
1,seed29_excluding_set_b,partial_recovery_no_false_candidate,0,0.6666666666666666,0,1,0,pidqa-04f1611040d3febc,paddleocr_geometry,1,1.0,rv-90277,0.5,1,pidqa-sheet-254,1,2,rv-08711;rv-90277
0,seed29_excluding_set_b,empty_prediction,0,0.0,0,3,0,pidqa-0932c09d1853386b,paddleocr_geometry,3,0.0,,0.0,0,pidqa-sheet-168,0,3,rv-21525;rv-47340;rv-63124
0,seed29_excluding_set_b,exact_set,1,1.0,0,0,0,pidqa-0a0c45d4ea70cb31,paddleocr_geometry,0,1.0,,1.0,0,pidqa-sheet-320,0,0,
1,seed29_excluding_set_b,partial_recovery_no_false_candidate,0,0.5,0,2,0,pidqa-0f59f92d52c5fca4,paddleocr_geometry,2,1.0,gh-39865,0.3333333333333333,1,pidqa-sheet-261,1,3,gh-16741;gh-39865;gh-64234
2,seed29_excluding_set_b,partial_recovery_with_false_candidates,0,0.2222222222222222,1,6,1,pidqa-1274bb1ce830c15a,paddleocr_geometry,6,0.5,cs-63 335;cs-83,0.14285714285714285,1,pidqa-sheet-374,1,7,cs-00;cs-19;cs-33;cs-42;cs-63;cs-72;cs-83
3,seed29_excluding_set_b,partial_recovery_with_false_candidates,0,0.4,2,1,2,pidqa-15426398d576b75b,paddleocr_geometry,1,0.3333333333333333,ab-54940;abc;abcd,0.5,1,pidqa-sheet-316,1,2,ab-52901;ab-54940
4,seed29_excluding_set_b,partial_recovery_no_false_candidate,0,0.8888888888888888,0,1,0,pidqa-1b2f684dae9ca085,paddleocr_geometry,1,1.0,wx-12077;wx-19660;wx-93060;wx-97230,0.8,4,pidqa-sheet-311,4,5,wx-12077;wx-19660;wx-59994;wx-93060;wx-97230
0,seed29_excluding_set_b,empty_prediction,0,0.0,0,2,0,pidqa-1ced87cccba73b13,paddleocr_geometry,2,0.0,,0.0,0,pidqa-sheet-411,0,2,gh-77369;gh-97110
2,seed29_excluding_set_b,exact_set,1,1.0,0,0,0,pidqa-1d9856d79146dfd2,paddleocr_geometry,0,1.0,wx-38305;wx-82621,1.0,2,pidqa-sheet-043,2,2,wx-38305;wx-82621
3,seed29_excluding_set_b,exact_set,1,1.0,0,0,0,pidqa-230f687bb9ead401,paddleocr_geometry,0,1.0,ro-10 191;ro-10 300;ro-10 856,1.0,3,pidqa-sheet-262,3,3,ro-10 191;ro-10 300;ro-10 856
3,seed29_excluding_set_b,partial_recovery_no_false_candidate,0,0.8571428571428571,0,1,0,pidqa-25c7beefd77ac6cc,paddleocr_geometry,1,1.0,dv-05914;dv-24777;dv-51686,0.75,3,pidqa-sheet-188,3,4,dv-05914;dv-24777;dv-51686;dv-94284
4,seed29_excluding_set_b,partial_recovery_with_false_candidates,0,0.6666666666666666,1,2,1,pidqa-2af5267c7032dd93,paddleocr_geometry,2,0.75,st-60016;st-70286;st-73110;sta,0.6,3,pidqa-sheet-115,3,5,st-38567;st-48511;st-60016;st-70286;st-73110
4,seed29_excluding_set_b,partial_recovery_no_false_candidate,0,0.7272727272727273,0,3,0,pidqa-2b6a3e373b87d280,paddleocr_geometry,3,1.0,cv-16789;cv-36077;cv-65700;cv-74878,0.5714285714285714,4,pidqa-sheet-432,4,7,cv-16789;cv-36077;cv-46169;cv-65700;cv-66915;cv-74878;cv-95883
4,seed29_excluding_set_b,partial_recovery_with_false_candidates,0,0.75,1,1,1,pidqa-330b319823bc1077,paddleocr_geometry,1,0.75,st-04832;st-08341;st-28377;sta,0.75,3,pidqa-sheet-222,3,4,st-04832;st-08341;st-28377;st-78526
1,seed29_excluding_set_b,false_candidates_without_recovery,0,0.0,1,5,1,pidqa-33df727240c998d0,paddleocr_geometry,5,0.0,ins,0.0,0,pidqa-sheet-277,0,5,ins ( -11°c );ins ( -22°c );ins ( -41°c );ins ( 30°c );ins ( 47°c )
4,seed29_excluding_set_b,partial_recovery_with_false_candidates,0,0.4444444444444444,2,3,2,pidqa-36a4c8f5f265f86d,paddleocr_geometry,3,0.5,mn-61682;mn-92449;mn723;mnq,0.4,2,pidqa-sheet-419,2,5,mn-34739;mn-59937;mn-61682;mn-78992;mn-92449
3,seed29_excluding_set_b,false_candidates_without_recovery,0,0.0,3,4,3,pidqa-3a69c27c99bc845f,paddleocr_geometry,4,0.0,ab222;abc;abcd,0.0,0,pidqa-sheet-381,0,4,ab-08822;ab-52246;ab-63795;ab-98796
3,seed29_excluding_set_b,partial_recovery_no_false_candidate,0,0.75,0,2,0,pidqa-408ae0b98586380b,paddleocr_geometry,2,1.0,dv-33483;dv-61329;dv-82399,0.6,3,pidqa-sheet-208,3,5,dv-06719;dv-33483;dv-43761;dv-61329;dv-82399
2,seed29_excluding_set_b,partial_recovery_no_false_candidate,0,0.8,0,1,0,pidqa-423f6e9d0d11e5ca,paddleocr_geometry,1,1.0,erv-5-08;erv-5-77,0.6666666666666666,2,pidqa-sheet-016,2,3,erv-1-79;erv-5-08;erv-5-77
0,seed29_excluding_set_b,empty_prediction,0,0.0,0,3,0,pidqa-485a0d49279c7566,paddleocr_geometry,3,0.0,,0.0,0,pidqa-sheet-454,0,3,kl-03354;kl-16663;kl-82767
0,seed29_excluding_set_b,exact_set,1,1.0,0,0,0,pidqa-4bc830f2193e2041,paddleocr_geometry,0,1.0,,1.0,0,pidqa-sheet-050,0,0,
3,seed29_excluding_set_b,partial_recovery_with_false_candidates,0,0.6666666666666666,1,1,1,pidqa-4d55b098338d90af,paddleocr_geometry,1,0.6666666666666666,mn-2144;mn-33614;mn-46468,0.6666666666666666,2,pidqa-sheet-461,2,3,mn-33614;mn-46468;mn-85090
2,seed29_excluding_set_b,partial_recovery_no_false_candidate,0,0.4444444444444444,0,5,0,pidqa-4daf1dfd58c53a94,paddleocr_geometry,5,1.0,cd-03078;cd-84895,0.2857142857142857,2,pidqa-sheet-147,2,7,cd-03078;cd-03566;cd-15993;cd-16741;cd-25951;cd-84895;cd-95728
3,seed29_excluding_set_b,partial_recovery_no_false_candidate,0,0.75,0,2,0,pidqa-4e4e54e64ea97206,paddleocr_geometry,2,1.0,cv-05122;cv-60675;cv-78629,0.6,3,pidqa-sheet-278,3,5,cv-05122;cv-40504;cv-49325;cv-60675;cv-78629
1,seed29_excluding_set_b,exact_set,1,1.0,0,0,0,pidqa-533fc351e1cdd8eb,paddleocr_geometry,0,1.0,zlo 202,1.0,1,pidqa-sheet-357,1,1,zlo 202
1,seed29_excluding_set_b,false_candidates_without_recovery,0,0.0,1,1,1,pidqa-5340d3695dcc1560,paddleocr_geometry,1,0.0,wxx22,0.0,0,pidqa-sheet-330,0,1,wx-23455
3,seed29_excluding_set_b,partial_recovery_no_false_candidate,0,0.5454545454545454,0,5,0,pidqa-56030edad68463c6,paddleocr_geometry,5,1.0,op-45254;op-81021;op-90302,0.375,3,pidqa-sheet-300,3,8,op-06603;op-10869;op-18523;op-45254;op-81021;op-84658;op-89250;op-90302
0,seed29_excluding_set_b,empty_prediction,0,0.0,0,4,0,pidqa-586fffaf411f9b3b,paddleocr_geometry,4,0.0,,0.0,0,pidqa-sheet-076,0,4,cs-09;cs-40;cs-59;cs-67
2,seed29_excluding_set_b,partial_recovery_no_false_candidate,0,0.8,0,1,0,pidqa-5b06989c4df3336f,paddleocr_geometry,1,1.0,qr-64236;qr-70239,0.6666666666666666,2,pidqa-sheet-105,2,3,qr-21077;qr-64236;qr-70239
4,seed29_excluding_set_b,partial_recovery_with_false_candidates,0,0.5,2,2,2,pidqa-5cba9a5c08547fbd,paddleocr_geometry,2,0.5,ab-41151;ab-44053;abc;abcd,0.5,2,pidqa-sheet-420,2,4,ab-41151;ab-44053;ab-45108;ab-93245
1,seed29_excluding_set_b,exact_set,1,1.0,0,0,0,pidqa-5e1f751df1e8a2ec,paddleocr_geometry,0,1.0,cd-09064,1.0,1,pidqa-sheet-102,1,1,cd-09064
1,seed29_excluding_set_b,partial_recovery_no_false_candidate,0,0.25,0,6,0,pidqa-5eeb6c8c4e52b425,paddleocr_geometry,6,1.0,cs-81,0.14285714285714285,1,pidqa-sheet-325,1,7,cs-08;cs-36;cs-48;cs-72;cs-78;cs-81;cs-89
0,seed29_excluding_set_b,exact_set,1,1.0,0,0,0,pidqa-5f9bfb932c14e748,paddleocr_geometry,0,1.0,,1.0,0,pidqa-sheet-268,0,0,
2,seed29_excluding_set_b,false_candidates_without_recovery,0,0.0,2,1,2,pidqa-6006f6cacb548608,paddleocr_geometry,1,0.0,abc;abcd,0.0,0,pidqa-sheet-203,0,1,ab-14250
1,seed29_excluding_set_b,exact_set,1,1.0,0,0,0,pidqa-601d1474adb31ab4,paddleocr_geometry,0,1.0,zlc 856,1.0,1,pidqa-sheet-238,1,1,zlc 856
4,seed29_excluding_set_b,exact_set,1,1.0,0,0,0,pidqa-63a05404c523bb1f,paddleocr_geometry,0,1.0,ro-10 459;ro-10 482;ro-10 888;ro-10 927,1.0,4,pidqa-sheet-228,4,4,ro-10 459;ro-10 482;ro-10 888;ro-10 927
3,seed29_excluding_set_b,partial_recovery_no_false_candidate,0,0.8571428571428571,0,1,0,pidqa-645ae80f4755b34c,paddleocr_geometry,1,1.0,qr-01143;qr-06900;qr-19925,0.75,3,pidqa-sheet-053,3,4,qr-01143;qr-06900;qr-19925;qr-38298
0,seed29_excluding_set_b,empty_prediction,0,0.0,0,2,0,pidqa-6668902e3347107c,paddleocr_geometry,2,0.0,,0.0,0,pidqa-sheet-375,0,2,ddl 101;ddl 644
1,seed29_excluding_set_b,false_candidates_without_recovery,0,0.0,1,2,1,pidqa-6c8c106bdc274747,paddleocr_geometry,2,0.0,op522,0.0,0,pidqa-sheet-176,0,2,op-20600;op-65704
1,seed29_excluding_set_b,partial_recovery_no_false_candidate,0,0.5,0,2,0,pidqa-713785d0c52e3db8,paddleocr_geometry,2,1.0,qr-45113,0.3333333333333333,1,pidqa-sheet-397,1,3,qr-12411;qr-45113;qr-51203
5,seed29_excluding_set_b,partial_recovery_with_false_candidates,0,0.6666666666666666,1,3,1,pidqa-730aee11c15178c7,paddleocr_geometry,3,0.8,kl-20048;kl-65399;kl-78341;kl-94662;kl038,0.5714285714285714,4,pidqa-sheet-227,4,7,kl-05325;kl-20048;kl-59429;kl-65399;kl-78341;kl-80584;kl-94662
1,seed29_excluding_set_b,false_candidates_without_recovery,0,0.0,1,2,1,pidqa-7527c6077f6047e5,paddleocr_geometry,2,0.0,mnn55,0.0,0,pidqa-sheet-335,0,2,mn-18441;mn-75516
2,seed29_excluding_set_b,partial_recovery_no_false_candidate,0,0.8,0,1,0,pidqa-77e00c2338f52aa2,paddleocr_geometry,1,1.0,cv-55056;cv-95998,0.6666666666666666,2,pidqa-sheet-087,2,3,cv-52558;cv-55056;cv-95998
2,seed29_excluding_set_b,partial_recovery_no_false_candidate,0,0.6666666666666666,0,2,0,pidqa-7cb44b039e938212,paddleocr_geometry,2,1.0,qr-10436;qr-48370,0.5,2,pidqa-sheet-177,2,4,qr-10436;qr-46136;qr-48370;qr-62866
3,seed29_excluding_set_b,partial_recovery_no_false_candidate,0,0.6666666666666666,0,3,0,pidqa-85865b3c2f722477,paddleocr_geometry,3,1.0,gh-48246;gh-52571;gh-98017,0.5,3,pidqa-sheet-373,3,6,gh-17445;gh-48246;gh-51008;gh-52571;gh-92397;gh-98017
3,seed29_excluding_set_b,partial_recovery_no_false_candidate,0,0.8571428571428571,0,1,0,pidqa-85bfc32906052d24,paddleocr_geometry,1,1.0,erv-1-95;erv-3-54;erv-5-43,0.75,3,pidqa-sheet-384,3,4,erv-1-95;erv-3-54;erv-5-43;erv-9-18
1,seed29_excluding_set_b,partial_recovery_no_false_candidate,0,0.6666666666666666,0,1,0,pidqa-8f976cef5d632142,paddleocr_geometry,1,1.0,cv-08339,0.5,1,pidqa-sheet-352,1,2,cv-08339;cv-19282
2,seed29_excluding_set_b,partial_recovery_no_false_candidate,0,0.5714285714285714,0,3,0,pidqa-97f49c143812b5f1,paddleocr_geometry,3,1.0,erv-3-32;erv-7-45,0.4,2,pidqa-sheet-201,2,5,erv-0-02;erv-3-32;erv-6-57;erv-6-98;erv-7-45
2,seed29_excluding_set_b,partial_recovery_no_false_candidate,0,0.6666666666666666,0,2,0,pidqa-9a92a1fcf269afed,paddleocr_geometry,2,1.0,cd-13039;cd-62213,0.5,2,pidqa-sheet-218,2,4,cd-13039;cd-22442;cd-62213;cd-81715
1,seed29_excluding_set_b,exact_set,1,1.0,0,0,0,pidqa-9bd70f3f594882a7,paddleocr_geometry,0,1.0,sta,1.0,1,pidqa-sheet-112,1,1,sta
1,seed29_excluding_set_b,false_candidates_without_recovery,0,0.0,1,4,1,pidqa-9e685f8641d1bc7d,paddleocr_geometry,4,0.0,ins,0.0,0,pidqa-sheet-174,0,4,ins ( -24°c );ins ( -37°c );ins ( 21°c );ins ( 46°c )
1,seed29_excluding_set_b,exact_set,1,1.0,0,0,0,pidqa-9ead719dd4391f46,paddleocr_geometry,0,1.0,sta,1.0,1,pidqa-sheet-135,1,1,sta
1,seed29_excluding_set_b,partial_recovery_no_false_candidate,0,0.4,0,3,0,pidqa-a52a2f67e20a6cec,paddleocr_geometry,3,1.0,ddl 606,0.25,1,pidqa-sheet-345,1,4,ddl 447;ddl 562;ddl 606;ddl 711
1,seed29_excluding_set_b,partial_recovery_no_false_candidate,0,0.5,0,2,0,pidqa-a64ad369cfa41595,paddleocr_geometry,2,1.0,ij-21723,0.3333333333333333,1,pidqa-sheet-216,1,3,ij-21723;ij-32293;ij-66800
5,seed29_excluding_set_b,exact_set,1,1.0,0,0,0,pidqa-a72a05bd0bbddc47,paddleocr_geometry,0,1.0,ddl 118;ddl 448;ddl 595;ddl 651;ddl 996,1.0,5,pidqa-sheet-387,5,5,ddl 118;ddl 448;ddl 595;ddl 651;ddl 996
2,seed29_excluding_set_b,partial_recovery_with_false_candidates,0,0.5,1,1,1,pidqa-a75682d490978cf3,paddleocr_geometry,1,0.5,kl-16059;kl648,0.5,1,pidqa-sheet-178,1,2,kl-16059;kl-85942
2,seed29_excluding_set_b,partial_recovery_no_false_candidate,0,0.5,0,4,0,pidqa-a92abe8d1049ba86,paddleocr_geometry,4,1.0,wx-07893;wx-83074,0.3333333333333333,2,pidqa-sheet-306,2,6,wx-07893;wx-09356;wx-63032;wx-75744;wx-83074;wx-86140
3,seed29_excluding_set_b,exact_set,1,1.0,0,0,0,pidqa-b0a229ea578e57dd,paddleocr_geometry,0,1.0,zlo 112;zlo 485;zlo 975,1.0,3,pidqa-sheet-157,3,3,zlo 112;zlo 485;zlo 975
0,seed29_excluding_set_b,empty_prediction,0,0.0,0,1,0,pidqa-b1eb13b22fb1d652,paddleocr_geometry,1,0.0,,0.0,0,pidqa-sheet-470,0,1,mn-90389
3,seed29_excluding_set_b,complete_recovery_with_false_candidates,0,0.8,1,0,1,pidqa-b3b0bc3c778183c4,paddleocr_geometry,0,0.6666666666666666,ef-79752;ef-89897;efgh,1.0,2,pidqa-sheet-465,2,2,ef-79752;ef-89897
2,seed29_excluding_set_b,partial_recovery_no_false_candidate,0,0.6666666666666666,0,2,0,pidqa-be69122a74bba601,paddleocr_geometry,2,1.0,zlc 284;zlc 299,0.5,2,pidqa-sheet-310,2,4,zlc 284;zlc 299;zlc 589;zlc 709
3,seed29_excluding_set_b,partial_recovery_with_false_candidates,0,0.5,1,3,1,pidqa-bef1e7b25f21999b,paddleocr_geometry,3,0.6666666666666666,mn-32963;mn-50220;mnn77,0.4,2,pidqa-sheet-079,2,5,mn-32963;mn-50220;mn-53592;mn-57306;mn-67929
2,seed29_excluding_set_b,partial_recovery_no_false_candidate,0,0.8,0,1,0,pidqa-c414cc1f3508c696,paddleocr_geometry,1,1.0,ro-10 469;ro-10 491,0.6666666666666666,2,pidqa-sheet-153,2,3,ro-10 469;ro-10 491;ro-10 791
3,seed29_excluding_set_b,exact_set,1,1.0,0,0,0,pidqa-c77c15847a5e766b,paddleocr_geometry,0,1.0,gh-13734;gh-61558;gh-82733,1.0,3,pidqa-sheet-333,3,3,gh-13734;gh-61558;gh-82733
5,seed29_excluding_set_b,partial_recovery_no_false_candidate,0,0.625,0,6,0,pidqa-ca69022dd8e62d83,paddleocr_geometry,6,1.0,ij-29763;ij-32414;ij-65735;ij-66527;ij-81078,0.45454545454545453,5,pidqa-sheet-362,5,11,ij-03134;ij-29763;ij-32414;ij-56034;ij-57429;ij-65735;ij-66527;ij-68501;ij-81078;ij-84732;ij-91759
1,seed29_excluding_set_b,exact_set,1,1.0,0,0,0,pidqa-cd757faa3f357702,paddleocr_geometry,0,1.0,dv-44878,1.0,1,pidqa-sheet-210,1,1,dv-44878
1,seed29_excluding_set_b,false_candidates_without_recovery,0,0.0,1,3,1,pidqa-d47bc1f58ffb95a5,paddleocr_geometry,3,0.0,ins,0.0,0,pidqa-sheet-288,0,3,ins ( -14°c );ins ( 16°c );ins ( 38°c )
4,seed29_excluding_set_b,partial_recovery_with_false_candidates,0,0.5714285714285714,2,1,2,pidqa-da0f3b101171ca5d,paddleocr_geometry,1,0.5,ab-09933;ab-78404;abc;abcd,0.6666666666666666,2,pidqa-sheet-144,2,3,ab-09933;ab-28552;ab-78404
2,seed29_excluding_set_b,partial_recovery_no_false_candidate,0,0.6666666666666666,0,2,0,pidqa-de60c7723be2a7db,paddleocr_geometry,2,1.0,qr-00016;qr-71798,0.5,2,pidqa-sheet-431,2,4,qr-00016;qr-10245;qr-71798;qr-82218
4,seed29_excluding_set_b,exact_set,1,1.0,0,0,0,pidqa-e6cb148df5772b05,paddleocr_geometry,0,1.0,ro-10 259;ro-10 891;ro-10 932;ro-10 963,1.0,4,pidqa-sheet-401,4,4,ro-10 259;ro-10 891;ro-10 932;ro-10 963
0,seed29_excluding_set_b,empty_prediction,0,0.0,0,3,0,pidqa-e752e5e7430010ba,paddleocr_geometry,3,0.0,,0.0,0,pidqa-sheet-152,0,3,ro-10 158;ro-10 230;ro-10 561
0,seed29_excluding_set_b,empty_prediction,0,0.0,0,1,0,pidqa-e7efdb59b850fd5b,paddleocr_geometry,1,0.0,,0.0,0,pidqa-sheet-073,0,1,glr 788
3,seed29_excluding_set_b,partial_recovery_no_false_candidate,0,0.6666666666666666,0,3,0,pidqa-e8bf5e5a996a4b7a,paddleocr_geometry,3,1.0,mn-00722;mn-53120;mn-74821,0.5,3,pidqa-sheet-083,3,6,mn-00722;mn-19995;mn-50858;mn-52585;mn-53120;mn-74821
5,seed29_excluding_set_b,partial_recovery_no_false_candidate,0,0.7142857142857143,0,4,0,pidqa-eeb7208d14eb5ac4,paddleocr_geometry,4,1.0,cd-21592;cd-45311;cd-74614;cd-82064;cd-86745,0.5555555555555556,5,pidqa-sheet-337,5,9,cd-21592;cd-40290;cd-45311;cd-61849;cd-68209;cd-74614;cd-82064;cd-86723;cd-86745
2,seed29_excluding_set_b,partial_recovery_with_false_candidates,0,0.5,1,1,1,pidqa-ef336a3f312e78dc,paddleocr_geometry,1,0.5,st-16729;sta,0.5,1,pidqa-sheet-044,1,2,st-16729;st-74463
1,seed29_excluding_set_b,partial_recovery_no_false_candidate,0,0.6666666666666666,0,1,0,pidqa-f296f695b1c4033b,paddleocr_geometry,1,1.0,ij-61723,0.5,1,pidqa-sheet-428,1,2,ij-61723;ij-79901
2,seed29_excluding_set_b,partial_recovery_with_false_candidates,0,0.4,1,2,1,pidqa-f326e386aba99f91,paddleocr_geometry,2,0.5,av-35140;av118,0.3333333333333333,1,pidqa-sheet-164,1,3,av-01618;av-03839;av-35140
5,seed29_excluding_set_b,partial_recovery_with_false_candidates,0,0.6666666666666666,1,3,1,pidqa-f3dc11e8a3fcffd4,paddleocr_geometry,3,0.8,op-15776;op-39731;op-48833;op-48979;opp27,0.5714285714285714,4,pidqa-sheet-241,4,7,op-13754;op-14623;op-15776;op-39731;op-41874;op-48833;op-48979
1,seed29_excluding_set_b,partial_recovery_no_false_candidate,0,0.4,0,3,0,pidqa-f41bdf413f884b8c,paddleocr_geometry,3,1.0,gh-56124,0.25,1,pidqa-sheet-038,1,4,gh-13995;gh-56124;gh-64931;gh-75589
0,seed29_excluding_set_b,empty_prediction,0,0.0,0,2,0,pidqa-f463f1f21ab82fd1,paddleocr_geometry,2,0.0,,0.0,0,pidqa-sheet-264,0,2,dv-41027;dv-87411
2,seed29_excluding_set_b,partial_recovery_no_false_candidate,0,0.8,0,1,0,pidqa-f594bf91e6719834,paddleocr_geometry,1,1.0,ij-30868;ij-97287,0.6666666666666666,2,pidqa-sheet-487,2,3,ij-30868;ij-35097;ij-97287
1,seed29_excluding_set_b,exact_set,1,1.0,0,0,0,pidqa-f6aba1f4d9cf94a4,paddleocr_geometry,0,1.0,sta,1.0,1,pidqa-sheet-280,1,1,sta
2,seed29_excluding_set_b,exact_set,1,1.0,0,0,0,pidqa-037d27f1a889b137,set_union,0,1.0,ij-25925;ij-69812,1.0,2,pidqa-sheet-483,2,2,ij-25925;ij-69812
2,seed29_excluding_set_b,exact_set,1,1.0,0,0,0,pidqa-04f1611040d3febc,set_union,0,1.0,rv-08711;rv-90277,1.0,2,pidqa-sheet-254,2,2,rv-08711;rv-90277
3,seed29_excluding_set_b,partial_recovery_with_false_candidates,0,0.6666666666666666,1,1,1,pidqa-0932c09d1853386b,set_union,1,0.6666666666666666,rv-21125;rv-47340;rv-63124,0.6666666666666666,2,pidqa-sheet-168,2,3,rv-21525;rv-47340;rv-63124
1,seed29_excluding_set_b,false_candidates_without_recovery,0,0.0,1,0,1,pidqa-0a0c45d4ea70cb31,set_union,0,0.0,none,0.0,0,pidqa-sheet-320,0,0,
1,seed29_excluding_set_b,partial_recovery_no_false_candidate,0,0.5,0,2,0,pidqa-0f59f92d52c5fca4,set_union,2,1.0,gh-39865,0.3333333333333333,1,pidqa-sheet-261,1,3,gh-16741;gh-39865;gh-64234
8,seed29_excluding_set_b,partial_recovery_with_false_candidates,0,0.5333333333333333,4,3,4,pidqa-1274bb1ce830c15a,set_union,3,0.5,cs-00;cs-33;cs-63;cs-63 335;cs-70;cs-83;cs-90;cs-9738,0.5714285714285714,4,pidqa-sheet-374,4,7,cs-00;cs-19;cs-33;cs-42;cs-63;cs-72;cs-83
4,seed29_excluding_set_b,complete_recovery_with_false_candidates,0,0.6666666666666666,2,0,2,pidqa-15426398d576b75b,set_union,0,0.5,ab-52901;ab-54940;abc;abcd,1.0,2,pidqa-sheet-316,2,2,ab-52901;ab-54940
4,seed29_excluding_set_b,partial_recovery_no_false_candidate,0,0.8888888888888888,0,1,0,pidqa-1b2f684dae9ca085,set_union,1,1.0,wx-12077;wx-19660;wx-93060;wx-97230,0.8,4,pidqa-sheet-311,4,5,wx-12077;wx-19660;wx-59994;wx-93060;wx-97230
4,seed29_excluding_set_b,complete_recovery_with_false_candidates,0,0.6666666666666666,2,0,2,pidqa-1ced87cccba73b13,set_union,0,0.5,gh-41708;gh-77369;gh-84711;gh-97110,1.0,2,pidqa-sheet-411,2,2,gh-77369;gh-97110
2,seed29_excluding_set_b,exact_set,1,1.0,0,0,0,pidqa-1d9856d79146dfd2,set_union,0,1.0,wx-38305;wx-82621,1.0,2,pidqa-sheet-043,2,2,wx-38305;wx-82621
3,seed29_excluding_set_b,exact_set,1,1.0,0,0,0,pidqa-230f687bb9ead401,set_union,0,1.0,ro-10 191;ro-10 300;ro-10 856,1.0,3,pidqa-sheet-262,3,3,ro-10 191;ro-10 300;ro-10 856
3,seed29_excluding_set_b,partial_recovery_no_false_candidate,0,0.8571428571428571,0,1,0,pidqa-25c7beefd77ac6cc,set_union,1,1.0,dv-05914;dv-24777;dv-51686,0.75,3,pidqa-sheet-188,3,4,dv-05914;dv-24777;dv-51686;dv-94284
10,seed29_excluding_set_b,partial_recovery_with_false_candidates,0,0.4,7,2,7,pidqa-2af5267c7032dd93,set_union,2,0.3,st-14176;st-33315;st-38657;st-60016;st-70286;st-73110;st-80290;st-80474;st-805239;sta,0.6,3,pidqa-sheet-115,3,5,st-38567;st-48511;st-60016;st-70286;st-73110
6,seed29_excluding_set_b,partial_recovery_no_false_candidate,0,0.9230769230769231,0,1,0,pidqa-2b6a3e373b87d280,set_union,1,1.0,cv-16789;cv-36077;cv-46169;cv-65700;cv-74878;cv-95883,0.8571428571428571,6,pidqa-sheet-432,6,7,cv-16789;cv-36077;cv-46169;cv-65700;cv-66915;cv-74878;cv-95883
4,seed29_excluding_set_b,partial_recovery_with_false_candidates,0,0.75,1,1,1,pidqa-330b319823bc1077,set_union,1,0.75,st-04832;st-08341;st-28377;sta,0.75,3,pidqa-sheet-222,3,4,st-04832;st-08341;st-28377;st-78526
6,seed29_excluding_set_b,false_candidates_without_recovery,0,0.0,6,5,6,pidqa-33df727240c998d0,set_union,5,0.0,ins;ins (-11°c);ins (-22°c);ins (-41°c);ins (30°c);ins (47°c),0.0,0,pidqa-sheet-277,0,5,ins ( -11°c );ins ( -22°c );ins ( -41°c );ins ( 30°c );ins ( 47°c )
6,seed29_excluding_set_b,partial_recovery_with_false_candidates,0,0.7272727272727273,2,1,2,pidqa-36a4c8f5f265f86d,set_union,1,0.6666666666666666,mn-34739;mn-59937;mn-61682;mn-92449;mn723;mnq,0.8,4,pidqa-sheet-419,4,5,mn-34739;mn-59937;mn-61682;mn-78992;mn-92449
7,seed29_excluding_set_b,partial_recovery_with_false_candidates,0,0.5454545454545454,4,1,4,pidqa-3a69c27c99bc845f,set_union,1,0.42857142857142855,ab-08822;ab-63795;ab-67992;ab-98796;ab222;abc;abcd,0.75,3,pidqa-sheet-381,3,4,ab-08822;ab-52246;ab-63795;ab-98796
3,seed29_excluding_set_b,partial_recovery_no_false_candidate,0,0.75,0,2,0,pidqa-408ae0b98586380b,set_union,2,1.0,dv-33483;dv-61329;dv-82399,0.6,3,pidqa-sheet-208,3,5,dv-06719;dv-33483;dv-43761;dv-61329;dv-82399
3,seed29_excluding_set_b,exact_set,1,1.0,0,0,0,pidqa-423f6e9d0d11e5ca,set_union,0,1.0,erv-1-79;erv-5-08;erv-5-77,1.0,3,pidqa-sheet-016,3,3,erv-1-79;erv-5-08;erv-5-77
2,seed29_excluding_set_b,partial_recovery_no_false_candidate,0,0.8,0,1,0,pidqa-485a0d49279c7566,set_union,1,1.0,kl-03354;kl-16663,0.6666666666666666,2,pidqa-sheet-454,2,3,kl-03354;kl-16663;kl-82767
0,seed29_excluding_set_b,exact_set,1,1.0,0,0,0,pidqa-4bc830f2193e2041,set_union,0,1.0,,1.0,0,pidqa-sheet-050,0,0,
4,seed29_excluding_set_b,partial_recovery_with_false_candidates,0,0.5714285714285714,2,1,2,pidqa-4d55b098338d90af,set_union,1,0.5,mn-2144;mn-33614;mn-46468;mn-83090,0.6666666666666666,2,pidqa-sheet-461,2,3,mn-33614;mn-46468;mn-85090
7,seed29_excluding_set_b,partial_recovery_with_false_candidates,0,0.7142857142857143,2,2,2,pidqa-4daf1dfd58c53a94,set_union,2,0.7142857142857143,cd-03078;cd-03566;cd-16741;cd-203;cd-25951;cd-429;cd-84895,0.7142857142857143,5,pidqa-sheet-147,5,7,cd-03078;cd-03566;cd-15993;cd-16741;cd-25951;cd-84895;cd-95728
6,seed29_excluding_set_b,complete_recovery_with_false_candidates,0,0.9090909090909091,1,0,1,pidqa-4e4e54e64ea97206,set_union,0,0.8333333333333334,cv-05122;cv-40504;cv-49325;cv-60675;cv-78629;cv-83331,1.0,5,pidqa-sheet-278,5,5,cv-05122;cv-40504;cv-49325;cv-60675;cv-78629
2,seed29_excluding_set_b,complete_recovery_with_false_candidates,0,0.6666666666666666,1,0,1,pidqa-533fc351e1cdd8eb,set_union,0,0.5,zlo 202;zlo-202,1.0,1,pidqa-sheet-357,1,1,zlo 202
2,seed29_excluding_set_b,complete_recovery_with_false_candidates,0,0.6666666666666666,1,0,1,pidqa-5340d3695dcc1560,set_union,0,0.5,wx-23455;wxx22,1.0,1,pidqa-sheet-330,1,1,wx-23455
3,seed29_excluding_set_b,partial_recovery_no_false_candidate,0,0.5454545454545454,0,5,0,pidqa-56030edad68463c6,set_union,5,1.0,op-45254;op-81021;op-90302,0.375,3,pidqa-sheet-300,3,8,op-06603;op-10869;op-18523;op-45254;op-81021;op-84658;op-89250;op-90302
4,seed29_excluding_set_b,partial_recovery_with_false_candidates,0,0.75,1,1,1,pidqa-586fffaf411f9b3b,set_union,1,0.75,cs-40;cs-59;cs-67;cs-90,0.75,3,pidqa-sheet-076,3,4,cs-09;cs-40;cs-59;cs-67
3,seed29_excluding_set_b,exact_set,1,1.0,0,0,0,pidqa-5b06989c4df3336f,set_union,0,1.0,qr-21077;qr-64236;qr-70239,1.0,3,pidqa-sheet-105,3,3,qr-21077;qr-64236;qr-70239
5,seed29_excluding_set_b,partial_recovery_with_false_candidates,0,0.6666666666666666,2,1,2,pidqa-5cba9a5c08547fbd,set_union,1,0.6,ab-41151;ab-44053;ab-45108;abc;abcd,0.75,3,pidqa-sheet-420,3,4,ab-41151;ab-44053;ab-45108;ab-93245
1,seed29_excluding_set_b,exact_set,1,1.0,0,0,0,pidqa-5e1f751df1e8a2ec,set_union,0,1.0,cd-09064,1.0,1,pidqa-sheet-102,1,1,cd-09064
7,seed29_excluding_set_b,partial_recovery_with_false_candidates,0,0.7142857142857143,2,2,2,pidqa-5eeb6c8c4e52b425,set_union,2,0.7142857142857143,cs-36;cs-48;cs-72;cs-73;cs-81;cs-88;cs-89,0.7142857142857143,5,pidqa-sheet-325,5,7,cs-08;cs-36;cs-48;cs-72;cs-78;cs-81;cs-89
1,seed29_excluding_set_b,false_candidates_without_recovery,0,0.0,1,0,1,pidqa-5f9bfb932c14e748,set_union,0,0.0,none,0.0,0,pidqa-sheet-268,0,0,
4,seed29_excluding_set_b,complete_recovery_with_false_candidates,0,0.4,3,0,3,pidqa-6006f6cacb548608,set_union,0,0.25,ab-14250;ab-93971;abc;abcd,1.0,1,pidqa-sheet-203,1,1,ab-14250
2,seed29_excluding_set_b,complete_recovery_with_false_candidates,0,0.6666666666666666,1,0,1,pidqa-601d1474adb31ab4,set_union,0,0.5,zlc 856;zlc-856,1.0,1,pidqa-sheet-238,1,1,zlc 856
4,seed29_excluding_set_b,exact_set,1,1.0,0,0,0,pidqa-63a05404c523bb1f,set_union,0,1.0,ro-10 459;ro-10 482;ro-10 888;ro-10 927,1.0,4,pidqa-sheet-228,4,4,ro-10 459;ro-10 482;ro-10 888;ro-10 927
3,seed29_excluding_set_b,partial_recovery_no_false_candidate,0,0.8571428571428571,0,1,0,pidqa-645ae80f4755b34c,set_union,1,1.0,qr-01143;qr-06900;qr-19925,0.75,3,pidqa-sheet-053,3,4,qr-01143;qr-06900;qr-19925;qr-38298
2,seed29_excluding_set_b,false_candidates_without_recovery,0,0.0,2,2,2,pidqa-6668902e3347107c,set_union,2,0.0,ddl-101;ddl-644,0.0,0,pidqa-sheet-375,0,2,ddl 101;ddl 644
3,seed29_excluding_set_b,complete_recovery_with_false_candidates,0,0.8,1,0,1,pidqa-6c8c106bdc274747,set_union,0,0.6666666666666666,op-20600;op-65704;op522,1.0,2,pidqa-sheet-176,2,2,op-20600;op-65704
3,seed29_excluding_set_b,exact_set,1,1.0,0,0,0,pidqa-713785d0c52e3db8,set_union,0,1.0,qr-12411;qr-45113;qr-51203,1.0,3,pidqa-sheet-397,3,3,qr-12411;qr-45113;qr-51203
8,seed29_excluding_set_b,partial_recovery_with_false_candidates,0,0.6666666666666666,3,2,3,pidqa-730aee11c15178c7,set_union,2,0.625,kl-05335;kl-20048;kl-59429;kl-65399;kl-78341;kl-80395;kl-94662;kl038,0.7142857142857143,5,pidqa-sheet-227,5,7,kl-05325;kl-20048;kl-59429;kl-65399;kl-78341;kl-80584;kl-94662
2,seed29_excluding_set_b,partial_recovery_with_false_candidates,0,0.5,1,1,1,pidqa-7527c6077f6047e5,set_union,1,0.5,mn-75516;mnn55,0.5,1,pidqa-sheet-335,1,2,mn-18441;mn-75516
3,seed29_excluding_set_b,partial_recovery_with_false_candidates,0,0.6666666666666666,1,1,1,pidqa-77e00c2338f52aa2,set_union,1,0.6666666666666666,cv-52538;cv-55056;cv-95998,0.6666666666666666,2,pidqa-sheet-087,2,3,cv-52558;cv-55056;cv-95998
2,seed29_excluding_set_b,partial_recovery_no_false_candidate,0,0.6666666666666666,0,2,0,pidqa-7cb44b039e938212,set_union,2,1.0,qr-10436;qr-48370,0.5,2,pidqa-sheet-177,2,4,qr-10436;qr-46136;qr-48370;qr-62866
6,seed29_excluding_set_b,partial_recovery_with_false_candidates,0,0.8333333333333334,1,1,1,pidqa-85865b3c2f722477,set_union,1,0.8333333333333334,gh-17445;gh-2397;gh-48246;gh-51008;gh-52571;gh-98017,0.8333333333333334,5,pidqa-sheet-373,5,6,gh-17445;gh-48246;gh-51008;gh-52571;gh-92397;gh-98017
3,seed29_excluding_set_b,partial_recovery_no_false_candidate,0,0.8571428571428571,0,1,0,pidqa-85bfc32906052d24,set_union,1,1.0,erv-1-95;erv-3-54;erv-5-43,0.75,3,pidqa-sheet-384,3,4,erv-1-95;erv-3-54;erv-5-43;erv-9-18
1,seed29_excluding_set_b,partial_recovery_no_false_candidate,0,0.6666666666666666,0,1,0,pidqa-8f976cef5d632142,set_union,1,1.0,cv-08339,0.5,1,pidqa-sheet-352,1,2,cv-08339;cv-19282
2,seed29_excluding_set_b,partial_recovery_no_false_candidate,0,0.5714285714285714,0,3,0,pidqa-97f49c143812b5f1,set_union,3,1.0,erv-3-32;erv-7-45,0.4,2,pidqa-sheet-201,2,5,erv-0-02;erv-3-32;erv-6-57;erv-6-98;erv-7-45
4,seed29_excluding_set_b,exact_set,1,1.0,0,0,0,pidqa-9a92a1fcf269afed,set_union,0,1.0,cd-13039;cd-22442;cd-62213;cd-81715,1.0,4,pidqa-sheet-218,4,4,cd-13039;cd-22442;cd-62213;cd-81715
2,seed29_excluding_set_b,complete_recovery_with_false_candidates,0,0.6666666666666666,1,0,1,pidqa-9bd70f3f594882a7,set_union,0,0.5,sta;sta-03194,1.0,1,pidqa-sheet-112,1,1,sta
5,seed29_excluding_set_b,false_candidates_without_recovery,0,0.0,5,4,5,pidqa-9e685f8641d1bc7d,set_union,4,0.0,ins;ins (-24°c);ins (-37°c);ins (21°c);ins (46°c),0.0,0,pidqa-sheet-174,0,4,ins ( -24°c );ins ( -37°c );ins ( 21°c );ins ( 46°c )
1,seed29_excluding_set_b,exact_set,1,1.0,0,0,0,pidqa-9ead719dd4391f46,set_union,0,1.0,sta,1.0,1,pidqa-sheet-135,1,1,sta
4,seed29_excluding_set_b,exact_set,1,1.0,0,0,0,pidqa-a52a2f67e20a6cec,set_union,0,1.0,ddl 447;ddl 562;ddl 606;ddl 711,1.0,4,pidqa-sheet-345,4,4,ddl 447;ddl 562;ddl 606;ddl 711
4,seed29_excluding_set_b,complete_recovery_with_false_candidates,0,0.8571428571428571,1,0,1,pidqa-a64ad369cfa41595,set_union,0,0.75,ij-21723;ij-32293;ij-48;ij-66800,1.0,3,pidqa-sheet-216,3,3,ij-21723;ij-32293;ij-66800
5,seed29_excluding_set_b,exact_set,1,1.0,0,0,0,pidqa-a72a05bd0bbddc47,set_union,0,1.0,ddl 118;ddl 448;ddl 595;ddl 651;ddl 996,1.0,5,pidqa-sheet-387,5,5,ddl 118;ddl 448;ddl 595;ddl 651;ddl 996
3,seed29_excluding_set_b,complete_recovery_with_false_candidates,0,0.8,1,0,1,pidqa-a75682d490978cf3,set_union,0,0.6666666666666666,kl-16059;kl-85942;kl648,1.0,2,pidqa-sheet-178,2,2,kl-16059;kl-85942
4,seed29_excluding_set_b,partial_recovery_no_false_candidate,0,0.8,0,2,0,pidqa-a92abe8d1049ba86,set_union,2,1.0,wx-07893;wx-75744;wx-83074;wx-86140,0.6666666666666666,4,pidqa-sheet-306,4,6,wx-07893;wx-09356;wx-63032;wx-75744;wx-83074;wx-86140
3,seed29_excluding_set_b,exact_set,1,1.0,0,0,0,pidqa-b0a229ea578e57dd,set_union,0,1.0,zlo 112;zlo 485;zlo 975,1.0,3,pidqa-sheet-157,3,3,zlo 112;zlo 485;zlo 975
1,seed29_excluding_set_b,exact_set,1,1.0,0,0,0,pidqa-b1eb13b22fb1d652,set_union,0,1.0,mn-90389,1.0,1,pidqa-sheet-470,1,1,mn-90389
3,seed29_excluding_set_b,complete_recovery_with_false_candidates,0,0.8,1,0,1,pidqa-b3b0bc3c778183c4,set_union,0,0.6666666666666666,ef-79752;ef-89897;efgh,1.0,2,pidqa-sheet-465,2,2,ef-79752;ef-89897
7,seed29_excluding_set_b,partial_recovery_with_false_candidates,0,0.36363636363636365,5,2,5,pidqa-be69122a74bba601,set_union,2,0.2857142857142857,zlc 284;zlc 299;zlc-284;zlc-299;zlc-585;zlc-589;zlc-709,0.5,2,pidqa-sheet-310,2,4,zlc 284;zlc 299;zlc 589;zlc 709
8,seed29_excluding_set_b,partial_recovery_with_false_candidates,0,0.6153846153846154,4,1,4,pidqa-bef1e7b25f21999b,set_union,1,0.5,mn-32963;mn-50220;mn-53592;mn-67929;mn-73380;mn-75300;mn-87766;mnn77,0.8,4,pidqa-sheet-079,4,5,mn-32963;mn-50220;mn-53592;mn-57306;mn-67929
3,seed29_excluding_set_b,exact_set,1,1.0,0,0,0,pidqa-c414cc1f3508c696,set_union,0,1.0,ro-10 469;ro-10 491;ro-10 791,1.0,3,pidqa-sheet-153,3,3,ro-10 469;ro-10 491;ro-10 791
3,seed29_excluding_set_b,exact_set,1,1.0,0,0,0,pidqa-c77c15847a5e766b,set_union,0,1.0,gh-13734;gh-61558;gh-82733,1.0,3,pidqa-sheet-333,3,3,gh-13734;gh-61558;gh-82733
7,seed29_excluding_set_b,partial_recovery_with_false_candidates,0,0.6666666666666666,1,5,1,pidqa-ca69022dd8e62d83,set_union,5,0.8571428571428571,ij-03134;ij-29763;ij-32414;ij-6527;ij-65735;ij-66527;ij-81078,0.5454545454545454,6,pidqa-sheet-362,6,11,ij-03134;ij-29763;ij-32414;ij-56034;ij-57429;ij-65735;ij-66527;ij-68501;ij-81078;ij-84732;ij-91759
1,seed29_excluding_set_b,exact_set,1,1.0,0,0,0,pidqa-cd757faa3f357702,set_union,0,1.0,dv-44878,1.0,1,pidqa-sheet-210,1,1,dv-44878
4,seed29_excluding_set_b,false_candidates_without_recovery,0,0.0,4,3,4,pidqa-d47bc1f58ffb95a5,set_union,3,0.0,ins;ins (-14°c);ins (16°c);ins (38°c),0.0,0,pidqa-sheet-288,0,3,ins ( -14°c );ins ( 16°c );ins ( 38°c )
4,seed29_excluding_set_b,partial_recovery_with_false_candidates,0,0.5714285714285714,2,1,2,pidqa-da0f3b101171ca5d,set_union,1,0.5,ab-09933;ab-78404;abc;abcd,0.6666666666666666,2,pidqa-sheet-144,2,3,ab-09933;ab-28552;ab-78404
2,seed29_excluding_set_b,partial_recovery_no_false_candidate,0,0.6666666666666666,0,2,0,pidqa-de60c7723be2a7db,set_union,2,1.0,qr-00016;qr-71798,0.5,2,pidqa-sheet-431,2,4,qr-00016;qr-10245;qr-71798;qr-82218
4,seed29_excluding_set_b,exact_set,1,1.0,0,0,0,pidqa-e6cb148df5772b05,set_union,0,1.0,ro-10 259;ro-10 891;ro-10 932;ro-10 963,1.0,4,pidqa-sheet-401,4,4,ro-10 259;ro-10 891;ro-10 932;ro-10 963
4,seed29_excluding_set_b,partial_recovery_with_false_candidates,0,0.2857142857142857,3,2,3,pidqa-e752e5e7430010ba,set_union,2,0.25,ro-10 561;ro-10 677;ro-15 158;ro-15 230,0.3333333333333333,1,pidqa-sheet-152,1,3,ro-10 158;ro-10 230;ro-10 561
1,seed29_excluding_set_b,false_candidates_without_recovery,0,0.0,1,1,1,pidqa-e7efdb59b850fd5b,set_union,1,0.0,glr-788,0.0,0,pidqa-sheet-073,0,1,glr 788
6,seed29_excluding_set_b,exact_set,1,1.0,0,0,0,pidqa-e8bf5e5a996a4b7a,set_union,0,1.0,mn-00722;mn-19995;mn-50858;mn-52585;mn-53120;mn-74821,1.0,6,pidqa-sheet-083,6,6,mn-00722;mn-19995;mn-50858;mn-52585;mn-53120;mn-74821
12,seed29_excluding_set_b,partial_recovery_with_false_candidates,0,0.7619047619047619,4,1,4,pidqa-eeb7208d14eb5ac4,set_union,1,0.6666666666666666,cd-16562;cd-21592;cd-40290;cd-45311;cd-61849;cd-74614;cd-78219;cd-80095;cd-82064;cd-86723;cd-86745;cd-91409,0.8888888888888888,8,pidqa-sheet-337,8,9,cd-21592;cd-40290;cd-45311;cd-61849;cd-68209;cd-74614;cd-82064;cd-86723;cd-86745
3,seed29_excluding_set_b,complete_recovery_with_false_candidates,0,0.8,1,0,1,pidqa-ef336a3f312e78dc,set_union,0,0.6666666666666666,st-16729;st-74463;sta,1.0,2,pidqa-sheet-044,2,2,st-16729;st-74463
1,seed29_excluding_set_b,partial_recovery_no_false_candidate,0,0.6666666666666666,0,1,0,pidqa-f296f695b1c4033b,set_union,1,1.0,ij-61723,0.5,1,pidqa-sheet-428,1,2,ij-61723;ij-79901
3,seed29_excluding_set_b,partial_recovery_with_false_candidates,0,0.6666666666666666,1,1,1,pidqa-f326e386aba99f91,set_union,1,0.6666666666666666,av-03839;av-35140;av118,0.6666666666666666,2,pidqa-sheet-164,2,3,av-01618;av-03839;av-35140
7,seed29_excluding_set_b,partial_recovery_with_false_candidates,0,0.8571428571428571,1,1,1,pidqa-f3dc11e8a3fcffd4,set_union,1,0.8571428571428571,op-13754;op-15776;op-39731;op-41874;op-48833;op-48979;opp27,0.8571428571428571,6,pidqa-sheet-241,6,7,op-13754;op-14623;op-15776;op-39731;op-41874;op-48833;op-48979
2,seed29_excluding_set_b,partial_recovery_with_false_candidates,0,0.3333333333333333,1,3,1,pidqa-f41bdf413f884b8c,set_union,3,0.5,gh-56124;gh-60931,0.25,1,pidqa-sheet-038,1,4,gh-13995;gh-56124;gh-64931;gh-75589
1,seed29_excluding_set_b,partial_recovery_no_false_candidate,0,0.6666666666666666,0,1,0,pidqa-f463f1f21ab82fd1,set_union,1,1.0,dv-87411,0.5,1,pidqa-sheet-264,1,2,dv-41027;dv-87411
3,seed29_excluding_set_b,exact_set,1,1.0,0,0,0,pidqa-f594bf91e6719834,set_union,0,1.0,ij-30868;ij-35097;ij-97287,1.0,3,pidqa-sheet-487,3,3,ij-30868;ij-35097;ij-97287
1,seed29_excluding_set_b,exact_set,1,1.0,0,0,0,pidqa-f6aba1f4d9cf94a4,set_union,0,1.0,sta,1.0,1,pidqa-sheet-280,1,1,sta
2,seed29_excluding_set_b,exact_set,1,1.0,0,0,0,pidqa-037d27f1a889b137,set_intersection,0,1.0,ij-25925;ij-69812,1.0,2,pidqa-sheet-483,2,2,ij-25925;ij-69812
1,seed29_excluding_set_b,partial_recovery_no_false_candidate,0,0.6666666666666666,0,1,0,pidqa-04f1611040d3febc,set_intersection,1,1.0,rv-90277,0.5,1,pidqa-sheet-254,1,2,rv-08711;rv-90277
0,seed29_excluding_set_b,empty_prediction,0,0.0,0,3,0,pidqa-0932c09d1853386b,set_intersection,3,0.0,,0.0,0,pidqa-sheet-168,0,3,rv-21525;rv-47340;rv-63124
0,seed29_excluding_set_b,exact_set,1,1.0,0,0,0,pidqa-0a0c45d4ea70cb31,set_intersection,0,1.0,,1.0,0,pidqa-sheet-320,0,0,
1,seed29_excluding_set_b,partial_recovery_no_false_candidate,0,0.5,0,2,0,pidqa-0f59f92d52c5fca4,set_intersection,2,1.0,gh-39865,0.3333333333333333,1,pidqa-sheet-261,1,3,gh-16741;gh-39865;gh-64234
0,seed29_excluding_set_b,empty_prediction,0,0.0,0,7,0,pidqa-1274bb1ce830c15a,set_intersection,7,0.0,,0.0,0,pidqa-sheet-374,0,7,cs-00;cs-19;cs-33;cs-42;cs-63;cs-72;cs-83
1,seed29_excluding_set_b,partial_recovery_no_false_candidate,0,0.6666666666666666,0,1,0,pidqa-15426398d576b75b,set_intersection,1,1.0,ab-54940,0.5,1,pidqa-sheet-316,1,2,ab-52901;ab-54940
4,seed29_excluding_set_b,partial_recovery_no_false_candidate,0,0.8888888888888888,0,1,0,pidqa-1b2f684dae9ca085,set_intersection,1,1.0,wx-12077;wx-19660;wx-93060;wx-97230,0.8,4,pidqa-sheet-311,4,5,wx-12077;wx-19660;wx-59994;wx-93060;wx-97230
0,seed29_excluding_set_b,empty_prediction,0,0.0,0,2,0,pidqa-1ced87cccba73b13,set_intersection,2,0.0,,0.0,0,pidqa-sheet-411,0,2,gh-77369;gh-97110
1,seed29_excluding_set_b,partial_recovery_no_false_candidate,0,0.6666666666666666,0,1,0,pidqa-1d9856d79146dfd2,set_intersection,1,1.0,wx-82621,0.5,1,pidqa-sheet-043,1,2,wx-38305;wx-82621
3,seed29_excluding_set_b,exact_set,1,1.0,0,0,0,pidqa-230f687bb9ead401,set_intersection,0,1.0,ro-10 191;ro-10 300;ro-10 856,1.0,3,pidqa-sheet-262,3,3,ro-10 191;ro-10 300;ro-10 856
3,seed29_excluding_set_b,partial_recovery_no_false_candidate,0,0.8571428571428571,0,1,0,pidqa-25c7beefd77ac6cc,set_intersection,1,1.0,dv-05914;dv-24777;dv-51686,0.75,3,pidqa-sheet-188,3,4,dv-05914;dv-24777;dv-51686;dv-94284
3,seed29_excluding_set_b,partial_recovery_no_false_candidate,0,0.75,0,2,0,pidqa-2af5267c7032dd93,set_intersection,2,1.0,st-60016;st-70286;st-73110,0.6,3,pidqa-sheet-115,3,5,st-38567;st-48511;st-60016;st-70286;st-73110
4,seed29_excluding_set_b,partial_recovery_no_false_candidate,0,0.7272727272727273,0,3,0,pidqa-2b6a3e373b87d280,set_intersection,3,1.0,cv-16789;cv-36077;cv-65700;cv-74878,0.5714285714285714,4,pidqa-sheet-432,4,7,cv-16789;cv-36077;cv-46169;cv-65700;cv-66915;cv-74878;cv-95883
3,seed29_excluding_set_b,partial_recovery_no_false_candidate,0,0.8571428571428571,0,1,0,pidqa-330b319823bc1077,set_intersection,1,1.0,st-04832;st-08341;st-28377,0.75,3,pidqa-sheet-222,3,4,st-04832;st-08341;st-28377;st-78526
0,seed29_excluding_set_b,empty_prediction,0,0.0,0,5,0,pidqa-33df727240c998d0,set_intersection,5,0.0,,0.0,0,pidqa-sheet-277,0,5,ins ( -11°c );ins ( -22°c );ins ( -41°c );ins ( 30°c );ins ( 47°c )
2,seed29_excluding_set_b,partial_recovery_no_false_candidate,0,0.5714285714285714,0,3,0,pidqa-36a4c8f5f265f86d,set_intersection,3,1.0,mn-61682;mn-92449,0.4,2,pidqa-sheet-419,2,5,mn-34739;mn-59937;mn-61682;mn-78992;mn-92449
0,seed29_excluding_set_b,empty_prediction,0,0.0,0,4,0,pidqa-3a69c27c99bc845f,set_intersection,4,0.0,,0.0,0,pidqa-sheet-381,0,4,ab-08822;ab-52246;ab-63795;ab-98796
1,seed29_excluding_set_b,partial_recovery_no_false_candidate,0,0.3333333333333333,0,4,0,pidqa-408ae0b98586380b,set_intersection,4,1.0,dv-61329,0.2,1,pidqa-sheet-208,1,5,dv-06719;dv-33483;dv-43761;dv-61329;dv-82399
2,seed29_excluding_set_b,partial_recovery_no_false_candidate,0,0.8,0,1,0,pidqa-423f6e9d0d11e5ca,set_intersection,1,1.0,erv-5-08;erv-5-77,0.6666666666666666,2,pidqa-sheet-016,2,3,erv-1-79;erv-5-08;erv-5-77
0,seed29_excluding_set_b,empty_prediction,0,0.0,0,3,0,pidqa-485a0d49279c7566,set_intersection,3,0.0,,0.0,0,pidqa-sheet-454,0,3,kl-03354;kl-16663;kl-82767
0,seed29_excluding_set_b,exact_set,1,1.0,0,0,0,pidqa-4bc830f2193e2041,set_intersection,0,1.0,,1.0,0,pidqa-sheet-050,0,0,
3,seed29_excluding_set_b,partial_recovery_with_false_candidates,0,0.6666666666666666,1,1,1,pidqa-4d55b098338d90af,set_intersection,1,0.6666666666666666,mn-2144;mn-33614;mn-46468,0.6666666666666666,2,pidqa-sheet-461,2,3,mn-33614;mn-46468;mn-85090
0,seed29_excluding_set_b,empty_prediction,0,0.0,0,7,0,pidqa-4daf1dfd58c53a94,set_intersection,7,0.0,,0.0,0,pidqa-sheet-147,0,7,cd-03078;cd-03566;cd-15993;cd-16741;cd-25951;cd-84895;cd-95728
3,seed29_excluding_set_b,partial_recovery_no_false_candidate,0,0.75,0,2,0,pidqa-4e4e54e64ea97206,set_intersection,2,1.0,cv-05122;cv-60675;cv-78629,0.6,3,pidqa-sheet-278,3,5,cv-05122;cv-40504;cv-49325;cv-60675;cv-78629
0,seed29_excluding_set_b,empty_prediction,0,0.0,0,1,0,pidqa-533fc351e1cdd8eb,set_intersection,1,0.0,,0.0,0,pidqa-sheet-357,0,1,zlo 202
0,seed29_excluding_set_b,empty_prediction,0,0.0,0,1,0,pidqa-5340d3695dcc1560,set_intersection,1,0.0,,0.0,0,pidqa-sheet-330,0,1,wx-23455
1,seed29_excluding_set_b,partial_recovery_no_false_candidate,0,0.2222222222222222,0,7,0,pidqa-56030edad68463c6,set_intersection,7,1.0,op-90302,0.125,1,pidqa-sheet-300,1,8,op-06603;op-10869;op-18523;op-45254;op-81021;op-84658;op-89250;op-90302
0,seed29_excluding_set_b,empty_prediction,0,0.0,0,4,0,pidqa-586fffaf411f9b3b,set_intersection,4,0.0,,0.0,0,pidqa-sheet-076,0,4,cs-09;cs-40;cs-59;cs-67
2,seed29_excluding_set_b,partial_recovery_no_false_candidate,0,0.8,0,1,0,pidqa-5b06989c4df3336f,set_intersection,1,1.0,qr-64236;qr-70239,0.6666666666666666,2,pidqa-sheet-105,2,3,qr-21077;qr-64236;qr-70239
2,seed29_excluding_set_b,partial_recovery_no_false_candidate,0,0.6666666666666666,0,2,0,pidqa-5cba9a5c08547fbd,set_intersection,2,1.0,ab-41151;ab-44053,0.5,2,pidqa-sheet-420,2,4,ab-41151;ab-44053;ab-45108;ab-93245
1,seed29_excluding_set_b,exact_set,1,1.0,0,0,0,pidqa-5e1f751df1e8a2ec,set_intersection,0,1.0,cd-09064,1.0,1,pidqa-sheet-102,1,1,cd-09064
1,seed29_excluding_set_b,partial_recovery_no_false_candidate,0,0.25,0,6,0,pidqa-5eeb6c8c4e52b425,set_intersection,6,1.0,cs-81,0.14285714285714285,1,pidqa-sheet-325,1,7,cs-08;cs-36;cs-48;cs-72;cs-78;cs-81;cs-89
0,seed29_excluding_set_b,exact_set,1,1.0,0,0,0,pidqa-5f9bfb932c14e748,set_intersection,0,1.0,,1.0,0,pidqa-sheet-268,0,0,
0,seed29_excluding_set_b,empty_prediction,0,0.0,0,1,0,pidqa-6006f6cacb548608,set_intersection,1,0.0,,0.0,0,pidqa-sheet-203,0,1,ab-14250
0,seed29_excluding_set_b,empty_prediction,0,0.0,0,1,0,pidqa-601d1474adb31ab4,set_intersection,1,0.0,,0.0,0,pidqa-sheet-238,0,1,zlc 856
4,seed29_excluding_set_b,exact_set,1,1.0,0,0,0,pidqa-63a05404c523bb1f,set_intersection,0,1.0,ro-10 459;ro-10 482;ro-10 888;ro-10 927,1.0,4,pidqa-sheet-228,4,4,ro-10 459;ro-10 482;ro-10 888;ro-10 927
1,seed29_excluding_set_b,partial_recovery_no_false_candidate,0,0.4,0,3,0,pidqa-645ae80f4755b34c,set_intersection,3,1.0,qr-01143,0.25,1,pidqa-sheet-053,1,4,qr-01143;qr-06900;qr-19925;qr-38298
0,seed29_excluding_set_b,empty_prediction,0,0.0,0,2,0,pidqa-6668902e3347107c,set_intersection,2,0.0,,0.0,0,pidqa-sheet-375,0,2,ddl 101;ddl 644
0,seed29_excluding_set_b,empty_prediction,0,0.0,0,2,0,pidqa-6c8c106bdc274747,set_intersection,2,0.0,,0.0,0,pidqa-sheet-176,0,2,op-20600;op-65704
0,seed29_excluding_set_b,empty_prediction,0,0.0,0,3,0,pidqa-713785d0c52e3db8,set_intersection,3,0.0,,0.0,0,pidqa-sheet-397,0,3,qr-12411;qr-45113;qr-51203
4,seed29_excluding_set_b,partial_recovery_no_false_candidate,0,0.7272727272727273,0,3,0,pidqa-730aee11c15178c7,set_intersection,3,1.0,kl-20048;kl-65399;kl-78341;kl-94662,0.5714285714285714,4,pidqa-sheet-227,4,7,kl-05325;kl-20048;kl-59429;kl-65399;kl-78341;kl-80584;kl-94662
0,seed29_excluding_set_b,empty_prediction,0,0.0,0,2,0,pidqa-7527c6077f6047e5,set_intersection,2,0.0,,0.0,0,pidqa-sheet-335,0,2,mn-18441;mn-75516
2,seed29_excluding_set_b,partial_recovery_no_false_candidate,0,0.8,0,1,0,pidqa-77e00c2338f52aa2,set_intersection,1,1.0,cv-55056;cv-95998,0.6666666666666666,2,pidqa-sheet-087,2,3,cv-52558;cv-55056;cv-95998
2,seed29_excluding_set_b,partial_recovery_no_false_candidate,0,0.6666666666666666,0,2,0,pidqa-7cb44b039e938212,set_intersection,2,1.0,qr-10436;qr-48370,0.5,2,pidqa-sheet-177,2,4,qr-10436;qr-46136;qr-48370;qr-62866
1,seed29_excluding_set_b,partial_recovery_no_false_candidate,0,0.2857142857142857,0,5,0,pidqa-85865b3c2f722477,set_intersection,5,1.0,gh-98017,0.16666666666666666,1,pidqa-sheet-373,1,6,gh-17445;gh-48246;gh-51008;gh-52571;gh-92397;gh-98017
1,seed29_excluding_set_b,partial_recovery_no_false_candidate,0,0.4,0,3,0,pidqa-85bfc32906052d24,set_intersection,3,1.0,erv-5-43,0.25,1,pidqa-sheet-384,1,4,erv-1-95;erv-3-54;erv-5-43;erv-9-18
1,seed29_excluding_set_b,partial_recovery_no_false_candidate,0,0.6666666666666666,0,1,0,pidqa-8f976cef5d632142,set_intersection,1,1.0,cv-08339,0.5,1,pidqa-sheet-352,1,2,cv-08339;cv-19282
1,seed29_excluding_set_b,partial_recovery_no_false_candidate,0,0.3333333333333333,0,4,0,pidqa-97f49c143812b5f1,set_intersection,4,1.0,erv-7-45,0.2,1,pidqa-sheet-201,1,5,erv-0-02;erv-3-32;erv-6-57;erv-6-98;erv-7-45
2,seed29_excluding_set_b,partial_recovery_no_false_candidate,0,0.6666666666666666,0,2,0,pidqa-9a92a1fcf269afed,set_intersection,2,1.0,cd-13039;cd-62213,0.5,2,pidqa-sheet-218,2,4,cd-13039;cd-22442;cd-62213;cd-81715
0,seed29_excluding_set_b,empty_prediction,0,0.0,0,1,0,pidqa-9bd70f3f594882a7,set_intersection,1,0.0,,0.0,0,pidqa-sheet-112,0,1,sta
0,seed29_excluding_set_b,empty_prediction,0,0.0,0,4,0,pidqa-9e685f8641d1bc7d,set_intersection,4,0.0,,0.0,0,pidqa-sheet-174,0,4,ins ( -24°c );ins ( -37°c );ins ( 21°c );ins ( 46°c )
1,seed29_excluding_set_b,exact_set,1,1.0,0,0,0,pidqa-9ead719dd4391f46,set_intersection,0,1.0,sta,1.0,1,pidqa-sheet-135,1,1,sta
1,seed29_excluding_set_b,partial_recovery_no_false_candidate,0,0.4,0,3,0,pidqa-a52a2f67e20a6cec,set_intersection,3,1.0,ddl 606,0.25,1,pidqa-sheet-345,1,4,ddl 447;ddl 562;ddl 606;ddl 711
1,seed29_excluding_set_b,partial_recovery_no_false_candidate,0,0.5,0,2,0,pidqa-a64ad369cfa41595,set_intersection,2,1.0,ij-21723,0.3333333333333333,1,pidqa-sheet-216,1,3,ij-21723;ij-32293;ij-66800
2,seed29_excluding_set_b,partial_recovery_no_false_candidate,0,0.5714285714285714,0,3,0,pidqa-a72a05bd0bbddc47,set_intersection,3,1.0,ddl 118;ddl 595,0.4,2,pidqa-sheet-387,2,5,ddl 118;ddl 448;ddl 595;ddl 651;ddl 996
1,seed29_excluding_set_b,partial_recovery_no_false_candidate,0,0.6666666666666666,0,1,0,pidqa-a75682d490978cf3,set_intersection,1,1.0,kl-16059,0.5,1,pidqa-sheet-178,1,2,kl-16059;kl-85942
0,seed29_excluding_set_b,empty_prediction,0,0.0,0,6,0,pidqa-a92abe8d1049ba86,set_intersection,6,0.0,,0.0,0,pidqa-sheet-306,0,6,wx-07893;wx-09356;wx-63032;wx-75744;wx-83074;wx-86140
3,seed29_excluding_set_b,exact_set,1,1.0,0,0,0,pidqa-b0a229ea578e57dd,set_intersection,0,1.0,zlo 112;zlo 485;zlo 975,1.0,3,pidqa-sheet-157,3,3,zlo 112;zlo 485;zlo 975
0,seed29_excluding_set_b,empty_prediction,0,0.0,0,1,0,pidqa-b1eb13b22fb1d652,set_intersection,1,0.0,,0.0,0,pidqa-sheet-470,0,1,mn-90389
2,seed29_excluding_set_b,exact_set,1,1.0,0,0,0,pidqa-b3b0bc3c778183c4,set_intersection,0,1.0,ef-79752;ef-89897,1.0,2,pidqa-sheet-465,2,2,ef-79752;ef-89897
0,seed29_excluding_set_b,empty_prediction,0,0.0,0,4,0,pidqa-be69122a74bba601,set_intersection,4,0.0,,0.0,0,pidqa-sheet-310,0,4,zlc 284;zlc 299;zlc 589;zlc 709
2,seed29_excluding_set_b,partial_recovery_no_false_candidate,0,0.5714285714285714,0,3,0,pidqa-bef1e7b25f21999b,set_intersection,3,1.0,mn-32963;mn-50220,0.4,2,pidqa-sheet-079,2,5,mn-32963;mn-50220;mn-53592;mn-57306;mn-67929
2,seed29_excluding_set_b,partial_recovery_no_false_candidate,0,0.8,0,1,0,pidqa-c414cc1f3508c696,set_intersection,1,1.0,ro-10 469;ro-10 491,0.6666666666666666,2,pidqa-sheet-153,2,3,ro-10 469;ro-10 491;ro-10 791
3,seed29_excluding_set_b,exact_set,1,1.0,0,0,0,pidqa-c77c15847a5e766b,set_intersection,0,1.0,gh-13734;gh-61558;gh-82733,1.0,3,pidqa-sheet-333,3,3,gh-13734;gh-61558;gh-82733
3,seed29_excluding_set_b,partial_recovery_no_false_candidate,0,0.42857142857142855,0,8,0,pidqa-ca69022dd8e62d83,set_intersection,8,1.0,ij-29763;ij-32414;ij-81078,0.2727272727272727,3,pidqa-sheet-362,3,11,ij-03134;ij-29763;ij-32414;ij-56034;ij-57429;ij-65735;ij-66527;ij-68501;ij-81078;ij-84732;ij-91759
1,seed29_excluding_set_b,exact_set,1,1.0,0,0,0,pidqa-cd757faa3f357702,set_intersection,0,1.0,dv-44878,1.0,1,pidqa-sheet-210,1,1,dv-44878
0,seed29_excluding_set_b,empty_prediction,0,0.0,0,3,0,pidqa-d47bc1f58ffb95a5,set_intersection,3,0.0,,0.0,0,pidqa-sheet-288,0,3,ins ( -14°c );ins ( 16°c );ins ( 38°c )
2,seed29_excluding_set_b,partial_recovery_no_false_candidate,0,0.8,0,1,0,pidqa-da0f3b101171ca5d,set_intersection,1,1.0,ab-09933;ab-78404,0.6666666666666666,2,pidqa-sheet-144,2,3,ab-09933;ab-28552;ab-78404
1,seed29_excluding_set_b,partial_recovery_no_false_candidate,0,0.4,0,3,0,pidqa-de60c7723be2a7db,set_intersection,3,1.0,qr-00016,0.25,1,pidqa-sheet-431,1,4,qr-00016;qr-10245;qr-71798;qr-82218
4,seed29_excluding_set_b,exact_set,1,1.0,0,0,0,pidqa-e6cb148df5772b05,set_intersection,0,1.0,ro-10 259;ro-10 891;ro-10 932;ro-10 963,1.0,4,pidqa-sheet-401,4,4,ro-10 259;ro-10 891;ro-10 932;ro-10 963
0,seed29_excluding_set_b,empty_prediction,0,0.0,0,3,0,pidqa-e752e5e7430010ba,set_intersection,3,0.0,,0.0,0,pidqa-sheet-152,0,3,ro-10 158;ro-10 230;ro-10 561
0,seed29_excluding_set_b,empty_prediction,0,0.0,0,1,0,pidqa-e7efdb59b850fd5b,set_intersection,1,0.0,,0.0,0,pidqa-sheet-073,0,1,glr 788
2,seed29_excluding_set_b,partial_recovery_no_false_candidate,0,0.5,0,4,0,pidqa-e8bf5e5a996a4b7a,set_intersection,4,1.0,mn-00722;mn-53120,0.3333333333333333,2,pidqa-sheet-083,2,6,mn-00722;mn-19995;mn-50858;mn-52585;mn-53120;mn-74821
5,seed29_excluding_set_b,partial_recovery_no_false_candidate,0,0.7142857142857143,0,4,0,pidqa-eeb7208d14eb5ac4,set_intersection,4,1.0,cd-21592;cd-45311;cd-74614;cd-82064;cd-86745,0.5555555555555556,5,pidqa-sheet-337,5,9,cd-21592;cd-40290;cd-45311;cd-61849;cd-68209;cd-74614;cd-82064;cd-86723;cd-86745
1,seed29_excluding_set_b,partial_recovery_no_false_candidate,0,0.6666666666666666,0,1,0,pidqa-ef336a3f312e78dc,set_intersection,1,1.0,st-16729,0.5,1,pidqa-sheet-044,1,2,st-16729;st-74463
1,seed29_excluding_set_b,partial_recovery_no_false_candidate,0,0.6666666666666666,0,1,0,pidqa-f296f695b1c4033b,set_intersection,1,1.0,ij-61723,0.5,1,pidqa-sheet-428,1,2,ij-61723;ij-79901
0,seed29_excluding_set_b,empty_prediction,0,0.0,0,3,0,pidqa-f326e386aba99f91,set_intersection,3,0.0,,0.0,0,pidqa-sheet-164,0,3,av-01618;av-03839;av-35140
4,seed29_excluding_set_b,partial_recovery_no_false_candidate,0,0.7272727272727273,0,3,0,pidqa-f3dc11e8a3fcffd4,set_intersection,3,1.0,op-15776;op-39731;op-48833;op-48979,0.5714285714285714,4,pidqa-sheet-241,4,7,op-13754;op-14623;op-15776;op-39731;op-41874;op-48833;op-48979
1,seed29_excluding_set_b,partial_recovery_no_false_candidate,0,0.4,0,3,0,pidqa-f41bdf413f884b8c,set_intersection,3,1.0,gh-56124,0.25,1,pidqa-sheet-038,1,4,gh-13995;gh-56124;gh-64931;gh-75589
0,seed29_excluding_set_b,empty_prediction,0,0.0,0,2,0,pidqa-f463f1f21ab82fd1,set_intersection,2,0.0,,0.0,0,pidqa-sheet-264,0,2,dv-41027;dv-87411
2,seed29_excluding_set_b,partial_recovery_no_false_candidate,0,0.8,0,1,0,pidqa-f594bf91e6719834,set_intersection,1,1.0,ij-30868;ij-97287,0.6666666666666666,2,pidqa-sheet-487,2,3,ij-30868;ij-35097;ij-97287
1,seed29_excluding_set_b,exact_set,1,1.0,0,0,0,pidqa-f6aba1f4d9cf94a4,set_intersection,0,1.0,sta,1.0,1,pidqa-sheet-280,1,1,sta
2,seed29_excluding_set_b,exact_set,1,1.0,0,0,0,pidqa-037d27f1a889b137,ocr_if_nonempty_else_qwen,0,1.0,ij-25925;ij-69812,1.0,2,pidqa-sheet-483,2,2,ij-25925;ij-69812
1,seed29_excluding_set_b,partial_recovery_no_false_candidate,0,0.6666666666666666,0,1,0,pidqa-04f1611040d3febc,ocr_if_nonempty_else_qwen,1,1.0,rv-90277,0.5,1,pidqa-sheet-254,1,2,rv-08711;rv-90277
3,seed29_excluding_set_b,partial_recovery_with_false_candidates,0,0.6666666666666666,1,1,1,pidqa-0932c09d1853386b,ocr_if_nonempty_else_qwen,1,0.6666666666666666,rv-21125;rv-47340;rv-63124,0.6666666666666666,2,pidqa-sheet-168,2,3,rv-21525;rv-47340;rv-63124
1,seed29_excluding_set_b,false_candidates_without_recovery,0,0.0,1,0,1,pidqa-0a0c45d4ea70cb31,ocr_if_nonempty_else_qwen,0,0.0,none,0.0,0,pidqa-sheet-320,0,0,
1,seed29_excluding_set_b,partial_recovery_no_false_candidate,0,0.5,0,2,0,pidqa-0f59f92d52c5fca4,ocr_if_nonempty_else_qwen,2,1.0,gh-39865,0.3333333333333333,1,pidqa-sheet-261,1,3,gh-16741;gh-39865;gh-64234
2,seed29_excluding_set_b,partial_recovery_with_false_candidates,0,0.2222222222222222,1,6,1,pidqa-1274bb1ce830c15a,ocr_if_nonempty_else_qwen,6,0.5,cs-63 335;cs-83,0.14285714285714285,1,pidqa-sheet-374,1,7,cs-00;cs-19;cs-33;cs-42;cs-63;cs-72;cs-83
3,seed29_excluding_set_b,partial_recovery_with_false_candidates,0,0.4,2,1,2,pidqa-15426398d576b75b,ocr_if_nonempty_else_qwen,1,0.3333333333333333,ab-54940;abc;abcd,0.5,1,pidqa-sheet-316,1,2,ab-52901;ab-54940
4,seed29_excluding_set_b,partial_recovery_no_false_candidate,0,0.8888888888888888,0,1,0,pidqa-1b2f684dae9ca085,ocr_if_nonempty_else_qwen,1,1.0,wx-12077;wx-19660;wx-93060;wx-97230,0.8,4,pidqa-sheet-311,4,5,wx-12077;wx-19660;wx-59994;wx-93060;wx-97230
4,seed29_excluding_set_b,complete_recovery_with_false_candidates,0,0.6666666666666666,2,0,2,pidqa-1ced87cccba73b13,ocr_if_nonempty_else_qwen,0,0.5,gh-41708;gh-77369;gh-84711;gh-97110,1.0,2,pidqa-sheet-411,2,2,gh-77369;gh-97110
2,seed29_excluding_set_b,exact_set,1,1.0,0,0,0,pidqa-1d9856d79146dfd2,ocr_if_nonempty_else_qwen,0,1.0,wx-38305;wx-82621,1.0,2,pidqa-sheet-043,2,2,wx-38305;wx-82621
3,seed29_excluding_set_b,exact_set,1,1.0,0,0,0,pidqa-230f687bb9ead401,ocr_if_nonempty_else_qwen,0,1.0,ro-10 191;ro-10 300;ro-10 856,1.0,3,pidqa-sheet-262,3,3,ro-10 191;ro-10 300;ro-10 856
3,seed29_excluding_set_b,partial_recovery_no_false_candidate,0,0.8571428571428571,0,1,0,pidqa-25c7beefd77ac6cc,ocr_if_nonempty_else_qwen,1,1.0,dv-05914;dv-24777;dv-51686,0.75,3,pidqa-sheet-188,3,4,dv-05914;dv-24777;dv-51686;dv-94284
4,seed29_excluding_set_b,partial_recovery_with_false_candidates,0,0.6666666666666666,1,2,1,pidqa-2af5267c7032dd93,ocr_if_nonempty_else_qwen,2,0.75,st-60016;st-70286;st-73110;sta,0.6,3,pidqa-sheet-115,3,5,st-38567;st-48511;st-60016;st-70286;st-73110
4,seed29_excluding_set_b,partial_recovery_no_false_candidate,0,0.7272727272727273,0,3,0,pidqa-2b6a3e373b87d280,ocr_if_nonempty_else_qwen,3,1.0,cv-16789;cv-36077;cv-65700;cv-74878,0.5714285714285714,4,pidqa-sheet-432,4,7,cv-16789;cv-36077;cv-46169;cv-65700;cv-66915;cv-74878;cv-95883
4,seed29_excluding_set_b,partial_recovery_with_false_candidates,0,0.75,1,1,1,pidqa-330b319823bc1077,ocr_if_nonempty_else_qwen,1,0.75,st-04832;st-08341;st-28377;sta,0.75,3,pidqa-sheet-222,3,4,st-04832;st-08341;st-28377;st-78526
1,seed29_excluding_set_b,false_candidates_without_recovery,0,0.0,1,5,1,pidqa-33df727240c998d0,ocr_if_nonempty_else_qwen,5,0.0,ins,0.0,0,pidqa-sheet-277,0,5,ins ( -11°c );ins ( -22°c );ins ( -41°c );ins ( 30°c );ins ( 47°c )
4,seed29_excluding_set_b,partial_recovery_with_false_candidates,0,0.4444444444444444,2,3,2,pidqa-36a4c8f5f265f86d,ocr_if_nonempty_else_qwen,3,0.5,mn-61682;mn-92449;mn723;mnq,0.4,2,pidqa-sheet-419,2,5,mn-34739;mn-59937;mn-61682;mn-78992;mn-92449
3,seed29_excluding_set_b,false_candidates_without_recovery,0,0.0,3,4,3,pidqa-3a69c27c99bc845f,ocr_if_nonempty_else_qwen,4,0.0,ab222;abc;abcd,0.0,0,pidqa-sheet-381,0,4,ab-08822;ab-52246;ab-63795;ab-98796
3,seed29_excluding_set_b,partial_recovery_no_false_candidate,0,0.75,0,2,0,pidqa-408ae0b98586380b,ocr_if_nonempty_else_qwen,2,1.0,dv-33483;dv-61329;dv-82399,0.6,3,pidqa-sheet-208,3,5,dv-06719;dv-33483;dv-43761;dv-61329;dv-82399
2,seed29_excluding_set_b,partial_recovery_no_false_candidate,0,0.8,0,1,0,pidqa-423f6e9d0d11e5ca,ocr_if_nonempty_else_qwen,1,1.0,erv-5-08;erv-5-77,0.6666666666666666,2,pidqa-sheet-016,2,3,erv-1-79;erv-5-08;erv-5-77
2,seed29_excluding_set_b,partial_recovery_no_false_candidate,0,0.8,0,1,0,pidqa-485a0d49279c7566,ocr_if_nonempty_else_qwen,1,1.0,kl-03354;kl-16663,0.6666666666666666,2,pidqa-sheet-454,2,3,kl-03354;kl-16663;kl-82767
0,seed29_excluding_set_b,exact_set,1,1.0,0,0,0,pidqa-4bc830f2193e2041,ocr_if_nonempty_else_qwen,0,1.0,,1.0,0,pidqa-sheet-050,0,0,
3,seed29_excluding_set_b,partial_recovery_with_false_candidates,0,0.6666666666666666,1,1,1,pidqa-4d55b098338d90af,ocr_if_nonempty_else_qwen,1,0.6666666666666666,mn-2144;mn-33614;mn-46468,0.6666666666666666,2,pidqa-sheet-461,2,3,mn-33614;mn-46468;mn-85090
2,seed29_excluding_set_b,partial_recovery_no_false_candidate,0,0.4444444444444444,0,5,0,pidqa-4daf1dfd58c53a94,ocr_if_nonempty_else_qwen,5,1.0,cd-03078;cd-84895,0.2857142857142857,2,pidqa-sheet-147,2,7,cd-03078;cd-03566;cd-15993;cd-16741;cd-25951;cd-84895;cd-95728
3,seed29_excluding_set_b,partial_recovery_no_false_candidate,0,0.75,0,2,0,pidqa-4e4e54e64ea97206,ocr_if_nonempty_else_qwen,2,1.0,cv-05122;cv-60675;cv-78629,0.6,3,pidqa-sheet-278,3,5,cv-05122;cv-40504;cv-49325;cv-60675;cv-78629
1,seed29_excluding_set_b,exact_set,1,1.0,0,0,0,pidqa-533fc351e1cdd8eb,ocr_if_nonempty_else_qwen,0,1.0,zlo 202,1.0,1,pidqa-sheet-357,1,1,zlo 202
1,seed29_excluding_set_b,false_candidates_without_recovery,0,0.0,1,1,1,pidqa-5340d3695dcc1560,ocr_if_nonempty_else_qwen,1,0.0,wxx22,0.0,0,pidqa-sheet-330,0,1,wx-23455
3,seed29_excluding_set_b,partial_recovery_no_false_candidate,0,0.5454545454545454,0,5,0,pidqa-56030edad68463c6,ocr_if_nonempty_else_qwen,5,1.0,op-45254;op-81021;op-90302,0.375,3,pidqa-sheet-300,3,8,op-06603;op-10869;op-18523;op-45254;op-81021;op-84658;op-89250;op-90302
4,seed29_excluding_set_b,partial_recovery_with_false_candidates,0,0.75,1,1,1,pidqa-586fffaf411f9b3b,ocr_if_nonempty_else_qwen,1,0.75,cs-40;cs-59;cs-67;cs-90,0.75,3,pidqa-sheet-076,3,4,cs-09;cs-40;cs-59;cs-67
2,seed29_excluding_set_b,partial_recovery_no_false_candidate,0,0.8,0,1,0,pidqa-5b06989c4df3336f,ocr_if_nonempty_else_qwen,1,1.0,qr-64236;qr-70239,0.6666666666666666,2,pidqa-sheet-105,2,3,qr-21077;qr-64236;qr-70239
4,seed29_excluding_set_b,partial_recovery_with_false_candidates,0,0.5,2,2,2,pidqa-5cba9a5c08547fbd,ocr_if_nonempty_else_qwen,2,0.5,ab-41151;ab-44053;abc;abcd,0.5,2,pidqa-sheet-420,2,4,ab-41151;ab-44053;ab-45108;ab-93245
1,seed29_excluding_set_b,exact_set,1,1.0,0,0,0,pidqa-5e1f751df1e8a2ec,ocr_if_nonempty_else_qwen,0,1.0,cd-09064,1.0,1,pidqa-sheet-102,1,1,cd-09064
1,seed29_excluding_set_b,partial_recovery_no_false_candidate,0,0.25,0,6,0,pidqa-5eeb6c8c4e52b425,ocr_if_nonempty_else_qwen,6,1.0,cs-81,0.14285714285714285,1,pidqa-sheet-325,1,7,cs-08;cs-36;cs-48;cs-72;cs-78;cs-81;cs-89
1,seed29_excluding_set_b,false_candidates_without_recovery,0,0.0,1,0,1,pidqa-5f9bfb932c14e748,ocr_if_nonempty_else_qwen,0,0.0,none,0.0,0,pidqa-sheet-268,0,0,
2,seed29_excluding_set_b,false_candidates_without_recovery,0,0.0,2,1,2,pidqa-6006f6cacb548608,ocr_if_nonempty_else_qwen,1,0.0,abc;abcd,0.0,0,pidqa-sheet-203,0,1,ab-14250
1,seed29_excluding_set_b,exact_set,1,1.0,0,0,0,pidqa-601d1474adb31ab4,ocr_if_nonempty_else_qwen,0,1.0,zlc 856,1.0,1,pidqa-sheet-238,1,1,zlc 856
4,seed29_excluding_set_b,exact_set,1,1.0,0,0,0,pidqa-63a05404c523bb1f,ocr_if_nonempty_else_qwen,0,1.0,ro-10 459;ro-10 482;ro-10 888;ro-10 927,1.0,4,pidqa-sheet-228,4,4,ro-10 459;ro-10 482;ro-10 888;ro-10 927
3,seed29_excluding_set_b,partial_recovery_no_false_candidate,0,0.8571428571428571,0,1,0,pidqa-645ae80f4755b34c,ocr_if_nonempty_else_qwen,1,1.0,qr-01143;qr-06900;qr-19925,0.75,3,pidqa-sheet-053,3,4,qr-01143;qr-06900;qr-19925;qr-38298
2,seed29_excluding_set_b,false_candidates_without_recovery,0,0.0,2,2,2,pidqa-6668902e3347107c,ocr_if_nonempty_else_qwen,2,0.0,ddl-101;ddl-644,0.0,0,pidqa-sheet-375,0,2,ddl 101;ddl 644
1,seed29_excluding_set_b,false_candidates_without_recovery,0,0.0,1,2,1,pidqa-6c8c106bdc274747,ocr_if_nonempty_else_qwen,2,0.0,op522,0.0,0,pidqa-sheet-176,0,2,op-20600;op-65704
1,seed29_excluding_set_b,partial_recovery_no_false_candidate,0,0.5,0,2,0,pidqa-713785d0c52e3db8,ocr_if_nonempty_else_qwen,2,1.0,qr-45113,0.3333333333333333,1,pidqa-sheet-397,1,3,qr-12411;qr-45113;qr-51203
5,seed29_excluding_set_b,partial_recovery_with_false_candidates,0,0.6666666666666666,1,3,1,pidqa-730aee11c15178c7,ocr_if_nonempty_else_qwen,3,0.8,kl-20048;kl-65399;kl-78341;kl-94662;kl038,0.5714285714285714,4,pidqa-sheet-227,4,7,kl-05325;kl-20048;kl-59429;kl-65399;kl-78341;kl-80584;kl-94662
1,seed29_excluding_set_b,false_candidates_without_recovery,0,0.0,1,2,1,pidqa-7527c6077f6047e5,ocr_if_nonempty_else_qwen,2,0.0,mnn55,0.0,0,pidqa-sheet-335,0,2,mn-18441;mn-75516
2,seed29_excluding_set_b,partial_recovery_no_false_candidate,0,0.8,0,1,0,pidqa-77e00c2338f52aa2,ocr_if_nonempty_else_qwen,1,1.0,cv-55056;cv-95998,0.6666666666666666,2,pidqa-sheet-087,2,3,cv-52558;cv-55056;cv-95998
2,seed29_excluding_set_b,partial_recovery_no_false_candidate,0,0.6666666666666666,0,2,0,pidqa-7cb44b039e938212,ocr_if_nonempty_else_qwen,2,1.0,qr-10436;qr-48370,0.5,2,pidqa-sheet-177,2,4,qr-10436;qr-46136;qr-48370;qr-62866
3,seed29_excluding_set_b,partial_recovery_no_false_candidate,0,0.6666666666666666,0,3,0,pidqa-85865b3c2f722477,ocr_if_nonempty_else_qwen,3,1.0,gh-48246;gh-52571;gh-98017,0.5,3,pidqa-sheet-373,3,6,gh-17445;gh-48246;gh-51008;gh-52571;gh-92397;gh-98017
3,seed29_excluding_set_b,partial_recovery_no_false_candidate,0,0.8571428571428571,0,1,0,pidqa-85bfc32906052d24,ocr_if_nonempty_else_qwen,1,1.0,erv-1-95;erv-3-54;erv-5-43,0.75,3,pidqa-sheet-384,3,4,erv-1-95;erv-3-54;erv-5-43;erv-9-18
1,seed29_excluding_set_b,partial_recovery_no_false_candidate,0,0.6666666666666666,0,1,0,pidqa-8f976cef5d632142,ocr_if_nonempty_else_qwen,1,1.0,cv-08339,0.5,1,pidqa-sheet-352,1,2,cv-08339;cv-19282
2,seed29_excluding_set_b,partial_recovery_no_false_candidate,0,0.5714285714285714,0,3,0,pidqa-97f49c143812b5f1,ocr_if_nonempty_else_qwen,3,1.0,erv-3-32;erv-7-45,0.4,2,pidqa-sheet-201,2,5,erv-0-02;erv-3-32;erv-6-57;erv-6-98;erv-7-45
2,seed29_excluding_set_b,partial_recovery_no_false_candidate,0,0.6666666666666666,0,2,0,pidqa-9a92a1fcf269afed,ocr_if_nonempty_else_qwen,2,1.0,cd-13039;cd-62213,0.5,2,pidqa-sheet-218,2,4,cd-13039;cd-22442;cd-62213;cd-81715
1,seed29_excluding_set_b,exact_set,1,1.0,0,0,0,pidqa-9bd70f3f594882a7,ocr_if_nonempty_else_qwen,0,1.0,sta,1.0,1,pidqa-sheet-112,1,1,sta
1,seed29_excluding_set_b,false_candidates_without_recovery,0,0.0,1,4,1,pidqa-9e685f8641d1bc7d,ocr_if_nonempty_else_qwen,4,0.0,ins,0.0,0,pidqa-sheet-174,0,4,ins ( -24°c );ins ( -37°c );ins ( 21°c );ins ( 46°c )
1,seed29_excluding_set_b,exact_set,1,1.0,0,0,0,pidqa-9ead719dd4391f46,ocr_if_nonempty_else_qwen,0,1.0,sta,1.0,1,pidqa-sheet-135,1,1,sta
1,seed29_excluding_set_b,partial_recovery_no_false_candidate,0,0.4,0,3,0,pidqa-a52a2f67e20a6cec,ocr_if_nonempty_else_qwen,3,1.0,ddl 606,0.25,1,pidqa-sheet-345,1,4,ddl 447;ddl 562;ddl 606;ddl 711
1,seed29_excluding_set_b,partial_recovery_no_false_candidate,0,0.5,0,2,0,pidqa-a64ad369cfa41595,ocr_if_nonempty_else_qwen,2,1.0,ij-21723,0.3333333333333333,1,pidqa-sheet-216,1,3,ij-21723;ij-32293;ij-66800
5,seed29_excluding_set_b,exact_set,1,1.0,0,0,0,pidqa-a72a05bd0bbddc47,ocr_if_nonempty_else_qwen,0,1.0,ddl 118;ddl 448;ddl 595;ddl 651;ddl 996,1.0,5,pidqa-sheet-387,5,5,ddl 118;ddl 448;ddl 595;ddl 651;ddl 996
2,seed29_excluding_set_b,partial_recovery_with_false_candidates,0,0.5,1,1,1,pidqa-a75682d490978cf3,ocr_if_nonempty_else_qwen,1,0.5,kl-16059;kl648,0.5,1,pidqa-sheet-178,1,2,kl-16059;kl-85942
2,seed29_excluding_set_b,partial_recovery_no_false_candidate,0,0.5,0,4,0,pidqa-a92abe8d1049ba86,ocr_if_nonempty_else_qwen,4,1.0,wx-07893;wx-83074,0.3333333333333333,2,pidqa-sheet-306,2,6,wx-07893;wx-09356;wx-63032;wx-75744;wx-83074;wx-86140
3,seed29_excluding_set_b,exact_set,1,1.0,0,0,0,pidqa-b0a229ea578e57dd,ocr_if_nonempty_else_qwen,0,1.0,zlo 112;zlo 485;zlo 975,1.0,3,pidqa-sheet-157,3,3,zlo 112;zlo 485;zlo 975
1,seed29_excluding_set_b,exact_set,1,1.0,0,0,0,pidqa-b1eb13b22fb1d652,ocr_if_nonempty_else_qwen,0,1.0,mn-90389,1.0,1,pidqa-sheet-470,1,1,mn-90389
3,seed29_excluding_set_b,complete_recovery_with_false_candidates,0,0.8,1,0,1,pidqa-b3b0bc3c778183c4,ocr_if_nonempty_else_qwen,0,0.6666666666666666,ef-79752;ef-89897;efgh,1.0,2,pidqa-sheet-465,2,2,ef-79752;ef-89897
2,seed29_excluding_set_b,partial_recovery_no_false_candidate,0,0.6666666666666666,0,2,0,pidqa-be69122a74bba601,ocr_if_nonempty_else_qwen,2,1.0,zlc 284;zlc 299,0.5,2,pidqa-sheet-310,2,4,zlc 284;zlc 299;zlc 589;zlc 709
3,seed29_excluding_set_b,partial_recovery_with_false_candidates,0,0.5,1,3,1,pidqa-bef1e7b25f21999b,ocr_if_nonempty_else_qwen,3,0.6666666666666666,mn-32963;mn-50220;mnn77,0.4,2,pidqa-sheet-079,2,5,mn-32963;mn-50220;mn-53592;mn-57306;mn-67929
2,seed29_excluding_set_b,partial_recovery_no_false_candidate,0,0.8,0,1,0,pidqa-c414cc1f3508c696,ocr_if_nonempty_else_qwen,1,1.0,ro-10 469;ro-10 491,0.6666666666666666,2,pidqa-sheet-153,2,3,ro-10 469;ro-10 491;ro-10 791
3,seed29_excluding_set_b,exact_set,1,1.0,0,0,0,pidqa-c77c15847a5e766b,ocr_if_nonempty_else_qwen,0,1.0,gh-13734;gh-61558;gh-82733,1.0,3,pidqa-sheet-333,3,3,gh-13734;gh-61558;gh-82733
5,seed29_excluding_set_b,partial_recovery_no_false_candidate,0,0.625,0,6,0,pidqa-ca69022dd8e62d83,ocr_if_nonempty_else_qwen,6,1.0,ij-29763;ij-32414;ij-65735;ij-66527;ij-81078,0.45454545454545453,5,pidqa-sheet-362,5,11,ij-03134;ij-29763;ij-32414;ij-56034;ij-57429;ij-65735;ij-66527;ij-68501;ij-81078;ij-84732;ij-91759
1,seed29_excluding_set_b,exact_set,1,1.0,0,0,0,pidqa-cd757faa3f357702,ocr_if_nonempty_else_qwen,0,1.0,dv-44878,1.0,1,pidqa-sheet-210,1,1,dv-44878
1,seed29_excluding_set_b,false_candidates_without_recovery,0,0.0,1,3,1,pidqa-d47bc1f58ffb95a5,ocr_if_nonempty_else_qwen,3,0.0,ins,0.0,0,pidqa-sheet-288,0,3,ins ( -14°c );ins ( 16°c );ins ( 38°c )
4,seed29_excluding_set_b,partial_recovery_with_false_candidates,0,0.5714285714285714,2,1,2,pidqa-da0f3b101171ca5d,ocr_if_nonempty_else_qwen,1,0.5,ab-09933;ab-78404;abc;abcd,0.6666666666666666,2,pidqa-sheet-144,2,3,ab-09933;ab-28552;ab-78404
2,seed29_excluding_set_b,partial_recovery_no_false_candidate,0,0.6666666666666666,0,2,0,pidqa-de60c7723be2a7db,ocr_if_nonempty_else_qwen,2,1.0,qr-00016;qr-71798,0.5,2,pidqa-sheet-431,2,4,qr-00016;qr-10245;qr-71798;qr-82218
4,seed29_excluding_set_b,exact_set,1,1.0,0,0,0,pidqa-e6cb148df5772b05,ocr_if_nonempty_else_qwen,0,1.0,ro-10 259;ro-10 891;ro-10 932;ro-10 963,1.0,4,pidqa-sheet-401,4,4,ro-10 259;ro-10 891;ro-10 932;ro-10 963
4,seed29_excluding_set_b,partial_recovery_with_false_candidates,0,0.2857142857142857,3,2,3,pidqa-e752e5e7430010ba,ocr_if_nonempty_else_qwen,2,0.25,ro-10 561;ro-10 677;ro-15 158;ro-15 230,0.3333333333333333,1,pidqa-sheet-152,1,3,ro-10 158;ro-10 230;ro-10 561
1,seed29_excluding_set_b,false_candidates_without_recovery,0,0.0,1,1,1,pidqa-e7efdb59b850fd5b,ocr_if_nonempty_else_qwen,1,0.0,glr-788,0.0,0,pidqa-sheet-073,0,1,glr 788
3,seed29_excluding_set_b,partial_recovery_no_false_candidate,0,0.6666666666666666,0,3,0,pidqa-e8bf5e5a996a4b7a,ocr_if_nonempty_else_qwen,3,1.0,mn-00722;mn-53120;mn-74821,0.5,3,pidqa-sheet-083,3,6,mn-00722;mn-19995;mn-50858;mn-52585;mn-53120;mn-74821
5,seed29_excluding_set_b,partial_recovery_no_false_candidate,0,0.7142857142857143,0,4,0,pidqa-eeb7208d14eb5ac4,ocr_if_nonempty_else_qwen,4,1.0,cd-21592;cd-45311;cd-74614;cd-82064;cd-86745,0.5555555555555556,5,pidqa-sheet-337,5,9,cd-21592;cd-40290;cd-45311;cd-61849;cd-68209;cd-74614;cd-82064;cd-86723;cd-86745
2,seed29_excluding_set_b,partial_recovery_with_false_candidates,0,0.5,1,1,1,pidqa-ef336a3f312e78dc,ocr_if_nonempty_else_qwen,1,0.5,st-16729;sta,0.5,1,pidqa-sheet-044,1,2,st-16729;st-74463
1,seed29_excluding_set_b,partial_recovery_no_false_candidate,0,0.6666666666666666,0,1,0,pidqa-f296f695b1c4033b,ocr_if_nonempty_else_qwen,1,1.0,ij-61723,0.5,1,pidqa-sheet-428,1,2,ij-61723;ij-79901
2,seed29_excluding_set_b,partial_recovery_with_false_candidates,0,0.4,1,2,1,pidqa-f326e386aba99f91,ocr_if_nonempty_else_qwen,2,0.5,av-35140;av118,0.3333333333333333,1,pidqa-sheet-164,1,3,av-01618;av-03839;av-35140
5,seed29_excluding_set_b,partial_recovery_with_false_candidates,0,0.6666666666666666,1,3,1,pidqa-f3dc11e8a3fcffd4,ocr_if_nonempty_else_qwen,3,0.8,op-15776;op-39731;op-48833;op-48979;opp27,0.5714285714285714,4,pidqa-sheet-241,4,7,op-13754;op-14623;op-15776;op-39731;op-41874;op-48833;op-48979
1,seed29_excluding_set_b,partial_recovery_no_false_candidate,0,0.4,0,3,0,pidqa-f41bdf413f884b8c,ocr_if_nonempty_else_qwen,3,1.0,gh-56124,0.25,1,pidqa-sheet-038,1,4,gh-13995;gh-56124;gh-64931;gh-75589
1,seed29_excluding_set_b,partial_recovery_no_false_candidate,0,0.6666666666666666,0,1,0,pidqa-f463f1f21ab82fd1,ocr_if_nonempty_else_qwen,1,1.0,dv-87411,0.5,1,pidqa-sheet-264,1,2,dv-41027;dv-87411
2,seed29_excluding_set_b,partial_recovery_no_false_candidate,0,0.8,0,1,0,pidqa-f594bf91e6719834,ocr_if_nonempty_else_qwen,1,1.0,ij-30868;ij-97287,0.6666666666666666,2,pidqa-sheet-487,2,3,ij-30868;ij-35097;ij-97287
1,seed29_excluding_set_b,exact_set,1,1.0,0,0,0,pidqa-f6aba1f4d9cf94a4,ocr_if_nonempty_else_qwen,0,1.0,sta,1.0,1,pidqa-sheet-280,1,1,sta
2,seed29_excluding_set_b,exact_set,1,1.0,0,0,0,pidqa-037d27f1a889b137,qwen_if_nonempty_else_ocr,0,1.0,ij-25925;ij-69812,1.0,2,pidqa-sheet-483,2,2,ij-25925;ij-69812
2,seed29_excluding_set_b,exact_set,1,1.0,0,0,0,pidqa-04f1611040d3febc,qwen_if_nonempty_else_ocr,0,1.0,rv-08711;rv-90277,1.0,2,pidqa-sheet-254,2,2,rv-08711;rv-90277
3,seed29_excluding_set_b,partial_recovery_with_false_candidates,0,0.6666666666666666,1,1,1,pidqa-0932c09d1853386b,qwen_if_nonempty_else_ocr,1,0.6666666666666666,rv-21125;rv-47340;rv-63124,0.6666666666666666,2,pidqa-sheet-168,2,3,rv-21525;rv-47340;rv-63124
1,seed29_excluding_set_b,false_candidates_without_recovery,0,0.0,1,0,1,pidqa-0a0c45d4ea70cb31,qwen_if_nonempty_else_ocr,0,0.0,none,0.0,0,pidqa-sheet-320,0,0,
1,seed29_excluding_set_b,partial_recovery_no_false_candidate,0,0.5,0,2,0,pidqa-0f59f92d52c5fca4,qwen_if_nonempty_else_ocr,2,1.0,gh-39865,0.3333333333333333,1,pidqa-sheet-261,1,3,gh-16741;gh-39865;gh-64234
6,seed29_excluding_set_b,partial_recovery_with_false_candidates,0,0.46153846153846156,3,4,3,pidqa-1274bb1ce830c15a,qwen_if_nonempty_else_ocr,4,0.5,cs-00;cs-33;cs-63;cs-70;cs-90;cs-9738,0.42857142857142855,3,pidqa-sheet-374,3,7,cs-00;cs-19;cs-33;cs-42;cs-63;cs-72;cs-83
2,seed29_excluding_set_b,exact_set,1,1.0,0,0,0,pidqa-15426398d576b75b,qwen_if_nonempty_else_ocr,0,1.0,ab-52901;ab-54940,1.0,2,pidqa-sheet-316,2,2,ab-52901;ab-54940
4,seed29_excluding_set_b,partial_recovery_no_false_candidate,0,0.8888888888888888,0,1,0,pidqa-1b2f684dae9ca085,qwen_if_nonempty_else_ocr,1,1.0,wx-12077;wx-19660;wx-93060;wx-97230,0.8,4,pidqa-sheet-311,4,5,wx-12077;wx-19660;wx-59994;wx-93060;wx-97230
4,seed29_excluding_set_b,complete_recovery_with_false_candidates,0,0.6666666666666666,2,0,2,pidqa-1ced87cccba73b13,qwen_if_nonempty_else_ocr,0,0.5,gh-41708;gh-77369;gh-84711;gh-97110,1.0,2,pidqa-sheet-411,2,2,gh-77369;gh-97110
1,seed29_excluding_set_b,partial_recovery_no_false_candidate,0,0.6666666666666666,0,1,0,pidqa-1d9856d79146dfd2,qwen_if_nonempty_else_ocr,1,1.0,wx-82621,0.5,1,pidqa-sheet-043,1,2,wx-38305;wx-82621
3,seed29_excluding_set_b,exact_set,1,1.0,0,0,0,pidqa-230f687bb9ead401,qwen_if_nonempty_else_ocr,0,1.0,ro-10 191;ro-10 300;ro-10 856,1.0,3,pidqa-sheet-262,3,3,ro-10 191;ro-10 300;ro-10 856
3,seed29_excluding_set_b,partial_recovery_no_false_candidate,0,0.8571428571428571,0,1,0,pidqa-25c7beefd77ac6cc,qwen_if_nonempty_else_ocr,1,1.0,dv-05914;dv-24777;dv-51686,0.75,3,pidqa-sheet-188,3,4,dv-05914;dv-24777;dv-51686;dv-94284
9,seed29_excluding_set_b,partial_recovery_with_false_candidates,0,0.42857142857142855,6,2,6,pidqa-2af5267c7032dd93,qwen_if_nonempty_else_ocr,2,0.3333333333333333,st-14176;st-33315;st-38657;st-60016;st-70286;st-73110;st-80290;st-80474;st-805239,0.6,3,pidqa-sheet-115,3,5,st-38567;st-48511;st-60016;st-70286;st-73110
6,seed29_excluding_set_b,partial_recovery_no_false_candidate,0,0.9230769230769231,0,1,0,pidqa-2b6a3e373b87d280,qwen_if_nonempty_else_ocr,1,1.0,cv-16789;cv-36077;cv-46169;cv-65700;cv-74878;cv-95883,0.8571428571428571,6,pidqa-sheet-432,6,7,cv-16789;cv-36077;cv-46169;cv-65700;cv-66915;cv-74878;cv-95883
3,seed29_excluding_set_b,partial_recovery_no_false_candidate,0,0.8571428571428571,0,1,0,pidqa-330b319823bc1077,qwen_if_nonempty_else_ocr,1,1.0,st-04832;st-08341;st-28377,0.75,3,pidqa-sheet-222,3,4,st-04832;st-08341;st-28377;st-78526
5,seed29_excluding_set_b,false_candidates_without_recovery,0,0.0,5,5,5,pidqa-33df727240c998d0,qwen_if_nonempty_else_ocr,5,0.0,ins (-11°c);ins (-22°c);ins (-41°c);ins (30°c);ins (47°c),0.0,0,pidqa-sheet-277,0,5,ins ( -11°c );ins ( -22°c );ins ( -41°c );ins ( 30°c );ins ( 47°c )
4,seed29_excluding_set_b,partial_recovery_no_false_candidate,0,0.8888888888888888,0,1,0,pidqa-36a4c8f5f265f86d,qwen_if_nonempty_else_ocr,1,1.0,mn-34739;mn-59937;mn-61682;mn-92449,0.8,4,pidqa-sheet-419,4,5,mn-34739;mn-59937;mn-61682;mn-78992;mn-92449
4,seed29_excluding_set_b,partial_recovery_with_false_candidates,0,0.75,1,1,1,pidqa-3a69c27c99bc845f,qwen_if_nonempty_else_ocr,1,0.75,ab-08822;ab-63795;ab-67992;ab-98796,0.75,3,pidqa-sheet-381,3,4,ab-08822;ab-52246;ab-63795;ab-98796
1,seed29_excluding_set_b,partial_recovery_no_false_candidate,0,0.3333333333333333,0,4,0,pidqa-408ae0b98586380b,qwen_if_nonempty_else_ocr,4,1.0,dv-61329,0.2,1,pidqa-sheet-208,1,5,dv-06719;dv-33483;dv-43761;dv-61329;dv-82399
3,seed29_excluding_set_b,exact_set,1,1.0,0,0,0,pidqa-423f6e9d0d11e5ca,qwen_if_nonempty_else_ocr,0,1.0,erv-1-79;erv-5-08;erv-5-77,1.0,3,pidqa-sheet-016,3,3,erv-1-79;erv-5-08;erv-5-77
2,seed29_excluding_set_b,partial_recovery_no_false_candidate,0,0.8,0,1,0,pidqa-485a0d49279c7566,qwen_if_nonempty_else_ocr,1,1.0,kl-03354;kl-16663,0.6666666666666666,2,pidqa-sheet-454,2,3,kl-03354;kl-16663;kl-82767
0,seed29_excluding_set_b,exact_set,1,1.0,0,0,0,pidqa-4bc830f2193e2041,qwen_if_nonempty_else_ocr,0,1.0,,1.0,0,pidqa-sheet-050,0,0,
4,seed29_excluding_set_b,partial_recovery_with_false_candidates,0,0.5714285714285714,2,1,2,pidqa-4d55b098338d90af,qwen_if_nonempty_else_ocr,1,0.5,mn-2144;mn-33614;mn-46468;mn-83090,0.6666666666666666,2,pidqa-sheet-461,2,3,mn-33614;mn-46468;mn-85090
5,seed29_excluding_set_b,partial_recovery_with_false_candidates,0,0.5,2,4,2,pidqa-4daf1dfd58c53a94,qwen_if_nonempty_else_ocr,4,0.6,cd-03566;cd-16741;cd-203;cd-25951;cd-429,0.42857142857142855,3,pidqa-sheet-147,3,7,cd-03078;cd-03566;cd-15993;cd-16741;cd-25951;cd-84895;cd-95728
6,seed29_excluding_set_b,complete_recovery_with_false_candidates,0,0.9090909090909091,1,0,1,pidqa-4e4e54e64ea97206,qwen_if_nonempty_else_ocr,0,0.8333333333333334,cv-05122;cv-40504;cv-49325;cv-60675;cv-78629;cv-83331,1.0,5,pidqa-sheet-278,5,5,cv-05122;cv-40504;cv-49325;cv-60675;cv-78629
1,seed29_excluding_set_b,false_candidates_without_recovery,0,0.0,1,1,1,pidqa-533fc351e1cdd8eb,qwen_if_nonempty_else_ocr,1,0.0,zlo-202,0.0,0,pidqa-sheet-357,0,1,zlo 202
1,seed29_excluding_set_b,exact_set,1,1.0,0,0,0,pidqa-5340d3695dcc1560,qwen_if_nonempty_else_ocr,0,1.0,wx-23455,1.0,1,pidqa-sheet-330,1,1,wx-23455
1,seed29_excluding_set_b,partial_recovery_no_false_candidate,0,0.2222222222222222,0,7,0,pidqa-56030edad68463c6,qwen_if_nonempty_else_ocr,7,1.0,op-90302,0.125,1,pidqa-sheet-300,1,8,op-06603;op-10869;op-18523;op-45254;op-81021;op-84658;op-89250;op-90302
4,seed29_excluding_set_b,partial_recovery_with_false_candidates,0,0.75,1,1,1,pidqa-586fffaf411f9b3b,qwen_if_nonempty_else_ocr,1,0.75,cs-40;cs-59;cs-67;cs-90,0.75,3,pidqa-sheet-076,3,4,cs-09;cs-40;cs-59;cs-67
3,seed29_excluding_set_b,exact_set,1,1.0,0,0,0,pidqa-5b06989c4df3336f,qwen_if_nonempty_else_ocr,0,1.0,qr-21077;qr-64236;qr-70239,1.0,3,pidqa-sheet-105,3,3,qr-21077;qr-64236;qr-70239
3,seed29_excluding_set_b,partial_recovery_no_false_candidate,0,0.8571428571428571,0,1,0,pidqa-5cba9a5c08547fbd,qwen_if_nonempty_else_ocr,1,1.0,ab-41151;ab-44053;ab-45108,0.75,3,pidqa-sheet-420,3,4,ab-41151;ab-44053;ab-45108;ab-93245
1,seed29_excluding_set_b,exact_set,1,1.0,0,0,0,pidqa-5e1f751df1e8a2ec,qwen_if_nonempty_else_ocr,0,1.0,cd-09064,1.0,1,pidqa-sheet-102,1,1,cd-09064
7,seed29_excluding_set_b,partial_recovery_with_false_candidates,0,0.7142857142857143,2,2,2,pidqa-5eeb6c8c4e52b425,qwen_if_nonempty_else_ocr,2,0.7142857142857143,cs-36;cs-48;cs-72;cs-73;cs-81;cs-88;cs-89,0.7142857142857143,5,pidqa-sheet-325,5,7,cs-08;cs-36;cs-48;cs-72;cs-78;cs-81;cs-89
1,seed29_excluding_set_b,false_candidates_without_recovery,0,0.0,1,0,1,pidqa-5f9bfb932c14e748,qwen_if_nonempty_else_ocr,0,0.0,none,0.0,0,pidqa-sheet-268,0,0,
2,seed29_excluding_set_b,complete_recovery_with_false_candidates,0,0.6666666666666666,1,0,1,pidqa-6006f6cacb548608,qwen_if_nonempty_else_ocr,0,0.5,ab-14250;ab-93971,1.0,1,pidqa-sheet-203,1,1,ab-14250
1,seed29_excluding_set_b,false_candidates_without_recovery,0,0.0,1,1,1,pidqa-601d1474adb31ab4,qwen_if_nonempty_else_ocr,1,0.0,zlc-856,0.0,0,pidqa-sheet-238,0,1,zlc 856
4,seed29_excluding_set_b,exact_set,1,1.0,0,0,0,pidqa-63a05404c523bb1f,qwen_if_nonempty_else_ocr,0,1.0,ro-10 459;ro-10 482;ro-10 888;ro-10 927,1.0,4,pidqa-sheet-228,4,4,ro-10 459;ro-10 482;ro-10 888;ro-10 927
1,seed29_excluding_set_b,partial_recovery_no_false_candidate,0,0.4,0,3,0,pidqa-645ae80f4755b34c,qwen_if_nonempty_else_ocr,3,1.0,qr-01143,0.25,1,pidqa-sheet-053,1,4,qr-01143;qr-06900;qr-19925;qr-38298
2,seed29_excluding_set_b,false_candidates_without_recovery,0,0.0,2,2,2,pidqa-6668902e3347107c,qwen_if_nonempty_else_ocr,2,0.0,ddl-101;ddl-644,0.0,0,pidqa-sheet-375,0,2,ddl 101;ddl 644
2,seed29_excluding_set_b,exact_set,1,1.0,0,0,0,pidqa-6c8c106bdc274747,qwen_if_nonempty_else_ocr,0,1.0,op-20600;op-65704,1.0,2,pidqa-sheet-176,2,2,op-20600;op-65704
2,seed29_excluding_set_b,partial_recovery_no_false_candidate,0,0.8,0,1,0,pidqa-713785d0c52e3db8,qwen_if_nonempty_else_ocr,1,1.0,qr-12411;qr-51203,0.6666666666666666,2,pidqa-sheet-397,2,3,qr-12411;qr-45113;qr-51203
7,seed29_excluding_set_b,partial_recovery_with_false_candidates,0,0.7142857142857143,2,2,2,pidqa-730aee11c15178c7,qwen_if_nonempty_else_ocr,2,0.7142857142857143,kl-05335;kl-20048;kl-59429;kl-65399;kl-78341;kl-80395;kl-94662,0.7142857142857143,5,pidqa-sheet-227,5,7,kl-05325;kl-20048;kl-59429;kl-65399;kl-78341;kl-80584;kl-94662
1,seed29_excluding_set_b,partial_recovery_no_false_candidate,0,0.6666666666666666,0,1,0,pidqa-7527c6077f6047e5,qwen_if_nonempty_else_ocr,1,1.0,mn-75516,0.5,1,pidqa-sheet-335,1,2,mn-18441;mn-75516
3,seed29_excluding_set_b,partial_recovery_with_false_candidates,0,0.6666666666666666,1,1,1,pidqa-77e00c2338f52aa2,qwen_if_nonempty_else_ocr,1,0.6666666666666666,cv-52538;cv-55056;cv-95998,0.6666666666666666,2,pidqa-sheet-087,2,3,cv-52558;cv-55056;cv-95998
2,seed29_excluding_set_b,partial_recovery_no_false_candidate,0,0.6666666666666666,0,2,0,pidqa-7cb44b039e938212,qwen_if_nonempty_else_ocr,2,1.0,qr-10436;qr-48370,0.5,2,pidqa-sheet-177,2,4,qr-10436;qr-46136;qr-48370;qr-62866
4,seed29_excluding_set_b,partial_recovery_with_false_candidates,0,0.6,1,3,1,pidqa-85865b3c2f722477,qwen_if_nonempty_else_ocr,3,0.75,gh-17445;gh-2397;gh-51008;gh-98017,0.5,3,pidqa-sheet-373,3,6,gh-17445;gh-48246;gh-51008;gh-52571;gh-92397;gh-98017
1,seed29_excluding_set_b,partial_recovery_no_false_candidate,0,0.4,0,3,0,pidqa-85bfc32906052d24,qwen_if_nonempty_else_ocr,3,1.0,erv-5-43,0.25,1,pidqa-sheet-384,1,4,erv-1-95;erv-3-54;erv-5-43;erv-9-18
1,seed29_excluding_set_b,partial_recovery_no_false_candidate,0,0.6666666666666666,0,1,0,pidqa-8f976cef5d632142,qwen_if_nonempty_else_ocr,1,1.0,cv-08339,0.5,1,pidqa-sheet-352,1,2,cv-08339;cv-19282
1,seed29_excluding_set_b,partial_recovery_no_false_candidate,0,0.3333333333333333,0,4,0,pidqa-97f49c143812b5f1,qwen_if_nonempty_else_ocr,4,1.0,erv-7-45,0.2,1,pidqa-sheet-201,1,5,erv-0-02;erv-3-32;erv-6-57;erv-6-98;erv-7-45
4,seed29_excluding_set_b,exact_set,1,1.0,0,0,0,pidqa-9a92a1fcf269afed,qwen_if_nonempty_else_ocr,0,1.0,cd-13039;cd-22442;cd-62213;cd-81715,1.0,4,pidqa-sheet-218,4,4,cd-13039;cd-22442;cd-62213;cd-81715
1,seed29_excluding_set_b,false_candidates_without_recovery,0,0.0,1,1,1,pidqa-9bd70f3f594882a7,qwen_if_nonempty_else_ocr,1,0.0,sta-03194,0.0,0,pidqa-sheet-112,0,1,sta
4,seed29_excluding_set_b,false_candidates_without_recovery,0,0.0,4,4,4,pidqa-9e685f8641d1bc7d,qwen_if_nonempty_else_ocr,4,0.0,ins (-24°c);ins (-37°c);ins (21°c);ins (46°c),0.0,0,pidqa-sheet-174,0,4,ins ( -24°c );ins ( -37°c );ins ( 21°c );ins ( 46°c )
1,seed29_excluding_set_b,exact_set,1,1.0,0,0,0,pidqa-9ead719dd4391f46,qwen_if_nonempty_else_ocr,0,1.0,sta,1.0,1,pidqa-sheet-135,1,1,sta
4,seed29_excluding_set_b,exact_set,1,1.0,0,0,0,pidqa-a52a2f67e20a6cec,qwen_if_nonempty_else_ocr,0,1.0,ddl 447;ddl 562;ddl 606;ddl 711,1.0,4,pidqa-sheet-345,4,4,ddl 447;ddl 562;ddl 606;ddl 711
4,seed29_excluding_set_b,complete_recovery_with_false_candidates,0,0.8571428571428571,1,0,1,pidqa-a64ad369cfa41595,qwen_if_nonempty_else_ocr,0,0.75,ij-21723;ij-32293;ij-48;ij-66800,1.0,3,pidqa-sheet-216,3,3,ij-21723;ij-32293;ij-66800
2,seed29_excluding_set_b,partial_recovery_no_false_candidate,0,0.5714285714285714,0,3,0,pidqa-a72a05bd0bbddc47,qwen_if_nonempty_else_ocr,3,1.0,ddl 118;ddl 595,0.4,2,pidqa-sheet-387,2,5,ddl 118;ddl 448;ddl 595;ddl 651;ddl 996
2,seed29_excluding_set_b,exact_set,1,1.0,0,0,0,pidqa-a75682d490978cf3,qwen_if_nonempty_else_ocr,0,1.0,kl-16059;kl-85942,1.0,2,pidqa-sheet-178,2,2,kl-16059;kl-85942
2,seed29_excluding_set_b,partial_recovery_no_false_candidate,0,0.5,0,4,0,pidqa-a92abe8d1049ba86,qwen_if_nonempty_else_ocr,4,1.0,wx-75744;wx-86140,0.3333333333333333,2,pidqa-sheet-306,2,6,wx-07893;wx-09356;wx-63032;wx-75744;wx-83074;wx-86140
3,seed29_excluding_set_b,exact_set,1,1.0,0,0,0,pidqa-b0a229ea578e57dd,qwen_if_nonempty_else_ocr,0,1.0,zlo 112;zlo 485;zlo 975,1.0,3,pidqa-sheet-157,3,3,zlo 112;zlo 485;zlo 975
1,seed29_excluding_set_b,exact_set,1,1.0,0,0,0,pidqa-b1eb13b22fb1d652,qwen_if_nonempty_else_ocr,0,1.0,mn-90389,1.0,1,pidqa-sheet-470,1,1,mn-90389
2,seed29_excluding_set_b,exact_set,1,1.0,0,0,0,pidqa-b3b0bc3c778183c4,qwen_if_nonempty_else_ocr,0,1.0,ef-79752;ef-89897,1.0,2,pidqa-sheet-465,2,2,ef-79752;ef-89897
5,seed29_excluding_set_b,false_candidates_without_recovery,0,0.0,5,4,5,pidqa-be69122a74bba601,qwen_if_nonempty_else_ocr,4,0.0,zlc-284;zlc-299;zlc-585;zlc-589;zlc-709,0.0,0,pidqa-sheet-310,0,4,zlc 284;zlc 299;zlc 589;zlc 709
7,seed29_excluding_set_b,partial_recovery_with_false_candidates,0,0.6666666666666666,3,1,3,pidqa-bef1e7b25f21999b,qwen_if_nonempty_else_ocr,1,0.5714285714285714,mn-32963;mn-50220;mn-53592;mn-67929;mn-73380;mn-75300;mn-87766,0.8,4,pidqa-sheet-079,4,5,mn-32963;mn-50220;mn-53592;mn-57306;mn-67929
3,seed29_excluding_set_b,exact_set,1,1.0,0,0,0,pidqa-c414cc1f3508c696,qwen_if_nonempty_else_ocr,0,1.0,ro-10 469;ro-10 491;ro-10 791,1.0,3,pidqa-sheet-153,3,3,ro-10 469;ro-10 491;ro-10 791
3,seed29_excluding_set_b,exact_set,1,1.0,0,0,0,pidqa-c77c15847a5e766b,qwen_if_nonempty_else_ocr,0,1.0,gh-13734;gh-61558;gh-82733,1.0,3,pidqa-sheet-333,3,3,gh-13734;gh-61558;gh-82733
5,seed29_excluding_set_b,partial_recovery_with_false_candidates,0,0.5,1,7,1,pidqa-ca69022dd8e62d83,qwen_if_nonempty_else_ocr,7,0.8,ij-03134;ij-29763;ij-32414;ij-6527;ij-81078,0.36363636363636365,4,pidqa-sheet-362,4,11,ij-03134;ij-29763;ij-32414;ij-56034;ij-57429;ij-65735;ij-66527;ij-68501;ij-81078;ij-84732;ij-91759
1,seed29_excluding_set_b,exact_set,1,1.0,0,0,0,pidqa-cd757faa3f357702,qwen_if_nonempty_else_ocr,0,1.0,dv-44878,1.0,1,pidqa-sheet-210,1,1,dv-44878
3,seed29_excluding_set_b,false_candidates_without_recovery,0,0.0,3,3,3,pidqa-d47bc1f58ffb95a5,qwen_if_nonempty_else_ocr,3,0.0,ins (-14°c);ins (16°c);ins (38°c),0.0,0,pidqa-sheet-288,0,3,ins ( -14°c );ins ( 16°c );ins ( 38°c )
2,seed29_excluding_set_b,partial_recovery_no_false_candidate,0,0.8,0,1,0,pidqa-da0f3b101171ca5d,qwen_if_nonempty_else_ocr,1,1.0,ab-09933;ab-78404,0.6666666666666666,2,pidqa-sheet-144,2,3,ab-09933;ab-28552;ab-78404
1,seed29_excluding_set_b,partial_recovery_no_false_candidate,0,0.4,0,3,0,pidqa-de60c7723be2a7db,qwen_if_nonempty_else_ocr,3,1.0,qr-00016,0.25,1,pidqa-sheet-431,1,4,qr-00016;qr-10245;qr-71798;qr-82218
4,seed29_excluding_set_b,exact_set,1,1.0,0,0,0,pidqa-e6cb148df5772b05,qwen_if_nonempty_else_ocr,0,1.0,ro-10 259;ro-10 891;ro-10 932;ro-10 963,1.0,4,pidqa-sheet-401,4,4,ro-10 259;ro-10 891;ro-10 932;ro-10 963
4,seed29_excluding_set_b,partial_recovery_with_false_candidates,0,0.2857142857142857,3,2,3,pidqa-e752e5e7430010ba,qwen_if_nonempty_else_ocr,2,0.25,ro-10 561;ro-10 677;ro-15 158;ro-15 230,0.3333333333333333,1,pidqa-sheet-152,1,3,ro-10 158;ro-10 230;ro-10 561
1,seed29_excluding_set_b,false_candidates_without_recovery,0,0.0,1,1,1,pidqa-e7efdb59b850fd5b,qwen_if_nonempty_else_ocr,1,0.0,glr-788,0.0,0,pidqa-sheet-073,0,1,glr 788
5,seed29_excluding_set_b,partial_recovery_no_false_candidate,0,0.9090909090909091,0,1,0,pidqa-e8bf5e5a996a4b7a,qwen_if_nonempty_else_ocr,1,1.0,mn-00722;mn-19995;mn-50858;mn-52585;mn-53120,0.8333333333333334,5,pidqa-sheet-083,5,6,mn-00722;mn-19995;mn-50858;mn-52585;mn-53120;mn-74821
12,seed29_excluding_set_b,partial_recovery_with_false_candidates,0,0.7619047619047619,4,1,4,pidqa-eeb7208d14eb5ac4,qwen_if_nonempty_else_ocr,1,0.6666666666666666,cd-16562;cd-21592;cd-40290;cd-45311;cd-61849;cd-74614;cd-78219;cd-80095;cd-82064;cd-86723;cd-86745;cd-91409,0.8888888888888888,8,pidqa-sheet-337,8,9,cd-21592;cd-40290;cd-45311;cd-61849;cd-68209;cd-74614;cd-82064;cd-86723;cd-86745
2,seed29_excluding_set_b,exact_set,1,1.0,0,0,0,pidqa-ef336a3f312e78dc,qwen_if_nonempty_else_ocr,0,1.0,st-16729;st-74463,1.0,2,pidqa-sheet-044,2,2,st-16729;st-74463
1,seed29_excluding_set_b,partial_recovery_no_false_candidate,0,0.6666666666666666,0,1,0,pidqa-f296f695b1c4033b,qwen_if_nonempty_else_ocr,1,1.0,ij-61723,0.5,1,pidqa-sheet-428,1,2,ij-61723;ij-79901
1,seed29_excluding_set_b,partial_recovery_no_false_candidate,0,0.5,0,2,0,pidqa-f326e386aba99f91,qwen_if_nonempty_else_ocr,2,1.0,av-03839,0.3333333333333333,1,pidqa-sheet-164,1,3,av-01618;av-03839;av-35140
6,seed29_excluding_set_b,partial_recovery_no_false_candidate,0,0.9230769230769231,0,1,0,pidqa-f3dc11e8a3fcffd4,qwen_if_nonempty_else_ocr,1,1.0,op-13754;op-15776;op-39731;op-41874;op-48833;op-48979,0.8571428571428571,6,pidqa-sheet-241,6,7,op-13754;op-14623;op-15776;op-39731;op-41874;op-48833;op-48979
2,seed29_excluding_set_b,partial_recovery_with_false_candidates,0,0.3333333333333333,1,3,1,pidqa-f41bdf413f884b8c,qwen_if_nonempty_else_ocr,3,0.5,gh-56124;gh-60931,0.25,1,pidqa-sheet-038,1,4,gh-13995;gh-56124;gh-64931;gh-75589
1,seed29_excluding_set_b,partial_recovery_no_false_candidate,0,0.6666666666666666,0,1,0,pidqa-f463f1f21ab82fd1,qwen_if_nonempty_else_ocr,1,1.0,dv-87411,0.5,1,pidqa-sheet-264,1,2,dv-41027;dv-87411
3,seed29_excluding_set_b,exact_set,1,1.0,0,0,0,pidqa-f594bf91e6719834,qwen_if_nonempty_else_ocr,0,1.0,ij-30868;ij-35097;ij-97287,1.0,3,pidqa-sheet-487,3,3,ij-30868;ij-35097;ij-97287
1,seed29_excluding_set_b,exact_set,1,1.0,0,0,0,pidqa-f6aba1f4d9cf94a4,qwen_if_nonempty_else_ocr,0,1.0,sta,1.0,1,pidqa-sheet-280,1,1,sta
2,seed31_excluding_set_b,false_candidates_without_recovery,0,0.0,2,1,2,pidqa-0172f7403fe5db7b,qwen,1,0.0,sta-8196;sta-91178,0.0,0,pidqa-sheet-274,0,1,sta
1,seed31_excluding_set_b,exact_set,1,1.0,0,0,0,pidqa-08695a656d267a17,qwen,0,1.0,kl-80414,1.0,1,pidqa-sheet-182,1,1,kl-80414
3,seed31_excluding_set_b,exact_set,1,1.0,0,0,0,pidqa-0903f6ef2d93e9b5,qwen,0,1.0,mn-11612;mn-75750;mn-98653,1.0,3,pidqa-sheet-373,3,3,mn-11612;mn-75750;mn-98653
1,seed31_excluding_set_b,partial_recovery_no_false_candidate,0,0.4,0,3,0,pidqa-0a45c12953e22d18,qwen,3,1.0,erv-5-40,0.25,1,pidqa-sheet-404,1,4,erv-1-54;erv-2-90;erv-5-40;erv-5-77
3,seed31_excluding_set_b,partial_recovery_no_false_candidate,0,0.8571428571428571,0,1,0,pidqa-0d72b6fd0e6ed361,qwen,1,1.0,ro-10 279;ro-10 586;ro-10 903,0.75,3,pidqa-sheet-333,3,4,ro-10 279;ro-10 349;ro-10 586;ro-10 903
5,seed31_excluding_set_b,partial_recovery_with_false_candidates,0,0.6153846153846154,1,4,1,pidqa-12c2a9941315f376,qwen,4,0.8,qr-03546;qr-34040;qr-36850;qr-39862;qr-76768,0.5,4,pidqa-sheet-303,4,8,qr-03546;qr-20623;qr-36850;qr-39862;qr-48964;qr-53460;qr-76768;qr-99527
3,seed31_excluding_set_b,partial_recovery_with_false_candidates,0,0.6666666666666666,1,1,1,pidqa-14591e87c5a19cf4,qwen,1,0.6666666666666666,st-06815;st-15745;st-44553,0.6666666666666666,2,pidqa-sheet-206,2,3,st-06815;st-44553;st-71599
5,seed31_excluding_set_b,exact_set,1,1.0,0,0,0,pidqa-15b79c9168dc295b,qwen,0,1.0,cd-23362;cd-31803;cd-39737;cd-87400;cd-90134,1.0,5,pidqa-sheet-364,5,5,cd-23362;cd-31803;cd-39737;cd-87400;cd-90134
3,seed31_excluding_set_b,exact_set,1,1.0,0,0,0,pidqa-1c2153751e7ef720,qwen,0,1.0,op-18648;op-91968;op-95916,1.0,3,pidqa-sheet-421,3,3,op-18648;op-91968;op-95916
5,seed31_excluding_set_b,complete_recovery_with_false_candidates,0,0.5714285714285714,3,0,3,pidqa-21d1aebcbb4d24bf,qwen,0,0.4,st-36957;st-698;st-699;st-69903;st-82281,1.0,2,pidqa-sheet-201,2,2,st-69903;st-82281
3,seed31_excluding_set_b,complete_recovery_with_false_candidates,0,0.8,1,0,1,pidqa-22a86090c0260fc7,qwen,0,0.6666666666666666,ef-3-29;ef-57497;ef-93900,1.0,2,pidqa-sheet-480,2,2,ef-57497;ef-93900
6,seed31_excluding_set_b,partial_recovery_with_false_candidates,0,0.5333333333333333,2,5,2,pidqa-315792501a503618,qwen,5,0.6666666666666666,gh-08660;gh-09370;gh-20594;gh-2195;gh-3515;gh-77186,0.4444444444444444,4,pidqa-sheet-068,4,9,gh-02195;gh-07151;gh-08660;gh-09370;gh-16629;gh-20594;gh-29049;gh-77186;gh-83515
8,seed31_excluding_set_b,false_candidates_without_recovery,0,0.0,8,1,8,pidqa-31f4d680e76321ea,qwen,1,0.0,st-03431;st-22206;st-26204;st-57038;st-71018;st-71692;st-81391;st-93052,0.0,0,pidqa-sheet-374,0,1,sta
2,seed31_excluding_set_b,exact_set,1,1.0,0,0,0,pidqa-33d5d86fe370ef49,qwen,0,1.0,ab-65712;ab-71079,1.0,2,pidqa-sheet-419,2,2,ab-65712;ab-71079
1,seed31_excluding_set_b,exact_set,1,1.0,0,0,0,pidqa-34a32703aa891c64,qwen,0,1.0,ef-78921,1.0,1,pidqa-sheet-022,1,1,ef-78921
3,seed31_excluding_set_b,partial_recovery_with_false_candidates,0,0.6666666666666666,1,1,1,pidqa-34faa2f7dbdc849b,qwen,1,0.6666666666666666,erv-3-47;erv-5-61;erv-8-51,0.6666666666666666,2,pidqa-sheet-246,2,3,erv-3-47;erv-3-61;erv-8-51
3,seed31_excluding_set_b,partial_recovery_no_false_candidate,0,0.8571428571428571,0,1,0,pidqa-3517d07c0ec91e8f,qwen,1,1.0,gh-13139;gh-66650;gh-85214,0.75,3,pidqa-sheet-471,3,4,gh-13139;gh-44659;gh-66650;gh-85214
2,seed31_excluding_set_b,exact_set,1,1.0,0,0,0,pidqa-3bca44c6b00ed017,qwen,0,1.0,st-71159;st-93745,1.0,2,pidqa-sheet-229,2,2,st-71159;st-93745
3,seed31_excluding_set_b,partial_recovery_with_false_candidates,0,0.5,1,3,1,pidqa-3f565de2cb332aac,qwen,3,0.6666666666666666,uv-40363;uv-95544;uv-97274,0.4,2,pidqa-sheet-305,2,5,uv-41563;uv-49363;uv-73435;uv-95544;uv-97274
10,seed31_excluding_set_b,false_candidates_without_recovery,0,0.0,10,8,10,pidqa-401cf5ef8a0f8284,qwen,8,0.0,sdl-105;sdl-140;sdl-263;sdl-281;sdl-283;sdl-533;sdl-700;sdl-726;sdl-729;sdl-796,0.0,0,pidqa-sheet-101,0,8,sdl 105;sdl 140;sdl 263;sdl 533;sdl 700;sdl 726;sdl 729;sdl 796
2,seed31_excluding_set_b,exact_set,1,1.0,0,0,0,pidqa-4190de8580a69a0e,qwen,0,1.0,op-72843;op-83430,1.0,2,pidqa-sheet-192,2,2,op-72843;op-83430
3,seed31_excluding_set_b,complete_recovery_with_false_candidates,0,0.8,1,0,1,pidqa-41e0dacf598afef1,qwen,0,0.6666666666666666,st-27986;st-64717;st-85752,1.0,2,pidqa-sheet-211,2,2,st-27986;st-64717
3,seed31_excluding_set_b,false_candidates_without_recovery,0,0.0,3,3,3,pidqa-427070a5c68f8223,qwen,3,0.0,ins (-29°c);ins (-46°c);ins (17°c),0.0,0,pidqa-sheet-224,0,3,ins ( -29°c );ins ( -46°c );ins ( 17°c )
3,seed31_excluding_set_b,exact_set,1,1.0,0,0,0,pidqa-4b36d1f6111e91a6,qwen,0,1.0,kl-12365;kl-57351;kl-83811,1.0,3,pidqa-sheet-048,3,3,kl-12365;kl-57351;kl-83811
3,seed31_excluding_set_b,exact_set,1,1.0,0,0,0,pidqa-4c07b9fb312d8419,qwen,0,1.0,ro-10 500;ro-10 663;ro-10 978,1.0,3,pidqa-sheet-339,3,3,ro-10 500;ro-10 663;ro-10 978
5,seed31_excluding_set_b,complete_recovery_with_false_candidates,0,0.8888888888888888,1,0,1,pidqa-4ef15c3e6b00d40a,qwen,0,0.8,rv-10970;rv-16746;rv-33018;rv-36305;rv-64682,1.0,4,pidqa-sheet-428,4,4,rv-10970;rv-33018;rv-36305;rv-64682
21,seed31_excluding_set_b,complete_recovery_with_false_candidates,0,0.25,18,0,18,pidqa-4fe242dd32e4612e,qwen,0,0.14285714285714285,cs-37;cs-58;cs-80;cs-81;cs-82;cs-83;cs-84;cs-85;cs-86;cs-87;cs-88;cs-89;cs-90;cs-91;cs-92;cs-93;cs-94;cs-95;cs-96;cs-97;cs-98,1.0,3,pidqa-sheet-104,3,3,cs-37;cs-58;cs-82
2,seed31_excluding_set_b,exact_set,1,1.0,0,0,0,pidqa-51f964f265ba168e,qwen,0,1.0,st-01408;st-63851,1.0,2,pidqa-sheet-021,2,2,st-01408;st-63851
4,seed31_excluding_set_b,exact_set,1,1.0,0,0,0,pidqa-53b110174bb59e95,qwen,0,1.0,rv-22101;rv-52581;rv-82410;rv-87733,1.0,4,pidqa-sheet-092,4,4,rv-22101;rv-52581;rv-82410;rv-87733
2,seed31_excluding_set_b,exact_set,1,1.0,0,0,0,pidqa-5cabd080c26562d9,qwen,0,1.0,dv-27998;dv-78735,1.0,2,pidqa-sheet-044,2,2,dv-27998;dv-78735
2,seed31_excluding_set_b,exact_set,1,1.0,0,0,0,pidqa-5ea1c3e215f2ab9e,qwen,0,1.0,cs-54;cs-93,1.0,2,pidqa-sheet-186,2,2,cs-54;cs-93
1,seed31_excluding_set_b,partial_recovery_no_false_candidate,0,0.4,0,3,0,pidqa-683c3747eb540e1e,qwen,3,1.0,cs-06,0.25,1,pidqa-sheet-379,1,4,cs-06;cs-44;cs-72;cs-98
3,seed31_excluding_set_b,partial_recovery_no_false_candidate,0,0.75,0,2,0,pidqa-6aba69315c8ae9bb,qwen,2,1.0,mn-14171;mn-39415;mn-41090,0.6,3,pidqa-sheet-240,3,5,mn-14171;mn-17582;mn-32362;mn-39415;mn-41090
1,seed31_excluding_set_b,partial_recovery_no_false_candidate,0,0.5,0,2,0,pidqa-6f0b9f64c14e0f10,qwen,2,1.0,cs-00,0.3333333333333333,1,pidqa-sheet-414,1,3,cs-00;cs-48;cs-97
10,seed31_excluding_set_b,complete_recovery_with_false_candidates,0,0.46153846153846156,7,0,7,pidqa-70c31949363b7a7a,qwen,0,0.3,cv-11122;cv-29963;cv-33706;cv-39490;cv-51722;cv-54793;cv-58759;cv-76161;cv-76350;cv-82212,1.0,3,pidqa-sheet-171,3,3,cv-11122;cv-39490;cv-51722
8,seed31_excluding_set_b,partial_recovery_with_false_candidates,0,0.7142857142857143,3,1,3,pidqa-748d8890da8c17fc,qwen,1,0.625,st-02743;st-18796;st-29302;st-55094;st-80624;st-89355;st-92596;st-93135,0.8333333333333334,5,pidqa-sheet-006,5,6,st-02743;st-29302;st-55094;st-60037;st-80624;st-93135
4,seed31_excluding_set_b,partial_recovery_no_false_candidate,0,0.8,0,2,0,pidqa-7d1a87016ed4fc08,qwen,2,1.0,uv-22494;uv-32848;uv-55039;uv-68198,0.6666666666666666,4,pidqa-sheet-030,4,6,uv-22494;uv-31166;uv-32848;uv-55039;uv-68198;uv-87909
1,seed31_excluding_set_b,exact_set,1,1.0,0,0,0,pidqa-7d40a4f9e62e7a9f,qwen,0,1.0,sta,1.0,1,pidqa-sheet-075,1,1,sta
2,seed31_excluding_set_b,partial_recovery_no_false_candidate,0,0.6666666666666666,0,2,0,pidqa-804be6e7899a1331,qwen,2,1.0,wx-66047;wx-68933,0.5,2,pidqa-sheet-331,2,4,wx-32295;wx-66047;wx-68933;wx-91679
2,seed31_excluding_set_b,exact_set,1,1.0,0,0,0,pidqa-81dd293911e5d597,qwen,0,1.0,rv-44442;rv-61365,1.0,2,pidqa-sheet-126,2,2,rv-44442;rv-61365
4,seed31_excluding_set_b,exact_set,1,1.0,0,0,0,pidqa-82f9d602ca3a4d39,qwen,0,1.0,ij-05352;ij-39717;ij-62834;ij-66700,1.0,4,pidqa-sheet-407,4,4,ij-05352;ij-39717;ij-62834;ij-66700
2,seed31_excluding_set_b,exact_set,1,1.0,0,0,0,pidqa-8312c4dfba2a4b8a,qwen,0,1.0,st-09593;st-42751,1.0,2,pidqa-sheet-487,2,2,st-09593;st-42751
7,seed31_excluding_set_b,false_candidates_without_recovery,0,0.0,7,9,7,pidqa-84651ecbb8e6392a,qwen,9,0.0,ins (11°c);ins (28°c);ins (33°c);ins (41°c);ins (48°c);ins (51°c);ins (56°c),0.0,0,pidqa-sheet-156,0,9,ins ( -11°c );ins ( -20°c );ins ( -33°c );ins ( -56°c );ins ( 12°c );ins ( 28°c );ins ( 41°c );ins ( 48°c );ins ( 51°c )
1,seed31_excluding_set_b,false_candidates_without_recovery,0,0.0,1,0,1,pidqa-847fe938077d9d35,qwen,0,0.0,none,0.0,0,pidqa-sheet-202,0,0,
2,seed31_excluding_set_b,exact_set,1,1.0,0,0,0,pidqa-8889e3a88e215400,qwen,0,1.0,wx-22078;wx-38484,1.0,2,pidqa-sheet-483,2,2,wx-22078;wx-38484
1,seed31_excluding_set_b,partial_recovery_no_false_candidate,0,0.5,0,2,0,pidqa-8acf87373478913d,qwen,2,1.0,cs-03,0.3333333333333333,1,pidqa-sheet-174,1,3,cs-03;cs-11;cs-36
1,seed31_excluding_set_b,exact_set,1,1.0,0,0,0,pidqa-8b84ccb83c7874d6,qwen,0,1.0,ab-08912,1.0,1,pidqa-sheet-429,1,1,ab-08912
4,seed31_excluding_set_b,partial_recovery_with_false_candidates,0,0.75,1,1,1,pidqa-8d0e501085220afb,qwen,1,0.75,ab-36890;ab-70077;ab-74920;ab-8229,0.75,3,pidqa-sheet-328,3,4,ab-36890;ab-62629;ab-70077;ab-74920
2,seed31_excluding_set_b,partial_recovery_no_false_candidate,0,0.6666666666666666,0,2,0,pidqa-91e318df4bbdc07c,qwen,2,1.0,ef-07696;ef-99468,0.5,2,pidqa-sheet-150,2,4,ef-07696;ef-91444;ef-97151;ef-99468
3,seed31_excluding_set_b,partial_recovery_no_false_candidate,0,0.8571428571428571,0,1,0,pidqa-9299511b4585c008,qwen,1,1.0,dv-05914;dv-24777;dv-51686,0.75,3,pidqa-sheet-188,3,4,dv-05914;dv-24777;dv-51686;dv-94284
3,seed31_excluding_set_b,partial_recovery_no_false_candidate,0,0.8571428571428571,0,1,0,pidqa-97c0980dfb3f4f98,qwen,1,1.0,cd-29434;cd-37174;cd-85536,0.75,3,pidqa-sheet-387,3,4,cd-17780;cd-29434;cd-37174;cd-85536
1,seed31_excluding_set_b,partial_recovery_no_false_candidate,0,0.6666666666666666,0,1,0,pidqa-97c65ea32b8ecb84,qwen,1,1.0,uv-99366,0.5,1,pidqa-sheet-060,1,2,uv-55739;uv-99366
5,seed31_excluding_set_b,exact_set,1,1.0,0,0,0,pidqa-9f3ae9efe67eade7,qwen,0,1.0,wx-16902;wx-45249;wx-46059;wx-61391;wx-68588,1.0,5,pidqa-sheet-280,5,5,wx-16902;wx-45249;wx-46059;wx-61391;wx-68588
1,seed31_excluding_set_b,false_candidates_without_recovery,0,0.0,1,1,1,pidqa-a3e6b504ad49aab4,qwen,1,0.0,"sta
sta
sta
sta",0.0,0,pidqa-sheet-460,0,1,sta
3,seed31_excluding_set_b,false_candidates_without_recovery,0,0.0,3,0,3,pidqa-a6fd09a772a61b8c,qwen,0,0.0,zlc-304;zlc-504;zlc-930,0.0,0,pidqa-sheet-069,0,0,
3,seed31_excluding_set_b,false_candidates_without_recovery,0,0.0,3,4,3,pidqa-ab306bd9fe4fa765,qwen,4,0.0,ins (-28°c);ins (-35°c);ins (-52°c),0.0,0,pidqa-sheet-134,0,4,ins ( -28°c );ins ( -35°c );ins ( -52°c );ins ( 55°c )
1,seed31_excluding_set_b,false_candidates_without_recovery,0,0.0,1,0,1,pidqa-ab39f5babcd71354,qwen,0,0.0,none,0.0,0,pidqa-sheet-015,0,0,
6,seed31_excluding_set_b,complete_recovery_with_false_candidates,0,0.9090909090909091,1,0,1,pidqa-abec661fe2b805eb,qwen,0,0.8333333333333334,ddl 180;ddl 251;ddl 303;ddl 675;ddl 806;ddl 974,1.0,5,pidqa-sheet-111,5,5,ddl 180;ddl 251;ddl 675;ddl 806;ddl 974
8,seed31_excluding_set_b,complete_recovery_with_false_candidates,0,0.7692307692307693,3,0,3,pidqa-ad75d60b93c22dfd,qwen,0,0.625,qr-08924;qr-19274;qr-56512;qr-59003;qr-60607;qr-66942;qr-68407;qr-88851,1.0,5,pidqa-sheet-376,5,5,qr-08924;qr-19274;qr-56512;qr-59003;qr-68407
3,seed31_excluding_set_b,partial_recovery_with_false_candidates,0,0.3333333333333333,2,2,2,pidqa-af0c562db6a90a77,qwen,2,0.3333333333333333,wx-05284;wx-39351;wx-91740,0.3333333333333333,1,pidqa-sheet-118,1,3,wx-05284;wx-81547;wx-89561
3,seed31_excluding_set_b,partial_recovery_no_false_candidate,0,0.8571428571428571,0,1,0,pidqa-b1c3d93abc115d5c,qwen,1,1.0,cv-44444;cv-60977;cv-96376,0.75,3,pidqa-sheet-213,3,4,cv-44444;cv-60977;cv-71672;cv-96376
5,seed31_excluding_set_b,false_candidates_without_recovery,0,0.0,5,4,5,pidqa-b250865d67f677f6,qwen,4,0.0,zlo-313;zlo-391;zlo-477;zlo-570;zlo-782,0.0,0,pidqa-sheet-112,0,4,zlo 313;zlo 477;zlo 570;zlo 588
7,seed31_excluding_set_b,partial_recovery_with_false_candidates,0,0.6666666666666666,3,1,3,pidqa-b2cd2b4b7a3f7f7f,qwen,1,0.5714285714285714,gh-15791;gh-17139;gh-30387;gh-44519;gh-44790;gh-45145;gh-86887,0.8,4,pidqa-sheet-161,4,5,gh-15791;gh-17139;gh-30587;gh-45145;gh-86887
7,seed31_excluding_set_b,exact_set,1,1.0,0,0,0,pidqa-b39524dff509bbb9,qwen,0,1.0,op-29079;op-31207;op-38373;op-39633;op-58502;op-96795;op-96902,1.0,7,pidqa-sheet-271,7,7,op-29079;op-31207;op-38373;op-39633;op-58502;op-96795;op-96902
3,seed31_excluding_set_b,partial_recovery_no_false_candidate,0,0.8571428571428571,0,1,0,pidqa-b7250591bea8b5af,qwen,1,1.0,st-43639;st-77678;st-93493,0.75,3,pidqa-sheet-010,3,4,st-43639;st-44029;st-77678;st-93493
2,seed31_excluding_set_b,false_candidates_without_recovery,0,0.0,2,2,2,pidqa-b7d6600f5299312b,qwen,2,0.0,ddl-667;ddl-717,0.0,0,pidqa-sheet-383,0,2,ddl 667;ddl 717
2,seed31_excluding_set_b,exact_set,1,1.0,0,0,0,pidqa-bdeb7d6802225a2e,qwen,0,1.0,ro-10 236;ro-10 858,1.0,2,pidqa-sheet-432,2,2,ro-10 236;ro-10 858
2,seed31_excluding_set_b,partial_recovery_with_false_candidates,0,0.4,1,2,1,pidqa-c098994ef335ce80,qwen,2,0.5,gh-44871;gh-86779,0.3333333333333333,1,pidqa-sheet-099,1,3,gh-44871;gh-66779;gh-84691
4,seed31_excluding_set_b,exact_set,1,1.0,0,0,0,pidqa-cb94caae0d38f9c4,qwen,0,1.0,ij-18270;ij-56132;ij-85876;ij-95945,1.0,4,pidqa-sheet-453,4,4,ij-18270;ij-56132;ij-85876;ij-95945
2,seed31_excluding_set_b,partial_recovery_with_false_candidates,0,0.4,1,2,1,pidqa-d037e417f89f4693,qwen,2,0.5,kl-81635;kl-94258,0.3333333333333333,1,pidqa-sheet-016,1,3,kl-37613;kl-81635;kl-84258
5,seed31_excluding_set_b,partial_recovery_with_false_candidates,0,0.7272727272727273,1,2,1,pidqa-d63ece3a80b395de,qwen,2,0.8,cd-00718;cd-13900;cd-34905;cd-67015;cd-97314,0.6666666666666666,4,pidqa-sheet-106,4,6,cd-00718;cd-00863;cd-13900;cd-34905;cd-67015;cd-97514
1,seed31_excluding_set_b,partial_recovery_no_false_candidate,0,0.6666666666666666,0,1,0,pidqa-d83ba1f11b7d3c7b,qwen,1,1.0,st-01836,0.5,1,pidqa-sheet-486,1,2,st-01836;st-21643
1,seed31_excluding_set_b,exact_set,1,1.0,0,0,0,pidqa-e7064ea82ba4ab15,qwen,0,1.0,sta,1.0,1,pidqa-sheet-299,1,1,sta
1,seed31_excluding_set_b,partial_recovery_no_false_candidate,0,0.6666666666666666,0,1,0,pidqa-eae72d77fda2cf58,qwen,1,1.0,rv-13292,0.5,1,pidqa-sheet-090,1,2,rv-13292;rv-98771
1,seed31_excluding_set_b,exact_set,1,1.0,0,0,0,pidqa-eecf02beab6350d6,qwen,0,1.0,erv-1-78,1.0,1,pidqa-sheet-057,1,1,erv-1-78
1,seed31_excluding_set_b,false_candidates_without_recovery,0,0.0,1,0,1,pidqa-ef53b5307afc7e7b,qwen,0,0.0,cd-82456,0.0,0,pidqa-sheet-394,0,0,
1,seed31_excluding_set_b,false_candidates_without_recovery,0,0.0,1,0,1,pidqa-efca9f772684426f,qwen,0,0.0,none,0.0,0,pidqa-sheet-497,0,0,
6,seed31_excluding_set_b,exact_set,1,1.0,0,0,0,pidqa-f0343278428dcb82,qwen,0,1.0,cs-10;cs-14;cs-18;cs-21;cs-55;cs-74,1.0,6,pidqa-sheet-105,6,6,cs-10;cs-14;cs-18;cs-21;cs-55;cs-74
1,seed31_excluding_set_b,false_candidates_without_recovery,0,0.0,1,0,1,pidqa-f292aa6d47dfa997,qwen,0,0.0,none,0.0,0,pidqa-sheet-391,0,0,
1,seed31_excluding_set_b,exact_set,1,1.0,0,0,0,pidqa-f7827a05ea450bf6,qwen,0,1.0,qr-73648,1.0,1,pidqa-sheet-454,1,1,qr-73648
2,seed31_excluding_set_b,exact_set,1,1.0,0,0,0,pidqa-fe068ab1db4988b6,qwen,0,1.0,glr 374;glr 769,1.0,2,pidqa-sheet-395,2,2,glr 374;glr 769
1,seed31_excluding_set_b,false_candidates_without_recovery,0,0.0,1,1,1,pidqa-fff2894a1bc19e73,qwen,1,0.0,zlo-615,0.0,0,pidqa-sheet-047,0,1,zlo 615
1,seed31_excluding_set_b,false_candidates_without_recovery,0,0.0,1,1,1,pidqa-fffe1e70fc16a8ee,qwen,1,0.0,ins (-42°c),0.0,0,pidqa-sheet-200,0,1,ins ( -42°c )
1,seed31_excluding_set_b,exact_set,1,1.0,0,0,0,pidqa-0172f7403fe5db7b,paddleocr_geometry,0,1.0,sta,1.0,1,pidqa-sheet-274,1,1,sta
1,seed31_excluding_set_b,false_candidates_without_recovery,0,0.0,1,1,1,pidqa-08695a656d267a17,paddleocr_geometry,1,0.0,klll7,0.0,0,pidqa-sheet-182,0,1,kl-80414
3,seed31_excluding_set_b,exact_set,1,1.0,0,0,0,pidqa-0903f6ef2d93e9b5,paddleocr_geometry,0,1.0,mn-11612;mn-75750;mn-98653,1.0,3,pidqa-sheet-373,3,3,mn-11612;mn-75750;mn-98653
2,seed31_excluding_set_b,partial_recovery_no_false_candidate,0,0.6666666666666666,0,2,0,pidqa-0a45c12953e22d18,paddleocr_geometry,2,1.0,erv-1-54;erv-5-40,0.5,2,pidqa-sheet-404,2,4,erv-1-54;erv-2-90;erv-5-40;erv-5-77
4,seed31_excluding_set_b,exact_set,1,1.0,0,0,0,pidqa-0d72b6fd0e6ed361,paddleocr_geometry,0,1.0,ro-10 279;ro-10 349;ro-10 586;ro-10 903,1.0,4,pidqa-sheet-333,4,4,ro-10 279;ro-10 349;ro-10 586;ro-10 903
3,seed31_excluding_set_b,partial_recovery_no_false_candidate,0,0.5454545454545454,0,5,0,pidqa-12c2a9941315f376,paddleocr_geometry,5,1.0,qr-03546;qr-36850;qr-76768,0.375,3,pidqa-sheet-303,3,8,qr-03546;qr-20623;qr-36850;qr-39862;qr-48964;qr-53460;qr-76768;qr-99527
2,seed31_excluding_set_b,partial_recovery_with_false_candidates,0,0.4,1,2,1,pidqa-14591e87c5a19cf4,paddleocr_geometry,2,0.5,st-06815;sta,0.3333333333333333,1,pidqa-sheet-206,1,3,st-06815;st-44553;st-71599
3,seed31_excluding_set_b,partial_recovery_no_false_candidate,0,0.75,0,2,0,pidqa-15b79c9168dc295b,paddleocr_geometry,2,1.0,cd-23362;cd-39737;cd-87400,0.6,3,pidqa-sheet-364,3,5,cd-23362;cd-31803;cd-39737;cd-87400;cd-90134
2,seed31_excluding_set_b,partial_recovery_no_false_candidate,0,0.8,0,1,0,pidqa-1c2153751e7ef720,paddleocr_geometry,1,1.0,op-18648;op-91968,0.6666666666666666,2,pidqa-sheet-421,2,3,op-18648;op-91968;op-95916
2,seed31_excluding_set_b,partial_recovery_with_false_candidates,0,0.5,1,1,1,pidqa-21d1aebcbb4d24bf,paddleocr_geometry,1,0.5,st-82281;sta,0.5,1,pidqa-sheet-201,1,2,st-69903;st-82281
4,seed31_excluding_set_b,complete_recovery_with_false_candidates,0,0.6666666666666666,2,0,2,pidqa-22a86090c0260fc7,paddleocr_geometry,0,0.5,ef-57497;ef-93900;efforts;efgh,1.0,2,pidqa-sheet-480,2,2,ef-57497;ef-93900
8,seed31_excluding_set_b,partial_recovery_with_false_candidates,0,0.8235294117647058,1,2,1,pidqa-315792501a503618,paddleocr_geometry,2,0.875,gh-02195;gh-07151;gh-08660;gh-09370;gh-20594;gh-77186;gh-83515;gh064,0.7777777777777778,7,pidqa-sheet-068,7,9,gh-02195;gh-07151;gh-08660;gh-09370;gh-16629;gh-20594;gh-29049;gh-77186;gh-83515
1,seed31_excluding_set_b,false_candidates_without_recovery,0,0.0,1,1,1,pidqa-31f4d680e76321ea,paddleocr_geometry,1,0.0,sta 28,0.0,0,pidqa-sheet-374,0,1,sta
3,seed31_excluding_set_b,partial_recovery_with_false_candidates,0,0.4,2,1,2,pidqa-33d5d86fe370ef49,paddleocr_geometry,1,0.3333333333333333,ab-65712;abc;abcd,0.5,1,pidqa-sheet-419,1,2,ab-65712;ab-71079
2,seed31_excluding_set_b,complete_recovery_with_false_candidates,0,0.6666666666666666,1,0,1,pidqa-34a32703aa891c64,paddleocr_geometry,0,0.5,ef-78921;efgh,1.0,1,pidqa-sheet-022,1,1,ef-78921
3,seed31_excluding_set_b,exact_set,1,1.0,0,0,0,pidqa-34faa2f7dbdc849b,paddleocr_geometry,0,1.0,erv-3-47;erv-3-61;erv-8-51,1.0,3,pidqa-sheet-246,3,3,erv-3-47;erv-3-61;erv-8-51
3,seed31_excluding_set_b,partial_recovery_no_false_candidate,0,0.8571428571428571,0,1,0,pidqa-3517d07c0ec91e8f,paddleocr_geometry,1,1.0,gh-13139;gh-66650;gh-85214,0.75,3,pidqa-sheet-471,3,4,gh-13139;gh-44659;gh-66650;gh-85214
3,seed31_excluding_set_b,partial_recovery_with_false_candidates,0,0.4,2,1,2,pidqa-3bca44c6b00ed017,paddleocr_geometry,1,0.3333333333333333,st;st-71159;sta,0.5,1,pidqa-sheet-229,1,2,st-71159;st-93745
3,seed31_excluding_set_b,partial_recovery_no_false_candidate,0,0.75,0,2,0,pidqa-3f565de2cb332aac,paddleocr_geometry,2,1.0,uv-41563;uv-95544;uv-97274,0.6,3,pidqa-sheet-305,3,5,uv-41563;uv-49363;uv-73435;uv-95544;uv-97274
7,seed31_excluding_set_b,partial_recovery_no_false_candidate,0,0.9333333333333333,0,1,0,pidqa-401cf5ef8a0f8284,paddleocr_geometry,1,1.0,sdl 105;sdl 140;sdl 263;sdl 533;sdl 700;sdl 729;sdl 796,0.875,7,pidqa-sheet-101,7,8,sdl 105;sdl 140;sdl 263;sdl 533;sdl 700;sdl 726;sdl 729;sdl 796
2,seed31_excluding_set_b,exact_set,1,1.0,0,0,0,pidqa-4190de8580a69a0e,paddleocr_geometry,0,1.0,op-72843;op-83430,1.0,2,pidqa-sheet-192,2,2,op-72843;op-83430
3,seed31_excluding_set_b,complete_recovery_with_false_candidates,0,0.8,1,0,1,pidqa-41e0dacf598afef1,paddleocr_geometry,0,0.6666666666666666,st-27986;st-64717;sta,1.0,2,pidqa-sheet-211,2,2,st-27986;st-64717
0,seed31_excluding_set_b,empty_prediction,0,0.0,0,3,0,pidqa-427070a5c68f8223,paddleocr_geometry,3,0.0,,0.0,0,pidqa-sheet-224,0,3,ins ( -29°c );ins ( -46°c );ins ( 17°c )
2,seed31_excluding_set_b,partial_recovery_with_false_candidates,0,0.4,1,2,1,pidqa-4b36d1f6111e91a6,paddleocr_geometry,2,0.5,kl-12365;kl188,0.3333333333333333,1,pidqa-sheet-048,1,3,kl-12365;kl-57351;kl-83811
3,seed31_excluding_set_b,exact_set,1,1.0,0,0,0,pidqa-4c07b9fb312d8419,paddleocr_geometry,0,1.0,ro-10 500;ro-10 663;ro-10 978,1.0,3,pidqa-sheet-339,3,3,ro-10 500;ro-10 663;ro-10 978
3,seed31_excluding_set_b,partial_recovery_no_false_candidate,0,0.8571428571428571,0,1,0,pidqa-4ef15c3e6b00d40a,paddleocr_geometry,1,1.0,rv-10970;rv-36305;rv-64682,0.75,3,pidqa-sheet-428,3,4,rv-10970;rv-33018;rv-36305;rv-64682
2,seed31_excluding_set_b,partial_recovery_no_false_candidate,0,0.8,0,1,0,pidqa-4fe242dd32e4612e,paddleocr_geometry,1,1.0,cs-58;cs-82,0.6666666666666666,2,pidqa-sheet-104,2,3,cs-37;cs-58;cs-82
2,seed31_excluding_set_b,false_candidates_without_recovery,0,0.0,2,2,2,pidqa-51f964f265ba168e,paddleocr_geometry,2,0.0,st889;sta,0.0,0,pidqa-sheet-021,0,2,st-01408;st-63851
2,seed31_excluding_set_b,partial_recovery_no_false_candidate,0,0.6666666666666666,0,2,0,pidqa-53b110174bb59e95,paddleocr_geometry,2,1.0,rv-22101;rv-82410,0.5,2,pidqa-sheet-092,2,4,rv-22101;rv-52581;rv-82410;rv-87733
2,seed31_excluding_set_b,exact_set,1,1.0,0,0,0,pidqa-5cabd080c26562d9,paddleocr_geometry,0,1.0,dv-27998;dv-78735,1.0,2,pidqa-sheet-044,2,2,dv-27998;dv-78735
2,seed31_excluding_set_b,exact_set,1,1.0,0,0,0,pidqa-5ea1c3e215f2ab9e,paddleocr_geometry,0,1.0,cs-54;cs-93,1.0,2,pidqa-sheet-186,2,2,cs-54;cs-93
1,seed31_excluding_set_b,partial_recovery_no_false_candidate,0,0.4,0,3,0,pidqa-683c3747eb540e1e,paddleocr_geometry,3,1.0,cs-06,0.25,1,pidqa-sheet-379,1,4,cs-06;cs-44;cs-72;cs-98
4,seed31_excluding_set_b,partial_recovery_with_false_candidates,0,0.6666666666666666,1,2,1,pidqa-6aba69315c8ae9bb,paddleocr_geometry,2,0.75,mn-17582;mn-39415;mn-41090;mn4,0.6,3,pidqa-sheet-240,3,5,mn-14171;mn-17582;mn-32362;mn-39415;mn-41090
1,seed31_excluding_set_b,partial_recovery_no_false_candidate,0,0.5,0,2,0,pidqa-6f0b9f64c14e0f10,paddleocr_geometry,2,1.0,cs-00,0.3333333333333333,1,pidqa-sheet-414,1,3,cs-00;cs-48;cs-97
1,seed31_excluding_set_b,partial_recovery_no_false_candidate,0,0.5,0,2,0,pidqa-70c31949363b7a7a,paddleocr_geometry,2,1.0,cv-51722,0.3333333333333333,1,pidqa-sheet-171,1,3,cv-11122;cv-39490;cv-51722
5,seed31_excluding_set_b,partial_recovery_with_false_candidates,0,0.5454545454545454,2,3,2,pidqa-748d8890da8c17fc,paddleocr_geometry,3,0.6,st-02743;st-29302;st-80624;st11335;sta,0.5,3,pidqa-sheet-006,3,6,st-02743;st-29302;st-55094;st-60037;st-80624;st-93135
3,seed31_excluding_set_b,partial_recovery_no_false_candidate,0,0.6666666666666666,0,3,0,pidqa-7d1a87016ed4fc08,paddleocr_geometry,3,1.0,uv-22494;uv-31166;uv-32848,0.5,3,pidqa-sheet-030,3,6,uv-22494;uv-31166;uv-32848;uv-55039;uv-68198;uv-87909
1,seed31_excluding_set_b,false_candidates_without_recovery,0,0.0,1,1,1,pidqa-7d40a4f9e62e7a9f,paddleocr_geometry,1,0.0,sta 605,0.0,0,pidqa-sheet-075,0,1,sta
4,seed31_excluding_set_b,exact_set,1,1.0,0,0,0,pidqa-804be6e7899a1331,paddleocr_geometry,0,1.0,wx-32295;wx-66047;wx-68933;wx-91679,1.0,4,pidqa-sheet-331,4,4,wx-32295;wx-66047;wx-68933;wx-91679
2,seed31_excluding_set_b,exact_set,1,1.0,0,0,0,pidqa-81dd293911e5d597,paddleocr_geometry,0,1.0,rv-44442;rv-61365,1.0,2,pidqa-sheet-126,2,2,rv-44442;rv-61365
2,seed31_excluding_set_b,partial_recovery_no_false_candidate,0,0.6666666666666666,0,2,0,pidqa-82f9d602ca3a4d39,paddleocr_geometry,2,1.0,ij-05352;ij-62834,0.5,2,pidqa-sheet-407,2,4,ij-05352;ij-39717;ij-62834;ij-66700
3,seed31_excluding_set_b,complete_recovery_with_false_candidates,0,0.8,1,0,1,pidqa-8312c4dfba2a4b8a,paddleocr_geometry,0,0.6666666666666666,st-09593;st-42751;sta,1.0,2,pidqa-sheet-487,2,2,st-09593;st-42751
1,seed31_excluding_set_b,false_candidates_without_recovery,0,0.0,1,9,1,pidqa-84651ecbb8e6392a,paddleocr_geometry,9,0.0,ins,0.0,0,pidqa-sheet-156,0,9,ins ( -11°c );ins ( -20°c );ins ( -33°c );ins ( -56°c );ins ( 12°c );ins ( 28°c );ins ( 41°c );ins ( 48°c );ins ( 51°c )
0,seed31_excluding_set_b,exact_set,1,1.0,0,0,0,pidqa-847fe938077d9d35,paddleocr_geometry,0,1.0,,1.0,0,pidqa-sheet-202,0,0,
1,seed31_excluding_set_b,partial_recovery_no_false_candidate,0,0.6666666666666666,0,1,0,pidqa-8889e3a88e215400,paddleocr_geometry,1,1.0,wx-22078,0.5,1,pidqa-sheet-483,1,2,wx-22078;wx-38484
2,seed31_excluding_set_b,partial_recovery_no_false_candidate,0,0.8,0,1,0,pidqa-8acf87373478913d,paddleocr_geometry,1,1.0,cs-03;cs-11,0.6666666666666666,2,pidqa-sheet-174,2,3,cs-03;cs-11;cs-36
3,seed31_excluding_set_b,complete_recovery_with_false_candidates,0,0.5,2,0,2,pidqa-8b84ccb83c7874d6,paddleocr_geometry,0,0.3333333333333333,ab-08912;abc;abcd,1.0,1,pidqa-sheet-429,1,1,ab-08912
4,seed31_excluding_set_b,partial_recovery_with_false_candidates,0,0.5,2,2,2,pidqa-8d0e501085220afb,paddleocr_geometry,2,0.5,ab-36890;ab-74920;abc;abcd,0.5,2,pidqa-sheet-328,2,4,ab-36890;ab-62629;ab-70077;ab-74920
3,seed31_excluding_set_b,partial_recovery_with_false_candidates,0,0.5714285714285714,1,2,1,pidqa-91e318df4bbdc07c,paddleocr_geometry,2,0.6666666666666666,ef-07696;ef-97151;efgh,0.5,2,pidqa-sheet-150,2,4,ef-07696;ef-91444;ef-97151;ef-99468
3,seed31_excluding_set_b,partial_recovery_no_false_candidate,0,0.8571428571428571,0,1,0,pidqa-9299511b4585c008,paddleocr_geometry,1,1.0,dv-05914;dv-24777;dv-51686,0.75,3,pidqa-sheet-188,3,4,dv-05914;dv-24777;dv-51686;dv-94284
3,seed31_excluding_set_b,partial_recovery_no_false_candidate,0,0.8571428571428571,0,1,0,pidqa-97c0980dfb3f4f98,paddleocr_geometry,1,1.0,cd-29434;cd-37174;cd-85536,0.75,3,pidqa-sheet-387,3,4,cd-17780;cd-29434;cd-37174;cd-85536
1,seed31_excluding_set_b,partial_recovery_no_false_candidate,0,0.6666666666666666,0,1,0,pidqa-97c65ea32b8ecb84,paddleocr_geometry,1,1.0,uv-55739,0.5,1,pidqa-sheet-060,1,2,uv-55739;uv-99366
4,seed31_excluding_set_b,partial_recovery_no_false_candidate,0,0.8888888888888888,0,1,0,pidqa-9f3ae9efe67eade7,paddleocr_geometry,1,1.0,wx-45249;wx-46059;wx-61391;wx-68588,0.8,4,pidqa-sheet-280,4,5,wx-16902;wx-45249;wx-46059;wx-61391;wx-68588
1,seed31_excluding_set_b,exact_set,1,1.0,0,0,0,pidqa-a3e6b504ad49aab4,paddleocr_geometry,0,1.0,sta,1.0,1,pidqa-sheet-460,1,1,sta
0,seed31_excluding_set_b,exact_set,1,1.0,0,0,0,pidqa-a6fd09a772a61b8c,paddleocr_geometry,0,1.0,,1.0,0,pidqa-sheet-069,0,0,
1,seed31_excluding_set_b,false_candidates_without_recovery,0,0.0,1,4,1,pidqa-ab306bd9fe4fa765,paddleocr_geometry,4,0.0,ins,0.0,0,pidqa-sheet-134,0,4,ins ( -28°c );ins ( -35°c );ins ( -52°c );ins ( 55°c )
0,seed31_excluding_set_b,exact_set,1,1.0,0,0,0,pidqa-ab39f5babcd71354,paddleocr_geometry,0,1.0,,1.0,0,pidqa-sheet-015,0,0,
3,seed31_excluding_set_b,partial_recovery_no_false_candidate,0,0.75,0,2,0,pidqa-abec661fe2b805eb,paddleocr_geometry,2,1.0,ddl 180;ddl 806;ddl 974,0.6,3,pidqa-sheet-111,3,5,ddl 180;ddl 251;ddl 675;ddl 806;ddl 974
3,seed31_excluding_set_b,partial_recovery_no_false_candidate,0,0.75,0,2,0,pidqa-ad75d60b93c22dfd,paddleocr_geometry,2,1.0,qr-56512;qr-59003;qr-68407,0.6,3,pidqa-sheet-376,3,5,qr-08924;qr-19274;qr-56512;qr-59003;qr-68407
1,seed31_excluding_set_b,partial_recovery_no_false_candidate,0,0.5,0,2,0,pidqa-af0c562db6a90a77,paddleocr_geometry,2,1.0,wx-81547,0.3333333333333333,1,pidqa-sheet-118,1,3,wx-05284;wx-81547;wx-89561
3,seed31_excluding_set_b,partial_recovery_no_false_candidate,0,0.8571428571428571,0,1,0,pidqa-b1c3d93abc115d5c,paddleocr_geometry,1,1.0,cv-44444;cv-60977;cv-96376,0.75,3,pidqa-sheet-213,3,4,cv-44444;cv-60977;cv-71672;cv-96376
3,seed31_excluding_set_b,partial_recovery_no_false_candidate,0,0.8571428571428571,0,1,0,pidqa-b250865d67f677f6,paddleocr_geometry,1,1.0,zlo 313;zlo 570;zlo 588,0.75,3,pidqa-sheet-112,3,4,zlo 313;zlo 477;zlo 570;zlo 588
2,seed31_excluding_set_b,partial_recovery_no_false_candidate,0,0.5714285714285714,0,3,0,pidqa-b2cd2b4b7a3f7f7f,paddleocr_geometry,3,1.0,gh-15791;gh-17139,0.4,2,pidqa-sheet-161,2,5,gh-15791;gh-17139;gh-30587;gh-45145;gh-86887
2,seed31_excluding_set_b,partial_recovery_no_false_candidate,0,0.4444444444444444,0,5,0,pidqa-b39524dff509bbb9,paddleocr_geometry,5,1.0,op-31207;op-96795,0.2857142857142857,2,pidqa-sheet-271,2,7,op-29079;op-31207;op-38373;op-39633;op-58502;op-96795;op-96902
2,seed31_excluding_set_b,partial_recovery_with_false_candidates,0,0.3333333333333333,1,3,1,pidqa-b7250591bea8b5af,paddleocr_geometry,3,0.5,st-77678;sta,0.25,1,pidqa-sheet-010,1,4,st-43639;st-44029;st-77678;st-93493
2,seed31_excluding_set_b,exact_set,1,1.0,0,0,0,pidqa-b7d6600f5299312b,paddleocr_geometry,0,1.0,ddl 667;ddl 717,1.0,2,pidqa-sheet-383,2,2,ddl 667;ddl 717
2,seed31_excluding_set_b,exact_set,1,1.0,0,0,0,pidqa-bdeb7d6802225a2e,paddleocr_geometry,0,1.0,ro-10 236;ro-10 858,1.0,2,pidqa-sheet-432,2,2,ro-10 236;ro-10 858
2,seed31_excluding_set_b,partial_recovery_no_false_candidate,0,0.8,0,1,0,pidqa-c098994ef335ce80,paddleocr_geometry,1,1.0,gh-44871;gh-84691,0.6666666666666666,2,pidqa-sheet-099,2,3,gh-44871;gh-66779;gh-84691
2,seed31_excluding_set_b,partial_recovery_no_false_candidate,0,0.6666666666666666,0,2,0,pidqa-cb94caae0d38f9c4,paddleocr_geometry,2,1.0,ij-85876;ij-95945,0.5,2,pidqa-sheet-453,2,4,ij-18270;ij-56132;ij-85876;ij-95945
0,seed31_excluding_set_b,empty_prediction,0,0.0,0,3,0,pidqa-d037e417f89f4693,paddleocr_geometry,3,0.0,,0.0,0,pidqa-sheet-016,0,3,kl-37613;kl-81635;kl-84258
4,seed31_excluding_set_b,partial_recovery_no_false_candidate,0,0.8,0,2,0,pidqa-d63ece3a80b395de,paddleocr_geometry,2,1.0,cd-00863;cd-13900;cd-34905;cd-67015,0.6666666666666666,4,pidqa-sheet-106,4,6,cd-00718;cd-00863;cd-13900;cd-34905;cd-67015;cd-97514
3,seed31_excluding_set_b,complete_recovery_with_false_candidates,0,0.8,1,0,1,pidqa-d83ba1f11b7d3c7b,paddleocr_geometry,0,0.6666666666666666,st-01836;st-21643;sta,1.0,2,pidqa-sheet-486,2,2,st-01836;st-21643
1,seed31_excluding_set_b,exact_set,1,1.0,0,0,0,pidqa-e7064ea82ba4ab15,paddleocr_geometry,0,1.0,sta,1.0,1,pidqa-sheet-299,1,1,sta
1,seed31_excluding_set_b,partial_recovery_no_false_candidate,0,0.6666666666666666,0,1,0,pidqa-eae72d77fda2cf58,paddleocr_geometry,1,1.0,rv-98771,0.5,1,pidqa-sheet-090,1,2,rv-13292;rv-98771
0,seed31_excluding_set_b,empty_prediction,0,0.0,0,1,0,pidqa-eecf02beab6350d6,paddleocr_geometry,1,0.0,,0.0,0,pidqa-sheet-057,0,1,erv-1-78
0,seed31_excluding_set_b,exact_set,1,1.0,0,0,0,pidqa-ef53b5307afc7e7b,paddleocr_geometry,0,1.0,,1.0,0,pidqa-sheet-394,0,0,
0,seed31_excluding_set_b,exact_set,1,1.0,0,0,0,pidqa-efca9f772684426f,paddleocr_geometry,0,1.0,,1.0,0,pidqa-sheet-497,0,0,
0,seed31_excluding_set_b,empty_prediction,0,0.0,0,6,0,pidqa-f0343278428dcb82,paddleocr_geometry,6,0.0,,0.0,0,pidqa-sheet-105,0,6,cs-10;cs-14;cs-18;cs-21;cs-55;cs-74
0,seed31_excluding_set_b,exact_set,1,1.0,0,0,0,pidqa-f292aa6d47dfa997,paddleocr_geometry,0,1.0,,1.0,0,pidqa-sheet-391,0,0,
0,seed31_excluding_set_b,empty_prediction,0,0.0,0,1,0,pidqa-f7827a05ea450bf6,paddleocr_geometry,1,0.0,,0.0,0,pidqa-sheet-454,0,1,qr-73648
2,seed31_excluding_set_b,exact_set,1,1.0,0,0,0,pidqa-fe068ab1db4988b6,paddleocr_geometry,0,1.0,glr 374;glr 769,1.0,2,pidqa-sheet-395,2,2,glr 374;glr 769
1,seed31_excluding_set_b,exact_set,1,1.0,0,0,0,pidqa-fff2894a1bc19e73,paddleocr_geometry,0,1.0,zlo 615,1.0,1,pidqa-sheet-047,1,1,zlo 615
1,seed31_excluding_set_b,false_candidates_without_recovery,0,0.0,1,1,1,pidqa-fffe1e70fc16a8ee,paddleocr_geometry,1,0.0,ins,0.0,0,pidqa-sheet-200,0,1,ins ( -42°c )
3,seed31_excluding_set_b,complete_recovery_with_false_candidates,0,0.5,2,0,2,pidqa-0172f7403fe5db7b,set_union,0,0.3333333333333333,sta;sta-8196;sta-91178,1.0,1,pidqa-sheet-274,1,1,sta
2,seed31_excluding_set_b,complete_recovery_with_false_candidates,0,0.6666666666666666,1,0,1,pidqa-08695a656d267a17,set_union,0,0.5,kl-80414;klll7,1.0,1,pidqa-sheet-182,1,1,kl-80414
3,seed31_excluding_set_b,exact_set,1,1.0,0,0,0,pidqa-0903f6ef2d93e9b5,set_union,0,1.0,mn-11612;mn-75750;mn-98653,1.0,3,pidqa-sheet-373,3,3,mn-11612;mn-75750;mn-98653
2,seed31_excluding_set_b,partial_recovery_no_false_candidate,0,0.6666666666666666,0,2,0,pidqa-0a45c12953e22d18,set_union,2,1.0,erv-1-54;erv-5-40,0.5,2,pidqa-sheet-404,2,4,erv-1-54;erv-2-90;erv-5-40;erv-5-77
4,seed31_excluding_set_b,exact_set,1,1.0,0,0,0,pidqa-0d72b6fd0e6ed361,set_union,0,1.0,ro-10 279;ro-10 349;ro-10 586;ro-10 903,1.0,4,pidqa-sheet-333,4,4,ro-10 279;ro-10 349;ro-10 586;ro-10 903
5,seed31_excluding_set_b,partial_recovery_with_false_candidates,0,0.6153846153846154,1,4,1,pidqa-12c2a9941315f376,set_union,4,0.8,qr-03546;qr-34040;qr-36850;qr-39862;qr-76768,0.5,4,pidqa-sheet-303,4,8,qr-03546;qr-20623;qr-36850;qr-39862;qr-48964;qr-53460;qr-76768;qr-99527
4,seed31_excluding_set_b,partial_recovery_with_false_candidates,0,0.5714285714285714,2,1,2,pidqa-14591e87c5a19cf4,set_union,1,0.5,st-06815;st-15745;st-44553;sta,0.6666666666666666,2,pidqa-sheet-206,2,3,st-06815;st-44553;st-71599
5,seed31_excluding_set_b,exact_set,1,1.0,0,0,0,pidqa-15b79c9168dc295b,set_union,0,1.0,cd-23362;cd-31803;cd-39737;cd-87400;cd-90134,1.0,5,pidqa-sheet-364,5,5,cd-23362;cd-31803;cd-39737;cd-87400;cd-90134
3,seed31_excluding_set_b,exact_set,1,1.0,0,0,0,pidqa-1c2153751e7ef720,set_union,0,1.0,op-18648;op-91968;op-95916,1.0,3,pidqa-sheet-421,3,3,op-18648;op-91968;op-95916
6,seed31_excluding_set_b,complete_recovery_with_false_candidates,0,0.5,4,0,4,pidqa-21d1aebcbb4d24bf,set_union,0,0.3333333333333333,st-36957;st-698;st-699;st-69903;st-82281;sta,1.0,2,pidqa-sheet-201,2,2,st-69903;st-82281
5,seed31_excluding_set_b,complete_recovery_with_false_candidates,0,0.5714285714285714,3,0,3,pidqa-22a86090c0260fc7,set_union,0,0.4,ef-3-29;ef-57497;ef-93900;efforts;efgh,1.0,2,pidqa-sheet-480,2,2,ef-57497;ef-93900
10,seed31_excluding_set_b,partial_recovery_with_false_candidates,0,0.7368421052631579,3,2,3,pidqa-315792501a503618,set_union,2,0.7,gh-02195;gh-07151;gh-08660;gh-09370;gh-20594;gh-2195;gh-3515;gh-77186;gh-83515;gh064,0.7777777777777778,7,pidqa-sheet-068,7,9,gh-02195;gh-07151;gh-08660;gh-09370;gh-16629;gh-20594;gh-29049;gh-77186;gh-83515
9,seed31_excluding_set_b,false_candidates_without_recovery,0,0.0,9,1,9,pidqa-31f4d680e76321ea,set_union,1,0.0,st-03431;st-22206;st-26204;st-57038;st-71018;st-71692;st-81391;st-93052;sta 28,0.0,0,pidqa-sheet-374,0,1,sta
4,seed31_excluding_set_b,complete_recovery_with_false_candidates,0,0.6666666666666666,2,0,2,pidqa-33d5d86fe370ef49,set_union,0,0.5,ab-65712;ab-71079;abc;abcd,1.0,2,pidqa-sheet-419,2,2,ab-65712;ab-71079
2,seed31_excluding_set_b,complete_recovery_with_false_candidates,0,0.6666666666666666,1,0,1,pidqa-34a32703aa891c64,set_union,0,0.5,ef-78921;efgh,1.0,1,pidqa-sheet-022,1,1,ef-78921
4,seed31_excluding_set_b,complete_recovery_with_false_candidates,0,0.8571428571428571,1,0,1,pidqa-34faa2f7dbdc849b,set_union,0,0.75,erv-3-47;erv-3-61;erv-5-61;erv-8-51,1.0,3,pidqa-sheet-246,3,3,erv-3-47;erv-3-61;erv-8-51
3,seed31_excluding_set_b,partial_recovery_no_false_candidate,0,0.8571428571428571,0,1,0,pidqa-3517d07c0ec91e8f,set_union,1,1.0,gh-13139;gh-66650;gh-85214,0.75,3,pidqa-sheet-471,3,4,gh-13139;gh-44659;gh-66650;gh-85214
4,seed31_excluding_set_b,complete_recovery_with_false_candidates,0,0.6666666666666666,2,0,2,pidqa-3bca44c6b00ed017,set_union,0,0.5,st;st-71159;st-93745;sta,1.0,2,pidqa-sheet-229,2,2,st-71159;st-93745
4,seed31_excluding_set_b,partial_recovery_with_false_candidates,0,0.6666666666666666,1,2,1,pidqa-3f565de2cb332aac,set_union,2,0.75,uv-40363;uv-41563;uv-95544;uv-97274,0.6,3,pidqa-sheet-305,3,5,uv-41563;uv-49363;uv-73435;uv-95544;uv-97274
17,seed31_excluding_set_b,partial_recovery_with_false_candidates,0,0.56,10,1,10,pidqa-401cf5ef8a0f8284,set_union,1,0.4117647058823529,sdl 105;sdl 140;sdl 263;sdl 533;sdl 700;sdl 729;sdl 796;sdl-105;sdl-140;sdl-263;sdl-281;sdl-283;sdl-533;sdl-700;sdl-726;sdl-729;sdl-796,0.875,7,pidqa-sheet-101,7,8,sdl 105;sdl 140;sdl 263;sdl 533;sdl 700;sdl 726;sdl 729;sdl 796
2,seed31_excluding_set_b,exact_set,1,1.0,0,0,0,pidqa-4190de8580a69a0e,set_union,0,1.0,op-72843;op-83430,1.0,2,pidqa-sheet-192,2,2,op-72843;op-83430
4,seed31_excluding_set_b,complete_recovery_with_false_candidates,0,0.6666666666666666,2,0,2,pidqa-41e0dacf598afef1,set_union,0,0.5,st-27986;st-64717;st-85752;sta,1.0,2,pidqa-sheet-211,2,2,st-27986;st-64717
3,seed31_excluding_set_b,false_candidates_without_recovery,0,0.0,3,3,3,pidqa-427070a5c68f8223,set_union,3,0.0,ins (-29°c);ins (-46°c);ins (17°c),0.0,0,pidqa-sheet-224,0,3,ins ( -29°c );ins ( -46°c );ins ( 17°c )
4,seed31_excluding_set_b,complete_recovery_with_false_candidates,0,0.8571428571428571,1,0,1,pidqa-4b36d1f6111e91a6,set_union,0,0.75,kl-12365;kl-57351;kl-83811;kl188,1.0,3,pidqa-sheet-048,3,3,kl-12365;kl-57351;kl-83811
3,seed31_excluding_set_b,exact_set,1,1.0,0,0,0,pidqa-4c07b9fb312d8419,set_union,0,1.0,ro-10 500;ro-10 663;ro-10 978,1.0,3,pidqa-sheet-339,3,3,ro-10 500;ro-10 663;ro-10 978
5,seed31_excluding_set_b,complete_recovery_with_false_candidates,0,0.8888888888888888,1,0,1,pidqa-4ef15c3e6b00d40a,set_union,0,0.8,rv-10970;rv-16746;rv-33018;rv-36305;rv-64682,1.0,4,pidqa-sheet-428,4,4,rv-10970;rv-33018;rv-36305;rv-64682
21,seed31_excluding_set_b,complete_recovery_with_false_candidates,0,0.25,18,0,18,pidqa-4fe242dd32e4612e,set_union,0,0.14285714285714285,cs-37;cs-58;cs-80;cs-81;cs-82;cs-83;cs-84;cs-85;cs-86;cs-87;cs-88;cs-89;cs-90;cs-91;cs-92;cs-93;cs-94;cs-95;cs-96;cs-97;cs-98,1.0,3,pidqa-sheet-104,3,3,cs-37;cs-58;cs-82
4,seed31_excluding_set_b,complete_recovery_with_false_candidates,0,0.6666666666666666,2,0,2,pidqa-51f964f265ba168e,set_union,0,0.5,st-01408;st-63851;st889;sta,1.0,2,pidqa-sheet-021,2,2,st-01408;st-63851
4,seed31_excluding_set_b,exact_set,1,1.0,0,0,0,pidqa-53b110174bb59e95,set_union,0,1.0,rv-22101;rv-52581;rv-82410;rv-87733,1.0,4,pidqa-sheet-092,4,4,rv-22101;rv-52581;rv-82410;rv-87733
2,seed31_excluding_set_b,exact_set,1,1.0,0,0,0,pidqa-5cabd080c26562d9,set_union,0,1.0,dv-27998;dv-78735,1.0,2,pidqa-sheet-044,2,2,dv-27998;dv-78735
2,seed31_excluding_set_b,exact_set,1,1.0,0,0,0,pidqa-5ea1c3e215f2ab9e,set_union,0,1.0,cs-54;cs-93,1.0,2,pidqa-sheet-186,2,2,cs-54;cs-93
1,seed31_excluding_set_b,partial_recovery_no_false_candidate,0,0.4,0,3,0,pidqa-683c3747eb540e1e,set_union,3,1.0,cs-06,0.25,1,pidqa-sheet-379,1,4,cs-06;cs-44;cs-72;cs-98
5,seed31_excluding_set_b,partial_recovery_with_false_candidates,0,0.8,1,1,1,pidqa-6aba69315c8ae9bb,set_union,1,0.8,mn-14171;mn-17582;mn-39415;mn-41090;mn4,0.8,4,pidqa-sheet-240,4,5,mn-14171;mn-17582;mn-32362;mn-39415;mn-41090
1,seed31_excluding_set_b,partial_recovery_no_false_candidate,0,0.5,0,2,0,pidqa-6f0b9f64c14e0f10,set_union,2,1.0,cs-00,0.3333333333333333,1,pidqa-sheet-414,1,3,cs-00;cs-48;cs-97
10,seed31_excluding_set_b,complete_recovery_with_false_candidates,0,0.46153846153846156,7,0,7,pidqa-70c31949363b7a7a,set_union,0,0.3,cv-11122;cv-29963;cv-33706;cv-39490;cv-51722;cv-54793;cv-58759;cv-76161;cv-76350;cv-82212,1.0,3,pidqa-sheet-171,3,3,cv-11122;cv-39490;cv-51722
10,seed31_excluding_set_b,partial_recovery_with_false_candidates,0,0.625,5,1,5,pidqa-748d8890da8c17fc,set_union,1,0.5,st-02743;st-18796;st-29302;st-55094;st-80624;st-89355;st-92596;st-93135;st11335;sta,0.8333333333333334,5,pidqa-sheet-006,5,6,st-02743;st-29302;st-55094;st-60037;st-80624;st-93135
5,seed31_excluding_set_b,partial_recovery_no_false_candidate,0,0.9090909090909091,0,1,0,pidqa-7d1a87016ed4fc08,set_union,1,1.0,uv-22494;uv-31166;uv-32848;uv-55039;uv-68198,0.8333333333333334,5,pidqa-sheet-030,5,6,uv-22494;uv-31166;uv-32848;uv-55039;uv-68198;uv-87909
2,seed31_excluding_set_b,complete_recovery_with_false_candidates,0,0.6666666666666666,1,0,1,pidqa-7d40a4f9e62e7a9f,set_union,0,0.5,sta;sta 605,1.0,1,pidqa-sheet-075,1,1,sta
4,seed31_excluding_set_b,exact_set,1,1.0,0,0,0,pidqa-804be6e7899a1331,set_union,0,1.0,wx-32295;wx-66047;wx-68933;wx-91679,1.0,4,pidqa-sheet-331,4,4,wx-32295;wx-66047;wx-68933;wx-91679
2,seed31_excluding_set_b,exact_set,1,1.0,0,0,0,pidqa-81dd293911e5d597,set_union,0,1.0,rv-44442;rv-61365,1.0,2,pidqa-sheet-126,2,2,rv-44442;rv-61365
4,seed31_excluding_set_b,exact_set,1,1.0,0,0,0,pidqa-82f9d602ca3a4d39,set_union,0,1.0,ij-05352;ij-39717;ij-62834;ij-66700,1.0,4,pidqa-sheet-407,4,4,ij-05352;ij-39717;ij-62834;ij-66700
3,seed31_excluding_set_b,complete_recovery_with_false_candidates,0,0.8,1,0,1,pidqa-8312c4dfba2a4b8a,set_union,0,0.6666666666666666,st-09593;st-42751;sta,1.0,2,pidqa-sheet-487,2,2,st-09593;st-42751
8,seed31_excluding_set_b,false_candidates_without_recovery,0,0.0,8,9,8,pidqa-84651ecbb8e6392a,set_union,9,0.0,ins;ins (11°c);ins (28°c);ins (33°c);ins (41°c);ins (48°c);ins (51°c);ins (56°c),0.0,0,pidqa-sheet-156,0,9,ins ( -11°c );ins ( -20°c );ins ( -33°c );ins ( -56°c );ins ( 12°c );ins ( 28°c );ins ( 41°c );ins ( 48°c );ins ( 51°c )
1,seed31_excluding_set_b,false_candidates_without_recovery,0,0.0,1,0,1,pidqa-847fe938077d9d35,set_union,0,0.0,none,0.0,0,pidqa-sheet-202,0,0,
2,seed31_excluding_set_b,exact_set,1,1.0,0,0,0,pidqa-8889e3a88e215400,set_union,0,1.0,wx-22078;wx-38484,1.0,2,pidqa-sheet-483,2,2,wx-22078;wx-38484
2,seed31_excluding_set_b,partial_recovery_no_false_candidate,0,0.8,0,1,0,pidqa-8acf87373478913d,set_union,1,1.0,cs-03;cs-11,0.6666666666666666,2,pidqa-sheet-174,2,3,cs-03;cs-11;cs-36
3,seed31_excluding_set_b,complete_recovery_with_false_candidates,0,0.5,2,0,2,pidqa-8b84ccb83c7874d6,set_union,0,0.3333333333333333,ab-08912;abc;abcd,1.0,1,pidqa-sheet-429,1,1,ab-08912
6,seed31_excluding_set_b,partial_recovery_with_false_candidates,0,0.6,3,1,3,pidqa-8d0e501085220afb,set_union,1,0.5,ab-36890;ab-70077;ab-74920;ab-8229;abc;abcd,0.75,3,pidqa-sheet-328,3,4,ab-36890;ab-62629;ab-70077;ab-74920
4,seed31_excluding_set_b,partial_recovery_with_false_candidates,0,0.75,1,1,1,pidqa-91e318df4bbdc07c,set_union,1,0.75,ef-07696;ef-97151;ef-99468;efgh,0.75,3,pidqa-sheet-150,3,4,ef-07696;ef-91444;ef-97151;ef-99468
3,seed31_excluding_set_b,partial_recovery_no_false_candidate,0,0.8571428571428571,0,1,0,pidqa-9299511b4585c008,set_union,1,1.0,dv-05914;dv-24777;dv-51686,0.75,3,pidqa-sheet-188,3,4,dv-05914;dv-24777;dv-51686;dv-94284
3,seed31_excluding_set_b,partial_recovery_no_false_candidate,0,0.8571428571428571,0,1,0,pidqa-97c0980dfb3f4f98,set_union,1,1.0,cd-29434;cd-37174;cd-85536,0.75,3,pidqa-sheet-387,3,4,cd-17780;cd-29434;cd-37174;cd-85536
2,seed31_excluding_set_b,exact_set,1,1.0,0,0,0,pidqa-97c65ea32b8ecb84,set_union,0,1.0,uv-55739;uv-99366,1.0,2,pidqa-sheet-060,2,2,uv-55739;uv-99366
5,seed31_excluding_set_b,exact_set,1,1.0,0,0,0,pidqa-9f3ae9efe67eade7,set_union,0,1.0,wx-16902;wx-45249;wx-46059;wx-61391;wx-68588,1.0,5,pidqa-sheet-280,5,5,wx-16902;wx-45249;wx-46059;wx-61391;wx-68588
2,seed31_excluding_set_b,complete_recovery_with_false_candidates,0,0.6666666666666666,1,0,1,pidqa-a3e6b504ad49aab4,set_union,0,0.5,"sta;sta
sta
sta
sta",1.0,1,pidqa-sheet-460,1,1,sta
3,seed31_excluding_set_b,false_candidates_without_recovery,0,0.0,3,0,3,pidqa-a6fd09a772a61b8c,set_union,0,0.0,zlc-304;zlc-504;zlc-930,0.0,0,pidqa-sheet-069,0,0,
4,seed31_excluding_set_b,false_candidates_without_recovery,0,0.0,4,4,4,pidqa-ab306bd9fe4fa765,set_union,4,0.0,ins;ins (-28°c);ins (-35°c);ins (-52°c),0.0,0,pidqa-sheet-134,0,4,ins ( -28°c );ins ( -35°c );ins ( -52°c );ins ( 55°c )
1,seed31_excluding_set_b,false_candidates_without_recovery,0,0.0,1,0,1,pidqa-ab39f5babcd71354,set_union,0,0.0,none,0.0,0,pidqa-sheet-015,0,0,
6,seed31_excluding_set_b,complete_recovery_with_false_candidates,0,0.9090909090909091,1,0,1,pidqa-abec661fe2b805eb,set_union,0,0.8333333333333334,ddl 180;ddl 251;ddl 303;ddl 675;ddl 806;ddl 974,1.0,5,pidqa-sheet-111,5,5,ddl 180;ddl 251;ddl 675;ddl 806;ddl 974
8,seed31_excluding_set_b,complete_recovery_with_false_candidates,0,0.7692307692307693,3,0,3,pidqa-ad75d60b93c22dfd,set_union,0,0.625,qr-08924;qr-19274;qr-56512;qr-59003;qr-60607;qr-66942;qr-68407;qr-88851,1.0,5,pidqa-sheet-376,5,5,qr-08924;qr-19274;qr-56512;qr-59003;qr-68407
4,seed31_excluding_set_b,partial_recovery_with_false_candidates,0,0.5714285714285714,2,1,2,pidqa-af0c562db6a90a77,set_union,1,0.5,wx-05284;wx-39351;wx-81547;wx-91740,0.6666666666666666,2,pidqa-sheet-118,2,3,wx-05284;wx-81547;wx-89561
3,seed31_excluding_set_b,partial_recovery_no_false_candidate,0,0.8571428571428571,0,1,0,pidqa-b1c3d93abc115d5c,set_union,1,1.0,cv-44444;cv-60977;cv-96376,0.75,3,pidqa-sheet-213,3,4,cv-44444;cv-60977;cv-71672;cv-96376
8,seed31_excluding_set_b,partial_recovery_with_false_candidates,0,0.5,5,1,5,pidqa-b250865d67f677f6,set_union,1,0.375,zlo 313;zlo 570;zlo 588;zlo-313;zlo-391;zlo-477;zlo-570;zlo-782,0.75,3,pidqa-sheet-112,3,4,zlo 313;zlo 477;zlo 570;zlo 588
7,seed31_excluding_set_b,partial_recovery_with_false_candidates,0,0.6666666666666666,3,1,3,pidqa-b2cd2b4b7a3f7f7f,set_union,1,0.5714285714285714,gh-15791;gh-17139;gh-30387;gh-44519;gh-44790;gh-45145;gh-86887,0.8,4,pidqa-sheet-161,4,5,gh-15791;gh-17139;gh-30587;gh-45145;gh-86887
7,seed31_excluding_set_b,exact_set,1,1.0,0,0,0,pidqa-b39524dff509bbb9,set_union,0,1.0,op-29079;op-31207;op-38373;op-39633;op-58502;op-96795;op-96902,1.0,7,pidqa-sheet-271,7,7,op-29079;op-31207;op-38373;op-39633;op-58502;op-96795;op-96902
4,seed31_excluding_set_b,partial_recovery_with_false_candidates,0,0.75,1,1,1,pidqa-b7250591bea8b5af,set_union,1,0.75,st-43639;st-77678;st-93493;sta,0.75,3,pidqa-sheet-010,3,4,st-43639;st-44029;st-77678;st-93493
4,seed31_excluding_set_b,complete_recovery_with_false_candidates,0,0.6666666666666666,2,0,2,pidqa-b7d6600f5299312b,set_union,0,0.5,ddl 667;ddl 717;ddl-667;ddl-717,1.0,2,pidqa-sheet-383,2,2,ddl 667;ddl 717
2,seed31_excluding_set_b,exact_set,1,1.0,0,0,0,pidqa-bdeb7d6802225a2e,set_union,0,1.0,ro-10 236;ro-10 858,1.0,2,pidqa-sheet-432,2,2,ro-10 236;ro-10 858
3,seed31_excluding_set_b,partial_recovery_with_false_candidates,0,0.6666666666666666,1,1,1,pidqa-c098994ef335ce80,set_union,1,0.6666666666666666,gh-44871;gh-84691;gh-86779,0.6666666666666666,2,pidqa-sheet-099,2,3,gh-44871;gh-66779;gh-84691
4,seed31_excluding_set_b,exact_set,1,1.0,0,0,0,pidqa-cb94caae0d38f9c4,set_union,0,1.0,ij-18270;ij-56132;ij-85876;ij-95945,1.0,4,pidqa-sheet-453,4,4,ij-18270;ij-56132;ij-85876;ij-95945
2,seed31_excluding_set_b,partial_recovery_with_false_candidates,0,0.4,1,2,1,pidqa-d037e417f89f4693,set_union,2,0.5,kl-81635;kl-94258,0.3333333333333333,1,pidqa-sheet-016,1,3,kl-37613;kl-81635;kl-84258
6,seed31_excluding_set_b,partial_recovery_with_false_candidates,0,0.8333333333333334,1,1,1,pidqa-d63ece3a80b395de,set_union,1,0.8333333333333334,cd-00718;cd-00863;cd-13900;cd-34905;cd-67015;cd-97314,0.8333333333333334,5,pidqa-sheet-106,5,6,cd-00718;cd-00863;cd-13900;cd-34905;cd-67015;cd-97514
3,seed31_excluding_set_b,complete_recovery_with_false_candidates,0,0.8,1,0,1,pidqa-d83ba1f11b7d3c7b,set_union,0,0.6666666666666666,st-01836;st-21643;sta,1.0,2,pidqa-sheet-486,2,2,st-01836;st-21643
1,seed31_excluding_set_b,exact_set,1,1.0,0,0,0,pidqa-e7064ea82ba4ab15,set_union,0,1.0,sta,1.0,1,pidqa-sheet-299,1,1,sta
2,seed31_excluding_set_b,exact_set,1,1.0,0,0,0,pidqa-eae72d77fda2cf58,set_union,0,1.0,rv-13292;rv-98771,1.0,2,pidqa-sheet-090,2,2,rv-13292;rv-98771
1,seed31_excluding_set_b,exact_set,1,1.0,0,0,0,pidqa-eecf02beab6350d6,set_union,0,1.0,erv-1-78,1.0,1,pidqa-sheet-057,1,1,erv-1-78
1,seed31_excluding_set_b,false_candidates_without_recovery,0,0.0,1,0,1,pidqa-ef53b5307afc7e7b,set_union,0,0.0,cd-82456,0.0,0,pidqa-sheet-394,0,0,
1,seed31_excluding_set_b,false_candidates_without_recovery,0,0.0,1,0,1,pidqa-efca9f772684426f,set_union,0,0.0,none,0.0,0,pidqa-sheet-497,0,0,
6,seed31_excluding_set_b,exact_set,1,1.0,0,0,0,pidqa-f0343278428dcb82,set_union,0,1.0,cs-10;cs-14;cs-18;cs-21;cs-55;cs-74,1.0,6,pidqa-sheet-105,6,6,cs-10;cs-14;cs-18;cs-21;cs-55;cs-74
1,seed31_excluding_set_b,false_candidates_without_recovery,0,0.0,1,0,1,pidqa-f292aa6d47dfa997,set_union,0,0.0,none,0.0,0,pidqa-sheet-391,0,0,
1,seed31_excluding_set_b,exact_set,1,1.0,0,0,0,pidqa-f7827a05ea450bf6,set_union,0,1.0,qr-73648,1.0,1,pidqa-sheet-454,1,1,qr-73648
2,seed31_excluding_set_b,exact_set,1,1.0,0,0,0,pidqa-fe068ab1db4988b6,set_union,0,1.0,glr 374;glr 769,1.0,2,pidqa-sheet-395,2,2,glr 374;glr 769
2,seed31_excluding_set_b,complete_recovery_with_false_candidates,0,0.6666666666666666,1,0,1,pidqa-fff2894a1bc19e73,set_union,0,0.5,zlo 615;zlo-615,1.0,1,pidqa-sheet-047,1,1,zlo 615
2,seed31_excluding_set_b,false_candidates_without_recovery,0,0.0,2,1,2,pidqa-fffe1e70fc16a8ee,set_union,1,0.0,ins;ins (-42°c),0.0,0,pidqa-sheet-200,0,1,ins ( -42°c )
0,seed31_excluding_set_b,empty_prediction,0,0.0,0,1,0,pidqa-0172f7403fe5db7b,set_intersection,1,0.0,,0.0,0,pidqa-sheet-274,0,1,sta
0,seed31_excluding_set_b,empty_prediction,0,0.0,0,1,0,pidqa-08695a656d267a17,set_intersection,1,0.0,,0.0,0,pidqa-sheet-182,0,1,kl-80414
3,seed31_excluding_set_b,exact_set,1,1.0,0,0,0,pidqa-0903f6ef2d93e9b5,set_intersection,0,1.0,mn-11612;mn-75750;mn-98653,1.0,3,pidqa-sheet-373,3,3,mn-11612;mn-75750;mn-98653
1,seed31_excluding_set_b,partial_recovery_no_false_candidate,0,0.4,0,3,0,pidqa-0a45c12953e22d18,set_intersection,3,1.0,erv-5-40,0.25,1,pidqa-sheet-404,1,4,erv-1-54;erv-2-90;erv-5-40;erv-5-77
3,seed31_excluding_set_b,partial_recovery_no_false_candidate,0,0.8571428571428571,0,1,0,pidqa-0d72b6fd0e6ed361,set_intersection,1,1.0,ro-10 279;ro-10 586;ro-10 903,0.75,3,pidqa-sheet-333,3,4,ro-10 279;ro-10 349;ro-10 586;ro-10 903
3,seed31_excluding_set_b,partial_recovery_no_false_candidate,0,0.5454545454545454,0,5,0,pidqa-12c2a9941315f376,set_intersection,5,1.0,qr-03546;qr-36850;qr-76768,0.375,3,pidqa-sheet-303,3,8,qr-03546;qr-20623;qr-36850;qr-39862;qr-48964;qr-53460;qr-76768;qr-99527
1,seed31_excluding_set_b,partial_recovery_no_false_candidate,0,0.5,0,2,0,pidqa-14591e87c5a19cf4,set_intersection,2,1.0,st-06815,0.3333333333333333,1,pidqa-sheet-206,1,3,st-06815;st-44553;st-71599
3,seed31_excluding_set_b,partial_recovery_no_false_candidate,0,0.75,0,2,0,pidqa-15b79c9168dc295b,set_intersection,2,1.0,cd-23362;cd-39737;cd-87400,0.6,3,pidqa-sheet-364,3,5,cd-23362;cd-31803;cd-39737;cd-87400;cd-90134
2,seed31_excluding_set_b,partial_recovery_no_false_candidate,0,0.8,0,1,0,pidqa-1c2153751e7ef720,set_intersection,1,1.0,op-18648;op-91968,0.6666666666666666,2,pidqa-sheet-421,2,3,op-18648;op-91968;op-95916
1,seed31_excluding_set_b,partial_recovery_no_false_candidate,0,0.6666666666666666,0,1,0,pidqa-21d1aebcbb4d24bf,set_intersection,1,1.0,st-82281,0.5,1,pidqa-sheet-201,1,2,st-69903;st-82281
2,seed31_excluding_set_b,exact_set,1,1.0,0,0,0,pidqa-22a86090c0260fc7,set_intersection,0,1.0,ef-57497;ef-93900,1.0,2,pidqa-sheet-480,2,2,ef-57497;ef-93900
4,seed31_excluding_set_b,partial_recovery_no_false_candidate,0,0.6153846153846154,0,5,0,pidqa-315792501a503618,set_intersection,5,1.0,gh-08660;gh-09370;gh-20594;gh-77186,0.4444444444444444,4,pidqa-sheet-068,4,9,gh-02195;gh-07151;gh-08660;gh-09370;gh-16629;gh-20594;gh-29049;gh-77186;gh-83515
0,seed31_excluding_set_b,empty_prediction,0,0.0,0,1,0,pidqa-31f4d680e76321ea,set_intersection,1,0.0,,0.0,0,pidqa-sheet-374,0,1,sta
1,seed31_excluding_set_b,partial_recovery_no_false_candidate,0,0.6666666666666666,0,1,0,pidqa-33d5d86fe370ef49,set_intersection,1,1.0,ab-65712,0.5,1,pidqa-sheet-419,1,2,ab-65712;ab-71079
1,seed31_excluding_set_b,exact_set,1,1.0,0,0,0,pidqa-34a32703aa891c64,set_intersection,0,1.0,ef-78921,1.0,1,pidqa-sheet-022,1,1,ef-78921
2,seed31_excluding_set_b,partial_recovery_no_false_candidate,0,0.8,0,1,0,pidqa-34faa2f7dbdc849b,set_intersection,1,1.0,erv-3-47;erv-8-51,0.6666666666666666,2,pidqa-sheet-246,2,3,erv-3-47;erv-3-61;erv-8-51
3,seed31_excluding_set_b,partial_recovery_no_false_candidate,0,0.8571428571428571,0,1,0,pidqa-3517d07c0ec91e8f,set_intersection,1,1.0,gh-13139;gh-66650;gh-85214,0.75,3,pidqa-sheet-471,3,4,gh-13139;gh-44659;gh-66650;gh-85214
1,seed31_excluding_set_b,partial_recovery_no_false_candidate,0,0.6666666666666666,0,1,0,pidqa-3bca44c6b00ed017,set_intersection,1,1.0,st-71159,0.5,1,pidqa-sheet-229,1,2,st-71159;st-93745
2,seed31_excluding_set_b,partial_recovery_no_false_candidate,0,0.5714285714285714,0,3,0,pidqa-3f565de2cb332aac,set_intersection,3,1.0,uv-95544;uv-97274,0.4,2,pidqa-sheet-305,2,5,uv-41563;uv-49363;uv-73435;uv-95544;uv-97274
0,seed31_excluding_set_b,empty_prediction,0,0.0,0,8,0,pidqa-401cf5ef8a0f8284,set_intersection,8,0.0,,0.0,0,pidqa-sheet-101,0,8,sdl 105;sdl 140;sdl 263;sdl 533;sdl 700;sdl 726;sdl 729;sdl 796
2,seed31_excluding_set_b,exact_set,1,1.0,0,0,0,pidqa-4190de8580a69a0e,set_intersection,0,1.0,op-72843;op-83430,1.0,2,pidqa-sheet-192,2,2,op-72843;op-83430
2,seed31_excluding_set_b,exact_set,1,1.0,0,0,0,pidqa-41e0dacf598afef1,set_intersection,0,1.0,st-27986;st-64717,1.0,2,pidqa-sheet-211,2,2,st-27986;st-64717
0,seed31_excluding_set_b,empty_prediction,0,0.0,0,3,0,pidqa-427070a5c68f8223,set_intersection,3,0.0,,0.0,0,pidqa-sheet-224,0,3,ins ( -29°c );ins ( -46°c );ins ( 17°c )
1,seed31_excluding_set_b,partial_recovery_no_false_candidate,0,0.5,0,2,0,pidqa-4b36d1f6111e91a6,set_intersection,2,1.0,kl-12365,0.3333333333333333,1,pidqa-sheet-048,1,3,kl-12365;kl-57351;kl-83811
3,seed31_excluding_set_b,exact_set,1,1.0,0,0,0,pidqa-4c07b9fb312d8419,set_intersection,0,1.0,ro-10 500;ro-10 663;ro-10 978,1.0,3,pidqa-sheet-339,3,3,ro-10 500;ro-10 663;ro-10 978
3,seed31_excluding_set_b,partial_recovery_no_false_candidate,0,0.8571428571428571,0,1,0,pidqa-4ef15c3e6b00d40a,set_intersection,1,1.0,rv-10970;rv-36305;rv-64682,0.75,3,pidqa-sheet-428,3,4,rv-10970;rv-33018;rv-36305;rv-64682
2,seed31_excluding_set_b,partial_recovery_no_false_candidate,0,0.8,0,1,0,pidqa-4fe242dd32e4612e,set_intersection,1,1.0,cs-58;cs-82,0.6666666666666666,2,pidqa-sheet-104,2,3,cs-37;cs-58;cs-82
0,seed31_excluding_set_b,empty_prediction,0,0.0,0,2,0,pidqa-51f964f265ba168e,set_intersection,2,0.0,,0.0,0,pidqa-sheet-021,0,2,st-01408;st-63851
2,seed31_excluding_set_b,partial_recovery_no_false_candidate,0,0.6666666666666666,0,2,0,pidqa-53b110174bb59e95,set_intersection,2,1.0,rv-22101;rv-82410,0.5,2,pidqa-sheet-092,2,4,rv-22101;rv-52581;rv-82410;rv-87733
2,seed31_excluding_set_b,exact_set,1,1.0,0,0,0,pidqa-5cabd080c26562d9,set_intersection,0,1.0,dv-27998;dv-78735,1.0,2,pidqa-sheet-044,2,2,dv-27998;dv-78735
2,seed31_excluding_set_b,exact_set,1,1.0,0,0,0,pidqa-5ea1c3e215f2ab9e,set_intersection,0,1.0,cs-54;cs-93,1.0,2,pidqa-sheet-186,2,2,cs-54;cs-93
1,seed31_excluding_set_b,partial_recovery_no_false_candidate,0,0.4,0,3,0,pidqa-683c3747eb540e1e,set_intersection,3,1.0,cs-06,0.25,1,pidqa-sheet-379,1,4,cs-06;cs-44;cs-72;cs-98
2,seed31_excluding_set_b,partial_recovery_no_false_candidate,0,0.5714285714285714,0,3,0,pidqa-6aba69315c8ae9bb,set_intersection,3,1.0,mn-39415;mn-41090,0.4,2,pidqa-sheet-240,2,5,mn-14171;mn-17582;mn-32362;mn-39415;mn-41090
1,seed31_excluding_set_b,partial_recovery_no_false_candidate,0,0.5,0,2,0,pidqa-6f0b9f64c14e0f10,set_intersection,2,1.0,cs-00,0.3333333333333333,1,pidqa-sheet-414,1,3,cs-00;cs-48;cs-97
1,seed31_excluding_set_b,partial_recovery_no_false_candidate,0,0.5,0,2,0,pidqa-70c31949363b7a7a,set_intersection,2,1.0,cv-51722,0.3333333333333333,1,pidqa-sheet-171,1,3,cv-11122;cv-39490;cv-51722
3,seed31_excluding_set_b,partial_recovery_no_false_candidate,0,0.6666666666666666,0,3,0,pidqa-748d8890da8c17fc,set_intersection,3,1.0,st-02743;st-29302;st-80624,0.5,3,pidqa-sheet-006,3,6,st-02743;st-29302;st-55094;st-60037;st-80624;st-93135
2,seed31_excluding_set_b,partial_recovery_no_false_candidate,0,0.5,0,4,0,pidqa-7d1a87016ed4fc08,set_intersection,4,1.0,uv-22494;uv-32848,0.3333333333333333,2,pidqa-sheet-030,2,6,uv-22494;uv-31166;uv-32848;uv-55039;uv-68198;uv-87909
0,seed31_excluding_set_b,empty_prediction,0,0.0,0,1,0,pidqa-7d40a4f9e62e7a9f,set_intersection,1,0.0,,0.0,0,pidqa-sheet-075,0,1,sta
2,seed31_excluding_set_b,partial_recovery_no_false_candidate,0,0.6666666666666666,0,2,0,pidqa-804be6e7899a1331,set_intersection,2,1.0,wx-66047;wx-68933,0.5,2,pidqa-sheet-331,2,4,wx-32295;wx-66047;wx-68933;wx-91679
2,seed31_excluding_set_b,exact_set,1,1.0,0,0,0,pidqa-81dd293911e5d597,set_intersection,0,1.0,rv-44442;rv-61365,1.0,2,pidqa-sheet-126,2,2,rv-44442;rv-61365
2,seed31_excluding_set_b,partial_recovery_no_false_candidate,0,0.6666666666666666,0,2,0,pidqa-82f9d602ca3a4d39,set_intersection,2,1.0,ij-05352;ij-62834,0.5,2,pidqa-sheet-407,2,4,ij-05352;ij-39717;ij-62834;ij-66700
2,seed31_excluding_set_b,exact_set,1,1.0,0,0,0,pidqa-8312c4dfba2a4b8a,set_intersection,0,1.0,st-09593;st-42751,1.0,2,pidqa-sheet-487,2,2,st-09593;st-42751
0,seed31_excluding_set_b,empty_prediction,0,0.0,0,9,0,pidqa-84651ecbb8e6392a,set_intersection,9,0.0,,0.0,0,pidqa-sheet-156,0,9,ins ( -11°c );ins ( -20°c );ins ( -33°c );ins ( -56°c );ins ( 12°c );ins ( 28°c );ins ( 41°c );ins ( 48°c );ins ( 51°c )
0,seed31_excluding_set_b,exact_set,1,1.0,0,0,0,pidqa-847fe938077d9d35,set_intersection,0,1.0,,1.0,0,pidqa-sheet-202,0,0,
1,seed31_excluding_set_b,partial_recovery_no_false_candidate,0,0.6666666666666666,0,1,0,pidqa-8889e3a88e215400,set_intersection,1,1.0,wx-22078,0.5,1,pidqa-sheet-483,1,2,wx-22078;wx-38484
1,seed31_excluding_set_b,partial_recovery_no_false_candidate,0,0.5,0,2,0,pidqa-8acf87373478913d,set_intersection,2,1.0,cs-03,0.3333333333333333,1,pidqa-sheet-174,1,3,cs-03;cs-11;cs-36
1,seed31_excluding_set_b,exact_set,1,1.0,0,0,0,pidqa-8b84ccb83c7874d6,set_intersection,0,1.0,ab-08912,1.0,1,pidqa-sheet-429,1,1,ab-08912
2,seed31_excluding_set_b,partial_recovery_no_false_candidate,0,0.6666666666666666,0,2,0,pidqa-8d0e501085220afb,set_intersection,2,1.0,ab-36890;ab-74920,0.5,2,pidqa-sheet-328,2,4,ab-36890;ab-62629;ab-70077;ab-74920
1,seed31_excluding_set_b,partial_recovery_no_false_candidate,0,0.4,0,3,0,pidqa-91e318df4bbdc07c,set_intersection,3,1.0,ef-07696,0.25,1,pidqa-sheet-150,1,4,ef-07696;ef-91444;ef-97151;ef-99468
3,seed31_excluding_set_b,partial_recovery_no_false_candidate,0,0.8571428571428571,0,1,0,pidqa-9299511b4585c008,set_intersection,1,1.0,dv-05914;dv-24777;dv-51686,0.75,3,pidqa-sheet-188,3,4,dv-05914;dv-24777;dv-51686;dv-94284
3,seed31_excluding_set_b,partial_recovery_no_false_candidate,0,0.8571428571428571,0,1,0,pidqa-97c0980dfb3f4f98,set_intersection,1,1.0,cd-29434;cd-37174;cd-85536,0.75,3,pidqa-sheet-387,3,4,cd-17780;cd-29434;cd-37174;cd-85536
0,seed31_excluding_set_b,empty_prediction,0,0.0,0,2,0,pidqa-97c65ea32b8ecb84,set_intersection,2,0.0,,0.0,0,pidqa-sheet-060,0,2,uv-55739;uv-99366
4,seed31_excluding_set_b,partial_recovery_no_false_candidate,0,0.8888888888888888,0,1,0,pidqa-9f3ae9efe67eade7,set_intersection,1,1.0,wx-45249;wx-46059;wx-61391;wx-68588,0.8,4,pidqa-sheet-280,4,5,wx-16902;wx-45249;wx-46059;wx-61391;wx-68588
0,seed31_excluding_set_b,empty_prediction,0,0.0,0,1,0,pidqa-a3e6b504ad49aab4,set_intersection,1,0.0,,0.0,0,pidqa-sheet-460,0,1,sta
0,seed31_excluding_set_b,exact_set,1,1.0,0,0,0,pidqa-a6fd09a772a61b8c,set_intersection,0,1.0,,1.0,0,pidqa-sheet-069,0,0,
0,seed31_excluding_set_b,empty_prediction,0,0.0,0,4,0,pidqa-ab306bd9fe4fa765,set_intersection,4,0.0,,0.0,0,pidqa-sheet-134,0,4,ins ( -28°c );ins ( -35°c );ins ( -52°c );ins ( 55°c )
0,seed31_excluding_set_b,exact_set,1,1.0,0,0,0,pidqa-ab39f5babcd71354,set_intersection,0,1.0,,1.0,0,pidqa-sheet-015,0,0,
3,seed31_excluding_set_b,partial_recovery_no_false_candidate,0,0.75,0,2,0,pidqa-abec661fe2b805eb,set_intersection,2,1.0,ddl 180;ddl 806;ddl 974,0.6,3,pidqa-sheet-111,3,5,ddl 180;ddl 251;ddl 675;ddl 806;ddl 974
3,seed31_excluding_set_b,partial_recovery_no_false_candidate,0,0.75,0,2,0,pidqa-ad75d60b93c22dfd,set_intersection,2,1.0,qr-56512;qr-59003;qr-68407,0.6,3,pidqa-sheet-376,3,5,qr-08924;qr-19274;qr-56512;qr-59003;qr-68407
0,seed31_excluding_set_b,empty_prediction,0,0.0,0,3,0,pidqa-af0c562db6a90a77,set_intersection,3,0.0,,0.0,0,pidqa-sheet-118,0,3,wx-05284;wx-81547;wx-89561
3,seed31_excluding_set_b,partial_recovery_no_false_candidate,0,0.8571428571428571,0,1,0,pidqa-b1c3d93abc115d5c,set_intersection,1,1.0,cv-44444;cv-60977;cv-96376,0.75,3,pidqa-sheet-213,3,4,cv-44444;cv-60977;cv-71672;cv-96376
0,seed31_excluding_set_b,empty_prediction,0,0.0,0,4,0,pidqa-b250865d67f677f6,set_intersection,4,0.0,,0.0,0,pidqa-sheet-112,0,4,zlo 313;zlo 477;zlo 570;zlo 588
2,seed31_excluding_set_b,partial_recovery_no_false_candidate,0,0.5714285714285714,0,3,0,pidqa-b2cd2b4b7a3f7f7f,set_intersection,3,1.0,gh-15791;gh-17139,0.4,2,pidqa-sheet-161,2,5,gh-15791;gh-17139;gh-30587;gh-45145;gh-86887
2,seed31_excluding_set_b,partial_recovery_no_false_candidate,0,0.4444444444444444,0,5,0,pidqa-b39524dff509bbb9,set_intersection,5,1.0,op-31207;op-96795,0.2857142857142857,2,pidqa-sheet-271,2,7,op-29079;op-31207;op-38373;op-39633;op-58502;op-96795;op-96902
1,seed31_excluding_set_b,partial_recovery_no_false_candidate,0,0.4,0,3,0,pidqa-b7250591bea8b5af,set_intersection,3,1.0,st-77678,0.25,1,pidqa-sheet-010,1,4,st-43639;st-44029;st-77678;st-93493
0,seed31_excluding_set_b,empty_prediction,0,0.0,0,2,0,pidqa-b7d6600f5299312b,set_intersection,2,0.0,,0.0,0,pidqa-sheet-383,0,2,ddl 667;ddl 717
2,seed31_excluding_set_b,exact_set,1,1.0,0,0,0,pidqa-bdeb7d6802225a2e,set_intersection,0,1.0,ro-10 236;ro-10 858,1.0,2,pidqa-sheet-432,2,2,ro-10 236;ro-10 858
1,seed31_excluding_set_b,partial_recovery_no_false_candidate,0,0.5,0,2,0,pidqa-c098994ef335ce80,set_intersection,2,1.0,gh-44871,0.3333333333333333,1,pidqa-sheet-099,1,3,gh-44871;gh-66779;gh-84691
2,seed31_excluding_set_b,partial_recovery_no_false_candidate,0,0.6666666666666666,0,2,0,pidqa-cb94caae0d38f9c4,set_intersection,2,1.0,ij-85876;ij-95945,0.5,2,pidqa-sheet-453,2,4,ij-18270;ij-56132;ij-85876;ij-95945
0,seed31_excluding_set_b,empty_prediction,0,0.0,0,3,0,pidqa-d037e417f89f4693,set_intersection,3,0.0,,0.0,0,pidqa-sheet-016,0,3,kl-37613;kl-81635;kl-84258
3,seed31_excluding_set_b,partial_recovery_no_false_candidate,0,0.6666666666666666,0,3,0,pidqa-d63ece3a80b395de,set_intersection,3,1.0,cd-13900;cd-34905;cd-67015,0.5,3,pidqa-sheet-106,3,6,cd-00718;cd-00863;cd-13900;cd-34905;cd-67015;cd-97514
1,seed31_excluding_set_b,partial_recovery_no_false_candidate,0,0.6666666666666666,0,1,0,pidqa-d83ba1f11b7d3c7b,set_intersection,1,1.0,st-01836,0.5,1,pidqa-sheet-486,1,2,st-01836;st-21643
1,seed31_excluding_set_b,exact_set,1,1.0,0,0,0,pidqa-e7064ea82ba4ab15,set_intersection,0,1.0,sta,1.0,1,pidqa-sheet-299,1,1,sta
0,seed31_excluding_set_b,empty_prediction,0,0.0,0,2,0,pidqa-eae72d77fda2cf58,set_intersection,2,0.0,,0.0,0,pidqa-sheet-090,0,2,rv-13292;rv-98771
0,seed31_excluding_set_b,empty_prediction,0,0.0,0,1,0,pidqa-eecf02beab6350d6,set_intersection,1,0.0,,0.0,0,pidqa-sheet-057,0,1,erv-1-78
0,seed31_excluding_set_b,exact_set,1,1.0,0,0,0,pidqa-ef53b5307afc7e7b,set_intersection,0,1.0,,1.0,0,pidqa-sheet-394,0,0,
0,seed31_excluding_set_b,exact_set,1,1.0,0,0,0,pidqa-efca9f772684426f,set_intersection,0,1.0,,1.0,0,pidqa-sheet-497,0,0,
0,seed31_excluding_set_b,empty_prediction,0,0.0,0,6,0,pidqa-f0343278428dcb82,set_intersection,6,0.0,,0.0,0,pidqa-sheet-105,0,6,cs-10;cs-14;cs-18;cs-21;cs-55;cs-74
0,seed31_excluding_set_b,exact_set,1,1.0,0,0,0,pidqa-f292aa6d47dfa997,set_intersection,0,1.0,,1.0,0,pidqa-sheet-391,0,0,
0,seed31_excluding_set_b,empty_prediction,0,0.0,0,1,0,pidqa-f7827a05ea450bf6,set_intersection,1,0.0,,0.0,0,pidqa-sheet-454,0,1,qr-73648
2,seed31_excluding_set_b,exact_set,1,1.0,0,0,0,pidqa-fe068ab1db4988b6,set_intersection,0,1.0,glr 374;glr 769,1.0,2,pidqa-sheet-395,2,2,glr 374;glr 769
0,seed31_excluding_set_b,empty_prediction,0,0.0,0,1,0,pidqa-fff2894a1bc19e73,set_intersection,1,0.0,,0.0,0,pidqa-sheet-047,0,1,zlo 615
0,seed31_excluding_set_b,empty_prediction,0,0.0,0,1,0,pidqa-fffe1e70fc16a8ee,set_intersection,1,0.0,,0.0,0,pidqa-sheet-200,0,1,ins ( -42°c )
1,seed31_excluding_set_b,exact_set,1,1.0,0,0,0,pidqa-0172f7403fe5db7b,ocr_if_nonempty_else_qwen,0,1.0,sta,1.0,1,pidqa-sheet-274,1,1,sta
1,seed31_excluding_set_b,false_candidates_without_recovery,0,0.0,1,1,1,pidqa-08695a656d267a17,ocr_if_nonempty_else_qwen,1,0.0,klll7,0.0,0,pidqa-sheet-182,0,1,kl-80414
3,seed31_excluding_set_b,exact_set,1,1.0,0,0,0,pidqa-0903f6ef2d93e9b5,ocr_if_nonempty_else_qwen,0,1.0,mn-11612;mn-75750;mn-98653,1.0,3,pidqa-sheet-373,3,3,mn-11612;mn-75750;mn-98653
2,seed31_excluding_set_b,partial_recovery_no_false_candidate,0,0.6666666666666666,0,2,0,pidqa-0a45c12953e22d18,ocr_if_nonempty_else_qwen,2,1.0,erv-1-54;erv-5-40,0.5,2,pidqa-sheet-404,2,4,erv-1-54;erv-2-90;erv-5-40;erv-5-77
4,seed31_excluding_set_b,exact_set,1,1.0,0,0,0,pidqa-0d72b6fd0e6ed361,ocr_if_nonempty_else_qwen,0,1.0,ro-10 279;ro-10 349;ro-10 586;ro-10 903,1.0,4,pidqa-sheet-333,4,4,ro-10 279;ro-10 349;ro-10 586;ro-10 903
3,seed31_excluding_set_b,partial_recovery_no_false_candidate,0,0.5454545454545454,0,5,0,pidqa-12c2a9941315f376,ocr_if_nonempty_else_qwen,5,1.0,qr-03546;qr-36850;qr-76768,0.375,3,pidqa-sheet-303,3,8,qr-03546;qr-20623;qr-36850;qr-39862;qr-48964;qr-53460;qr-76768;qr-99527
2,seed31_excluding_set_b,partial_recovery_with_false_candidates,0,0.4,1,2,1,pidqa-14591e87c5a19cf4,ocr_if_nonempty_else_qwen,2,0.5,st-06815;sta,0.3333333333333333,1,pidqa-sheet-206,1,3,st-06815;st-44553;st-71599
3,seed31_excluding_set_b,partial_recovery_no_false_candidate,0,0.75,0,2,0,pidqa-15b79c9168dc295b,ocr_if_nonempty_else_qwen,2,1.0,cd-23362;cd-39737;cd-87400,0.6,3,pidqa-sheet-364,3,5,cd-23362;cd-31803;cd-39737;cd-87400;cd-90134
2,seed31_excluding_set_b,partial_recovery_no_false_candidate,0,0.8,0,1,0,pidqa-1c2153751e7ef720,ocr_if_nonempty_else_qwen,1,1.0,op-18648;op-91968,0.6666666666666666,2,pidqa-sheet-421,2,3,op-18648;op-91968;op-95916
2,seed31_excluding_set_b,partial_recovery_with_false_candidates,0,0.5,1,1,1,pidqa-21d1aebcbb4d24bf,ocr_if_nonempty_else_qwen,1,0.5,st-82281;sta,0.5,1,pidqa-sheet-201,1,2,st-69903;st-82281
4,seed31_excluding_set_b,complete_recovery_with_false_candidates,0,0.6666666666666666,2,0,2,pidqa-22a86090c0260fc7,ocr_if_nonempty_else_qwen,0,0.5,ef-57497;ef-93900;efforts;efgh,1.0,2,pidqa-sheet-480,2,2,ef-57497;ef-93900
8,seed31_excluding_set_b,partial_recovery_with_false_candidates,0,0.8235294117647058,1,2,1,pidqa-315792501a503618,ocr_if_nonempty_else_qwen,2,0.875,gh-02195;gh-07151;gh-08660;gh-09370;gh-20594;gh-77186;gh-83515;gh064,0.7777777777777778,7,pidqa-sheet-068,7,9,gh-02195;gh-07151;gh-08660;gh-09370;gh-16629;gh-20594;gh-29049;gh-77186;gh-83515
1,seed31_excluding_set_b,false_candidates_without_recovery,0,0.0,1,1,1,pidqa-31f4d680e76321ea,ocr_if_nonempty_else_qwen,1,0.0,sta 28,0.0,0,pidqa-sheet-374,0,1,sta
3,seed31_excluding_set_b,partial_recovery_with_false_candidates,0,0.4,2,1,2,pidqa-33d5d86fe370ef49,ocr_if_nonempty_else_qwen,1,0.3333333333333333,ab-65712;abc;abcd,0.5,1,pidqa-sheet-419,1,2,ab-65712;ab-71079
2,seed31_excluding_set_b,complete_recovery_with_false_candidates,0,0.6666666666666666,1,0,1,pidqa-34a32703aa891c64,ocr_if_nonempty_else_qwen,0,0.5,ef-78921;efgh,1.0,1,pidqa-sheet-022,1,1,ef-78921
3,seed31_excluding_set_b,exact_set,1,1.0,0,0,0,pidqa-34faa2f7dbdc849b,ocr_if_nonempty_else_qwen,0,1.0,erv-3-47;erv-3-61;erv-8-51,1.0,3,pidqa-sheet-246,3,3,erv-3-47;erv-3-61;erv-8-51
3,seed31_excluding_set_b,partial_recovery_no_false_candidate,0,0.8571428571428571,0,1,0,pidqa-3517d07c0ec91e8f,ocr_if_nonempty_else_qwen,1,1.0,gh-13139;gh-66650;gh-85214,0.75,3,pidqa-sheet-471,3,4,gh-13139;gh-44659;gh-66650;gh-85214
3,seed31_excluding_set_b,partial_recovery_with_false_candidates,0,0.4,2,1,2,pidqa-3bca44c6b00ed017,ocr_if_nonempty_else_qwen,1,0.3333333333333333,st;st-71159;sta,0.5,1,pidqa-sheet-229,1,2,st-71159;st-93745
3,seed31_excluding_set_b,partial_recovery_no_false_candidate,0,0.75,0,2,0,pidqa-3f565de2cb332aac,ocr_if_nonempty_else_qwen,2,1.0,uv-41563;uv-95544;uv-97274,0.6,3,pidqa-sheet-305,3,5,uv-41563;uv-49363;uv-73435;uv-95544;uv-97274
7,seed31_excluding_set_b,partial_recovery_no_false_candidate,0,0.9333333333333333,0,1,0,pidqa-401cf5ef8a0f8284,ocr_if_nonempty_else_qwen,1,1.0,sdl 105;sdl 140;sdl 263;sdl 533;sdl 700;sdl 729;sdl 796,0.875,7,pidqa-sheet-101,7,8,sdl 105;sdl 140;sdl 263;sdl 533;sdl 700;sdl 726;sdl 729;sdl 796
2,seed31_excluding_set_b,exact_set,1,1.0,0,0,0,pidqa-4190de8580a69a0e,ocr_if_nonempty_else_qwen,0,1.0,op-72843;op-83430,1.0,2,pidqa-sheet-192,2,2,op-72843;op-83430
3,seed31_excluding_set_b,complete_recovery_with_false_candidates,0,0.8,1,0,1,pidqa-41e0dacf598afef1,ocr_if_nonempty_else_qwen,0,0.6666666666666666,st-27986;st-64717;sta,1.0,2,pidqa-sheet-211,2,2,st-27986;st-64717
3,seed31_excluding_set_b,false_candidates_without_recovery,0,0.0,3,3,3,pidqa-427070a5c68f8223,ocr_if_nonempty_else_qwen,3,0.0,ins (-29°c);ins (-46°c);ins (17°c),0.0,0,pidqa-sheet-224,0,3,ins ( -29°c );ins ( -46°c );ins ( 17°c )
2,seed31_excluding_set_b,partial_recovery_with_false_candidates,0,0.4,1,2,1,pidqa-4b36d1f6111e91a6,ocr_if_nonempty_else_qwen,2,0.5,kl-12365;kl188,0.3333333333333333,1,pidqa-sheet-048,1,3,kl-12365;kl-57351;kl-83811
3,seed31_excluding_set_b,exact_set,1,1.0,0,0,0,pidqa-4c07b9fb312d8419,ocr_if_nonempty_else_qwen,0,1.0,ro-10 500;ro-10 663;ro-10 978,1.0,3,pidqa-sheet-339,3,3,ro-10 500;ro-10 663;ro-10 978
3,seed31_excluding_set_b,partial_recovery_no_false_candidate,0,0.8571428571428571,0,1,0,pidqa-4ef15c3e6b00d40a,ocr_if_nonempty_else_qwen,1,1.0,rv-10970;rv-36305;rv-64682,0.75,3,pidqa-sheet-428,3,4,rv-10970;rv-33018;rv-36305;rv-64682
2,seed31_excluding_set_b,partial_recovery_no_false_candidate,0,0.8,0,1,0,pidqa-4fe242dd32e4612e,ocr_if_nonempty_else_qwen,1,1.0,cs-58;cs-82,0.6666666666666666,2,pidqa-sheet-104,2,3,cs-37;cs-58;cs-82
2,seed31_excluding_set_b,false_candidates_without_recovery,0,0.0,2,2,2,pidqa-51f964f265ba168e,ocr_if_nonempty_else_qwen,2,0.0,st889;sta,0.0,0,pidqa-sheet-021,0,2,st-01408;st-63851
2,seed31_excluding_set_b,partial_recovery_no_false_candidate,0,0.6666666666666666,0,2,0,pidqa-53b110174bb59e95,ocr_if_nonempty_else_qwen,2,1.0,rv-22101;rv-82410,0.5,2,pidqa-sheet-092,2,4,rv-22101;rv-52581;rv-82410;rv-87733
2,seed31_excluding_set_b,exact_set,1,1.0,0,0,0,pidqa-5cabd080c26562d9,ocr_if_nonempty_else_qwen,0,1.0,dv-27998;dv-78735,1.0,2,pidqa-sheet-044,2,2,dv-27998;dv-78735
2,seed31_excluding_set_b,exact_set,1,1.0,0,0,0,pidqa-5ea1c3e215f2ab9e,ocr_if_nonempty_else_qwen,0,1.0,cs-54;cs-93,1.0,2,pidqa-sheet-186,2,2,cs-54;cs-93
1,seed31_excluding_set_b,partial_recovery_no_false_candidate,0,0.4,0,3,0,pidqa-683c3747eb540e1e,ocr_if_nonempty_else_qwen,3,1.0,cs-06,0.25,1,pidqa-sheet-379,1,4,cs-06;cs-44;cs-72;cs-98
4,seed31_excluding_set_b,partial_recovery_with_false_candidates,0,0.6666666666666666,1,2,1,pidqa-6aba69315c8ae9bb,ocr_if_nonempty_else_qwen,2,0.75,mn-17582;mn-39415;mn-41090;mn4,0.6,3,pidqa-sheet-240,3,5,mn-14171;mn-17582;mn-32362;mn-39415;mn-41090
1,seed31_excluding_set_b,partial_recovery_no_false_candidate,0,0.5,0,2,0,pidqa-6f0b9f64c14e0f10,ocr_if_nonempty_else_qwen,2,1.0,cs-00,0.3333333333333333,1,pidqa-sheet-414,1,3,cs-00;cs-48;cs-97
1,seed31_excluding_set_b,partial_recovery_no_false_candidate,0,0.5,0,2,0,pidqa-70c31949363b7a7a,ocr_if_nonempty_else_qwen,2,1.0,cv-51722,0.3333333333333333,1,pidqa-sheet-171,1,3,cv-11122;cv-39490;cv-51722
5,seed31_excluding_set_b,partial_recovery_with_false_candidates,0,0.5454545454545454,2,3,2,pidqa-748d8890da8c17fc,ocr_if_nonempty_else_qwen,3,0.6,st-02743;st-29302;st-80624;st11335;sta,0.5,3,pidqa-sheet-006,3,6,st-02743;st-29302;st-55094;st-60037;st-80624;st-93135
3,seed31_excluding_set_b,partial_recovery_no_false_candidate,0,0.6666666666666666,0,3,0,pidqa-7d1a87016ed4fc08,ocr_if_nonempty_else_qwen,3,1.0,uv-22494;uv-31166;uv-32848,0.5,3,pidqa-sheet-030,3,6,uv-22494;uv-31166;uv-32848;uv-55039;uv-68198;uv-87909
1,seed31_excluding_set_b,false_candidates_without_recovery,0,0.0,1,1,1,pidqa-7d40a4f9e62e7a9f,ocr_if_nonempty_else_qwen,1,0.0,sta 605,0.0,0,pidqa-sheet-075,0,1,sta
4,seed31_excluding_set_b,exact_set,1,1.0,0,0,0,pidqa-804be6e7899a1331,ocr_if_nonempty_else_qwen,0,1.0,wx-32295;wx-66047;wx-68933;wx-91679,1.0,4,pidqa-sheet-331,4,4,wx-32295;wx-66047;wx-68933;wx-91679
2,seed31_excluding_set_b,exact_set,1,1.0,0,0,0,pidqa-81dd293911e5d597,ocr_if_nonempty_else_qwen,0,1.0,rv-44442;rv-61365,1.0,2,pidqa-sheet-126,2,2,rv-44442;rv-61365
2,seed31_excluding_set_b,partial_recovery_no_false_candidate,0,0.6666666666666666,0,2,0,pidqa-82f9d602ca3a4d39,ocr_if_nonempty_else_qwen,2,1.0,ij-05352;ij-62834,0.5,2,pidqa-sheet-407,2,4,ij-05352;ij-39717;ij-62834;ij-66700
3,seed31_excluding_set_b,complete_recovery_with_false_candidates,0,0.8,1,0,1,pidqa-8312c4dfba2a4b8a,ocr_if_nonempty_else_qwen,0,0.6666666666666666,st-09593;st-42751;sta,1.0,2,pidqa-sheet-487,2,2,st-09593;st-42751
1,seed31_excluding_set_b,false_candidates_without_recovery,0,0.0,1,9,1,pidqa-84651ecbb8e6392a,ocr_if_nonempty_else_qwen,9,0.0,ins,0.0,0,pidqa-sheet-156,0,9,ins ( -11°c );ins ( -20°c );ins ( -33°c );ins ( -56°c );ins ( 12°c );ins ( 28°c );ins ( 41°c );ins ( 48°c );ins ( 51°c )
1,seed31_excluding_set_b,false_candidates_without_recovery,0,0.0,1,0,1,pidqa-847fe938077d9d35,ocr_if_nonempty_else_qwen,0,0.0,none,0.0,0,pidqa-sheet-202,0,0,
1,seed31_excluding_set_b,partial_recovery_no_false_candidate,0,0.6666666666666666,0,1,0,pidqa-8889e3a88e215400,ocr_if_nonempty_else_qwen,1,1.0,wx-22078,0.5,1,pidqa-sheet-483,1,2,wx-22078;wx-38484
2,seed31_excluding_set_b,partial_recovery_no_false_candidate,0,0.8,0,1,0,pidqa-8acf87373478913d,ocr_if_nonempty_else_qwen,1,1.0,cs-03;cs-11,0.6666666666666666,2,pidqa-sheet-174,2,3,cs-03;cs-11;cs-36
3,seed31_excluding_set_b,complete_recovery_with_false_candidates,0,0.5,2,0,2,pidqa-8b84ccb83c7874d6,ocr_if_nonempty_else_qwen,0,0.3333333333333333,ab-08912;abc;abcd,1.0,1,pidqa-sheet-429,1,1,ab-08912
4,seed31_excluding_set_b,partial_recovery_with_false_candidates,0,0.5,2,2,2,pidqa-8d0e501085220afb,ocr_if_nonempty_else_qwen,2,0.5,ab-36890;ab-74920;abc;abcd,0.5,2,pidqa-sheet-328,2,4,ab-36890;ab-62629;ab-70077;ab-74920
3,seed31_excluding_set_b,partial_recovery_with_false_candidates,0,0.5714285714285714,1,2,1,pidqa-91e318df4bbdc07c,ocr_if_nonempty_else_qwen,2,0.6666666666666666,ef-07696;ef-97151;efgh,0.5,2,pidqa-sheet-150,2,4,ef-07696;ef-91444;ef-97151;ef-99468
3,seed31_excluding_set_b,partial_recovery_no_false_candidate,0,0.8571428571428571,0,1,0,pidqa-9299511b4585c008,ocr_if_nonempty_else_qwen,1,1.0,dv-05914;dv-24777;dv-51686,0.75,3,pidqa-sheet-188,3,4,dv-05914;dv-24777;dv-51686;dv-94284
3,seed31_excluding_set_b,partial_recovery_no_false_candidate,0,0.8571428571428571,0,1,0,pidqa-97c0980dfb3f4f98,ocr_if_nonempty_else_qwen,1,1.0,cd-29434;cd-37174;cd-85536,0.75,3,pidqa-sheet-387,3,4,cd-17780;cd-29434;cd-37174;cd-85536
1,seed31_excluding_set_b,partial_recovery_no_false_candidate,0,0.6666666666666666,0,1,0,pidqa-97c65ea32b8ecb84,ocr_if_nonempty_else_qwen,1,1.0,uv-55739,0.5,1,pidqa-sheet-060,1,2,uv-55739;uv-99366
4,seed31_excluding_set_b,partial_recovery_no_false_candidate,0,0.8888888888888888,0,1,0,pidqa-9f3ae9efe67eade7,ocr_if_nonempty_else_qwen,1,1.0,wx-45249;wx-46059;wx-61391;wx-68588,0.8,4,pidqa-sheet-280,4,5,wx-16902;wx-45249;wx-46059;wx-61391;wx-68588
1,seed31_excluding_set_b,exact_set,1,1.0,0,0,0,pidqa-a3e6b504ad49aab4,ocr_if_nonempty_else_qwen,0,1.0,sta,1.0,1,pidqa-sheet-460,1,1,sta
3,seed31_excluding_set_b,false_candidates_without_recovery,0,0.0,3,0,3,pidqa-a6fd09a772a61b8c,ocr_if_nonempty_else_qwen,0,0.0,zlc-304;zlc-504;zlc-930,0.0,0,pidqa-sheet-069,0,0,
1,seed31_excluding_set_b,false_candidates_without_recovery,0,0.0,1,4,1,pidqa-ab306bd9fe4fa765,ocr_if_nonempty_else_qwen,4,0.0,ins,0.0,0,pidqa-sheet-134,0,4,ins ( -28°c );ins ( -35°c );ins ( -52°c );ins ( 55°c )
1,seed31_excluding_set_b,false_candidates_without_recovery,0,0.0,1,0,1,pidqa-ab39f5babcd71354,ocr_if_nonempty_else_qwen,0,0.0,none,0.0,0,pidqa-sheet-015,0,0,
3,seed31_excluding_set_b,partial_recovery_no_false_candidate,0,0.75,0,2,0,pidqa-abec661fe2b805eb,ocr_if_nonempty_else_qwen,2,1.0,ddl 180;ddl 806;ddl 974,0.6,3,pidqa-sheet-111,3,5,ddl 180;ddl 251;ddl 675;ddl 806;ddl 974
3,seed31_excluding_set_b,partial_recovery_no_false_candidate,0,0.75,0,2,0,pidqa-ad75d60b93c22dfd,ocr_if_nonempty_else_qwen,2,1.0,qr-56512;qr-59003;qr-68407,0.6,3,pidqa-sheet-376,3,5,qr-08924;qr-19274;qr-56512;qr-59003;qr-68407
1,seed31_excluding_set_b,partial_recovery_no_false_candidate,0,0.5,0,2,0,pidqa-af0c562db6a90a77,ocr_if_nonempty_else_qwen,2,1.0,wx-81547,0.3333333333333333,1,pidqa-sheet-118,1,3,wx-05284;wx-81547;wx-89561
3,seed31_excluding_set_b,partial_recovery_no_false_candidate,0,0.8571428571428571,0,1,0,pidqa-b1c3d93abc115d5c,ocr_if_nonempty_else_qwen,1,1.0,cv-44444;cv-60977;cv-96376,0.75,3,pidqa-sheet-213,3,4,cv-44444;cv-60977;cv-71672;cv-96376
3,seed31_excluding_set_b,partial_recovery_no_false_candidate,0,0.8571428571428571,0,1,0,pidqa-b250865d67f677f6,ocr_if_nonempty_else_qwen,1,1.0,zlo 313;zlo 570;zlo 588,0.75,3,pidqa-sheet-112,3,4,zlo 313;zlo 477;zlo 570;zlo 588
2,seed31_excluding_set_b,partial_recovery_no_false_candidate,0,0.5714285714285714,0,3,0,pidqa-b2cd2b4b7a3f7f7f,ocr_if_nonempty_else_qwen,3,1.0,gh-15791;gh-17139,0.4,2,pidqa-sheet-161,2,5,gh-15791;gh-17139;gh-30587;gh-45145;gh-86887
2,seed31_excluding_set_b,partial_recovery_no_false_candidate,0,0.4444444444444444,0,5,0,pidqa-b39524dff509bbb9,ocr_if_nonempty_else_qwen,5,1.0,op-31207;op-96795,0.2857142857142857,2,pidqa-sheet-271,2,7,op-29079;op-31207;op-38373;op-39633;op-58502;op-96795;op-96902
2,seed31_excluding_set_b,partial_recovery_with_false_candidates,0,0.3333333333333333,1,3,1,pidqa-b7250591bea8b5af,ocr_if_nonempty_else_qwen,3,0.5,st-77678;sta,0.25,1,pidqa-sheet-010,1,4,st-43639;st-44029;st-77678;st-93493
2,seed31_excluding_set_b,exact_set,1,1.0,0,0,0,pidqa-b7d6600f5299312b,ocr_if_nonempty_else_qwen,0,1.0,ddl 667;ddl 717,1.0,2,pidqa-sheet-383,2,2,ddl 667;ddl 717
2,seed31_excluding_set_b,exact_set,1,1.0,0,0,0,pidqa-bdeb7d6802225a2e,ocr_if_nonempty_else_qwen,0,1.0,ro-10 236;ro-10 858,1.0,2,pidqa-sheet-432,2,2,ro-10 236;ro-10 858
2,seed31_excluding_set_b,partial_recovery_no_false_candidate,0,0.8,0,1,0,pidqa-c098994ef335ce80,ocr_if_nonempty_else_qwen,1,1.0,gh-44871;gh-84691,0.6666666666666666,2,pidqa-sheet-099,2,3,gh-44871;gh-66779;gh-84691
2,seed31_excluding_set_b,partial_recovery_no_false_candidate,0,0.6666666666666666,0,2,0,pidqa-cb94caae0d38f9c4,ocr_if_nonempty_else_qwen,2,1.0,ij-85876;ij-95945,0.5,2,pidqa-sheet-453,2,4,ij-18270;ij-56132;ij-85876;ij-95945
2,seed31_excluding_set_b,partial_recovery_with_false_candidates,0,0.4,1,2,1,pidqa-d037e417f89f4693,ocr_if_nonempty_else_qwen,2,0.5,kl-81635;kl-94258,0.3333333333333333,1,pidqa-sheet-016,1,3,kl-37613;kl-81635;kl-84258
4,seed31_excluding_set_b,partial_recovery_no_false_candidate,0,0.8,0,2,0,pidqa-d63ece3a80b395de,ocr_if_nonempty_else_qwen,2,1.0,cd-00863;cd-13900;cd-34905;cd-67015,0.6666666666666666,4,pidqa-sheet-106,4,6,cd-00718;cd-00863;cd-13900;cd-34905;cd-67015;cd-97514
3,seed31_excluding_set_b,complete_recovery_with_false_candidates,0,0.8,1,0,1,pidqa-d83ba1f11b7d3c7b,ocr_if_nonempty_else_qwen,0,0.6666666666666666,st-01836;st-21643;sta,1.0,2,pidqa-sheet-486,2,2,st-01836;st-21643
1,seed31_excluding_set_b,exact_set,1,1.0,0,0,0,pidqa-e7064ea82ba4ab15,ocr_if_nonempty_else_qwen,0,1.0,sta,1.0,1,pidqa-sheet-299,1,1,sta
1,seed31_excluding_set_b,partial_recovery_no_false_candidate,0,0.6666666666666666,0,1,0,pidqa-eae72d77fda2cf58,ocr_if_nonempty_else_qwen,1,1.0,rv-98771,0.5,1,pidqa-sheet-090,1,2,rv-13292;rv-98771
1,seed31_excluding_set_b,exact_set,1,1.0,0,0,0,pidqa-eecf02beab6350d6,ocr_if_nonempty_else_qwen,0,1.0,erv-1-78,1.0,1,pidqa-sheet-057,1,1,erv-1-78
1,seed31_excluding_set_b,false_candidates_without_recovery,0,0.0,1,0,1,pidqa-ef53b5307afc7e7b,ocr_if_nonempty_else_qwen,0,0.0,cd-82456,0.0,0,pidqa-sheet-394,0,0,
1,seed31_excluding_set_b,false_candidates_without_recovery,0,0.0,1,0,1,pidqa-efca9f772684426f,ocr_if_nonempty_else_qwen,0,0.0,none,0.0,0,pidqa-sheet-497,0,0,
6,seed31_excluding_set_b,exact_set,1,1.0,0,0,0,pidqa-f0343278428dcb82,ocr_if_nonempty_else_qwen,0,1.0,cs-10;cs-14;cs-18;cs-21;cs-55;cs-74,1.0,6,pidqa-sheet-105,6,6,cs-10;cs-14;cs-18;cs-21;cs-55;cs-74
1,seed31_excluding_set_b,false_candidates_without_recovery,0,0.0,1,0,1,pidqa-f292aa6d47dfa997,ocr_if_nonempty_else_qwen,0,0.0,none,0.0,0,pidqa-sheet-391,0,0,
1,seed31_excluding_set_b,exact_set,1,1.0,0,0,0,pidqa-f7827a05ea450bf6,ocr_if_nonempty_else_qwen,0,1.0,qr-73648,1.0,1,pidqa-sheet-454,1,1,qr-73648
2,seed31_excluding_set_b,exact_set,1,1.0,0,0,0,pidqa-fe068ab1db4988b6,ocr_if_nonempty_else_qwen,0,1.0,glr 374;glr 769,1.0,2,pidqa-sheet-395,2,2,glr 374;glr 769
1,seed31_excluding_set_b,exact_set,1,1.0,0,0,0,pidqa-fff2894a1bc19e73,ocr_if_nonempty_else_qwen,0,1.0,zlo 615,1.0,1,pidqa-sheet-047,1,1,zlo 615
1,seed31_excluding_set_b,false_candidates_without_recovery,0,0.0,1,1,1,pidqa-fffe1e70fc16a8ee,ocr_if_nonempty_else_qwen,1,0.0,ins,0.0,0,pidqa-sheet-200,0,1,ins ( -42°c )
2,seed31_excluding_set_b,false_candidates_without_recovery,0,0.0,2,1,2,pidqa-0172f7403fe5db7b,qwen_if_nonempty_else_ocr,1,0.0,sta-8196;sta-91178,0.0,0,pidqa-sheet-274,0,1,sta
1,seed31_excluding_set_b,exact_set,1,1.0,0,0,0,pidqa-08695a656d267a17,qwen_if_nonempty_else_ocr,0,1.0,kl-80414,1.0,1,pidqa-sheet-182,1,1,kl-80414
3,seed31_excluding_set_b,exact_set,1,1.0,0,0,0,pidqa-0903f6ef2d93e9b5,qwen_if_nonempty_else_ocr,0,1.0,mn-11612;mn-75750;mn-98653,1.0,3,pidqa-sheet-373,3,3,mn-11612;mn-75750;mn-98653
1,seed31_excluding_set_b,partial_recovery_no_false_candidate,0,0.4,0,3,0,pidqa-0a45c12953e22d18,qwen_if_nonempty_else_ocr,3,1.0,erv-5-40,0.25,1,pidqa-sheet-404,1,4,erv-1-54;erv-2-90;erv-5-40;erv-5-77
3,seed31_excluding_set_b,partial_recovery_no_false_candidate,0,0.8571428571428571,0,1,0,pidqa-0d72b6fd0e6ed361,qwen_if_nonempty_else_ocr,1,1.0,ro-10 279;ro-10 586;ro-10 903,0.75,3,pidqa-sheet-333,3,4,ro-10 279;ro-10 349;ro-10 586;ro-10 903
5,seed31_excluding_set_b,partial_recovery_with_false_candidates,0,0.6153846153846154,1,4,1,pidqa-12c2a9941315f376,qwen_if_nonempty_else_ocr,4,0.8,qr-03546;qr-34040;qr-36850;qr-39862;qr-76768,0.5,4,pidqa-sheet-303,4,8,qr-03546;qr-20623;qr-36850;qr-39862;qr-48964;qr-53460;qr-76768;qr-99527
3,seed31_excluding_set_b,partial_recovery_with_false_candidates,0,0.6666666666666666,1,1,1,pidqa-14591e87c5a19cf4,qwen_if_nonempty_else_ocr,1,0.6666666666666666,st-06815;st-15745;st-44553,0.6666666666666666,2,pidqa-sheet-206,2,3,st-06815;st-44553;st-71599
5,seed31_excluding_set_b,exact_set,1,1.0,0,0,0,pidqa-15b79c9168dc295b,qwen_if_nonempty_else_ocr,0,1.0,cd-23362;cd-31803;cd-39737;cd-87400;cd-90134,1.0,5,pidqa-sheet-364,5,5,cd-23362;cd-31803;cd-39737;cd-87400;cd-90134
3,seed31_excluding_set_b,exact_set,1,1.0,0,0,0,pidqa-1c2153751e7ef720,qwen_if_nonempty_else_ocr,0,1.0,op-18648;op-91968;op-95916,1.0,3,pidqa-sheet-421,3,3,op-18648;op-91968;op-95916
5,seed31_excluding_set_b,complete_recovery_with_false_candidates,0,0.5714285714285714,3,0,3,pidqa-21d1aebcbb4d24bf,qwen_if_nonempty_else_ocr,0,0.4,st-36957;st-698;st-699;st-69903;st-82281,1.0,2,pidqa-sheet-201,2,2,st-69903;st-82281
3,seed31_excluding_set_b,complete_recovery_with_false_candidates,0,0.8,1,0,1,pidqa-22a86090c0260fc7,qwen_if_nonempty_else_ocr,0,0.6666666666666666,ef-3-29;ef-57497;ef-93900,1.0,2,pidqa-sheet-480,2,2,ef-57497;ef-93900
6,seed31_excluding_set_b,partial_recovery_with_false_candidates,0,0.5333333333333333,2,5,2,pidqa-315792501a503618,qwen_if_nonempty_else_ocr,5,0.6666666666666666,gh-08660;gh-09370;gh-20594;gh-2195;gh-3515;gh-77186,0.4444444444444444,4,pidqa-sheet-068,4,9,gh-02195;gh-07151;gh-08660;gh-09370;gh-16629;gh-20594;gh-29049;gh-77186;gh-83515
8,seed31_excluding_set_b,false_candidates_without_recovery,0,0.0,8,1,8,pidqa-31f4d680e76321ea,qwen_if_nonempty_else_ocr,1,0.0,st-03431;st-22206;st-26204;st-57038;st-71018;st-71692;st-81391;st-93052,0.0,0,pidqa-sheet-374,0,1,sta
2,seed31_excluding_set_b,exact_set,1,1.0,0,0,0,pidqa-33d5d86fe370ef49,qwen_if_nonempty_else_ocr,0,1.0,ab-65712;ab-71079,1.0,2,pidqa-sheet-419,2,2,ab-65712;ab-71079
1,seed31_excluding_set_b,exact_set,1,1.0,0,0,0,pidqa-34a32703aa891c64,qwen_if_nonempty_else_ocr,0,1.0,ef-78921,1.0,1,pidqa-sheet-022,1,1,ef-78921
3,seed31_excluding_set_b,partial_recovery_with_false_candidates,0,0.6666666666666666,1,1,1,pidqa-34faa2f7dbdc849b,qwen_if_nonempty_else_ocr,1,0.6666666666666666,erv-3-47;erv-5-61;erv-8-51,0.6666666666666666,2,pidqa-sheet-246,2,3,erv-3-47;erv-3-61;erv-8-51
3,seed31_excluding_set_b,partial_recovery_no_false_candidate,0,0.8571428571428571,0,1,0,pidqa-3517d07c0ec91e8f,qwen_if_nonempty_else_ocr,1,1.0,gh-13139;gh-66650;gh-85214,0.75,3,pidqa-sheet-471,3,4,gh-13139;gh-44659;gh-66650;gh-85214
2,seed31_excluding_set_b,exact_set,1,1.0,0,0,0,pidqa-3bca44c6b00ed017,qwen_if_nonempty_else_ocr,0,1.0,st-71159;st-93745,1.0,2,pidqa-sheet-229,2,2,st-71159;st-93745
3,seed31_excluding_set_b,partial_recovery_with_false_candidates,0,0.5,1,3,1,pidqa-3f565de2cb332aac,qwen_if_nonempty_else_ocr,3,0.6666666666666666,uv-40363;uv-95544;uv-97274,0.4,2,pidqa-sheet-305,2,5,uv-41563;uv-49363;uv-73435;uv-95544;uv-97274
10,seed31_excluding_set_b,false_candidates_without_recovery,0,0.0,10,8,10,pidqa-401cf5ef8a0f8284,qwen_if_nonempty_else_ocr,8,0.0,sdl-105;sdl-140;sdl-263;sdl-281;sdl-283;sdl-533;sdl-700;sdl-726;sdl-729;sdl-796,0.0,0,pidqa-sheet-101,0,8,sdl 105;sdl 140;sdl 263;sdl 533;sdl 700;sdl 726;sdl 729;sdl 796
2,seed31_excluding_set_b,exact_set,1,1.0,0,0,0,pidqa-4190de8580a69a0e,qwen_if_nonempty_else_ocr,0,1.0,op-72843;op-83430,1.0,2,pidqa-sheet-192,2,2,op-72843;op-83430
3,seed31_excluding_set_b,complete_recovery_with_false_candidates,0,0.8,1,0,1,pidqa-41e0dacf598afef1,qwen_if_nonempty_else_ocr,0,0.6666666666666666,st-27986;st-64717;st-85752,1.0,2,pidqa-sheet-211,2,2,st-27986;st-64717
3,seed31_excluding_set_b,false_candidates_without_recovery,0,0.0,3,3,3,pidqa-427070a5c68f8223,qwen_if_nonempty_else_ocr,3,0.0,ins (-29°c);ins (-46°c);ins (17°c),0.0,0,pidqa-sheet-224,0,3,ins ( -29°c );ins ( -46°c );ins ( 17°c )
3,seed31_excluding_set_b,exact_set,1,1.0,0,0,0,pidqa-4b36d1f6111e91a6,qwen_if_nonempty_else_ocr,0,1.0,kl-12365;kl-57351;kl-83811,1.0,3,pidqa-sheet-048,3,3,kl-12365;kl-57351;kl-83811
3,seed31_excluding_set_b,exact_set,1,1.0,0,0,0,pidqa-4c07b9fb312d8419,qwen_if_nonempty_else_ocr,0,1.0,ro-10 500;ro-10 663;ro-10 978,1.0,3,pidqa-sheet-339,3,3,ro-10 500;ro-10 663;ro-10 978
5,seed31_excluding_set_b,complete_recovery_with_false_candidates,0,0.8888888888888888,1,0,1,pidqa-4ef15c3e6b00d40a,qwen_if_nonempty_else_ocr,0,0.8,rv-10970;rv-16746;rv-33018;rv-36305;rv-64682,1.0,4,pidqa-sheet-428,4,4,rv-10970;rv-33018;rv-36305;rv-64682
21,seed31_excluding_set_b,complete_recovery_with_false_candidates,0,0.25,18,0,18,pidqa-4fe242dd32e4612e,qwen_if_nonempty_else_ocr,0,0.14285714285714285,cs-37;cs-58;cs-80;cs-81;cs-82;cs-83;cs-84;cs-85;cs-86;cs-87;cs-88;cs-89;cs-90;cs-91;cs-92;cs-93;cs-94;cs-95;cs-96;cs-97;cs-98,1.0,3,pidqa-sheet-104,3,3,cs-37;cs-58;cs-82
2,seed31_excluding_set_b,exact_set,1,1.0,0,0,0,pidqa-51f964f265ba168e,qwen_if_nonempty_else_ocr,0,1.0,st-01408;st-63851,1.0,2,pidqa-sheet-021,2,2,st-01408;st-63851
4,seed31_excluding_set_b,exact_set,1,1.0,0,0,0,pidqa-53b110174bb59e95,qwen_if_nonempty_else_ocr,0,1.0,rv-22101;rv-52581;rv-82410;rv-87733,1.0,4,pidqa-sheet-092,4,4,rv-22101;rv-52581;rv-82410;rv-87733
2,seed31_excluding_set_b,exact_set,1,1.0,0,0,0,pidqa-5cabd080c26562d9,qwen_if_nonempty_else_ocr,0,1.0,dv-27998;dv-78735,1.0,2,pidqa-sheet-044,2,2,dv-27998;dv-78735
2,seed31_excluding_set_b,exact_set,1,1.0,0,0,0,pidqa-5ea1c3e215f2ab9e,qwen_if_nonempty_else_ocr,0,1.0,cs-54;cs-93,1.0,2,pidqa-sheet-186,2,2,cs-54;cs-93
1,seed31_excluding_set_b,partial_recovery_no_false_candidate,0,0.4,0,3,0,pidqa-683c3747eb540e1e,qwen_if_nonempty_else_ocr,3,1.0,cs-06,0.25,1,pidqa-sheet-379,1,4,cs-06;cs-44;cs-72;cs-98
3,seed31_excluding_set_b,partial_recovery_no_false_candidate,0,0.75,0,2,0,pidqa-6aba69315c8ae9bb,qwen_if_nonempty_else_ocr,2,1.0,mn-14171;mn-39415;mn-41090,0.6,3,pidqa-sheet-240,3,5,mn-14171;mn-17582;mn-32362;mn-39415;mn-41090
1,seed31_excluding_set_b,partial_recovery_no_false_candidate,0,0.5,0,2,0,pidqa-6f0b9f64c14e0f10,qwen_if_nonempty_else_ocr,2,1.0,cs-00,0.3333333333333333,1,pidqa-sheet-414,1,3,cs-00;cs-48;cs-97
10,seed31_excluding_set_b,complete_recovery_with_false_candidates,0,0.46153846153846156,7,0,7,pidqa-70c31949363b7a7a,qwen_if_nonempty_else_ocr,0,0.3,cv-11122;cv-29963;cv-33706;cv-39490;cv-51722;cv-54793;cv-58759;cv-76161;cv-76350;cv-82212,1.0,3,pidqa-sheet-171,3,3,cv-11122;cv-39490;cv-51722
8,seed31_excluding_set_b,partial_recovery_with_false_candidates,0,0.7142857142857143,3,1,3,pidqa-748d8890da8c17fc,qwen_if_nonempty_else_ocr,1,0.625,st-02743;st-18796;st-29302;st-55094;st-80624;st-89355;st-92596;st-93135,0.8333333333333334,5,pidqa-sheet-006,5,6,st-02743;st-29302;st-55094;st-60037;st-80624;st-93135
4,seed31_excluding_set_b,partial_recovery_no_false_candidate,0,0.8,0,2,0,pidqa-7d1a87016ed4fc08,qwen_if_nonempty_else_ocr,2,1.0,uv-22494;uv-32848;uv-55039;uv-68198,0.6666666666666666,4,pidqa-sheet-030,4,6,uv-22494;uv-31166;uv-32848;uv-55039;uv-68198;uv-87909
1,seed31_excluding_set_b,exact_set,1,1.0,0,0,0,pidqa-7d40a4f9e62e7a9f,qwen_if_nonempty_else_ocr,0,1.0,sta,1.0,1,pidqa-sheet-075,1,1,sta
2,seed31_excluding_set_b,partial_recovery_no_false_candidate,0,0.6666666666666666,0,2,0,pidqa-804be6e7899a1331,qwen_if_nonempty_else_ocr,2,1.0,wx-66047;wx-68933,0.5,2,pidqa-sheet-331,2,4,wx-32295;wx-66047;wx-68933;wx-91679
2,seed31_excluding_set_b,exact_set,1,1.0,0,0,0,pidqa-81dd293911e5d597,qwen_if_nonempty_else_ocr,0,1.0,rv-44442;rv-61365,1.0,2,pidqa-sheet-126,2,2,rv-44442;rv-61365
4,seed31_excluding_set_b,exact_set,1,1.0,0,0,0,pidqa-82f9d602ca3a4d39,qwen_if_nonempty_else_ocr,0,1.0,ij-05352;ij-39717;ij-62834;ij-66700,1.0,4,pidqa-sheet-407,4,4,ij-05352;ij-39717;ij-62834;ij-66700
2,seed31_excluding_set_b,exact_set,1,1.0,0,0,0,pidqa-8312c4dfba2a4b8a,qwen_if_nonempty_else_ocr,0,1.0,st-09593;st-42751,1.0,2,pidqa-sheet-487,2,2,st-09593;st-42751
7,seed31_excluding_set_b,false_candidates_without_recovery,0,0.0,7,9,7,pidqa-84651ecbb8e6392a,qwen_if_nonempty_else_ocr,9,0.0,ins (11°c);ins (28°c);ins (33°c);ins (41°c);ins (48°c);ins (51°c);ins (56°c),0.0,0,pidqa-sheet-156,0,9,ins ( -11°c );ins ( -20°c );ins ( -33°c );ins ( -56°c );ins ( 12°c );ins ( 28°c );ins ( 41°c );ins ( 48°c );ins ( 51°c )
1,seed31_excluding_set_b,false_candidates_without_recovery,0,0.0,1,0,1,pidqa-847fe938077d9d35,qwen_if_nonempty_else_ocr,0,0.0,none,0.0,0,pidqa-sheet-202,0,0,
2,seed31_excluding_set_b,exact_set,1,1.0,0,0,0,pidqa-8889e3a88e215400,qwen_if_nonempty_else_ocr,0,1.0,wx-22078;wx-38484,1.0,2,pidqa-sheet-483,2,2,wx-22078;wx-38484
1,seed31_excluding_set_b,partial_recovery_no_false_candidate,0,0.5,0,2,0,pidqa-8acf87373478913d,qwen_if_nonempty_else_ocr,2,1.0,cs-03,0.3333333333333333,1,pidqa-sheet-174,1,3,cs-03;cs-11;cs-36
1,seed31_excluding_set_b,exact_set,1,1.0,0,0,0,pidqa-8b84ccb83c7874d6,qwen_if_nonempty_else_ocr,0,1.0,ab-08912,1.0,1,pidqa-sheet-429,1,1,ab-08912
4,seed31_excluding_set_b,partial_recovery_with_false_candidates,0,0.75,1,1,1,pidqa-8d0e501085220afb,qwen_if_nonempty_else_ocr,1,0.75,ab-36890;ab-70077;ab-74920;ab-8229,0.75,3,pidqa-sheet-328,3,4,ab-36890;ab-62629;ab-70077;ab-74920
2,seed31_excluding_set_b,partial_recovery_no_false_candidate,0,0.6666666666666666,0,2,0,pidqa-91e318df4bbdc07c,qwen_if_nonempty_else_ocr,2,1.0,ef-07696;ef-99468,0.5,2,pidqa-sheet-150,2,4,ef-07696;ef-91444;ef-97151;ef-99468
3,seed31_excluding_set_b,partial_recovery_no_false_candidate,0,0.8571428571428571,0,1,0,pidqa-9299511b4585c008,qwen_if_nonempty_else_ocr,1,1.0,dv-05914;dv-24777;dv-51686,0.75,3,pidqa-sheet-188,3,4,dv-05914;dv-24777;dv-51686;dv-94284
3,seed31_excluding_set_b,partial_recovery_no_false_candidate,0,0.8571428571428571,0,1,0,pidqa-97c0980dfb3f4f98,qwen_if_nonempty_else_ocr,1,1.0,cd-29434;cd-37174;cd-85536,0.75,3,pidqa-sheet-387,3,4,cd-17780;cd-29434;cd-37174;cd-85536
1,seed31_excluding_set_b,partial_recovery_no_false_candidate,0,0.6666666666666666,0,1,0,pidqa-97c65ea32b8ecb84,qwen_if_nonempty_else_ocr,1,1.0,uv-99366,0.5,1,pidqa-sheet-060,1,2,uv-55739;uv-99366
5,seed31_excluding_set_b,exact_set,1,1.0,0,0,0,pidqa-9f3ae9efe67eade7,qwen_if_nonempty_else_ocr,0,1.0,wx-16902;wx-45249;wx-46059;wx-61391;wx-68588,1.0,5,pidqa-sheet-280,5,5,wx-16902;wx-45249;wx-46059;wx-61391;wx-68588
1,seed31_excluding_set_b,false_candidates_without_recovery,0,0.0,1,1,1,pidqa-a3e6b504ad49aab4,qwen_if_nonempty_else_ocr,1,0.0,"sta
sta
sta
sta",0.0,0,pidqa-sheet-460,0,1,sta
3,seed31_excluding_set_b,false_candidates_without_recovery,0,0.0,3,0,3,pidqa-a6fd09a772a61b8c,qwen_if_nonempty_else_ocr,0,0.0,zlc-304;zlc-504;zlc-930,0.0,0,pidqa-sheet-069,0,0,
3,seed31_excluding_set_b,false_candidates_without_recovery,0,0.0,3,4,3,pidqa-ab306bd9fe4fa765,qwen_if_nonempty_else_ocr,4,0.0,ins (-28°c);ins (-35°c);ins (-52°c),0.0,0,pidqa-sheet-134,0,4,ins ( -28°c );ins ( -35°c );ins ( -52°c );ins ( 55°c )
1,seed31_excluding_set_b,false_candidates_without_recovery,0,0.0,1,0,1,pidqa-ab39f5babcd71354,qwen_if_nonempty_else_ocr,0,0.0,none,0.0,0,pidqa-sheet-015,0,0,
6,seed31_excluding_set_b,complete_recovery_with_false_candidates,0,0.9090909090909091,1,0,1,pidqa-abec661fe2b805eb,qwen_if_nonempty_else_ocr,0,0.8333333333333334,ddl 180;ddl 251;ddl 303;ddl 675;ddl 806;ddl 974,1.0,5,pidqa-sheet-111,5,5,ddl 180;ddl 251;ddl 675;ddl 806;ddl 974
8,seed31_excluding_set_b,complete_recovery_with_false_candidates,0,0.7692307692307693,3,0,3,pidqa-ad75d60b93c22dfd,qwen_if_nonempty_else_ocr,0,0.625,qr-08924;qr-19274;qr-56512;qr-59003;qr-60607;qr-66942;qr-68407;qr-88851,1.0,5,pidqa-sheet-376,5,5,qr-08924;qr-19274;qr-56512;qr-59003;qr-68407
3,seed31_excluding_set_b,partial_recovery_with_false_candidates,0,0.3333333333333333,2,2,2,pidqa-af0c562db6a90a77,qwen_if_nonempty_else_ocr,2,0.3333333333333333,wx-05284;wx-39351;wx-91740,0.3333333333333333,1,pidqa-sheet-118,1,3,wx-05284;wx-81547;wx-89561
3,seed31_excluding_set_b,partial_recovery_no_false_candidate,0,0.8571428571428571,0,1,0,pidqa-b1c3d93abc115d5c,qwen_if_nonempty_else_ocr,1,1.0,cv-44444;cv-60977;cv-96376,0.75,3,pidqa-sheet-213,3,4,cv-44444;cv-60977;cv-71672;cv-96376
5,seed31_excluding_set_b,false_candidates_without_recovery,0,0.0,5,4,5,pidqa-b250865d67f677f6,qwen_if_nonempty_else_ocr,4,0.0,zlo-313;zlo-391;zlo-477;zlo-570;zlo-782,0.0,0,pidqa-sheet-112,0,4,zlo 313;zlo 477;zlo 570;zlo 588
7,seed31_excluding_set_b,partial_recovery_with_false_candidates,0,0.6666666666666666,3,1,3,pidqa-b2cd2b4b7a3f7f7f,qwen_if_nonempty_else_ocr,1,0.5714285714285714,gh-15791;gh-17139;gh-30387;gh-44519;gh-44790;gh-45145;gh-86887,0.8,4,pidqa-sheet-161,4,5,gh-15791;gh-17139;gh-30587;gh-45145;gh-86887
7,seed31_excluding_set_b,exact_set,1,1.0,0,0,0,pidqa-b39524dff509bbb9,qwen_if_nonempty_else_ocr,0,1.0,op-29079;op-31207;op-38373;op-39633;op-58502;op-96795;op-96902,1.0,7,pidqa-sheet-271,7,7,op-29079;op-31207;op-38373;op-39633;op-58502;op-96795;op-96902
3,seed31_excluding_set_b,partial_recovery_no_false_candidate,0,0.8571428571428571,0,1,0,pidqa-b7250591bea8b5af,qwen_if_nonempty_else_ocr,1,1.0,st-43639;st-77678;st-93493,0.75,3,pidqa-sheet-010,3,4,st-43639;st-44029;st-77678;st-93493
2,seed31_excluding_set_b,false_candidates_without_recovery,0,0.0,2,2,2,pidqa-b7d6600f5299312b,qwen_if_nonempty_else_ocr,2,0.0,ddl-667;ddl-717,0.0,0,pidqa-sheet-383,0,2,ddl 667;ddl 717
2,seed31_excluding_set_b,exact_set,1,1.0,0,0,0,pidqa-bdeb7d6802225a2e,qwen_if_nonempty_else_ocr,0,1.0,ro-10 236;ro-10 858,1.0,2,pidqa-sheet-432,2,2,ro-10 236;ro-10 858
2,seed31_excluding_set_b,partial_recovery_with_false_candidates,0,0.4,1,2,1,pidqa-c098994ef335ce80,qwen_if_nonempty_else_ocr,2,0.5,gh-44871;gh-86779,0.3333333333333333,1,pidqa-sheet-099,1,3,gh-44871;gh-66779;gh-84691
4,seed31_excluding_set_b,exact_set,1,1.0,0,0,0,pidqa-cb94caae0d38f9c4,qwen_if_nonempty_else_ocr,0,1.0,ij-18270;ij-56132;ij-85876;ij-95945,1.0,4,pidqa-sheet-453,4,4,ij-18270;ij-56132;ij-85876;ij-95945
2,seed31_excluding_set_b,partial_recovery_with_false_candidates,0,0.4,1,2,1,pidqa-d037e417f89f4693,qwen_if_nonempty_else_ocr,2,0.5,kl-81635;kl-94258,0.3333333333333333,1,pidqa-sheet-016,1,3,kl-37613;kl-81635;kl-84258
5,seed31_excluding_set_b,partial_recovery_with_false_candidates,0,0.7272727272727273,1,2,1,pidqa-d63ece3a80b395de,qwen_if_nonempty_else_ocr,2,0.8,cd-00718;cd-13900;cd-34905;cd-67015;cd-97314,0.6666666666666666,4,pidqa-sheet-106,4,6,cd-00718;cd-00863;cd-13900;cd-34905;cd-67015;cd-97514
1,seed31_excluding_set_b,partial_recovery_no_false_candidate,0,0.6666666666666666,0,1,0,pidqa-d83ba1f11b7d3c7b,qwen_if_nonempty_else_ocr,1,1.0,st-01836,0.5,1,pidqa-sheet-486,1,2,st-01836;st-21643
1,seed31_excluding_set_b,exact_set,1,1.0,0,0,0,pidqa-e7064ea82ba4ab15,qwen_if_nonempty_else_ocr,0,1.0,sta,1.0,1,pidqa-sheet-299,1,1,sta
1,seed31_excluding_set_b,partial_recovery_no_false_candidate,0,0.6666666666666666,0,1,0,pidqa-eae72d77fda2cf58,qwen_if_nonempty_else_ocr,1,1.0,rv-13292,0.5,1,pidqa-sheet-090,1,2,rv-13292;rv-98771
1,seed31_excluding_set_b,exact_set,1,1.0,0,0,0,pidqa-eecf02beab6350d6,qwen_if_nonempty_else_ocr,0,1.0,erv-1-78,1.0,1,pidqa-sheet-057,1,1,erv-1-78
1,seed31_excluding_set_b,false_candidates_without_recovery,0,0.0,1,0,1,pidqa-ef53b5307afc7e7b,qwen_if_nonempty_else_ocr,0,0.0,cd-82456,0.0,0,pidqa-sheet-394,0,0,
1,seed31_excluding_set_b,false_candidates_without_recovery,0,0.0,1,0,1,pidqa-efca9f772684426f,qwen_if_nonempty_else_ocr,0,0.0,none,0.0,0,pidqa-sheet-497,0,0,
6,seed31_excluding_set_b,exact_set,1,1.0,0,0,0,pidqa-f0343278428dcb82,qwen_if_nonempty_else_ocr,0,1.0,cs-10;cs-14;cs-18;cs-21;cs-55;cs-74,1.0,6,pidqa-sheet-105,6,6,cs-10;cs-14;cs-18;cs-21;cs-55;cs-74
1,seed31_excluding_set_b,false_candidates_without_recovery,0,0.0,1,0,1,pidqa-f292aa6d47dfa997,qwen_if_nonempty_else_ocr,0,0.0,none,0.0,0,pidqa-sheet-391,0,0,
1,seed31_excluding_set_b,exact_set,1,1.0,0,0,0,pidqa-f7827a05ea450bf6,qwen_if_nonempty_else_ocr,0,1.0,qr-73648,1.0,1,pidqa-sheet-454,1,1,qr-73648
2,seed31_excluding_set_b,exact_set,1,1.0,0,0,0,pidqa-fe068ab1db4988b6,qwen_if_nonempty_else_ocr,0,1.0,glr 374;glr 769,1.0,2,pidqa-sheet-395,2,2,glr 374;glr 769
1,seed31_excluding_set_b,false_candidates_without_recovery,0,0.0,1,1,1,pidqa-fff2894a1bc19e73,qwen_if_nonempty_else_ocr,1,0.0,zlo-615,0.0,0,pidqa-sheet-047,0,1,zlo 615
1,seed31_excluding_set_b,false_candidates_without_recovery,0,0.0,1,1,1,pidqa-fffe1e70fc16a8ee,qwen_if_nonempty_else_ocr,1,0.0,ins (-42°c),0.0,0,pidqa-sheet-200,0,1,ins ( -42°c )
2,seed29_strictly_disjoint,exact_set,1,1.0,0,0,0,pidqa-04f1611040d3febc,qwen,0,1.0,rv-08711;rv-90277,1.0,2,pidqa-sheet-254,2,2,rv-08711;rv-90277
3,seed29_strictly_disjoint,partial_recovery_with_false_candidates,0,0.6666666666666666,1,1,1,pidqa-0932c09d1853386b,qwen,1,0.6666666666666666,rv-21125;rv-47340;rv-63124,0.6666666666666666,2,pidqa-sheet-168,2,3,rv-21525;rv-47340;rv-63124
1,seed29_strictly_disjoint,false_candidates_without_recovery,0,0.0,1,0,1,pidqa-0a0c45d4ea70cb31,qwen,0,0.0,none,0.0,0,pidqa-sheet-320,0,0,
1,seed29_strictly_disjoint,partial_recovery_no_false_candidate,0,0.5,0,2,0,pidqa-0f59f92d52c5fca4,qwen,2,1.0,gh-39865,0.3333333333333333,1,pidqa-sheet-261,1,3,gh-16741;gh-39865;gh-64234
2,seed29_strictly_disjoint,exact_set,1,1.0,0,0,0,pidqa-15426398d576b75b,qwen,0,1.0,ab-52901;ab-54940,1.0,2,pidqa-sheet-316,2,2,ab-52901;ab-54940
4,seed29_strictly_disjoint,partial_recovery_no_false_candidate,0,0.8888888888888888,0,1,0,pidqa-1b2f684dae9ca085,qwen,1,1.0,wx-12077;wx-19660;wx-93060;wx-97230,0.8,4,pidqa-sheet-311,4,5,wx-12077;wx-19660;wx-59994;wx-93060;wx-97230
4,seed29_strictly_disjoint,complete_recovery_with_false_candidates,0,0.6666666666666666,2,0,2,pidqa-1ced87cccba73b13,qwen,0,0.5,gh-41708;gh-77369;gh-84711;gh-97110,1.0,2,pidqa-sheet-411,2,2,gh-77369;gh-97110
1,seed29_strictly_disjoint,partial_recovery_no_false_candidate,0,0.6666666666666666,0,1,0,pidqa-1d9856d79146dfd2,qwen,1,1.0,wx-82621,0.5,1,pidqa-sheet-043,1,2,wx-38305;wx-82621
3,seed29_strictly_disjoint,exact_set,1,1.0,0,0,0,pidqa-230f687bb9ead401,qwen,0,1.0,ro-10 191;ro-10 300;ro-10 856,1.0,3,pidqa-sheet-262,3,3,ro-10 191;ro-10 300;ro-10 856
9,seed29_strictly_disjoint,partial_recovery_with_false_candidates,0,0.42857142857142855,6,2,6,pidqa-2af5267c7032dd93,qwen,2,0.3333333333333333,st-14176;st-33315;st-38657;st-60016;st-70286;st-73110;st-80290;st-80474;st-805239,0.6,3,pidqa-sheet-115,3,5,st-38567;st-48511;st-60016;st-70286;st-73110
3,seed29_strictly_disjoint,partial_recovery_no_false_candidate,0,0.8571428571428571,0,1,0,pidqa-330b319823bc1077,qwen,1,1.0,st-04832;st-08341;st-28377,0.75,3,pidqa-sheet-222,3,4,st-04832;st-08341;st-28377;st-78526
5,seed29_strictly_disjoint,false_candidates_without_recovery,0,0.0,5,5,5,pidqa-33df727240c998d0,qwen,5,0.0,ins (-11°c);ins (-22°c);ins (-41°c);ins (30°c);ins (47°c),0.0,0,pidqa-sheet-277,0,5,ins ( -11°c );ins ( -22°c );ins ( -41°c );ins ( 30°c );ins ( 47°c )
4,seed29_strictly_disjoint,partial_recovery_with_false_candidates,0,0.75,1,1,1,pidqa-3a69c27c99bc845f,qwen,1,0.75,ab-08822;ab-63795;ab-67992;ab-98796,0.75,3,pidqa-sheet-381,3,4,ab-08822;ab-52246;ab-63795;ab-98796
1,seed29_strictly_disjoint,partial_recovery_no_false_candidate,0,0.3333333333333333,0,4,0,pidqa-408ae0b98586380b,qwen,4,1.0,dv-61329,0.2,1,pidqa-sheet-208,1,5,dv-06719;dv-33483;dv-43761;dv-61329;dv-82399
0,seed29_strictly_disjoint,exact_set,1,1.0,0,0,0,pidqa-4bc830f2193e2041,qwen,0,1.0,,1.0,0,pidqa-sheet-050,0,0,
4,seed29_strictly_disjoint,partial_recovery_with_false_candidates,0,0.5714285714285714,2,1,2,pidqa-4d55b098338d90af,qwen,1,0.5,mn-2144;mn-33614;mn-46468;mn-83090,0.6666666666666666,2,pidqa-sheet-461,2,3,mn-33614;mn-46468;mn-85090
5,seed29_strictly_disjoint,partial_recovery_with_false_candidates,0,0.5,2,4,2,pidqa-4daf1dfd58c53a94,qwen,4,0.6,cd-03566;cd-16741;cd-203;cd-25951;cd-429,0.42857142857142855,3,pidqa-sheet-147,3,7,cd-03078;cd-03566;cd-15993;cd-16741;cd-25951;cd-84895;cd-95728
6,seed29_strictly_disjoint,complete_recovery_with_false_candidates,0,0.9090909090909091,1,0,1,pidqa-4e4e54e64ea97206,qwen,0,0.8333333333333334,cv-05122;cv-40504;cv-49325;cv-60675;cv-78629;cv-83331,1.0,5,pidqa-sheet-278,5,5,cv-05122;cv-40504;cv-49325;cv-60675;cv-78629
1,seed29_strictly_disjoint,false_candidates_without_recovery,0,0.0,1,1,1,pidqa-533fc351e1cdd8eb,qwen,1,0.0,zlo-202,0.0,0,pidqa-sheet-357,0,1,zlo 202
1,seed29_strictly_disjoint,exact_set,1,1.0,0,0,0,pidqa-5340d3695dcc1560,qwen,0,1.0,wx-23455,1.0,1,pidqa-sheet-330,1,1,wx-23455
1,seed29_strictly_disjoint,partial_recovery_no_false_candidate,0,0.2222222222222222,0,7,0,pidqa-56030edad68463c6,qwen,7,1.0,op-90302,0.125,1,pidqa-sheet-300,1,8,op-06603;op-10869;op-18523;op-45254;op-81021;op-84658;op-89250;op-90302
4,seed29_strictly_disjoint,partial_recovery_with_false_candidates,0,0.75,1,1,1,pidqa-586fffaf411f9b3b,qwen,1,0.75,cs-40;cs-59;cs-67;cs-90,0.75,3,pidqa-sheet-076,3,4,cs-09;cs-40;cs-59;cs-67
3,seed29_strictly_disjoint,partial_recovery_no_false_candidate,0,0.8571428571428571,0,1,0,pidqa-5cba9a5c08547fbd,qwen,1,1.0,ab-41151;ab-44053;ab-45108,0.75,3,pidqa-sheet-420,3,4,ab-41151;ab-44053;ab-45108;ab-93245
1,seed29_strictly_disjoint,exact_set,1,1.0,0,0,0,pidqa-5e1f751df1e8a2ec,qwen,0,1.0,cd-09064,1.0,1,pidqa-sheet-102,1,1,cd-09064
7,seed29_strictly_disjoint,partial_recovery_with_false_candidates,0,0.7142857142857143,2,2,2,pidqa-5eeb6c8c4e52b425,qwen,2,0.7142857142857143,cs-36;cs-48;cs-72;cs-73;cs-81;cs-88;cs-89,0.7142857142857143,5,pidqa-sheet-325,5,7,cs-08;cs-36;cs-48;cs-72;cs-78;cs-81;cs-89
1,seed29_strictly_disjoint,false_candidates_without_recovery,0,0.0,1,0,1,pidqa-5f9bfb932c14e748,qwen,0,0.0,none,0.0,0,pidqa-sheet-268,0,0,
2,seed29_strictly_disjoint,complete_recovery_with_false_candidates,0,0.6666666666666666,1,0,1,pidqa-6006f6cacb548608,qwen,0,0.5,ab-14250;ab-93971,1.0,1,pidqa-sheet-203,1,1,ab-14250
1,seed29_strictly_disjoint,false_candidates_without_recovery,0,0.0,1,1,1,pidqa-601d1474adb31ab4,qwen,1,0.0,zlc-856,0.0,0,pidqa-sheet-238,0,1,zlc 856
4,seed29_strictly_disjoint,exact_set,1,1.0,0,0,0,pidqa-63a05404c523bb1f,qwen,0,1.0,ro-10 459;ro-10 482;ro-10 888;ro-10 927,1.0,4,pidqa-sheet-228,4,4,ro-10 459;ro-10 482;ro-10 888;ro-10 927
1,seed29_strictly_disjoint,partial_recovery_no_false_candidate,0,0.4,0,3,0,pidqa-645ae80f4755b34c,qwen,3,1.0,qr-01143,0.25,1,pidqa-sheet-053,1,4,qr-01143;qr-06900;qr-19925;qr-38298
2,seed29_strictly_disjoint,false_candidates_without_recovery,0,0.0,2,2,2,pidqa-6668902e3347107c,qwen,2,0.0,ddl-101;ddl-644,0.0,0,pidqa-sheet-375,0,2,ddl 101;ddl 644
2,seed29_strictly_disjoint,exact_set,1,1.0,0,0,0,pidqa-6c8c106bdc274747,qwen,0,1.0,op-20600;op-65704,1.0,2,pidqa-sheet-176,2,2,op-20600;op-65704
2,seed29_strictly_disjoint,partial_recovery_no_false_candidate,0,0.8,0,1,0,pidqa-713785d0c52e3db8,qwen,1,1.0,qr-12411;qr-51203,0.6666666666666666,2,pidqa-sheet-397,2,3,qr-12411;qr-45113;qr-51203
7,seed29_strictly_disjoint,partial_recovery_with_false_candidates,0,0.7142857142857143,2,2,2,pidqa-730aee11c15178c7,qwen,2,0.7142857142857143,kl-05335;kl-20048;kl-59429;kl-65399;kl-78341;kl-80395;kl-94662,0.7142857142857143,5,pidqa-sheet-227,5,7,kl-05325;kl-20048;kl-59429;kl-65399;kl-78341;kl-80584;kl-94662
1,seed29_strictly_disjoint,partial_recovery_no_false_candidate,0,0.6666666666666666,0,1,0,pidqa-7527c6077f6047e5,qwen,1,1.0,mn-75516,0.5,1,pidqa-sheet-335,1,2,mn-18441;mn-75516
3,seed29_strictly_disjoint,partial_recovery_with_false_candidates,0,0.6666666666666666,1,1,1,pidqa-77e00c2338f52aa2,qwen,1,0.6666666666666666,cv-52538;cv-55056;cv-95998,0.6666666666666666,2,pidqa-sheet-087,2,3,cv-52558;cv-55056;cv-95998
2,seed29_strictly_disjoint,partial_recovery_no_false_candidate,0,0.6666666666666666,0,2,0,pidqa-7cb44b039e938212,qwen,2,1.0,qr-10436;qr-48370,0.5,2,pidqa-sheet-177,2,4,qr-10436;qr-46136;qr-48370;qr-62866
1,seed29_strictly_disjoint,partial_recovery_no_false_candidate,0,0.4,0,3,0,pidqa-85bfc32906052d24,qwen,3,1.0,erv-5-43,0.25,1,pidqa-sheet-384,1,4,erv-1-95;erv-3-54;erv-5-43;erv-9-18
1,seed29_strictly_disjoint,partial_recovery_no_false_candidate,0,0.6666666666666666,0,1,0,pidqa-8f976cef5d632142,qwen,1,1.0,cv-08339,0.5,1,pidqa-sheet-352,1,2,cv-08339;cv-19282
4,seed29_strictly_disjoint,exact_set,1,1.0,0,0,0,pidqa-9a92a1fcf269afed,qwen,0,1.0,cd-13039;cd-22442;cd-62213;cd-81715,1.0,4,pidqa-sheet-218,4,4,cd-13039;cd-22442;cd-62213;cd-81715
1,seed29_strictly_disjoint,exact_set,1,1.0,0,0,0,pidqa-9ead719dd4391f46,qwen,0,1.0,sta,1.0,1,pidqa-sheet-135,1,1,sta
4,seed29_strictly_disjoint,exact_set,1,1.0,0,0,0,pidqa-a52a2f67e20a6cec,qwen,0,1.0,ddl 447;ddl 562;ddl 606;ddl 711,1.0,4,pidqa-sheet-345,4,4,ddl 447;ddl 562;ddl 606;ddl 711
4,seed29_strictly_disjoint,complete_recovery_with_false_candidates,0,0.8571428571428571,1,0,1,pidqa-a64ad369cfa41595,qwen,0,0.75,ij-21723;ij-32293;ij-48;ij-66800,1.0,3,pidqa-sheet-216,3,3,ij-21723;ij-32293;ij-66800
2,seed29_strictly_disjoint,exact_set,1,1.0,0,0,0,pidqa-a75682d490978cf3,qwen,0,1.0,kl-16059;kl-85942,1.0,2,pidqa-sheet-178,2,2,kl-16059;kl-85942
2,seed29_strictly_disjoint,partial_recovery_no_false_candidate,0,0.5,0,4,0,pidqa-a92abe8d1049ba86,qwen,4,1.0,wx-75744;wx-86140,0.3333333333333333,2,pidqa-sheet-306,2,6,wx-07893;wx-09356;wx-63032;wx-75744;wx-83074;wx-86140
3,seed29_strictly_disjoint,exact_set,1,1.0,0,0,0,pidqa-b0a229ea578e57dd,qwen,0,1.0,zlo 112;zlo 485;zlo 975,1.0,3,pidqa-sheet-157,3,3,zlo 112;zlo 485;zlo 975
1,seed29_strictly_disjoint,exact_set,1,1.0,0,0,0,pidqa-b1eb13b22fb1d652,qwen,0,1.0,mn-90389,1.0,1,pidqa-sheet-470,1,1,mn-90389
2,seed29_strictly_disjoint,exact_set,1,1.0,0,0,0,pidqa-b3b0bc3c778183c4,qwen,0,1.0,ef-79752;ef-89897,1.0,2,pidqa-sheet-465,2,2,ef-79752;ef-89897
5,seed29_strictly_disjoint,false_candidates_without_recovery,0,0.0,5,4,5,pidqa-be69122a74bba601,qwen,4,0.0,zlc-284;zlc-299;zlc-585;zlc-589;zlc-709,0.0,0,pidqa-sheet-310,0,4,zlc 284;zlc 299;zlc 589;zlc 709
7,seed29_strictly_disjoint,partial_recovery_with_false_candidates,0,0.6666666666666666,3,1,3,pidqa-bef1e7b25f21999b,qwen,1,0.5714285714285714,mn-32963;mn-50220;mn-53592;mn-67929;mn-73380;mn-75300;mn-87766,0.8,4,pidqa-sheet-079,4,5,mn-32963;mn-50220;mn-53592;mn-57306;mn-67929
3,seed29_strictly_disjoint,exact_set,1,1.0,0,0,0,pidqa-c414cc1f3508c696,qwen,0,1.0,ro-10 469;ro-10 491;ro-10 791,1.0,3,pidqa-sheet-153,3,3,ro-10 469;ro-10 491;ro-10 791
5,seed29_strictly_disjoint,partial_recovery_with_false_candidates,0,0.5,1,7,1,pidqa-ca69022dd8e62d83,qwen,7,0.8,ij-03134;ij-29763;ij-32414;ij-6527;ij-81078,0.36363636363636365,4,pidqa-sheet-362,4,11,ij-03134;ij-29763;ij-32414;ij-56034;ij-57429;ij-65735;ij-66527;ij-68501;ij-81078;ij-84732;ij-91759
1,seed29_strictly_disjoint,exact_set,1,1.0,0,0,0,pidqa-cd757faa3f357702,qwen,0,1.0,dv-44878,1.0,1,pidqa-sheet-210,1,1,dv-44878
3,seed29_strictly_disjoint,false_candidates_without_recovery,0,0.0,3,3,3,pidqa-d47bc1f58ffb95a5,qwen,3,0.0,ins (-14°c);ins (16°c);ins (38°c),0.0,0,pidqa-sheet-288,0,3,ins ( -14°c );ins ( 16°c );ins ( 38°c )
2,seed29_strictly_disjoint,partial_recovery_no_false_candidate,0,0.8,0,1,0,pidqa-da0f3b101171ca5d,qwen,1,1.0,ab-09933;ab-78404,0.6666666666666666,2,pidqa-sheet-144,2,3,ab-09933;ab-28552;ab-78404
1,seed29_strictly_disjoint,partial_recovery_no_false_candidate,0,0.4,0,3,0,pidqa-de60c7723be2a7db,qwen,3,1.0,qr-00016,0.25,1,pidqa-sheet-431,1,4,qr-00016;qr-10245;qr-71798;qr-82218
4,seed29_strictly_disjoint,exact_set,1,1.0,0,0,0,pidqa-e6cb148df5772b05,qwen,0,1.0,ro-10 259;ro-10 891;ro-10 932;ro-10 963,1.0,4,pidqa-sheet-401,4,4,ro-10 259;ro-10 891;ro-10 932;ro-10 963
4,seed29_strictly_disjoint,partial_recovery_with_false_candidates,0,0.2857142857142857,3,2,3,pidqa-e752e5e7430010ba,qwen,2,0.25,ro-10 561;ro-10 677;ro-15 158;ro-15 230,0.3333333333333333,1,pidqa-sheet-152,1,3,ro-10 158;ro-10 230;ro-10 561
1,seed29_strictly_disjoint,false_candidates_without_recovery,0,0.0,1,1,1,pidqa-e7efdb59b850fd5b,qwen,1,0.0,glr-788,0.0,0,pidqa-sheet-073,0,1,glr 788
5,seed29_strictly_disjoint,partial_recovery_no_false_candidate,0,0.9090909090909091,0,1,0,pidqa-e8bf5e5a996a4b7a,qwen,1,1.0,mn-00722;mn-19995;mn-50858;mn-52585;mn-53120,0.8333333333333334,5,pidqa-sheet-083,5,6,mn-00722;mn-19995;mn-50858;mn-52585;mn-53120;mn-74821
12,seed29_strictly_disjoint,partial_recovery_with_false_candidates,0,0.7619047619047619,4,1,4,pidqa-eeb7208d14eb5ac4,qwen,1,0.6666666666666666,cd-16562;cd-21592;cd-40290;cd-45311;cd-61849;cd-74614;cd-78219;cd-80095;cd-82064;cd-86723;cd-86745;cd-91409,0.8888888888888888,8,pidqa-sheet-337,8,9,cd-21592;cd-40290;cd-45311;cd-61849;cd-68209;cd-74614;cd-82064;cd-86723;cd-86745
1,seed29_strictly_disjoint,partial_recovery_no_false_candidate,0,0.5,0,2,0,pidqa-f326e386aba99f91,qwen,2,1.0,av-03839,0.3333333333333333,1,pidqa-sheet-164,1,3,av-01618;av-03839;av-35140
6,seed29_strictly_disjoint,partial_recovery_no_false_candidate,0,0.9230769230769231,0,1,0,pidqa-f3dc11e8a3fcffd4,qwen,1,1.0,op-13754;op-15776;op-39731;op-41874;op-48833;op-48979,0.8571428571428571,6,pidqa-sheet-241,6,7,op-13754;op-14623;op-15776;op-39731;op-41874;op-48833;op-48979
2,seed29_strictly_disjoint,partial_recovery_with_false_candidates,0,0.3333333333333333,1,3,1,pidqa-f41bdf413f884b8c,qwen,3,0.5,gh-56124;gh-60931,0.25,1,pidqa-sheet-038,1,4,gh-13995;gh-56124;gh-64931;gh-75589
1,seed29_strictly_disjoint,partial_recovery_no_false_candidate,0,0.6666666666666666,0,1,0,pidqa-f463f1f21ab82fd1,qwen,1,1.0,dv-87411,0.5,1,pidqa-sheet-264,1,2,dv-41027;dv-87411
1,seed29_strictly_disjoint,partial_recovery_no_false_candidate,0,0.6666666666666666,0,1,0,pidqa-04f1611040d3febc,paddleocr_geometry,1,1.0,rv-90277,0.5,1,pidqa-sheet-254,1,2,rv-08711;rv-90277
0,seed29_strictly_disjoint,empty_prediction,0,0.0,0,3,0,pidqa-0932c09d1853386b,paddleocr_geometry,3,0.0,,0.0,0,pidqa-sheet-168,0,3,rv-21525;rv-47340;rv-63124
0,seed29_strictly_disjoint,exact_set,1,1.0,0,0,0,pidqa-0a0c45d4ea70cb31,paddleocr_geometry,0,1.0,,1.0,0,pidqa-sheet-320,0,0,
1,seed29_strictly_disjoint,partial_recovery_no_false_candidate,0,0.5,0,2,0,pidqa-0f59f92d52c5fca4,paddleocr_geometry,2,1.0,gh-39865,0.3333333333333333,1,pidqa-sheet-261,1,3,gh-16741;gh-39865;gh-64234
3,seed29_strictly_disjoint,partial_recovery_with_false_candidates,0,0.4,2,1,2,pidqa-15426398d576b75b,paddleocr_geometry,1,0.3333333333333333,ab-54940;abc;abcd,0.5,1,pidqa-sheet-316,1,2,ab-52901;ab-54940
4,seed29_strictly_disjoint,partial_recovery_no_false_candidate,0,0.8888888888888888,0,1,0,pidqa-1b2f684dae9ca085,paddleocr_geometry,1,1.0,wx-12077;wx-19660;wx-93060;wx-97230,0.8,4,pidqa-sheet-311,4,5,wx-12077;wx-19660;wx-59994;wx-93060;wx-97230
0,seed29_strictly_disjoint,empty_prediction,0,0.0,0,2,0,pidqa-1ced87cccba73b13,paddleocr_geometry,2,0.0,,0.0,0,pidqa-sheet-411,0,2,gh-77369;gh-97110
2,seed29_strictly_disjoint,exact_set,1,1.0,0,0,0,pidqa-1d9856d79146dfd2,paddleocr_geometry,0,1.0,wx-38305;wx-82621,1.0,2,pidqa-sheet-043,2,2,wx-38305;wx-82621
3,seed29_strictly_disjoint,exact_set,1,1.0,0,0,0,pidqa-230f687bb9ead401,paddleocr_geometry,0,1.0,ro-10 191;ro-10 300;ro-10 856,1.0,3,pidqa-sheet-262,3,3,ro-10 191;ro-10 300;ro-10 856
4,seed29_strictly_disjoint,partial_recovery_with_false_candidates,0,0.6666666666666666,1,2,1,pidqa-2af5267c7032dd93,paddleocr_geometry,2,0.75,st-60016;st-70286;st-73110;sta,0.6,3,pidqa-sheet-115,3,5,st-38567;st-48511;st-60016;st-70286;st-73110
4,seed29_strictly_disjoint,partial_recovery_with_false_candidates,0,0.75,1,1,1,pidqa-330b319823bc1077,paddleocr_geometry,1,0.75,st-04832;st-08341;st-28377;sta,0.75,3,pidqa-sheet-222,3,4,st-04832;st-08341;st-28377;st-78526
1,seed29_strictly_disjoint,false_candidates_without_recovery,0,0.0,1,5,1,pidqa-33df727240c998d0,paddleocr_geometry,5,0.0,ins,0.0,0,pidqa-sheet-277,0,5,ins ( -11°c );ins ( -22°c );ins ( -41°c );ins ( 30°c );ins ( 47°c )
3,seed29_strictly_disjoint,false_candidates_without_recovery,0,0.0,3,4,3,pidqa-3a69c27c99bc845f,paddleocr_geometry,4,0.0,ab222;abc;abcd,0.0,0,pidqa-sheet-381,0,4,ab-08822;ab-52246;ab-63795;ab-98796
3,seed29_strictly_disjoint,partial_recovery_no_false_candidate,0,0.75,0,2,0,pidqa-408ae0b98586380b,paddleocr_geometry,2,1.0,dv-33483;dv-61329;dv-82399,0.6,3,pidqa-sheet-208,3,5,dv-06719;dv-33483;dv-43761;dv-61329;dv-82399
0,seed29_strictly_disjoint,exact_set,1,1.0,0,0,0,pidqa-4bc830f2193e2041,paddleocr_geometry,0,1.0,,1.0,0,pidqa-sheet-050,0,0,
3,seed29_strictly_disjoint,partial_recovery_with_false_candidates,0,0.6666666666666666,1,1,1,pidqa-4d55b098338d90af,paddleocr_geometry,1,0.6666666666666666,mn-2144;mn-33614;mn-46468,0.6666666666666666,2,pidqa-sheet-461,2,3,mn-33614;mn-46468;mn-85090
2,seed29_strictly_disjoint,partial_recovery_no_false_candidate,0,0.4444444444444444,0,5,0,pidqa-4daf1dfd58c53a94,paddleocr_geometry,5,1.0,cd-03078;cd-84895,0.2857142857142857,2,pidqa-sheet-147,2,7,cd-03078;cd-03566;cd-15993;cd-16741;cd-25951;cd-84895;cd-95728
3,seed29_strictly_disjoint,partial_recovery_no_false_candidate,0,0.75,0,2,0,pidqa-4e4e54e64ea97206,paddleocr_geometry,2,1.0,cv-05122;cv-60675;cv-78629,0.6,3,pidqa-sheet-278,3,5,cv-05122;cv-40504;cv-49325;cv-60675;cv-78629
1,seed29_strictly_disjoint,exact_set,1,1.0,0,0,0,pidqa-533fc351e1cdd8eb,paddleocr_geometry,0,1.0,zlo 202,1.0,1,pidqa-sheet-357,1,1,zlo 202
1,seed29_strictly_disjoint,false_candidates_without_recovery,0,0.0,1,1,1,pidqa-5340d3695dcc1560,paddleocr_geometry,1,0.0,wxx22,0.0,0,pidqa-sheet-330,0,1,wx-23455
3,seed29_strictly_disjoint,partial_recovery_no_false_candidate,0,0.5454545454545454,0,5,0,pidqa-56030edad68463c6,paddleocr_geometry,5,1.0,op-45254;op-81021;op-90302,0.375,3,pidqa-sheet-300,3,8,op-06603;op-10869;op-18523;op-45254;op-81021;op-84658;op-89250;op-90302
0,seed29_strictly_disjoint,empty_prediction,0,0.0,0,4,0,pidqa-586fffaf411f9b3b,paddleocr_geometry,4,0.0,,0.0,0,pidqa-sheet-076,0,4,cs-09;cs-40;cs-59;cs-67
4,seed29_strictly_disjoint,partial_recovery_with_false_candidates,0,0.5,2,2,2,pidqa-5cba9a5c08547fbd,paddleocr_geometry,2,0.5,ab-41151;ab-44053;abc;abcd,0.5,2,pidqa-sheet-420,2,4,ab-41151;ab-44053;ab-45108;ab-93245
1,seed29_strictly_disjoint,exact_set,1,1.0,0,0,0,pidqa-5e1f751df1e8a2ec,paddleocr_geometry,0,1.0,cd-09064,1.0,1,pidqa-sheet-102,1,1,cd-09064
1,seed29_strictly_disjoint,partial_recovery_no_false_candidate,0,0.25,0,6,0,pidqa-5eeb6c8c4e52b425,paddleocr_geometry,6,1.0,cs-81,0.14285714285714285,1,pidqa-sheet-325,1,7,cs-08;cs-36;cs-48;cs-72;cs-78;cs-81;cs-89
0,seed29_strictly_disjoint,exact_set,1,1.0,0,0,0,pidqa-5f9bfb932c14e748,paddleocr_geometry,0,1.0,,1.0,0,pidqa-sheet-268,0,0,
2,seed29_strictly_disjoint,false_candidates_without_recovery,0,0.0,2,1,2,pidqa-6006f6cacb548608,paddleocr_geometry,1,0.0,abc;abcd,0.0,0,pidqa-sheet-203,0,1,ab-14250
1,seed29_strictly_disjoint,exact_set,1,1.0,0,0,0,pidqa-601d1474adb31ab4,paddleocr_geometry,0,1.0,zlc 856,1.0,1,pidqa-sheet-238,1,1,zlc 856
4,seed29_strictly_disjoint,exact_set,1,1.0,0,0,0,pidqa-63a05404c523bb1f,paddleocr_geometry,0,1.0,ro-10 459;ro-10 482;ro-10 888;ro-10 927,1.0,4,pidqa-sheet-228,4,4,ro-10 459;ro-10 482;ro-10 888;ro-10 927
3,seed29_strictly_disjoint,partial_recovery_no_false_candidate,0,0.8571428571428571,0,1,0,pidqa-645ae80f4755b34c,paddleocr_geometry,1,1.0,qr-01143;qr-06900;qr-19925,0.75,3,pidqa-sheet-053,3,4,qr-01143;qr-06900;qr-19925;qr-38298
0,seed29_strictly_disjoint,empty_prediction,0,0.0,0,2,0,pidqa-6668902e3347107c,paddleocr_geometry,2,0.0,,0.0,0,pidqa-sheet-375,0,2,ddl 101;ddl 644
1,seed29_strictly_disjoint,false_candidates_without_recovery,0,0.0,1,2,1,pidqa-6c8c106bdc274747,paddleocr_geometry,2,0.0,op522,0.0,0,pidqa-sheet-176,0,2,op-20600;op-65704
1,seed29_strictly_disjoint,partial_recovery_no_false_candidate,0,0.5,0,2,0,pidqa-713785d0c52e3db8,paddleocr_geometry,2,1.0,qr-45113,0.3333333333333333,1,pidqa-sheet-397,1,3,qr-12411;qr-45113;qr-51203
5,seed29_strictly_disjoint,partial_recovery_with_false_candidates,0,0.6666666666666666,1,3,1,pidqa-730aee11c15178c7,paddleocr_geometry,3,0.8,kl-20048;kl-65399;kl-78341;kl-94662;kl038,0.5714285714285714,4,pidqa-sheet-227,4,7,kl-05325;kl-20048;kl-59429;kl-65399;kl-78341;kl-80584;kl-94662
1,seed29_strictly_disjoint,false_candidates_without_recovery,0,0.0,1,2,1,pidqa-7527c6077f6047e5,paddleocr_geometry,2,0.0,mnn55,0.0,0,pidqa-sheet-335,0,2,mn-18441;mn-75516
2,seed29_strictly_disjoint,partial_recovery_no_false_candidate,0,0.8,0,1,0,pidqa-77e00c2338f52aa2,paddleocr_geometry,1,1.0,cv-55056;cv-95998,0.6666666666666666,2,pidqa-sheet-087,2,3,cv-52558;cv-55056;cv-95998
2,seed29_strictly_disjoint,partial_recovery_no_false_candidate,0,0.6666666666666666,0,2,0,pidqa-7cb44b039e938212,paddleocr_geometry,2,1.0,qr-10436;qr-48370,0.5,2,pidqa-sheet-177,2,4,qr-10436;qr-46136;qr-48370;qr-62866
3,seed29_strictly_disjoint,partial_recovery_no_false_candidate,0,0.8571428571428571,0,1,0,pidqa-85bfc32906052d24,paddleocr_geometry,1,1.0,erv-1-95;erv-3-54;erv-5-43,0.75,3,pidqa-sheet-384,3,4,erv-1-95;erv-3-54;erv-5-43;erv-9-18
1,seed29_strictly_disjoint,partial_recovery_no_false_candidate,0,0.6666666666666666,0,1,0,pidqa-8f976cef5d632142,paddleocr_geometry,1,1.0,cv-08339,0.5,1,pidqa-sheet-352,1,2,cv-08339;cv-19282
2,seed29_strictly_disjoint,partial_recovery_no_false_candidate,0,0.6666666666666666,0,2,0,pidqa-9a92a1fcf269afed,paddleocr_geometry,2,1.0,cd-13039;cd-62213,0.5,2,pidqa-sheet-218,2,4,cd-13039;cd-22442;cd-62213;cd-81715
1,seed29_strictly_disjoint,exact_set,1,1.0,0,0,0,pidqa-9ead719dd4391f46,paddleocr_geometry,0,1.0,sta,1.0,1,pidqa-sheet-135,1,1,sta
1,seed29_strictly_disjoint,partial_recovery_no_false_candidate,0,0.4,0,3,0,pidqa-a52a2f67e20a6cec,paddleocr_geometry,3,1.0,ddl 606,0.25,1,pidqa-sheet-345,1,4,ddl 447;ddl 562;ddl 606;ddl 711
1,seed29_strictly_disjoint,partial_recovery_no_false_candidate,0,0.5,0,2,0,pidqa-a64ad369cfa41595,paddleocr_geometry,2,1.0,ij-21723,0.3333333333333333,1,pidqa-sheet-216,1,3,ij-21723;ij-32293;ij-66800
2,seed29_strictly_disjoint,partial_recovery_with_false_candidates,0,0.5,1,1,1,pidqa-a75682d490978cf3,paddleocr_geometry,1,0.5,kl-16059;kl648,0.5,1,pidqa-sheet-178,1,2,kl-16059;kl-85942
2,seed29_strictly_disjoint,partial_recovery_no_false_candidate,0,0.5,0,4,0,pidqa-a92abe8d1049ba86,paddleocr_geometry,4,1.0,wx-07893;wx-83074,0.3333333333333333,2,pidqa-sheet-306,2,6,wx-07893;wx-09356;wx-63032;wx-75744;wx-83074;wx-86140
3,seed29_strictly_disjoint,exact_set,1,1.0,0,0,0,pidqa-b0a229ea578e57dd,paddleocr_geometry,0,1.0,zlo 112;zlo 485;zlo 975,1.0,3,pidqa-sheet-157,3,3,zlo 112;zlo 485;zlo 975
0,seed29_strictly_disjoint,empty_prediction,0,0.0,0,1,0,pidqa-b1eb13b22fb1d652,paddleocr_geometry,1,0.0,,0.0,0,pidqa-sheet-470,0,1,mn-90389
3,seed29_strictly_disjoint,complete_recovery_with_false_candidates,0,0.8,1,0,1,pidqa-b3b0bc3c778183c4,paddleocr_geometry,0,0.6666666666666666,ef-79752;ef-89897;efgh,1.0,2,pidqa-sheet-465,2,2,ef-79752;ef-89897
2,seed29_strictly_disjoint,partial_recovery_no_false_candidate,0,0.6666666666666666,0,2,0,pidqa-be69122a74bba601,paddleocr_geometry,2,1.0,zlc 284;zlc 299,0.5,2,pidqa-sheet-310,2,4,zlc 284;zlc 299;zlc 589;zlc 709
3,seed29_strictly_disjoint,partial_recovery_with_false_candidates,0,0.5,1,3,1,pidqa-bef1e7b25f21999b,paddleocr_geometry,3,0.6666666666666666,mn-32963;mn-50220;mnn77,0.4,2,pidqa-sheet-079,2,5,mn-32963;mn-50220;mn-53592;mn-57306;mn-67929
2,seed29_strictly_disjoint,partial_recovery_no_false_candidate,0,0.8,0,1,0,pidqa-c414cc1f3508c696,paddleocr_geometry,1,1.0,ro-10 469;ro-10 491,0.6666666666666666,2,pidqa-sheet-153,2,3,ro-10 469;ro-10 491;ro-10 791
5,seed29_strictly_disjoint,partial_recovery_no_false_candidate,0,0.625,0,6,0,pidqa-ca69022dd8e62d83,paddleocr_geometry,6,1.0,ij-29763;ij-32414;ij-65735;ij-66527;ij-81078,0.45454545454545453,5,pidqa-sheet-362,5,11,ij-03134;ij-29763;ij-32414;ij-56034;ij-57429;ij-65735;ij-66527;ij-68501;ij-81078;ij-84732;ij-91759
1,seed29_strictly_disjoint,exact_set,1,1.0,0,0,0,pidqa-cd757faa3f357702,paddleocr_geometry,0,1.0,dv-44878,1.0,1,pidqa-sheet-210,1,1,dv-44878
1,seed29_strictly_disjoint,false_candidates_without_recovery,0,0.0,1,3,1,pidqa-d47bc1f58ffb95a5,paddleocr_geometry,3,0.0,ins,0.0,0,pidqa-sheet-288,0,3,ins ( -14°c );ins ( 16°c );ins ( 38°c )
4,seed29_strictly_disjoint,partial_recovery_with_false_candidates,0,0.5714285714285714,2,1,2,pidqa-da0f3b101171ca5d,paddleocr_geometry,1,0.5,ab-09933;ab-78404;abc;abcd,0.6666666666666666,2,pidqa-sheet-144,2,3,ab-09933;ab-28552;ab-78404
2,seed29_strictly_disjoint,partial_recovery_no_false_candidate,0,0.6666666666666666,0,2,0,pidqa-de60c7723be2a7db,paddleocr_geometry,2,1.0,qr-00016;qr-71798,0.5,2,pidqa-sheet-431,2,4,qr-00016;qr-10245;qr-71798;qr-82218
4,seed29_strictly_disjoint,exact_set,1,1.0,0,0,0,pidqa-e6cb148df5772b05,paddleocr_geometry,0,1.0,ro-10 259;ro-10 891;ro-10 932;ro-10 963,1.0,4,pidqa-sheet-401,4,4,ro-10 259;ro-10 891;ro-10 932;ro-10 963
0,seed29_strictly_disjoint,empty_prediction,0,0.0,0,3,0,pidqa-e752e5e7430010ba,paddleocr_geometry,3,0.0,,0.0,0,pidqa-sheet-152,0,3,ro-10 158;ro-10 230;ro-10 561
0,seed29_strictly_disjoint,empty_prediction,0,0.0,0,1,0,pidqa-e7efdb59b850fd5b,paddleocr_geometry,1,0.0,,0.0,0,pidqa-sheet-073,0,1,glr 788
3,seed29_strictly_disjoint,partial_recovery_no_false_candidate,0,0.6666666666666666,0,3,0,pidqa-e8bf5e5a996a4b7a,paddleocr_geometry,3,1.0,mn-00722;mn-53120;mn-74821,0.5,3,pidqa-sheet-083,3,6,mn-00722;mn-19995;mn-50858;mn-52585;mn-53120;mn-74821
5,seed29_strictly_disjoint,partial_recovery_no_false_candidate,0,0.7142857142857143,0,4,0,pidqa-eeb7208d14eb5ac4,paddleocr_geometry,4,1.0,cd-21592;cd-45311;cd-74614;cd-82064;cd-86745,0.5555555555555556,5,pidqa-sheet-337,5,9,cd-21592;cd-40290;cd-45311;cd-61849;cd-68209;cd-74614;cd-82064;cd-86723;cd-86745
2,seed29_strictly_disjoint,partial_recovery_with_false_candidates,0,0.4,1,2,1,pidqa-f326e386aba99f91,paddleocr_geometry,2,0.5,av-35140;av118,0.3333333333333333,1,pidqa-sheet-164,1,3,av-01618;av-03839;av-35140
5,seed29_strictly_disjoint,partial_recovery_with_false_candidates,0,0.6666666666666666,1,3,1,pidqa-f3dc11e8a3fcffd4,paddleocr_geometry,3,0.8,op-15776;op-39731;op-48833;op-48979;opp27,0.5714285714285714,4,pidqa-sheet-241,4,7,op-13754;op-14623;op-15776;op-39731;op-41874;op-48833;op-48979
1,seed29_strictly_disjoint,partial_recovery_no_false_candidate,0,0.4,0,3,0,pidqa-f41bdf413f884b8c,paddleocr_geometry,3,1.0,gh-56124,0.25,1,pidqa-sheet-038,1,4,gh-13995;gh-56124;gh-64931;gh-75589
0,seed29_strictly_disjoint,empty_prediction,0,0.0,0,2,0,pidqa-f463f1f21ab82fd1,paddleocr_geometry,2,0.0,,0.0,0,pidqa-sheet-264,0,2,dv-41027;dv-87411
2,seed29_strictly_disjoint,exact_set,1,1.0,0,0,0,pidqa-04f1611040d3febc,set_union,0,1.0,rv-08711;rv-90277,1.0,2,pidqa-sheet-254,2,2,rv-08711;rv-90277
3,seed29_strictly_disjoint,partial_recovery_with_false_candidates,0,0.6666666666666666,1,1,1,pidqa-0932c09d1853386b,set_union,1,0.6666666666666666,rv-21125;rv-47340;rv-63124,0.6666666666666666,2,pidqa-sheet-168,2,3,rv-21525;rv-47340;rv-63124
1,seed29_strictly_disjoint,false_candidates_without_recovery,0,0.0,1,0,1,pidqa-0a0c45d4ea70cb31,set_union,0,0.0,none,0.0,0,pidqa-sheet-320,0,0,
1,seed29_strictly_disjoint,partial_recovery_no_false_candidate,0,0.5,0,2,0,pidqa-0f59f92d52c5fca4,set_union,2,1.0,gh-39865,0.3333333333333333,1,pidqa-sheet-261,1,3,gh-16741;gh-39865;gh-64234
4,seed29_strictly_disjoint,complete_recovery_with_false_candidates,0,0.6666666666666666,2,0,2,pidqa-15426398d576b75b,set_union,0,0.5,ab-52901;ab-54940;abc;abcd,1.0,2,pidqa-sheet-316,2,2,ab-52901;ab-54940
4,seed29_strictly_disjoint,partial_recovery_no_false_candidate,0,0.8888888888888888,0,1,0,pidqa-1b2f684dae9ca085,set_union,1,1.0,wx-12077;wx-19660;wx-93060;wx-97230,0.8,4,pidqa-sheet-311,4,5,wx-12077;wx-19660;wx-59994;wx-93060;wx-97230
4,seed29_strictly_disjoint,complete_recovery_with_false_candidates,0,0.6666666666666666,2,0,2,pidqa-1ced87cccba73b13,set_union,0,0.5,gh-41708;gh-77369;gh-84711;gh-97110,1.0,2,pidqa-sheet-411,2,2,gh-77369;gh-97110
2,seed29_strictly_disjoint,exact_set,1,1.0,0,0,0,pidqa-1d9856d79146dfd2,set_union,0,1.0,wx-38305;wx-82621,1.0,2,pidqa-sheet-043,2,2,wx-38305;wx-82621
3,seed29_strictly_disjoint,exact_set,1,1.0,0,0,0,pidqa-230f687bb9ead401,set_union,0,1.0,ro-10 191;ro-10 300;ro-10 856,1.0,3,pidqa-sheet-262,3,3,ro-10 191;ro-10 300;ro-10 856
10,seed29_strictly_disjoint,partial_recovery_with_false_candidates,0,0.4,7,2,7,pidqa-2af5267c7032dd93,set_union,2,0.3,st-14176;st-33315;st-38657;st-60016;st-70286;st-73110;st-80290;st-80474;st-805239;sta,0.6,3,pidqa-sheet-115,3,5,st-38567;st-48511;st-60016;st-70286;st-73110
4,seed29_strictly_disjoint,partial_recovery_with_false_candidates,0,0.75,1,1,1,pidqa-330b319823bc1077,set_union,1,0.75,st-04832;st-08341;st-28377;sta,0.75,3,pidqa-sheet-222,3,4,st-04832;st-08341;st-28377;st-78526
6,seed29_strictly_disjoint,false_candidates_without_recovery,0,0.0,6,5,6,pidqa-33df727240c998d0,set_union,5,0.0,ins;ins (-11°c);ins (-22°c);ins (-41°c);ins (30°c);ins (47°c),0.0,0,pidqa-sheet-277,0,5,ins ( -11°c );ins ( -22°c );ins ( -41°c );ins ( 30°c );ins ( 47°c )
7,seed29_strictly_disjoint,partial_recovery_with_false_candidates,0,0.5454545454545454,4,1,4,pidqa-3a69c27c99bc845f,set_union,1,0.42857142857142855,ab-08822;ab-63795;ab-67992;ab-98796;ab222;abc;abcd,0.75,3,pidqa-sheet-381,3,4,ab-08822;ab-52246;ab-63795;ab-98796
3,seed29_strictly_disjoint,partial_recovery_no_false_candidate,0,0.75,0,2,0,pidqa-408ae0b98586380b,set_union,2,1.0,dv-33483;dv-61329;dv-82399,0.6,3,pidqa-sheet-208,3,5,dv-06719;dv-33483;dv-43761;dv-61329;dv-82399
0,seed29_strictly_disjoint,exact_set,1,1.0,0,0,0,pidqa-4bc830f2193e2041,set_union,0,1.0,,1.0,0,pidqa-sheet-050,0,0,
4,seed29_strictly_disjoint,partial_recovery_with_false_candidates,0,0.5714285714285714,2,1,2,pidqa-4d55b098338d90af,set_union,1,0.5,mn-2144;mn-33614;mn-46468;mn-83090,0.6666666666666666,2,pidqa-sheet-461,2,3,mn-33614;mn-46468;mn-85090
7,seed29_strictly_disjoint,partial_recovery_with_false_candidates,0,0.7142857142857143,2,2,2,pidqa-4daf1dfd58c53a94,set_union,2,0.7142857142857143,cd-03078;cd-03566;cd-16741;cd-203;cd-25951;cd-429;cd-84895,0.7142857142857143,5,pidqa-sheet-147,5,7,cd-03078;cd-03566;cd-15993;cd-16741;cd-25951;cd-84895;cd-95728
6,seed29_strictly_disjoint,complete_recovery_with_false_candidates,0,0.9090909090909091,1,0,1,pidqa-4e4e54e64ea97206,set_union,0,0.8333333333333334,cv-05122;cv-40504;cv-49325;cv-60675;cv-78629;cv-83331,1.0,5,pidqa-sheet-278,5,5,cv-05122;cv-40504;cv-49325;cv-60675;cv-78629
2,seed29_strictly_disjoint,complete_recovery_with_false_candidates,0,0.6666666666666666,1,0,1,pidqa-533fc351e1cdd8eb,set_union,0,0.5,zlo 202;zlo-202,1.0,1,pidqa-sheet-357,1,1,zlo 202
2,seed29_strictly_disjoint,complete_recovery_with_false_candidates,0,0.6666666666666666,1,0,1,pidqa-5340d3695dcc1560,set_union,0,0.5,wx-23455;wxx22,1.0,1,pidqa-sheet-330,1,1,wx-23455
3,seed29_strictly_disjoint,partial_recovery_no_false_candidate,0,0.5454545454545454,0,5,0,pidqa-56030edad68463c6,set_union,5,1.0,op-45254;op-81021;op-90302,0.375,3,pidqa-sheet-300,3,8,op-06603;op-10869;op-18523;op-45254;op-81021;op-84658;op-89250;op-90302
4,seed29_strictly_disjoint,partial_recovery_with_false_candidates,0,0.75,1,1,1,pidqa-586fffaf411f9b3b,set_union,1,0.75,cs-40;cs-59;cs-67;cs-90,0.75,3,pidqa-sheet-076,3,4,cs-09;cs-40;cs-59;cs-67
5,seed29_strictly_disjoint,partial_recovery_with_false_candidates,0,0.6666666666666666,2,1,2,pidqa-5cba9a5c08547fbd,set_union,1,0.6,ab-41151;ab-44053;ab-45108;abc;abcd,0.75,3,pidqa-sheet-420,3,4,ab-41151;ab-44053;ab-45108;ab-93245
1,seed29_strictly_disjoint,exact_set,1,1.0,0,0,0,pidqa-5e1f751df1e8a2ec,set_union,0,1.0,cd-09064,1.0,1,pidqa-sheet-102,1,1,cd-09064
7,seed29_strictly_disjoint,partial_recovery_with_false_candidates,0,0.7142857142857143,2,2,2,pidqa-5eeb6c8c4e52b425,set_union,2,0.7142857142857143,cs-36;cs-48;cs-72;cs-73;cs-81;cs-88;cs-89,0.7142857142857143,5,pidqa-sheet-325,5,7,cs-08;cs-36;cs-48;cs-72;cs-78;cs-81;cs-89
1,seed29_strictly_disjoint,false_candidates_without_recovery,0,0.0,1,0,1,pidqa-5f9bfb932c14e748,set_union,0,0.0,none,0.0,0,pidqa-sheet-268,0,0,
4,seed29_strictly_disjoint,complete_recovery_with_false_candidates,0,0.4,3,0,3,pidqa-6006f6cacb548608,set_union,0,0.25,ab-14250;ab-93971;abc;abcd,1.0,1,pidqa-sheet-203,1,1,ab-14250
2,seed29_strictly_disjoint,complete_recovery_with_false_candidates,0,0.6666666666666666,1,0,1,pidqa-601d1474adb31ab4,set_union,0,0.5,zlc 856;zlc-856,1.0,1,pidqa-sheet-238,1,1,zlc 856
4,seed29_strictly_disjoint,exact_set,1,1.0,0,0,0,pidqa-63a05404c523bb1f,set_union,0,1.0,ro-10 459;ro-10 482;ro-10 888;ro-10 927,1.0,4,pidqa-sheet-228,4,4,ro-10 459;ro-10 482;ro-10 888;ro-10 927
3,seed29_strictly_disjoint,partial_recovery_no_false_candidate,0,0.8571428571428571,0,1,0,pidqa-645ae80f4755b34c,set_union,1,1.0,qr-01143;qr-06900;qr-19925,0.75,3,pidqa-sheet-053,3,4,qr-01143;qr-06900;qr-19925;qr-38298
2,seed29_strictly_disjoint,false_candidates_without_recovery,0,0.0,2,2,2,pidqa-6668902e3347107c,set_union,2,0.0,ddl-101;ddl-644,0.0,0,pidqa-sheet-375,0,2,ddl 101;ddl 644
3,seed29_strictly_disjoint,complete_recovery_with_false_candidates,0,0.8,1,0,1,pidqa-6c8c106bdc274747,set_union,0,0.6666666666666666,op-20600;op-65704;op522,1.0,2,pidqa-sheet-176,2,2,op-20600;op-65704
3,seed29_strictly_disjoint,exact_set,1,1.0,0,0,0,pidqa-713785d0c52e3db8,set_union,0,1.0,qr-12411;qr-45113;qr-51203,1.0,3,pidqa-sheet-397,3,3,qr-12411;qr-45113;qr-51203
8,seed29_strictly_disjoint,partial_recovery_with_false_candidates,0,0.6666666666666666,3,2,3,pidqa-730aee11c15178c7,set_union,2,0.625,kl-05335;kl-20048;kl-59429;kl-65399;kl-78341;kl-80395;kl-94662;kl038,0.7142857142857143,5,pidqa-sheet-227,5,7,kl-05325;kl-20048;kl-59429;kl-65399;kl-78341;kl-80584;kl-94662
2,seed29_strictly_disjoint,partial_recovery_with_false_candidates,0,0.5,1,1,1,pidqa-7527c6077f6047e5,set_union,1,0.5,mn-75516;mnn55,0.5,1,pidqa-sheet-335,1,2,mn-18441;mn-75516
3,seed29_strictly_disjoint,partial_recovery_with_false_candidates,0,0.6666666666666666,1,1,1,pidqa-77e00c2338f52aa2,set_union,1,0.6666666666666666,cv-52538;cv-55056;cv-95998,0.6666666666666666,2,pidqa-sheet-087,2,3,cv-52558;cv-55056;cv-95998
2,seed29_strictly_disjoint,partial_recovery_no_false_candidate,0,0.6666666666666666,0,2,0,pidqa-7cb44b039e938212,set_union,2,1.0,qr-10436;qr-48370,0.5,2,pidqa-sheet-177,2,4,qr-10436;qr-46136;qr-48370;qr-62866
3,seed29_strictly_disjoint,partial_recovery_no_false_candidate,0,0.8571428571428571,0,1,0,pidqa-85bfc32906052d24,set_union,1,1.0,erv-1-95;erv-3-54;erv-5-43,0.75,3,pidqa-sheet-384,3,4,erv-1-95;erv-3-54;erv-5-43;erv-9-18
1,seed29_strictly_disjoint,partial_recovery_no_false_candidate,0,0.6666666666666666,0,1,0,pidqa-8f976cef5d632142,set_union,1,1.0,cv-08339,0.5,1,pidqa-sheet-352,1,2,cv-08339;cv-19282
4,seed29_strictly_disjoint,exact_set,1,1.0,0,0,0,pidqa-9a92a1fcf269afed,set_union,0,1.0,cd-13039;cd-22442;cd-62213;cd-81715,1.0,4,pidqa-sheet-218,4,4,cd-13039;cd-22442;cd-62213;cd-81715
1,seed29_strictly_disjoint,exact_set,1,1.0,0,0,0,pidqa-9ead719dd4391f46,set_union,0,1.0,sta,1.0,1,pidqa-sheet-135,1,1,sta
4,seed29_strictly_disjoint,exact_set,1,1.0,0,0,0,pidqa-a52a2f67e20a6cec,set_union,0,1.0,ddl 447;ddl 562;ddl 606;ddl 711,1.0,4,pidqa-sheet-345,4,4,ddl 447;ddl 562;ddl 606;ddl 711
4,seed29_strictly_disjoint,complete_recovery_with_false_candidates,0,0.8571428571428571,1,0,1,pidqa-a64ad369cfa41595,set_union,0,0.75,ij-21723;ij-32293;ij-48;ij-66800,1.0,3,pidqa-sheet-216,3,3,ij-21723;ij-32293;ij-66800
3,seed29_strictly_disjoint,complete_recovery_with_false_candidates,0,0.8,1,0,1,pidqa-a75682d490978cf3,set_union,0,0.6666666666666666,kl-16059;kl-85942;kl648,1.0,2,pidqa-sheet-178,2,2,kl-16059;kl-85942
4,seed29_strictly_disjoint,partial_recovery_no_false_candidate,0,0.8,0,2,0,pidqa-a92abe8d1049ba86,set_union,2,1.0,wx-07893;wx-75744;wx-83074;wx-86140,0.6666666666666666,4,pidqa-sheet-306,4,6,wx-07893;wx-09356;wx-63032;wx-75744;wx-83074;wx-86140
3,seed29_strictly_disjoint,exact_set,1,1.0,0,0,0,pidqa-b0a229ea578e57dd,set_union,0,1.0,zlo 112;zlo 485;zlo 975,1.0,3,pidqa-sheet-157,3,3,zlo 112;zlo 485;zlo 975
1,seed29_strictly_disjoint,exact_set,1,1.0,0,0,0,pidqa-b1eb13b22fb1d652,set_union,0,1.0,mn-90389,1.0,1,pidqa-sheet-470,1,1,mn-90389
3,seed29_strictly_disjoint,complete_recovery_with_false_candidates,0,0.8,1,0,1,pidqa-b3b0bc3c778183c4,set_union,0,0.6666666666666666,ef-79752;ef-89897;efgh,1.0,2,pidqa-sheet-465,2,2,ef-79752;ef-89897
7,seed29_strictly_disjoint,partial_recovery_with_false_candidates,0,0.36363636363636365,5,2,5,pidqa-be69122a74bba601,set_union,2,0.2857142857142857,zlc 284;zlc 299;zlc-284;zlc-299;zlc-585;zlc-589;zlc-709,0.5,2,pidqa-sheet-310,2,4,zlc 284;zlc 299;zlc 589;zlc 709
8,seed29_strictly_disjoint,partial_recovery_with_false_candidates,0,0.6153846153846154,4,1,4,pidqa-bef1e7b25f21999b,set_union,1,0.5,mn-32963;mn-50220;mn-53592;mn-67929;mn-73380;mn-75300;mn-87766;mnn77,0.8,4,pidqa-sheet-079,4,5,mn-32963;mn-50220;mn-53592;mn-57306;mn-67929
3,seed29_strictly_disjoint,exact_set,1,1.0,0,0,0,pidqa-c414cc1f3508c696,set_union,0,1.0,ro-10 469;ro-10 491;ro-10 791,1.0,3,pidqa-sheet-153,3,3,ro-10 469;ro-10 491;ro-10 791
7,seed29_strictly_disjoint,partial_recovery_with_false_candidates,0,0.6666666666666666,1,5,1,pidqa-ca69022dd8e62d83,set_union,5,0.8571428571428571,ij-03134;ij-29763;ij-32414;ij-6527;ij-65735;ij-66527;ij-81078,0.5454545454545454,6,pidqa-sheet-362,6,11,ij-03134;ij-29763;ij-32414;ij-56034;ij-57429;ij-65735;ij-66527;ij-68501;ij-81078;ij-84732;ij-91759
1,seed29_strictly_disjoint,exact_set,1,1.0,0,0,0,pidqa-cd757faa3f357702,set_union,0,1.0,dv-44878,1.0,1,pidqa-sheet-210,1,1,dv-44878
4,seed29_strictly_disjoint,false_candidates_without_recovery,0,0.0,4,3,4,pidqa-d47bc1f58ffb95a5,set_union,3,0.0,ins;ins (-14°c);ins (16°c);ins (38°c),0.0,0,pidqa-sheet-288,0,3,ins ( -14°c );ins ( 16°c );ins ( 38°c )
4,seed29_strictly_disjoint,partial_recovery_with_false_candidates,0,0.5714285714285714,2,1,2,pidqa-da0f3b101171ca5d,set_union,1,0.5,ab-09933;ab-78404;abc;abcd,0.6666666666666666,2,pidqa-sheet-144,2,3,ab-09933;ab-28552;ab-78404
2,seed29_strictly_disjoint,partial_recovery_no_false_candidate,0,0.6666666666666666,0,2,0,pidqa-de60c7723be2a7db,set_union,2,1.0,qr-00016;qr-71798,0.5,2,pidqa-sheet-431,2,4,qr-00016;qr-10245;qr-71798;qr-82218
4,seed29_strictly_disjoint,exact_set,1,1.0,0,0,0,pidqa-e6cb148df5772b05,set_union,0,1.0,ro-10 259;ro-10 891;ro-10 932;ro-10 963,1.0,4,pidqa-sheet-401,4,4,ro-10 259;ro-10 891;ro-10 932;ro-10 963
4,seed29_strictly_disjoint,partial_recovery_with_false_candidates,0,0.2857142857142857,3,2,3,pidqa-e752e5e7430010ba,set_union,2,0.25,ro-10 561;ro-10 677;ro-15 158;ro-15 230,0.3333333333333333,1,pidqa-sheet-152,1,3,ro-10 158;ro-10 230;ro-10 561
1,seed29_strictly_disjoint,false_candidates_without_recovery,0,0.0,1,1,1,pidqa-e7efdb59b850fd5b,set_union,1,0.0,glr-788,0.0,0,pidqa-sheet-073,0,1,glr 788
6,seed29_strictly_disjoint,exact_set,1,1.0,0,0,0,pidqa-e8bf5e5a996a4b7a,set_union,0,1.0,mn-00722;mn-19995;mn-50858;mn-52585;mn-53120;mn-74821,1.0,6,pidqa-sheet-083,6,6,mn-00722;mn-19995;mn-50858;mn-52585;mn-53120;mn-74821
12,seed29_strictly_disjoint,partial_recovery_with_false_candidates,0,0.7619047619047619,4,1,4,pidqa-eeb7208d14eb5ac4,set_union,1,0.6666666666666666,cd-16562;cd-21592;cd-40290;cd-45311;cd-61849;cd-74614;cd-78219;cd-80095;cd-82064;cd-86723;cd-86745;cd-91409,0.8888888888888888,8,pidqa-sheet-337,8,9,cd-21592;cd-40290;cd-45311;cd-61849;cd-68209;cd-74614;cd-82064;cd-86723;cd-86745
3,seed29_strictly_disjoint,partial_recovery_with_false_candidates,0,0.6666666666666666,1,1,1,pidqa-f326e386aba99f91,set_union,1,0.6666666666666666,av-03839;av-35140;av118,0.6666666666666666,2,pidqa-sheet-164,2,3,av-01618;av-03839;av-35140
7,seed29_strictly_disjoint,partial_recovery_with_false_candidates,0,0.8571428571428571,1,1,1,pidqa-f3dc11e8a3fcffd4,set_union,1,0.8571428571428571,op-13754;op-15776;op-39731;op-41874;op-48833;op-48979;opp27,0.8571428571428571,6,pidqa-sheet-241,6,7,op-13754;op-14623;op-15776;op-39731;op-41874;op-48833;op-48979
2,seed29_strictly_disjoint,partial_recovery_with_false_candidates,0,0.3333333333333333,1,3,1,pidqa-f41bdf413f884b8c,set_union,3,0.5,gh-56124;gh-60931,0.25,1,pidqa-sheet-038,1,4,gh-13995;gh-56124;gh-64931;gh-75589
1,seed29_strictly_disjoint,partial_recovery_no_false_candidate,0,0.6666666666666666,0,1,0,pidqa-f463f1f21ab82fd1,set_union,1,1.0,dv-87411,0.5,1,pidqa-sheet-264,1,2,dv-41027;dv-87411
1,seed29_strictly_disjoint,partial_recovery_no_false_candidate,0,0.6666666666666666,0,1,0,pidqa-04f1611040d3febc,set_intersection,1,1.0,rv-90277,0.5,1,pidqa-sheet-254,1,2,rv-08711;rv-90277
0,seed29_strictly_disjoint,empty_prediction,0,0.0,0,3,0,pidqa-0932c09d1853386b,set_intersection,3,0.0,,0.0,0,pidqa-sheet-168,0,3,rv-21525;rv-47340;rv-63124
0,seed29_strictly_disjoint,exact_set,1,1.0,0,0,0,pidqa-0a0c45d4ea70cb31,set_intersection,0,1.0,,1.0,0,pidqa-sheet-320,0,0,
1,seed29_strictly_disjoint,partial_recovery_no_false_candidate,0,0.5,0,2,0,pidqa-0f59f92d52c5fca4,set_intersection,2,1.0,gh-39865,0.3333333333333333,1,pidqa-sheet-261,1,3,gh-16741;gh-39865;gh-64234
1,seed29_strictly_disjoint,partial_recovery_no_false_candidate,0,0.6666666666666666,0,1,0,pidqa-15426398d576b75b,set_intersection,1,1.0,ab-54940,0.5,1,pidqa-sheet-316,1,2,ab-52901;ab-54940
4,seed29_strictly_disjoint,partial_recovery_no_false_candidate,0,0.8888888888888888,0,1,0,pidqa-1b2f684dae9ca085,set_intersection,1,1.0,wx-12077;wx-19660;wx-93060;wx-97230,0.8,4,pidqa-sheet-311,4,5,wx-12077;wx-19660;wx-59994;wx-93060;wx-97230
0,seed29_strictly_disjoint,empty_prediction,0,0.0,0,2,0,pidqa-1ced87cccba73b13,set_intersection,2,0.0,,0.0,0,pidqa-sheet-411,0,2,gh-77369;gh-97110
1,seed29_strictly_disjoint,partial_recovery_no_false_candidate,0,0.6666666666666666,0,1,0,pidqa-1d9856d79146dfd2,set_intersection,1,1.0,wx-82621,0.5,1,pidqa-sheet-043,1,2,wx-38305;wx-82621
3,seed29_strictly_disjoint,exact_set,1,1.0,0,0,0,pidqa-230f687bb9ead401,set_intersection,0,1.0,ro-10 191;ro-10 300;ro-10 856,1.0,3,pidqa-sheet-262,3,3,ro-10 191;ro-10 300;ro-10 856
3,seed29_strictly_disjoint,partial_recovery_no_false_candidate,0,0.75,0,2,0,pidqa-2af5267c7032dd93,set_intersection,2,1.0,st-60016;st-70286;st-73110,0.6,3,pidqa-sheet-115,3,5,st-38567;st-48511;st-60016;st-70286;st-73110
3,seed29_strictly_disjoint,partial_recovery_no_false_candidate,0,0.8571428571428571,0,1,0,pidqa-330b319823bc1077,set_intersection,1,1.0,st-04832;st-08341;st-28377,0.75,3,pidqa-sheet-222,3,4,st-04832;st-08341;st-28377;st-78526
0,seed29_strictly_disjoint,empty_prediction,0,0.0,0,5,0,pidqa-33df727240c998d0,set_intersection,5,0.0,,0.0,0,pidqa-sheet-277,0,5,ins ( -11°c );ins ( -22°c );ins ( -41°c );ins ( 30°c );ins ( 47°c )
0,seed29_strictly_disjoint,empty_prediction,0,0.0,0,4,0,pidqa-3a69c27c99bc845f,set_intersection,4,0.0,,0.0,0,pidqa-sheet-381,0,4,ab-08822;ab-52246;ab-63795;ab-98796
1,seed29_strictly_disjoint,partial_recovery_no_false_candidate,0,0.3333333333333333,0,4,0,pidqa-408ae0b98586380b,set_intersection,4,1.0,dv-61329,0.2,1,pidqa-sheet-208,1,5,dv-06719;dv-33483;dv-43761;dv-61329;dv-82399
0,seed29_strictly_disjoint,exact_set,1,1.0,0,0,0,pidqa-4bc830f2193e2041,set_intersection,0,1.0,,1.0,0,pidqa-sheet-050,0,0,
3,seed29_strictly_disjoint,partial_recovery_with_false_candidates,0,0.6666666666666666,1,1,1,pidqa-4d55b098338d90af,set_intersection,1,0.6666666666666666,mn-2144;mn-33614;mn-46468,0.6666666666666666,2,pidqa-sheet-461,2,3,mn-33614;mn-46468;mn-85090
0,seed29_strictly_disjoint,empty_prediction,0,0.0,0,7,0,pidqa-4daf1dfd58c53a94,set_intersection,7,0.0,,0.0,0,pidqa-sheet-147,0,7,cd-03078;cd-03566;cd-15993;cd-16741;cd-25951;cd-84895;cd-95728
3,seed29_strictly_disjoint,partial_recovery_no_false_candidate,0,0.75,0,2,0,pidqa-4e4e54e64ea97206,set_intersection,2,1.0,cv-05122;cv-60675;cv-78629,0.6,3,pidqa-sheet-278,3,5,cv-05122;cv-40504;cv-49325;cv-60675;cv-78629
0,seed29_strictly_disjoint,empty_prediction,0,0.0,0,1,0,pidqa-533fc351e1cdd8eb,set_intersection,1,0.0,,0.0,0,pidqa-sheet-357,0,1,zlo 202
0,seed29_strictly_disjoint,empty_prediction,0,0.0,0,1,0,pidqa-5340d3695dcc1560,set_intersection,1,0.0,,0.0,0,pidqa-sheet-330,0,1,wx-23455
1,seed29_strictly_disjoint,partial_recovery_no_false_candidate,0,0.2222222222222222,0,7,0,pidqa-56030edad68463c6,set_intersection,7,1.0,op-90302,0.125,1,pidqa-sheet-300,1,8,op-06603;op-10869;op-18523;op-45254;op-81021;op-84658;op-89250;op-90302
0,seed29_strictly_disjoint,empty_prediction,0,0.0,0,4,0,pidqa-586fffaf411f9b3b,set_intersection,4,0.0,,0.0,0,pidqa-sheet-076,0,4,cs-09;cs-40;cs-59;cs-67
2,seed29_strictly_disjoint,partial_recovery_no_false_candidate,0,0.6666666666666666,0,2,0,pidqa-5cba9a5c08547fbd,set_intersection,2,1.0,ab-41151;ab-44053,0.5,2,pidqa-sheet-420,2,4,ab-41151;ab-44053;ab-45108;ab-93245
1,seed29_strictly_disjoint,exact_set,1,1.0,0,0,0,pidqa-5e1f751df1e8a2ec,set_intersection,0,1.0,cd-09064,1.0,1,pidqa-sheet-102,1,1,cd-09064
1,seed29_strictly_disjoint,partial_recovery_no_false_candidate,0,0.25,0,6,0,pidqa-5eeb6c8c4e52b425,set_intersection,6,1.0,cs-81,0.14285714285714285,1,pidqa-sheet-325,1,7,cs-08;cs-36;cs-48;cs-72;cs-78;cs-81;cs-89
0,seed29_strictly_disjoint,exact_set,1,1.0,0,0,0,pidqa-5f9bfb932c14e748,set_intersection,0,1.0,,1.0,0,pidqa-sheet-268,0,0,
0,seed29_strictly_disjoint,empty_prediction,0,0.0,0,1,0,pidqa-6006f6cacb548608,set_intersection,1,0.0,,0.0,0,pidqa-sheet-203,0,1,ab-14250
0,seed29_strictly_disjoint,empty_prediction,0,0.0,0,1,0,pidqa-601d1474adb31ab4,set_intersection,1,0.0,,0.0,0,pidqa-sheet-238,0,1,zlc 856
4,seed29_strictly_disjoint,exact_set,1,1.0,0,0,0,pidqa-63a05404c523bb1f,set_intersection,0,1.0,ro-10 459;ro-10 482;ro-10 888;ro-10 927,1.0,4,pidqa-sheet-228,4,4,ro-10 459;ro-10 482;ro-10 888;ro-10 927
1,seed29_strictly_disjoint,partial_recovery_no_false_candidate,0,0.4,0,3,0,pidqa-645ae80f4755b34c,set_intersection,3,1.0,qr-01143,0.25,1,pidqa-sheet-053,1,4,qr-01143;qr-06900;qr-19925;qr-38298
0,seed29_strictly_disjoint,empty_prediction,0,0.0,0,2,0,pidqa-6668902e3347107c,set_intersection,2,0.0,,0.0,0,pidqa-sheet-375,0,2,ddl 101;ddl 644
0,seed29_strictly_disjoint,empty_prediction,0,0.0,0,2,0,pidqa-6c8c106bdc274747,set_intersection,2,0.0,,0.0,0,pidqa-sheet-176,0,2,op-20600;op-65704
0,seed29_strictly_disjoint,empty_prediction,0,0.0,0,3,0,pidqa-713785d0c52e3db8,set_intersection,3,0.0,,0.0,0,pidqa-sheet-397,0,3,qr-12411;qr-45113;qr-51203
4,seed29_strictly_disjoint,partial_recovery_no_false_candidate,0,0.7272727272727273,0,3,0,pidqa-730aee11c15178c7,set_intersection,3,1.0,kl-20048;kl-65399;kl-78341;kl-94662,0.5714285714285714,4,pidqa-sheet-227,4,7,kl-05325;kl-20048;kl-59429;kl-65399;kl-78341;kl-80584;kl-94662
0,seed29_strictly_disjoint,empty_prediction,0,0.0,0,2,0,pidqa-7527c6077f6047e5,set_intersection,2,0.0,,0.0,0,pidqa-sheet-335,0,2,mn-18441;mn-75516
2,seed29_strictly_disjoint,partial_recovery_no_false_candidate,0,0.8,0,1,0,pidqa-77e00c2338f52aa2,set_intersection,1,1.0,cv-55056;cv-95998,0.6666666666666666,2,pidqa-sheet-087,2,3,cv-52558;cv-55056;cv-95998
2,seed29_strictly_disjoint,partial_recovery_no_false_candidate,0,0.6666666666666666,0,2,0,pidqa-7cb44b039e938212,set_intersection,2,1.0,qr-10436;qr-48370,0.5,2,pidqa-sheet-177,2,4,qr-10436;qr-46136;qr-48370;qr-62866
1,seed29_strictly_disjoint,partial_recovery_no_false_candidate,0,0.4,0,3,0,pidqa-85bfc32906052d24,set_intersection,3,1.0,erv-5-43,0.25,1,pidqa-sheet-384,1,4,erv-1-95;erv-3-54;erv-5-43;erv-9-18
1,seed29_strictly_disjoint,partial_recovery_no_false_candidate,0,0.6666666666666666,0,1,0,pidqa-8f976cef5d632142,set_intersection,1,1.0,cv-08339,0.5,1,pidqa-sheet-352,1,2,cv-08339;cv-19282
2,seed29_strictly_disjoint,partial_recovery_no_false_candidate,0,0.6666666666666666,0,2,0,pidqa-9a92a1fcf269afed,set_intersection,2,1.0,cd-13039;cd-62213,0.5,2,pidqa-sheet-218,2,4,cd-13039;cd-22442;cd-62213;cd-81715
1,seed29_strictly_disjoint,exact_set,1,1.0,0,0,0,pidqa-9ead719dd4391f46,set_intersection,0,1.0,sta,1.0,1,pidqa-sheet-135,1,1,sta
1,seed29_strictly_disjoint,partial_recovery_no_false_candidate,0,0.4,0,3,0,pidqa-a52a2f67e20a6cec,set_intersection,3,1.0,ddl 606,0.25,1,pidqa-sheet-345,1,4,ddl 447;ddl 562;ddl 606;ddl 711
1,seed29_strictly_disjoint,partial_recovery_no_false_candidate,0,0.5,0,2,0,pidqa-a64ad369cfa41595,set_intersection,2,1.0,ij-21723,0.3333333333333333,1,pidqa-sheet-216,1,3,ij-21723;ij-32293;ij-66800
1,seed29_strictly_disjoint,partial_recovery_no_false_candidate,0,0.6666666666666666,0,1,0,pidqa-a75682d490978cf3,set_intersection,1,1.0,kl-16059,0.5,1,pidqa-sheet-178,1,2,kl-16059;kl-85942
0,seed29_strictly_disjoint,empty_prediction,0,0.0,0,6,0,pidqa-a92abe8d1049ba86,set_intersection,6,0.0,,0.0,0,pidqa-sheet-306,0,6,wx-07893;wx-09356;wx-63032;wx-75744;wx-83074;wx-86140
3,seed29_strictly_disjoint,exact_set,1,1.0,0,0,0,pidqa-b0a229ea578e57dd,set_intersection,0,1.0,zlo 112;zlo 485;zlo 975,1.0,3,pidqa-sheet-157,3,3,zlo 112;zlo 485;zlo 975
0,seed29_strictly_disjoint,empty_prediction,0,0.0,0,1,0,pidqa-b1eb13b22fb1d652,set_intersection,1,0.0,,0.0,0,pidqa-sheet-470,0,1,mn-90389
2,seed29_strictly_disjoint,exact_set,1,1.0,0,0,0,pidqa-b3b0bc3c778183c4,set_intersection,0,1.0,ef-79752;ef-89897,1.0,2,pidqa-sheet-465,2,2,ef-79752;ef-89897
0,seed29_strictly_disjoint,empty_prediction,0,0.0,0,4,0,pidqa-be69122a74bba601,set_intersection,4,0.0,,0.0,0,pidqa-sheet-310,0,4,zlc 284;zlc 299;zlc 589;zlc 709
2,seed29_strictly_disjoint,partial_recovery_no_false_candidate,0,0.5714285714285714,0,3,0,pidqa-bef1e7b25f21999b,set_intersection,3,1.0,mn-32963;mn-50220,0.4,2,pidqa-sheet-079,2,5,mn-32963;mn-50220;mn-53592;mn-57306;mn-67929
2,seed29_strictly_disjoint,partial_recovery_no_false_candidate,0,0.8,0,1,0,pidqa-c414cc1f3508c696,set_intersection,1,1.0,ro-10 469;ro-10 491,0.6666666666666666,2,pidqa-sheet-153,2,3,ro-10 469;ro-10 491;ro-10 791
3,seed29_strictly_disjoint,partial_recovery_no_false_candidate,0,0.42857142857142855,0,8,0,pidqa-ca69022dd8e62d83,set_intersection,8,1.0,ij-29763;ij-32414;ij-81078,0.2727272727272727,3,pidqa-sheet-362,3,11,ij-03134;ij-29763;ij-32414;ij-56034;ij-57429;ij-65735;ij-66527;ij-68501;ij-81078;ij-84732;ij-91759
1,seed29_strictly_disjoint,exact_set,1,1.0,0,0,0,pidqa-cd757faa3f357702,set_intersection,0,1.0,dv-44878,1.0,1,pidqa-sheet-210,1,1,dv-44878
0,seed29_strictly_disjoint,empty_prediction,0,0.0,0,3,0,pidqa-d47bc1f58ffb95a5,set_intersection,3,0.0,,0.0,0,pidqa-sheet-288,0,3,ins ( -14°c );ins ( 16°c );ins ( 38°c )
2,seed29_strictly_disjoint,partial_recovery_no_false_candidate,0,0.8,0,1,0,pidqa-da0f3b101171ca5d,set_intersection,1,1.0,ab-09933;ab-78404,0.6666666666666666,2,pidqa-sheet-144,2,3,ab-09933;ab-28552;ab-78404
1,seed29_strictly_disjoint,partial_recovery_no_false_candidate,0,0.4,0,3,0,pidqa-de60c7723be2a7db,set_intersection,3,1.0,qr-00016,0.25,1,pidqa-sheet-431,1,4,qr-00016;qr-10245;qr-71798;qr-82218
4,seed29_strictly_disjoint,exact_set,1,1.0,0,0,0,pidqa-e6cb148df5772b05,set_intersection,0,1.0,ro-10 259;ro-10 891;ro-10 932;ro-10 963,1.0,4,pidqa-sheet-401,4,4,ro-10 259;ro-10 891;ro-10 932;ro-10 963
0,seed29_strictly_disjoint,empty_prediction,0,0.0,0,3,0,pidqa-e752e5e7430010ba,set_intersection,3,0.0,,0.0,0,pidqa-sheet-152,0,3,ro-10 158;ro-10 230;ro-10 561
0,seed29_strictly_disjoint,empty_prediction,0,0.0,0,1,0,pidqa-e7efdb59b850fd5b,set_intersection,1,0.0,,0.0,0,pidqa-sheet-073,0,1,glr 788
2,seed29_strictly_disjoint,partial_recovery_no_false_candidate,0,0.5,0,4,0,pidqa-e8bf5e5a996a4b7a,set_intersection,4,1.0,mn-00722;mn-53120,0.3333333333333333,2,pidqa-sheet-083,2,6,mn-00722;mn-19995;mn-50858;mn-52585;mn-53120;mn-74821
5,seed29_strictly_disjoint,partial_recovery_no_false_candidate,0,0.7142857142857143,0,4,0,pidqa-eeb7208d14eb5ac4,set_intersection,4,1.0,cd-21592;cd-45311;cd-74614;cd-82064;cd-86745,0.5555555555555556,5,pidqa-sheet-337,5,9,cd-21592;cd-40290;cd-45311;cd-61849;cd-68209;cd-74614;cd-82064;cd-86723;cd-86745
0,seed29_strictly_disjoint,empty_prediction,0,0.0,0,3,0,pidqa-f326e386aba99f91,set_intersection,3,0.0,,0.0,0,pidqa-sheet-164,0,3,av-01618;av-03839;av-35140
4,seed29_strictly_disjoint,partial_recovery_no_false_candidate,0,0.7272727272727273,0,3,0,pidqa-f3dc11e8a3fcffd4,set_intersection,3,1.0,op-15776;op-39731;op-48833;op-48979,0.5714285714285714,4,pidqa-sheet-241,4,7,op-13754;op-14623;op-15776;op-39731;op-41874;op-48833;op-48979
1,seed29_strictly_disjoint,partial_recovery_no_false_candidate,0,0.4,0,3,0,pidqa-f41bdf413f884b8c,set_intersection,3,1.0,gh-56124,0.25,1,pidqa-sheet-038,1,4,gh-13995;gh-56124;gh-64931;gh-75589
0,seed29_strictly_disjoint,empty_prediction,0,0.0,0,2,0,pidqa-f463f1f21ab82fd1,set_intersection,2,0.0,,0.0,0,pidqa-sheet-264,0,2,dv-41027;dv-87411
1,seed29_strictly_disjoint,partial_recovery_no_false_candidate,0,0.6666666666666666,0,1,0,pidqa-04f1611040d3febc,ocr_if_nonempty_else_qwen,1,1.0,rv-90277,0.5,1,pidqa-sheet-254,1,2,rv-08711;rv-90277
3,seed29_strictly_disjoint,partial_recovery_with_false_candidates,0,0.6666666666666666,1,1,1,pidqa-0932c09d1853386b,ocr_if_nonempty_else_qwen,1,0.6666666666666666,rv-21125;rv-47340;rv-63124,0.6666666666666666,2,pidqa-sheet-168,2,3,rv-21525;rv-47340;rv-63124
1,seed29_strictly_disjoint,false_candidates_without_recovery,0,0.0,1,0,1,pidqa-0a0c45d4ea70cb31,ocr_if_nonempty_else_qwen,0,0.0,none,0.0,0,pidqa-sheet-320,0,0,
1,seed29_strictly_disjoint,partial_recovery_no_false_candidate,0,0.5,0,2,0,pidqa-0f59f92d52c5fca4,ocr_if_nonempty_else_qwen,2,1.0,gh-39865,0.3333333333333333,1,pidqa-sheet-261,1,3,gh-16741;gh-39865;gh-64234
3,seed29_strictly_disjoint,partial_recovery_with_false_candidates,0,0.4,2,1,2,pidqa-15426398d576b75b,ocr_if_nonempty_else_qwen,1,0.3333333333333333,ab-54940;abc;abcd,0.5,1,pidqa-sheet-316,1,2,ab-52901;ab-54940
4,seed29_strictly_disjoint,partial_recovery_no_false_candidate,0,0.8888888888888888,0,1,0,pidqa-1b2f684dae9ca085,ocr_if_nonempty_else_qwen,1,1.0,wx-12077;wx-19660;wx-93060;wx-97230,0.8,4,pidqa-sheet-311,4,5,wx-12077;wx-19660;wx-59994;wx-93060;wx-97230
4,seed29_strictly_disjoint,complete_recovery_with_false_candidates,0,0.6666666666666666,2,0,2,pidqa-1ced87cccba73b13,ocr_if_nonempty_else_qwen,0,0.5,gh-41708;gh-77369;gh-84711;gh-97110,1.0,2,pidqa-sheet-411,2,2,gh-77369;gh-97110
2,seed29_strictly_disjoint,exact_set,1,1.0,0,0,0,pidqa-1d9856d79146dfd2,ocr_if_nonempty_else_qwen,0,1.0,wx-38305;wx-82621,1.0,2,pidqa-sheet-043,2,2,wx-38305;wx-82621
3,seed29_strictly_disjoint,exact_set,1,1.0,0,0,0,pidqa-230f687bb9ead401,ocr_if_nonempty_else_qwen,0,1.0,ro-10 191;ro-10 300;ro-10 856,1.0,3,pidqa-sheet-262,3,3,ro-10 191;ro-10 300;ro-10 856
4,seed29_strictly_disjoint,partial_recovery_with_false_candidates,0,0.6666666666666666,1,2,1,pidqa-2af5267c7032dd93,ocr_if_nonempty_else_qwen,2,0.75,st-60016;st-70286;st-73110;sta,0.6,3,pidqa-sheet-115,3,5,st-38567;st-48511;st-60016;st-70286;st-73110
4,seed29_strictly_disjoint,partial_recovery_with_false_candidates,0,0.75,1,1,1,pidqa-330b319823bc1077,ocr_if_nonempty_else_qwen,1,0.75,st-04832;st-08341;st-28377;sta,0.75,3,pidqa-sheet-222,3,4,st-04832;st-08341;st-28377;st-78526
1,seed29_strictly_disjoint,false_candidates_without_recovery,0,0.0,1,5,1,pidqa-33df727240c998d0,ocr_if_nonempty_else_qwen,5,0.0,ins,0.0,0,pidqa-sheet-277,0,5,ins ( -11°c );ins ( -22°c );ins ( -41°c );ins ( 30°c );ins ( 47°c )
3,seed29_strictly_disjoint,false_candidates_without_recovery,0,0.0,3,4,3,pidqa-3a69c27c99bc845f,ocr_if_nonempty_else_qwen,4,0.0,ab222;abc;abcd,0.0,0,pidqa-sheet-381,0,4,ab-08822;ab-52246;ab-63795;ab-98796
3,seed29_strictly_disjoint,partial_recovery_no_false_candidate,0,0.75,0,2,0,pidqa-408ae0b98586380b,ocr_if_nonempty_else_qwen,2,1.0,dv-33483;dv-61329;dv-82399,0.6,3,pidqa-sheet-208,3,5,dv-06719;dv-33483;dv-43761;dv-61329;dv-82399
0,seed29_strictly_disjoint,exact_set,1,1.0,0,0,0,pidqa-4bc830f2193e2041,ocr_if_nonempty_else_qwen,0,1.0,,1.0,0,pidqa-sheet-050,0,0,
3,seed29_strictly_disjoint,partial_recovery_with_false_candidates,0,0.6666666666666666,1,1,1,pidqa-4d55b098338d90af,ocr_if_nonempty_else_qwen,1,0.6666666666666666,mn-2144;mn-33614;mn-46468,0.6666666666666666,2,pidqa-sheet-461,2,3,mn-33614;mn-46468;mn-85090
2,seed29_strictly_disjoint,partial_recovery_no_false_candidate,0,0.4444444444444444,0,5,0,pidqa-4daf1dfd58c53a94,ocr_if_nonempty_else_qwen,5,1.0,cd-03078;cd-84895,0.2857142857142857,2,pidqa-sheet-147,2,7,cd-03078;cd-03566;cd-15993;cd-16741;cd-25951;cd-84895;cd-95728
3,seed29_strictly_disjoint,partial_recovery_no_false_candidate,0,0.75,0,2,0,pidqa-4e4e54e64ea97206,ocr_if_nonempty_else_qwen,2,1.0,cv-05122;cv-60675;cv-78629,0.6,3,pidqa-sheet-278,3,5,cv-05122;cv-40504;cv-49325;cv-60675;cv-78629
1,seed29_strictly_disjoint,exact_set,1,1.0,0,0,0,pidqa-533fc351e1cdd8eb,ocr_if_nonempty_else_qwen,0,1.0,zlo 202,1.0,1,pidqa-sheet-357,1,1,zlo 202
1,seed29_strictly_disjoint,false_candidates_without_recovery,0,0.0,1,1,1,pidqa-5340d3695dcc1560,ocr_if_nonempty_else_qwen,1,0.0,wxx22,0.0,0,pidqa-sheet-330,0,1,wx-23455
3,seed29_strictly_disjoint,partial_recovery_no_false_candidate,0,0.5454545454545454,0,5,0,pidqa-56030edad68463c6,ocr_if_nonempty_else_qwen,5,1.0,op-45254;op-81021;op-90302,0.375,3,pidqa-sheet-300,3,8,op-06603;op-10869;op-18523;op-45254;op-81021;op-84658;op-89250;op-90302
4,seed29_strictly_disjoint,partial_recovery_with_false_candidates,0,0.75,1,1,1,pidqa-586fffaf411f9b3b,ocr_if_nonempty_else_qwen,1,0.75,cs-40;cs-59;cs-67;cs-90,0.75,3,pidqa-sheet-076,3,4,cs-09;cs-40;cs-59;cs-67
4,seed29_strictly_disjoint,partial_recovery_with_false_candidates,0,0.5,2,2,2,pidqa-5cba9a5c08547fbd,ocr_if_nonempty_else_qwen,2,0.5,ab-41151;ab-44053;abc;abcd,0.5,2,pidqa-sheet-420,2,4,ab-41151;ab-44053;ab-45108;ab-93245
1,seed29_strictly_disjoint,exact_set,1,1.0,0,0,0,pidqa-5e1f751df1e8a2ec,ocr_if_nonempty_else_qwen,0,1.0,cd-09064,1.0,1,pidqa-sheet-102,1,1,cd-09064
1,seed29_strictly_disjoint,partial_recovery_no_false_candidate,0,0.25,0,6,0,pidqa-5eeb6c8c4e52b425,ocr_if_nonempty_else_qwen,6,1.0,cs-81,0.14285714285714285,1,pidqa-sheet-325,1,7,cs-08;cs-36;cs-48;cs-72;cs-78;cs-81;cs-89
1,seed29_strictly_disjoint,false_candidates_without_recovery,0,0.0,1,0,1,pidqa-5f9bfb932c14e748,ocr_if_nonempty_else_qwen,0,0.0,none,0.0,0,pidqa-sheet-268,0,0,
2,seed29_strictly_disjoint,false_candidates_without_recovery,0,0.0,2,1,2,pidqa-6006f6cacb548608,ocr_if_nonempty_else_qwen,1,0.0,abc;abcd,0.0,0,pidqa-sheet-203,0,1,ab-14250
1,seed29_strictly_disjoint,exact_set,1,1.0,0,0,0,pidqa-601d1474adb31ab4,ocr_if_nonempty_else_qwen,0,1.0,zlc 856,1.0,1,pidqa-sheet-238,1,1,zlc 856
4,seed29_strictly_disjoint,exact_set,1,1.0,0,0,0,pidqa-63a05404c523bb1f,ocr_if_nonempty_else_qwen,0,1.0,ro-10 459;ro-10 482;ro-10 888;ro-10 927,1.0,4,pidqa-sheet-228,4,4,ro-10 459;ro-10 482;ro-10 888;ro-10 927
3,seed29_strictly_disjoint,partial_recovery_no_false_candidate,0,0.8571428571428571,0,1,0,pidqa-645ae80f4755b34c,ocr_if_nonempty_else_qwen,1,1.0,qr-01143;qr-06900;qr-19925,0.75,3,pidqa-sheet-053,3,4,qr-01143;qr-06900;qr-19925;qr-38298
2,seed29_strictly_disjoint,false_candidates_without_recovery,0,0.0,2,2,2,pidqa-6668902e3347107c,ocr_if_nonempty_else_qwen,2,0.0,ddl-101;ddl-644,0.0,0,pidqa-sheet-375,0,2,ddl 101;ddl 644
1,seed29_strictly_disjoint,false_candidates_without_recovery,0,0.0,1,2,1,pidqa-6c8c106bdc274747,ocr_if_nonempty_else_qwen,2,0.0,op522,0.0,0,pidqa-sheet-176,0,2,op-20600;op-65704
1,seed29_strictly_disjoint,partial_recovery_no_false_candidate,0,0.5,0,2,0,pidqa-713785d0c52e3db8,ocr_if_nonempty_else_qwen,2,1.0,qr-45113,0.3333333333333333,1,pidqa-sheet-397,1,3,qr-12411;qr-45113;qr-51203
5,seed29_strictly_disjoint,partial_recovery_with_false_candidates,0,0.6666666666666666,1,3,1,pidqa-730aee11c15178c7,ocr_if_nonempty_else_qwen,3,0.8,kl-20048;kl-65399;kl-78341;kl-94662;kl038,0.5714285714285714,4,pidqa-sheet-227,4,7,kl-05325;kl-20048;kl-59429;kl-65399;kl-78341;kl-80584;kl-94662
1,seed29_strictly_disjoint,false_candidates_without_recovery,0,0.0,1,2,1,pidqa-7527c6077f6047e5,ocr_if_nonempty_else_qwen,2,0.0,mnn55,0.0,0,pidqa-sheet-335,0,2,mn-18441;mn-75516
2,seed29_strictly_disjoint,partial_recovery_no_false_candidate,0,0.8,0,1,0,pidqa-77e00c2338f52aa2,ocr_if_nonempty_else_qwen,1,1.0,cv-55056;cv-95998,0.6666666666666666,2,pidqa-sheet-087,2,3,cv-52558;cv-55056;cv-95998
2,seed29_strictly_disjoint,partial_recovery_no_false_candidate,0,0.6666666666666666,0,2,0,pidqa-7cb44b039e938212,ocr_if_nonempty_else_qwen,2,1.0,qr-10436;qr-48370,0.5,2,pidqa-sheet-177,2,4,qr-10436;qr-46136;qr-48370;qr-62866
3,seed29_strictly_disjoint,partial_recovery_no_false_candidate,0,0.8571428571428571,0,1,0,pidqa-85bfc32906052d24,ocr_if_nonempty_else_qwen,1,1.0,erv-1-95;erv-3-54;erv-5-43,0.75,3,pidqa-sheet-384,3,4,erv-1-95;erv-3-54;erv-5-43;erv-9-18
1,seed29_strictly_disjoint,partial_recovery_no_false_candidate,0,0.6666666666666666,0,1,0,pidqa-8f976cef5d632142,ocr_if_nonempty_else_qwen,1,1.0,cv-08339,0.5,1,pidqa-sheet-352,1,2,cv-08339;cv-19282
2,seed29_strictly_disjoint,partial_recovery_no_false_candidate,0,0.6666666666666666,0,2,0,pidqa-9a92a1fcf269afed,ocr_if_nonempty_else_qwen,2,1.0,cd-13039;cd-62213,0.5,2,pidqa-sheet-218,2,4,cd-13039;cd-22442;cd-62213;cd-81715
1,seed29_strictly_disjoint,exact_set,1,1.0,0,0,0,pidqa-9ead719dd4391f46,ocr_if_nonempty_else_qwen,0,1.0,sta,1.0,1,pidqa-sheet-135,1,1,sta
1,seed29_strictly_disjoint,partial_recovery_no_false_candidate,0,0.4,0,3,0,pidqa-a52a2f67e20a6cec,ocr_if_nonempty_else_qwen,3,1.0,ddl 606,0.25,1,pidqa-sheet-345,1,4,ddl 447;ddl 562;ddl 606;ddl 711
1,seed29_strictly_disjoint,partial_recovery_no_false_candidate,0,0.5,0,2,0,pidqa-a64ad369cfa41595,ocr_if_nonempty_else_qwen,2,1.0,ij-21723,0.3333333333333333,1,pidqa-sheet-216,1,3,ij-21723;ij-32293;ij-66800
2,seed29_strictly_disjoint,partial_recovery_with_false_candidates,0,0.5,1,1,1,pidqa-a75682d490978cf3,ocr_if_nonempty_else_qwen,1,0.5,kl-16059;kl648,0.5,1,pidqa-sheet-178,1,2,kl-16059;kl-85942
2,seed29_strictly_disjoint,partial_recovery_no_false_candidate,0,0.5,0,4,0,pidqa-a92abe8d1049ba86,ocr_if_nonempty_else_qwen,4,1.0,wx-07893;wx-83074,0.3333333333333333,2,pidqa-sheet-306,2,6,wx-07893;wx-09356;wx-63032;wx-75744;wx-83074;wx-86140
3,seed29_strictly_disjoint,exact_set,1,1.0,0,0,0,pidqa-b0a229ea578e57dd,ocr_if_nonempty_else_qwen,0,1.0,zlo 112;zlo 485;zlo 975,1.0,3,pidqa-sheet-157,3,3,zlo 112;zlo 485;zlo 975
1,seed29_strictly_disjoint,exact_set,1,1.0,0,0,0,pidqa-b1eb13b22fb1d652,ocr_if_nonempty_else_qwen,0,1.0,mn-90389,1.0,1,pidqa-sheet-470,1,1,mn-90389
3,seed29_strictly_disjoint,complete_recovery_with_false_candidates,0,0.8,1,0,1,pidqa-b3b0bc3c778183c4,ocr_if_nonempty_else_qwen,0,0.6666666666666666,ef-79752;ef-89897;efgh,1.0,2,pidqa-sheet-465,2,2,ef-79752;ef-89897
2,seed29_strictly_disjoint,partial_recovery_no_false_candidate,0,0.6666666666666666,0,2,0,pidqa-be69122a74bba601,ocr_if_nonempty_else_qwen,2,1.0,zlc 284;zlc 299,0.5,2,pidqa-sheet-310,2,4,zlc 284;zlc 299;zlc 589;zlc 709
3,seed29_strictly_disjoint,partial_recovery_with_false_candidates,0,0.5,1,3,1,pidqa-bef1e7b25f21999b,ocr_if_nonempty_else_qwen,3,0.6666666666666666,mn-32963;mn-50220;mnn77,0.4,2,pidqa-sheet-079,2,5,mn-32963;mn-50220;mn-53592;mn-57306;mn-67929
2,seed29_strictly_disjoint,partial_recovery_no_false_candidate,0,0.8,0,1,0,pidqa-c414cc1f3508c696,ocr_if_nonempty_else_qwen,1,1.0,ro-10 469;ro-10 491,0.6666666666666666,2,pidqa-sheet-153,2,3,ro-10 469;ro-10 491;ro-10 791
5,seed29_strictly_disjoint,partial_recovery_no_false_candidate,0,0.625,0,6,0,pidqa-ca69022dd8e62d83,ocr_if_nonempty_else_qwen,6,1.0,ij-29763;ij-32414;ij-65735;ij-66527;ij-81078,0.45454545454545453,5,pidqa-sheet-362,5,11,ij-03134;ij-29763;ij-32414;ij-56034;ij-57429;ij-65735;ij-66527;ij-68501;ij-81078;ij-84732;ij-91759
1,seed29_strictly_disjoint,exact_set,1,1.0,0,0,0,pidqa-cd757faa3f357702,ocr_if_nonempty_else_qwen,0,1.0,dv-44878,1.0,1,pidqa-sheet-210,1,1,dv-44878
1,seed29_strictly_disjoint,false_candidates_without_recovery,0,0.0,1,3,1,pidqa-d47bc1f58ffb95a5,ocr_if_nonempty_else_qwen,3,0.0,ins,0.0,0,pidqa-sheet-288,0,3,ins ( -14°c );ins ( 16°c );ins ( 38°c )
4,seed29_strictly_disjoint,partial_recovery_with_false_candidates,0,0.5714285714285714,2,1,2,pidqa-da0f3b101171ca5d,ocr_if_nonempty_else_qwen,1,0.5,ab-09933;ab-78404;abc;abcd,0.6666666666666666,2,pidqa-sheet-144,2,3,ab-09933;ab-28552;ab-78404
2,seed29_strictly_disjoint,partial_recovery_no_false_candidate,0,0.6666666666666666,0,2,0,pidqa-de60c7723be2a7db,ocr_if_nonempty_else_qwen,2,1.0,qr-00016;qr-71798,0.5,2,pidqa-sheet-431,2,4,qr-00016;qr-10245;qr-71798;qr-82218
4,seed29_strictly_disjoint,exact_set,1,1.0,0,0,0,pidqa-e6cb148df5772b05,ocr_if_nonempty_else_qwen,0,1.0,ro-10 259;ro-10 891;ro-10 932;ro-10 963,1.0,4,pidqa-sheet-401,4,4,ro-10 259;ro-10 891;ro-10 932;ro-10 963
4,seed29_strictly_disjoint,partial_recovery_with_false_candidates,0,0.2857142857142857,3,2,3,pidqa-e752e5e7430010ba,ocr_if_nonempty_else_qwen,2,0.25,ro-10 561;ro-10 677;ro-15 158;ro-15 230,0.3333333333333333,1,pidqa-sheet-152,1,3,ro-10 158;ro-10 230;ro-10 561
1,seed29_strictly_disjoint,false_candidates_without_recovery,0,0.0,1,1,1,pidqa-e7efdb59b850fd5b,ocr_if_nonempty_else_qwen,1,0.0,glr-788,0.0,0,pidqa-sheet-073,0,1,glr 788
3,seed29_strictly_disjoint,partial_recovery_no_false_candidate,0,0.6666666666666666,0,3,0,pidqa-e8bf5e5a996a4b7a,ocr_if_nonempty_else_qwen,3,1.0,mn-00722;mn-53120;mn-74821,0.5,3,pidqa-sheet-083,3,6,mn-00722;mn-19995;mn-50858;mn-52585;mn-53120;mn-74821
5,seed29_strictly_disjoint,partial_recovery_no_false_candidate,0,0.7142857142857143,0,4,0,pidqa-eeb7208d14eb5ac4,ocr_if_nonempty_else_qwen,4,1.0,cd-21592;cd-45311;cd-74614;cd-82064;cd-86745,0.5555555555555556,5,pidqa-sheet-337,5,9,cd-21592;cd-40290;cd-45311;cd-61849;cd-68209;cd-74614;cd-82064;cd-86723;cd-86745
2,seed29_strictly_disjoint,partial_recovery_with_false_candidates,0,0.4,1,2,1,pidqa-f326e386aba99f91,ocr_if_nonempty_else_qwen,2,0.5,av-35140;av118,0.3333333333333333,1,pidqa-sheet-164,1,3,av-01618;av-03839;av-35140
5,seed29_strictly_disjoint,partial_recovery_with_false_candidates,0,0.6666666666666666,1,3,1,pidqa-f3dc11e8a3fcffd4,ocr_if_nonempty_else_qwen,3,0.8,op-15776;op-39731;op-48833;op-48979;opp27,0.5714285714285714,4,pidqa-sheet-241,4,7,op-13754;op-14623;op-15776;op-39731;op-41874;op-48833;op-48979
1,seed29_strictly_disjoint,partial_recovery_no_false_candidate,0,0.4,0,3,0,pidqa-f41bdf413f884b8c,ocr_if_nonempty_else_qwen,3,1.0,gh-56124,0.25,1,pidqa-sheet-038,1,4,gh-13995;gh-56124;gh-64931;gh-75589
1,seed29_strictly_disjoint,partial_recovery_no_false_candidate,0,0.6666666666666666,0,1,0,pidqa-f463f1f21ab82fd1,ocr_if_nonempty_else_qwen,1,1.0,dv-87411,0.5,1,pidqa-sheet-264,1,2,dv-41027;dv-87411
2,seed29_strictly_disjoint,exact_set,1,1.0,0,0,0,pidqa-04f1611040d3febc,qwen_if_nonempty_else_ocr,0,1.0,rv-08711;rv-90277,1.0,2,pidqa-sheet-254,2,2,rv-08711;rv-90277
3,seed29_strictly_disjoint,partial_recovery_with_false_candidates,0,0.6666666666666666,1,1,1,pidqa-0932c09d1853386b,qwen_if_nonempty_else_ocr,1,0.6666666666666666,rv-21125;rv-47340;rv-63124,0.6666666666666666,2,pidqa-sheet-168,2,3,rv-21525;rv-47340;rv-63124
1,seed29_strictly_disjoint,false_candidates_without_recovery,0,0.0,1,0,1,pidqa-0a0c45d4ea70cb31,qwen_if_nonempty_else_ocr,0,0.0,none,0.0,0,pidqa-sheet-320,0,0,
1,seed29_strictly_disjoint,partial_recovery_no_false_candidate,0,0.5,0,2,0,pidqa-0f59f92d52c5fca4,qwen_if_nonempty_else_ocr,2,1.0,gh-39865,0.3333333333333333,1,pidqa-sheet-261,1,3,gh-16741;gh-39865;gh-64234
2,seed29_strictly_disjoint,exact_set,1,1.0,0,0,0,pidqa-15426398d576b75b,qwen_if_nonempty_else_ocr,0,1.0,ab-52901;ab-54940,1.0,2,pidqa-sheet-316,2,2,ab-52901;ab-54940
4,seed29_strictly_disjoint,partial_recovery_no_false_candidate,0,0.8888888888888888,0,1,0,pidqa-1b2f684dae9ca085,qwen_if_nonempty_else_ocr,1,1.0,wx-12077;wx-19660;wx-93060;wx-97230,0.8,4,pidqa-sheet-311,4,5,wx-12077;wx-19660;wx-59994;wx-93060;wx-97230
4,seed29_strictly_disjoint,complete_recovery_with_false_candidates,0,0.6666666666666666,2,0,2,pidqa-1ced87cccba73b13,qwen_if_nonempty_else_ocr,0,0.5,gh-41708;gh-77369;gh-84711;gh-97110,1.0,2,pidqa-sheet-411,2,2,gh-77369;gh-97110
1,seed29_strictly_disjoint,partial_recovery_no_false_candidate,0,0.6666666666666666,0,1,0,pidqa-1d9856d79146dfd2,qwen_if_nonempty_else_ocr,1,1.0,wx-82621,0.5,1,pidqa-sheet-043,1,2,wx-38305;wx-82621
3,seed29_strictly_disjoint,exact_set,1,1.0,0,0,0,pidqa-230f687bb9ead401,qwen_if_nonempty_else_ocr,0,1.0,ro-10 191;ro-10 300;ro-10 856,1.0,3,pidqa-sheet-262,3,3,ro-10 191;ro-10 300;ro-10 856
9,seed29_strictly_disjoint,partial_recovery_with_false_candidates,0,0.42857142857142855,6,2,6,pidqa-2af5267c7032dd93,qwen_if_nonempty_else_ocr,2,0.3333333333333333,st-14176;st-33315;st-38657;st-60016;st-70286;st-73110;st-80290;st-80474;st-805239,0.6,3,pidqa-sheet-115,3,5,st-38567;st-48511;st-60016;st-70286;st-73110
3,seed29_strictly_disjoint,partial_recovery_no_false_candidate,0,0.8571428571428571,0,1,0,pidqa-330b319823bc1077,qwen_if_nonempty_else_ocr,1,1.0,st-04832;st-08341;st-28377,0.75,3,pidqa-sheet-222,3,4,st-04832;st-08341;st-28377;st-78526
5,seed29_strictly_disjoint,false_candidates_without_recovery,0,0.0,5,5,5,pidqa-33df727240c998d0,qwen_if_nonempty_else_ocr,5,0.0,ins (-11°c);ins (-22°c);ins (-41°c);ins (30°c);ins (47°c),0.0,0,pidqa-sheet-277,0,5,ins ( -11°c );ins ( -22°c );ins ( -41°c );ins ( 30°c );ins ( 47°c )
4,seed29_strictly_disjoint,partial_recovery_with_false_candidates,0,0.75,1,1,1,pidqa-3a69c27c99bc845f,qwen_if_nonempty_else_ocr,1,0.75,ab-08822;ab-63795;ab-67992;ab-98796,0.75,3,pidqa-sheet-381,3,4,ab-08822;ab-52246;ab-63795;ab-98796
1,seed29_strictly_disjoint,partial_recovery_no_false_candidate,0,0.3333333333333333,0,4,0,pidqa-408ae0b98586380b,qwen_if_nonempty_else_ocr,4,1.0,dv-61329,0.2,1,pidqa-sheet-208,1,5,dv-06719;dv-33483;dv-43761;dv-61329;dv-82399
0,seed29_strictly_disjoint,exact_set,1,1.0,0,0,0,pidqa-4bc830f2193e2041,qwen_if_nonempty_else_ocr,0,1.0,,1.0,0,pidqa-sheet-050,0,0,
4,seed29_strictly_disjoint,partial_recovery_with_false_candidates,0,0.5714285714285714,2,1,2,pidqa-4d55b098338d90af,qwen_if_nonempty_else_ocr,1,0.5,mn-2144;mn-33614;mn-46468;mn-83090,0.6666666666666666,2,pidqa-sheet-461,2,3,mn-33614;mn-46468;mn-85090
5,seed29_strictly_disjoint,partial_recovery_with_false_candidates,0,0.5,2,4,2,pidqa-4daf1dfd58c53a94,qwen_if_nonempty_else_ocr,4,0.6,cd-03566;cd-16741;cd-203;cd-25951;cd-429,0.42857142857142855,3,pidqa-sheet-147,3,7,cd-03078;cd-03566;cd-15993;cd-16741;cd-25951;cd-84895;cd-95728
6,seed29_strictly_disjoint,complete_recovery_with_false_candidates,0,0.9090909090909091,1,0,1,pidqa-4e4e54e64ea97206,qwen_if_nonempty_else_ocr,0,0.8333333333333334,cv-05122;cv-40504;cv-49325;cv-60675;cv-78629;cv-83331,1.0,5,pidqa-sheet-278,5,5,cv-05122;cv-40504;cv-49325;cv-60675;cv-78629
1,seed29_strictly_disjoint,false_candidates_without_recovery,0,0.0,1,1,1,pidqa-533fc351e1cdd8eb,qwen_if_nonempty_else_ocr,1,0.0,zlo-202,0.0,0,pidqa-sheet-357,0,1,zlo 202
1,seed29_strictly_disjoint,exact_set,1,1.0,0,0,0,pidqa-5340d3695dcc1560,qwen_if_nonempty_else_ocr,0,1.0,wx-23455,1.0,1,pidqa-sheet-330,1,1,wx-23455
1,seed29_strictly_disjoint,partial_recovery_no_false_candidate,0,0.2222222222222222,0,7,0,pidqa-56030edad68463c6,qwen_if_nonempty_else_ocr,7,1.0,op-90302,0.125,1,pidqa-sheet-300,1,8,op-06603;op-10869;op-18523;op-45254;op-81021;op-84658;op-89250;op-90302
4,seed29_strictly_disjoint,partial_recovery_with_false_candidates,0,0.75,1,1,1,pidqa-586fffaf411f9b3b,qwen_if_nonempty_else_ocr,1,0.75,cs-40;cs-59;cs-67;cs-90,0.75,3,pidqa-sheet-076,3,4,cs-09;cs-40;cs-59;cs-67
3,seed29_strictly_disjoint,partial_recovery_no_false_candidate,0,0.8571428571428571,0,1,0,pidqa-5cba9a5c08547fbd,qwen_if_nonempty_else_ocr,1,1.0,ab-41151;ab-44053;ab-45108,0.75,3,pidqa-sheet-420,3,4,ab-41151;ab-44053;ab-45108;ab-93245
1,seed29_strictly_disjoint,exact_set,1,1.0,0,0,0,pidqa-5e1f751df1e8a2ec,qwen_if_nonempty_else_ocr,0,1.0,cd-09064,1.0,1,pidqa-sheet-102,1,1,cd-09064
7,seed29_strictly_disjoint,partial_recovery_with_false_candidates,0,0.7142857142857143,2,2,2,pidqa-5eeb6c8c4e52b425,qwen_if_nonempty_else_ocr,2,0.7142857142857143,cs-36;cs-48;cs-72;cs-73;cs-81;cs-88;cs-89,0.7142857142857143,5,pidqa-sheet-325,5,7,cs-08;cs-36;cs-48;cs-72;cs-78;cs-81;cs-89
1,seed29_strictly_disjoint,false_candidates_without_recovery,0,0.0,1,0,1,pidqa-5f9bfb932c14e748,qwen_if_nonempty_else_ocr,0,0.0,none,0.0,0,pidqa-sheet-268,0,0,
2,seed29_strictly_disjoint,complete_recovery_with_false_candidates,0,0.6666666666666666,1,0,1,pidqa-6006f6cacb548608,qwen_if_nonempty_else_ocr,0,0.5,ab-14250;ab-93971,1.0,1,pidqa-sheet-203,1,1,ab-14250
1,seed29_strictly_disjoint,false_candidates_without_recovery,0,0.0,1,1,1,pidqa-601d1474adb31ab4,qwen_if_nonempty_else_ocr,1,0.0,zlc-856,0.0,0,pidqa-sheet-238,0,1,zlc 856
4,seed29_strictly_disjoint,exact_set,1,1.0,0,0,0,pidqa-63a05404c523bb1f,qwen_if_nonempty_else_ocr,0,1.0,ro-10 459;ro-10 482;ro-10 888;ro-10 927,1.0,4,pidqa-sheet-228,4,4,ro-10 459;ro-10 482;ro-10 888;ro-10 927
1,seed29_strictly_disjoint,partial_recovery_no_false_candidate,0,0.4,0,3,0,pidqa-645ae80f4755b34c,qwen_if_nonempty_else_ocr,3,1.0,qr-01143,0.25,1,pidqa-sheet-053,1,4,qr-01143;qr-06900;qr-19925;qr-38298
2,seed29_strictly_disjoint,false_candidates_without_recovery,0,0.0,2,2,2,pidqa-6668902e3347107c,qwen_if_nonempty_else_ocr,2,0.0,ddl-101;ddl-644,0.0,0,pidqa-sheet-375,0,2,ddl 101;ddl 644
2,seed29_strictly_disjoint,exact_set,1,1.0,0,0,0,pidqa-6c8c106bdc274747,qwen_if_nonempty_else_ocr,0,1.0,op-20600;op-65704,1.0,2,pidqa-sheet-176,2,2,op-20600;op-65704
2,seed29_strictly_disjoint,partial_recovery_no_false_candidate,0,0.8,0,1,0,pidqa-713785d0c52e3db8,qwen_if_nonempty_else_ocr,1,1.0,qr-12411;qr-51203,0.6666666666666666,2,pidqa-sheet-397,2,3,qr-12411;qr-45113;qr-51203
7,seed29_strictly_disjoint,partial_recovery_with_false_candidates,0,0.7142857142857143,2,2,2,pidqa-730aee11c15178c7,qwen_if_nonempty_else_ocr,2,0.7142857142857143,kl-05335;kl-20048;kl-59429;kl-65399;kl-78341;kl-80395;kl-94662,0.7142857142857143,5,pidqa-sheet-227,5,7,kl-05325;kl-20048;kl-59429;kl-65399;kl-78341;kl-80584;kl-94662
1,seed29_strictly_disjoint,partial_recovery_no_false_candidate,0,0.6666666666666666,0,1,0,pidqa-7527c6077f6047e5,qwen_if_nonempty_else_ocr,1,1.0,mn-75516,0.5,1,pidqa-sheet-335,1,2,mn-18441;mn-75516
3,seed29_strictly_disjoint,partial_recovery_with_false_candidates,0,0.6666666666666666,1,1,1,pidqa-77e00c2338f52aa2,qwen_if_nonempty_else_ocr,1,0.6666666666666666,cv-52538;cv-55056;cv-95998,0.6666666666666666,2,pidqa-sheet-087,2,3,cv-52558;cv-55056;cv-95998
2,seed29_strictly_disjoint,partial_recovery_no_false_candidate,0,0.6666666666666666,0,2,0,pidqa-7cb44b039e938212,qwen_if_nonempty_else_ocr,2,1.0,qr-10436;qr-48370,0.5,2,pidqa-sheet-177,2,4,qr-10436;qr-46136;qr-48370;qr-62866
1,seed29_strictly_disjoint,partial_recovery_no_false_candidate,0,0.4,0,3,0,pidqa-85bfc32906052d24,qwen_if_nonempty_else_ocr,3,1.0,erv-5-43,0.25,1,pidqa-sheet-384,1,4,erv-1-95;erv-3-54;erv-5-43;erv-9-18
1,seed29_strictly_disjoint,partial_recovery_no_false_candidate,0,0.6666666666666666,0,1,0,pidqa-8f976cef5d632142,qwen_if_nonempty_else_ocr,1,1.0,cv-08339,0.5,1,pidqa-sheet-352,1,2,cv-08339;cv-19282
4,seed29_strictly_disjoint,exact_set,1,1.0,0,0,0,pidqa-9a92a1fcf269afed,qwen_if_nonempty_else_ocr,0,1.0,cd-13039;cd-22442;cd-62213;cd-81715,1.0,4,pidqa-sheet-218,4,4,cd-13039;cd-22442;cd-62213;cd-81715
1,seed29_strictly_disjoint,exact_set,1,1.0,0,0,0,pidqa-9ead719dd4391f46,qwen_if_nonempty_else_ocr,0,1.0,sta,1.0,1,pidqa-sheet-135,1,1,sta
4,seed29_strictly_disjoint,exact_set,1,1.0,0,0,0,pidqa-a52a2f67e20a6cec,qwen_if_nonempty_else_ocr,0,1.0,ddl 447;ddl 562;ddl 606;ddl 711,1.0,4,pidqa-sheet-345,4,4,ddl 447;ddl 562;ddl 606;ddl 711
4,seed29_strictly_disjoint,complete_recovery_with_false_candidates,0,0.8571428571428571,1,0,1,pidqa-a64ad369cfa41595,qwen_if_nonempty_else_ocr,0,0.75,ij-21723;ij-32293;ij-48;ij-66800,1.0,3,pidqa-sheet-216,3,3,ij-21723;ij-32293;ij-66800
2,seed29_strictly_disjoint,exact_set,1,1.0,0,0,0,pidqa-a75682d490978cf3,qwen_if_nonempty_else_ocr,0,1.0,kl-16059;kl-85942,1.0,2,pidqa-sheet-178,2,2,kl-16059;kl-85942
2,seed29_strictly_disjoint,partial_recovery_no_false_candidate,0,0.5,0,4,0,pidqa-a92abe8d1049ba86,qwen_if_nonempty_else_ocr,4,1.0,wx-75744;wx-86140,0.3333333333333333,2,pidqa-sheet-306,2,6,wx-07893;wx-09356;wx-63032;wx-75744;wx-83074;wx-86140
3,seed29_strictly_disjoint,exact_set,1,1.0,0,0,0,pidqa-b0a229ea578e57dd,qwen_if_nonempty_else_ocr,0,1.0,zlo 112;zlo 485;zlo 975,1.0,3,pidqa-sheet-157,3,3,zlo 112;zlo 485;zlo 975
1,seed29_strictly_disjoint,exact_set,1,1.0,0,0,0,pidqa-b1eb13b22fb1d652,qwen_if_nonempty_else_ocr,0,1.0,mn-90389,1.0,1,pidqa-sheet-470,1,1,mn-90389
2,seed29_strictly_disjoint,exact_set,1,1.0,0,0,0,pidqa-b3b0bc3c778183c4,qwen_if_nonempty_else_ocr,0,1.0,ef-79752;ef-89897,1.0,2,pidqa-sheet-465,2,2,ef-79752;ef-89897
5,seed29_strictly_disjoint,false_candidates_without_recovery,0,0.0,5,4,5,pidqa-be69122a74bba601,qwen_if_nonempty_else_ocr,4,0.0,zlc-284;zlc-299;zlc-585;zlc-589;zlc-709,0.0,0,pidqa-sheet-310,0,4,zlc 284;zlc 299;zlc 589;zlc 709
7,seed29_strictly_disjoint,partial_recovery_with_false_candidates,0,0.6666666666666666,3,1,3,pidqa-bef1e7b25f21999b,qwen_if_nonempty_else_ocr,1,0.5714285714285714,mn-32963;mn-50220;mn-53592;mn-67929;mn-73380;mn-75300;mn-87766,0.8,4,pidqa-sheet-079,4,5,mn-32963;mn-50220;mn-53592;mn-57306;mn-67929
3,seed29_strictly_disjoint,exact_set,1,1.0,0,0,0,pidqa-c414cc1f3508c696,qwen_if_nonempty_else_ocr,0,1.0,ro-10 469;ro-10 491;ro-10 791,1.0,3,pidqa-sheet-153,3,3,ro-10 469;ro-10 491;ro-10 791
5,seed29_strictly_disjoint,partial_recovery_with_false_candidates,0,0.5,1,7,1,pidqa-ca69022dd8e62d83,qwen_if_nonempty_else_ocr,7,0.8,ij-03134;ij-29763;ij-32414;ij-6527;ij-81078,0.36363636363636365,4,pidqa-sheet-362,4,11,ij-03134;ij-29763;ij-32414;ij-56034;ij-57429;ij-65735;ij-66527;ij-68501;ij-81078;ij-84732;ij-91759
1,seed29_strictly_disjoint,exact_set,1,1.0,0,0,0,pidqa-cd757faa3f357702,qwen_if_nonempty_else_ocr,0,1.0,dv-44878,1.0,1,pidqa-sheet-210,1,1,dv-44878
3,seed29_strictly_disjoint,false_candidates_without_recovery,0,0.0,3,3,3,pidqa-d47bc1f58ffb95a5,qwen_if_nonempty_else_ocr,3,0.0,ins (-14°c);ins (16°c);ins (38°c),0.0,0,pidqa-sheet-288,0,3,ins ( -14°c );ins ( 16°c );ins ( 38°c )
2,seed29_strictly_disjoint,partial_recovery_no_false_candidate,0,0.8,0,1,0,pidqa-da0f3b101171ca5d,qwen_if_nonempty_else_ocr,1,1.0,ab-09933;ab-78404,0.6666666666666666,2,pidqa-sheet-144,2,3,ab-09933;ab-28552;ab-78404
1,seed29_strictly_disjoint,partial_recovery_no_false_candidate,0,0.4,0,3,0,pidqa-de60c7723be2a7db,qwen_if_nonempty_else_ocr,3,1.0,qr-00016,0.25,1,pidqa-sheet-431,1,4,qr-00016;qr-10245;qr-71798;qr-82218
4,seed29_strictly_disjoint,exact_set,1,1.0,0,0,0,pidqa-e6cb148df5772b05,qwen_if_nonempty_else_ocr,0,1.0,ro-10 259;ro-10 891;ro-10 932;ro-10 963,1.0,4,pidqa-sheet-401,4,4,ro-10 259;ro-10 891;ro-10 932;ro-10 963
4,seed29_strictly_disjoint,partial_recovery_with_false_candidates,0,0.2857142857142857,3,2,3,pidqa-e752e5e7430010ba,qwen_if_nonempty_else_ocr,2,0.25,ro-10 561;ro-10 677;ro-15 158;ro-15 230,0.3333333333333333,1,pidqa-sheet-152,1,3,ro-10 158;ro-10 230;ro-10 561
1,seed29_strictly_disjoint,false_candidates_without_recovery,0,0.0,1,1,1,pidqa-e7efdb59b850fd5b,qwen_if_nonempty_else_ocr,1,0.0,glr-788,0.0,0,pidqa-sheet-073,0,1,glr 788
5,seed29_strictly_disjoint,partial_recovery_no_false_candidate,0,0.9090909090909091,0,1,0,pidqa-e8bf5e5a996a4b7a,qwen_if_nonempty_else_ocr,1,1.0,mn-00722;mn-19995;mn-50858;mn-52585;mn-53120,0.8333333333333334,5,pidqa-sheet-083,5,6,mn-00722;mn-19995;mn-50858;mn-52585;mn-53120;mn-74821
12,seed29_strictly_disjoint,partial_recovery_with_false_candidates,0,0.7619047619047619,4,1,4,pidqa-eeb7208d14eb5ac4,qwen_if_nonempty_else_ocr,1,0.6666666666666666,cd-16562;cd-21592;cd-40290;cd-45311;cd-61849;cd-74614;cd-78219;cd-80095;cd-82064;cd-86723;cd-86745;cd-91409,0.8888888888888888,8,pidqa-sheet-337,8,9,cd-21592;cd-40290;cd-45311;cd-61849;cd-68209;cd-74614;cd-82064;cd-86723;cd-86745
1,seed29_strictly_disjoint,partial_recovery_no_false_candidate,0,0.5,0,2,0,pidqa-f326e386aba99f91,qwen_if_nonempty_else_ocr,2,1.0,av-03839,0.3333333333333333,1,pidqa-sheet-164,1,3,av-01618;av-03839;av-35140
6,seed29_strictly_disjoint,partial_recovery_no_false_candidate,0,0.9230769230769231,0,1,0,pidqa-f3dc11e8a3fcffd4,qwen_if_nonempty_else_ocr,1,1.0,op-13754;op-15776;op-39731;op-41874;op-48833;op-48979,0.8571428571428571,6,pidqa-sheet-241,6,7,op-13754;op-14623;op-15776;op-39731;op-41874;op-48833;op-48979
2,seed29_strictly_disjoint,partial_recovery_with_false_candidates,0,0.3333333333333333,1,3,1,pidqa-f41bdf413f884b8c,qwen_if_nonempty_else_ocr,3,0.5,gh-56124;gh-60931,0.25,1,pidqa-sheet-038,1,4,gh-13995;gh-56124;gh-64931;gh-75589
1,seed29_strictly_disjoint,partial_recovery_no_false_candidate,0,0.6666666666666666,0,1,0,pidqa-f463f1f21ab82fd1,qwen_if_nonempty_else_ocr,1,1.0,dv-87411,0.5,1,pidqa-sheet-264,1,2,dv-41027;dv-87411
2,seed31_strictly_disjoint,false_candidates_without_recovery,0,0.0,2,1,2,pidqa-0172f7403fe5db7b,qwen,1,0.0,sta-8196;sta-91178,0.0,0,pidqa-sheet-274,0,1,sta
1,seed31_strictly_disjoint,exact_set,1,1.0,0,0,0,pidqa-08695a656d267a17,qwen,0,1.0,kl-80414,1.0,1,pidqa-sheet-182,1,1,kl-80414
1,seed31_strictly_disjoint,partial_recovery_no_false_candidate,0,0.4,0,3,0,pidqa-0a45c12953e22d18,qwen,3,1.0,erv-5-40,0.25,1,pidqa-sheet-404,1,4,erv-1-54;erv-2-90;erv-5-40;erv-5-77
5,seed31_strictly_disjoint,partial_recovery_with_false_candidates,0,0.6153846153846154,1,4,1,pidqa-12c2a9941315f376,qwen,4,0.8,qr-03546;qr-34040;qr-36850;qr-39862;qr-76768,0.5,4,pidqa-sheet-303,4,8,qr-03546;qr-20623;qr-36850;qr-39862;qr-48964;qr-53460;qr-76768;qr-99527
3,seed31_strictly_disjoint,partial_recovery_with_false_candidates,0,0.6666666666666666,1,1,1,pidqa-14591e87c5a19cf4,qwen,1,0.6666666666666666,st-06815;st-15745;st-44553,0.6666666666666666,2,pidqa-sheet-206,2,3,st-06815;st-44553;st-71599
5,seed31_strictly_disjoint,exact_set,1,1.0,0,0,0,pidqa-15b79c9168dc295b,qwen,0,1.0,cd-23362;cd-31803;cd-39737;cd-87400;cd-90134,1.0,5,pidqa-sheet-364,5,5,cd-23362;cd-31803;cd-39737;cd-87400;cd-90134
3,seed31_strictly_disjoint,exact_set,1,1.0,0,0,0,pidqa-1c2153751e7ef720,qwen,0,1.0,op-18648;op-91968;op-95916,1.0,3,pidqa-sheet-421,3,3,op-18648;op-91968;op-95916
3,seed31_strictly_disjoint,complete_recovery_with_false_candidates,0,0.8,1,0,1,pidqa-22a86090c0260fc7,qwen,0,0.6666666666666666,ef-3-29;ef-57497;ef-93900,1.0,2,pidqa-sheet-480,2,2,ef-57497;ef-93900
6,seed31_strictly_disjoint,partial_recovery_with_false_candidates,0,0.5333333333333333,2,5,2,pidqa-315792501a503618,qwen,5,0.6666666666666666,gh-08660;gh-09370;gh-20594;gh-2195;gh-3515;gh-77186,0.4444444444444444,4,pidqa-sheet-068,4,9,gh-02195;gh-07151;gh-08660;gh-09370;gh-16629;gh-20594;gh-29049;gh-77186;gh-83515
1,seed31_strictly_disjoint,exact_set,1,1.0,0,0,0,pidqa-34a32703aa891c64,qwen,0,1.0,ef-78921,1.0,1,pidqa-sheet-022,1,1,ef-78921
3,seed31_strictly_disjoint,partial_recovery_with_false_candidates,0,0.6666666666666666,1,1,1,pidqa-34faa2f7dbdc849b,qwen,1,0.6666666666666666,erv-3-47;erv-5-61;erv-8-51,0.6666666666666666,2,pidqa-sheet-246,2,3,erv-3-47;erv-3-61;erv-8-51
3,seed31_strictly_disjoint,partial_recovery_no_false_candidate,0,0.8571428571428571,0,1,0,pidqa-3517d07c0ec91e8f,qwen,1,1.0,gh-13139;gh-66650;gh-85214,0.75,3,pidqa-sheet-471,3,4,gh-13139;gh-44659;gh-66650;gh-85214
2,seed31_strictly_disjoint,exact_set,1,1.0,0,0,0,pidqa-3bca44c6b00ed017,qwen,0,1.0,st-71159;st-93745,1.0,2,pidqa-sheet-229,2,2,st-71159;st-93745
3,seed31_strictly_disjoint,partial_recovery_with_false_candidates,0,0.5,1,3,1,pidqa-3f565de2cb332aac,qwen,3,0.6666666666666666,uv-40363;uv-95544;uv-97274,0.4,2,pidqa-sheet-305,2,5,uv-41563;uv-49363;uv-73435;uv-95544;uv-97274
10,seed31_strictly_disjoint,false_candidates_without_recovery,0,0.0,10,8,10,pidqa-401cf5ef8a0f8284,qwen,8,0.0,sdl-105;sdl-140;sdl-263;sdl-281;sdl-283;sdl-533;sdl-700;sdl-726;sdl-729;sdl-796,0.0,0,pidqa-sheet-101,0,8,sdl 105;sdl 140;sdl 263;sdl 533;sdl 700;sdl 726;sdl 729;sdl 796
2,seed31_strictly_disjoint,exact_set,1,1.0,0,0,0,pidqa-4190de8580a69a0e,qwen,0,1.0,op-72843;op-83430,1.0,2,pidqa-sheet-192,2,2,op-72843;op-83430
3,seed31_strictly_disjoint,complete_recovery_with_false_candidates,0,0.8,1,0,1,pidqa-41e0dacf598afef1,qwen,0,0.6666666666666666,st-27986;st-64717;st-85752,1.0,2,pidqa-sheet-211,2,2,st-27986;st-64717
3,seed31_strictly_disjoint,false_candidates_without_recovery,0,0.0,3,3,3,pidqa-427070a5c68f8223,qwen,3,0.0,ins (-29°c);ins (-46°c);ins (17°c),0.0,0,pidqa-sheet-224,0,3,ins ( -29°c );ins ( -46°c );ins ( 17°c )
3,seed31_strictly_disjoint,exact_set,1,1.0,0,0,0,pidqa-4b36d1f6111e91a6,qwen,0,1.0,kl-12365;kl-57351;kl-83811,1.0,3,pidqa-sheet-048,3,3,kl-12365;kl-57351;kl-83811
3,seed31_strictly_disjoint,exact_set,1,1.0,0,0,0,pidqa-4c07b9fb312d8419,qwen,0,1.0,ro-10 500;ro-10 663;ro-10 978,1.0,3,pidqa-sheet-339,3,3,ro-10 500;ro-10 663;ro-10 978
21,seed31_strictly_disjoint,complete_recovery_with_false_candidates,0,0.25,18,0,18,pidqa-4fe242dd32e4612e,qwen,0,0.14285714285714285,cs-37;cs-58;cs-80;cs-81;cs-82;cs-83;cs-84;cs-85;cs-86;cs-87;cs-88;cs-89;cs-90;cs-91;cs-92;cs-93;cs-94;cs-95;cs-96;cs-97;cs-98,1.0,3,pidqa-sheet-104,3,3,cs-37;cs-58;cs-82
2,seed31_strictly_disjoint,exact_set,1,1.0,0,0,0,pidqa-51f964f265ba168e,qwen,0,1.0,st-01408;st-63851,1.0,2,pidqa-sheet-021,2,2,st-01408;st-63851
4,seed31_strictly_disjoint,exact_set,1,1.0,0,0,0,pidqa-53b110174bb59e95,qwen,0,1.0,rv-22101;rv-52581;rv-82410;rv-87733,1.0,4,pidqa-sheet-092,4,4,rv-22101;rv-52581;rv-82410;rv-87733
2,seed31_strictly_disjoint,exact_set,1,1.0,0,0,0,pidqa-5ea1c3e215f2ab9e,qwen,0,1.0,cs-54;cs-93,1.0,2,pidqa-sheet-186,2,2,cs-54;cs-93
1,seed31_strictly_disjoint,partial_recovery_no_false_candidate,0,0.4,0,3,0,pidqa-683c3747eb540e1e,qwen,3,1.0,cs-06,0.25,1,pidqa-sheet-379,1,4,cs-06;cs-44;cs-72;cs-98
3,seed31_strictly_disjoint,partial_recovery_no_false_candidate,0,0.75,0,2,0,pidqa-6aba69315c8ae9bb,qwen,2,1.0,mn-14171;mn-39415;mn-41090,0.6,3,pidqa-sheet-240,3,5,mn-14171;mn-17582;mn-32362;mn-39415;mn-41090
1,seed31_strictly_disjoint,partial_recovery_no_false_candidate,0,0.5,0,2,0,pidqa-6f0b9f64c14e0f10,qwen,2,1.0,cs-00,0.3333333333333333,1,pidqa-sheet-414,1,3,cs-00;cs-48;cs-97
10,seed31_strictly_disjoint,complete_recovery_with_false_candidates,0,0.46153846153846156,7,0,7,pidqa-70c31949363b7a7a,qwen,0,0.3,cv-11122;cv-29963;cv-33706;cv-39490;cv-51722;cv-54793;cv-58759;cv-76161;cv-76350;cv-82212,1.0,3,pidqa-sheet-171,3,3,cv-11122;cv-39490;cv-51722
8,seed31_strictly_disjoint,partial_recovery_with_false_candidates,0,0.7142857142857143,3,1,3,pidqa-748d8890da8c17fc,qwen,1,0.625,st-02743;st-18796;st-29302;st-55094;st-80624;st-89355;st-92596;st-93135,0.8333333333333334,5,pidqa-sheet-006,5,6,st-02743;st-29302;st-55094;st-60037;st-80624;st-93135
4,seed31_strictly_disjoint,partial_recovery_no_false_candidate,0,0.8,0,2,0,pidqa-7d1a87016ed4fc08,qwen,2,1.0,uv-22494;uv-32848;uv-55039;uv-68198,0.6666666666666666,4,pidqa-sheet-030,4,6,uv-22494;uv-31166;uv-32848;uv-55039;uv-68198;uv-87909
1,seed31_strictly_disjoint,exact_set,1,1.0,0,0,0,pidqa-7d40a4f9e62e7a9f,qwen,0,1.0,sta,1.0,1,pidqa-sheet-075,1,1,sta
2,seed31_strictly_disjoint,partial_recovery_no_false_candidate,0,0.6666666666666666,0,2,0,pidqa-804be6e7899a1331,qwen,2,1.0,wx-66047;wx-68933,0.5,2,pidqa-sheet-331,2,4,wx-32295;wx-66047;wx-68933;wx-91679
2,seed31_strictly_disjoint,exact_set,1,1.0,0,0,0,pidqa-81dd293911e5d597,qwen,0,1.0,rv-44442;rv-61365,1.0,2,pidqa-sheet-126,2,2,rv-44442;rv-61365
4,seed31_strictly_disjoint,exact_set,1,1.0,0,0,0,pidqa-82f9d602ca3a4d39,qwen,0,1.0,ij-05352;ij-39717;ij-62834;ij-66700,1.0,4,pidqa-sheet-407,4,4,ij-05352;ij-39717;ij-62834;ij-66700
7,seed31_strictly_disjoint,false_candidates_without_recovery,0,0.0,7,9,7,pidqa-84651ecbb8e6392a,qwen,9,0.0,ins (11°c);ins (28°c);ins (33°c);ins (41°c);ins (48°c);ins (51°c);ins (56°c),0.0,0,pidqa-sheet-156,0,9,ins ( -11°c );ins ( -20°c );ins ( -33°c );ins ( -56°c );ins ( 12°c );ins ( 28°c );ins ( 41°c );ins ( 48°c );ins ( 51°c )
1,seed31_strictly_disjoint,false_candidates_without_recovery,0,0.0,1,0,1,pidqa-847fe938077d9d35,qwen,0,0.0,none,0.0,0,pidqa-sheet-202,0,0,
1,seed31_strictly_disjoint,exact_set,1,1.0,0,0,0,pidqa-8b84ccb83c7874d6,qwen,0,1.0,ab-08912,1.0,1,pidqa-sheet-429,1,1,ab-08912
4,seed31_strictly_disjoint,partial_recovery_with_false_candidates,0,0.75,1,1,1,pidqa-8d0e501085220afb,qwen,1,0.75,ab-36890;ab-70077;ab-74920;ab-8229,0.75,3,pidqa-sheet-328,3,4,ab-36890;ab-62629;ab-70077;ab-74920
2,seed31_strictly_disjoint,partial_recovery_no_false_candidate,0,0.6666666666666666,0,2,0,pidqa-91e318df4bbdc07c,qwen,2,1.0,ef-07696;ef-99468,0.5,2,pidqa-sheet-150,2,4,ef-07696;ef-91444;ef-97151;ef-99468
1,seed31_strictly_disjoint,partial_recovery_no_false_candidate,0,0.6666666666666666,0,1,0,pidqa-97c65ea32b8ecb84,qwen,1,1.0,uv-99366,0.5,1,pidqa-sheet-060,1,2,uv-55739;uv-99366
1,seed31_strictly_disjoint,false_candidates_without_recovery,0,0.0,1,1,1,pidqa-a3e6b504ad49aab4,qwen,1,0.0,"sta
sta
sta
sta",0.0,0,pidqa-sheet-460,0,1,sta
3,seed31_strictly_disjoint,false_candidates_without_recovery,0,0.0,3,0,3,pidqa-a6fd09a772a61b8c,qwen,0,0.0,zlc-304;zlc-504;zlc-930,0.0,0,pidqa-sheet-069,0,0,
3,seed31_strictly_disjoint,false_candidates_without_recovery,0,0.0,3,4,3,pidqa-ab306bd9fe4fa765,qwen,4,0.0,ins (-28°c);ins (-35°c);ins (-52°c),0.0,0,pidqa-sheet-134,0,4,ins ( -28°c );ins ( -35°c );ins ( -52°c );ins ( 55°c )
1,seed31_strictly_disjoint,false_candidates_without_recovery,0,0.0,1,0,1,pidqa-ab39f5babcd71354,qwen,0,0.0,none,0.0,0,pidqa-sheet-015,0,0,
6,seed31_strictly_disjoint,complete_recovery_with_false_candidates,0,0.9090909090909091,1,0,1,pidqa-abec661fe2b805eb,qwen,0,0.8333333333333334,ddl 180;ddl 251;ddl 303;ddl 675;ddl 806;ddl 974,1.0,5,pidqa-sheet-111,5,5,ddl 180;ddl 251;ddl 675;ddl 806;ddl 974
8,seed31_strictly_disjoint,complete_recovery_with_false_candidates,0,0.7692307692307693,3,0,3,pidqa-ad75d60b93c22dfd,qwen,0,0.625,qr-08924;qr-19274;qr-56512;qr-59003;qr-60607;qr-66942;qr-68407;qr-88851,1.0,5,pidqa-sheet-376,5,5,qr-08924;qr-19274;qr-56512;qr-59003;qr-68407
3,seed31_strictly_disjoint,partial_recovery_with_false_candidates,0,0.3333333333333333,2,2,2,pidqa-af0c562db6a90a77,qwen,2,0.3333333333333333,wx-05284;wx-39351;wx-91740,0.3333333333333333,1,pidqa-sheet-118,1,3,wx-05284;wx-81547;wx-89561
3,seed31_strictly_disjoint,partial_recovery_no_false_candidate,0,0.8571428571428571,0,1,0,pidqa-b1c3d93abc115d5c,qwen,1,1.0,cv-44444;cv-60977;cv-96376,0.75,3,pidqa-sheet-213,3,4,cv-44444;cv-60977;cv-71672;cv-96376
7,seed31_strictly_disjoint,partial_recovery_with_false_candidates,0,0.6666666666666666,3,1,3,pidqa-b2cd2b4b7a3f7f7f,qwen,1,0.5714285714285714,gh-15791;gh-17139;gh-30387;gh-44519;gh-44790;gh-45145;gh-86887,0.8,4,pidqa-sheet-161,4,5,gh-15791;gh-17139;gh-30587;gh-45145;gh-86887
7,seed31_strictly_disjoint,exact_set,1,1.0,0,0,0,pidqa-b39524dff509bbb9,qwen,0,1.0,op-29079;op-31207;op-38373;op-39633;op-58502;op-96795;op-96902,1.0,7,pidqa-sheet-271,7,7,op-29079;op-31207;op-38373;op-39633;op-58502;op-96795;op-96902
3,seed31_strictly_disjoint,partial_recovery_no_false_candidate,0,0.8571428571428571,0,1,0,pidqa-b7250591bea8b5af,qwen,1,1.0,st-43639;st-77678;st-93493,0.75,3,pidqa-sheet-010,3,4,st-43639;st-44029;st-77678;st-93493
2,seed31_strictly_disjoint,false_candidates_without_recovery,0,0.0,2,2,2,pidqa-b7d6600f5299312b,qwen,2,0.0,ddl-667;ddl-717,0.0,0,pidqa-sheet-383,0,2,ddl 667;ddl 717
2,seed31_strictly_disjoint,partial_recovery_with_false_candidates,0,0.4,1,2,1,pidqa-c098994ef335ce80,qwen,2,0.5,gh-44871;gh-86779,0.3333333333333333,1,pidqa-sheet-099,1,3,gh-44871;gh-66779;gh-84691
4,seed31_strictly_disjoint,exact_set,1,1.0,0,0,0,pidqa-cb94caae0d38f9c4,qwen,0,1.0,ij-18270;ij-56132;ij-85876;ij-95945,1.0,4,pidqa-sheet-453,4,4,ij-18270;ij-56132;ij-85876;ij-95945
5,seed31_strictly_disjoint,partial_recovery_with_false_candidates,0,0.7272727272727273,1,2,1,pidqa-d63ece3a80b395de,qwen,2,0.8,cd-00718;cd-13900;cd-34905;cd-67015;cd-97314,0.6666666666666666,4,pidqa-sheet-106,4,6,cd-00718;cd-00863;cd-13900;cd-34905;cd-67015;cd-97514
1,seed31_strictly_disjoint,partial_recovery_no_false_candidate,0,0.6666666666666666,0,1,0,pidqa-d83ba1f11b7d3c7b,qwen,1,1.0,st-01836,0.5,1,pidqa-sheet-486,1,2,st-01836;st-21643
1,seed31_strictly_disjoint,exact_set,1,1.0,0,0,0,pidqa-e7064ea82ba4ab15,qwen,0,1.0,sta,1.0,1,pidqa-sheet-299,1,1,sta
1,seed31_strictly_disjoint,partial_recovery_no_false_candidate,0,0.6666666666666666,0,1,0,pidqa-eae72d77fda2cf58,qwen,1,1.0,rv-13292,0.5,1,pidqa-sheet-090,1,2,rv-13292;rv-98771
1,seed31_strictly_disjoint,exact_set,1,1.0,0,0,0,pidqa-eecf02beab6350d6,qwen,0,1.0,erv-1-78,1.0,1,pidqa-sheet-057,1,1,erv-1-78
1,seed31_strictly_disjoint,false_candidates_without_recovery,0,0.0,1,0,1,pidqa-ef53b5307afc7e7b,qwen,0,0.0,cd-82456,0.0,0,pidqa-sheet-394,0,0,
1,seed31_strictly_disjoint,false_candidates_without_recovery,0,0.0,1,0,1,pidqa-efca9f772684426f,qwen,0,0.0,none,0.0,0,pidqa-sheet-497,0,0,
1,seed31_strictly_disjoint,false_candidates_without_recovery,0,0.0,1,0,1,pidqa-f292aa6d47dfa997,qwen,0,0.0,none,0.0,0,pidqa-sheet-391,0,0,
2,seed31_strictly_disjoint,exact_set,1,1.0,0,0,0,pidqa-fe068ab1db4988b6,qwen,0,1.0,glr 374;glr 769,1.0,2,pidqa-sheet-395,2,2,glr 374;glr 769
1,seed31_strictly_disjoint,false_candidates_without_recovery,0,0.0,1,1,1,pidqa-fff2894a1bc19e73,qwen,1,0.0,zlo-615,0.0,0,pidqa-sheet-047,0,1,zlo 615
1,seed31_strictly_disjoint,false_candidates_without_recovery,0,0.0,1,1,1,pidqa-fffe1e70fc16a8ee,qwen,1,0.0,ins (-42°c),0.0,0,pidqa-sheet-200,0,1,ins ( -42°c )
1,seed31_strictly_disjoint,exact_set,1,1.0,0,0,0,pidqa-0172f7403fe5db7b,paddleocr_geometry,0,1.0,sta,1.0,1,pidqa-sheet-274,1,1,sta
1,seed31_strictly_disjoint,false_candidates_without_recovery,0,0.0,1,1,1,pidqa-08695a656d267a17,paddleocr_geometry,1,0.0,klll7,0.0,0,pidqa-sheet-182,0,1,kl-80414
2,seed31_strictly_disjoint,partial_recovery_no_false_candidate,0,0.6666666666666666,0,2,0,pidqa-0a45c12953e22d18,paddleocr_geometry,2,1.0,erv-1-54;erv-5-40,0.5,2,pidqa-sheet-404,2,4,erv-1-54;erv-2-90;erv-5-40;erv-5-77
3,seed31_strictly_disjoint,partial_recovery_no_false_candidate,0,0.5454545454545454,0,5,0,pidqa-12c2a9941315f376,paddleocr_geometry,5,1.0,qr-03546;qr-36850;qr-76768,0.375,3,pidqa-sheet-303,3,8,qr-03546;qr-20623;qr-36850;qr-39862;qr-48964;qr-53460;qr-76768;qr-99527
2,seed31_strictly_disjoint,partial_recovery_with_false_candidates,0,0.4,1,2,1,pidqa-14591e87c5a19cf4,paddleocr_geometry,2,0.5,st-06815;sta,0.3333333333333333,1,pidqa-sheet-206,1,3,st-06815;st-44553;st-71599
3,seed31_strictly_disjoint,partial_recovery_no_false_candidate,0,0.75,0,2,0,pidqa-15b79c9168dc295b,paddleocr_geometry,2,1.0,cd-23362;cd-39737;cd-87400,0.6,3,pidqa-sheet-364,3,5,cd-23362;cd-31803;cd-39737;cd-87400;cd-90134
2,seed31_strictly_disjoint,partial_recovery_no_false_candidate,0,0.8,0,1,0,pidqa-1c2153751e7ef720,paddleocr_geometry,1,1.0,op-18648;op-91968,0.6666666666666666,2,pidqa-sheet-421,2,3,op-18648;op-91968;op-95916
4,seed31_strictly_disjoint,complete_recovery_with_false_candidates,0,0.6666666666666666,2,0,2,pidqa-22a86090c0260fc7,paddleocr_geometry,0,0.5,ef-57497;ef-93900;efforts;efgh,1.0,2,pidqa-sheet-480,2,2,ef-57497;ef-93900
8,seed31_strictly_disjoint,partial_recovery_with_false_candidates,0,0.8235294117647058,1,2,1,pidqa-315792501a503618,paddleocr_geometry,2,0.875,gh-02195;gh-07151;gh-08660;gh-09370;gh-20594;gh-77186;gh-83515;gh064,0.7777777777777778,7,pidqa-sheet-068,7,9,gh-02195;gh-07151;gh-08660;gh-09370;gh-16629;gh-20594;gh-29049;gh-77186;gh-83515
2,seed31_strictly_disjoint,complete_recovery_with_false_candidates,0,0.6666666666666666,1,0,1,pidqa-34a32703aa891c64,paddleocr_geometry,0,0.5,ef-78921;efgh,1.0,1,pidqa-sheet-022,1,1,ef-78921
3,seed31_strictly_disjoint,exact_set,1,1.0,0,0,0,pidqa-34faa2f7dbdc849b,paddleocr_geometry,0,1.0,erv-3-47;erv-3-61;erv-8-51,1.0,3,pidqa-sheet-246,3,3,erv-3-47;erv-3-61;erv-8-51
3,seed31_strictly_disjoint,partial_recovery_no_false_candidate,0,0.8571428571428571,0,1,0,pidqa-3517d07c0ec91e8f,paddleocr_geometry,1,1.0,gh-13139;gh-66650;gh-85214,0.75,3,pidqa-sheet-471,3,4,gh-13139;gh-44659;gh-66650;gh-85214
3,seed31_strictly_disjoint,partial_recovery_with_false_candidates,0,0.4,2,1,2,pidqa-3bca44c6b00ed017,paddleocr_geometry,1,0.3333333333333333,st;st-71159;sta,0.5,1,pidqa-sheet-229,1,2,st-71159;st-93745
3,seed31_strictly_disjoint,partial_recovery_no_false_candidate,0,0.75,0,2,0,pidqa-3f565de2cb332aac,paddleocr_geometry,2,1.0,uv-41563;uv-95544;uv-97274,0.6,3,pidqa-sheet-305,3,5,uv-41563;uv-49363;uv-73435;uv-95544;uv-97274
7,seed31_strictly_disjoint,partial_recovery_no_false_candidate,0,0.9333333333333333,0,1,0,pidqa-401cf5ef8a0f8284,paddleocr_geometry,1,1.0,sdl 105;sdl 140;sdl 263;sdl 533;sdl 700;sdl 729;sdl 796,0.875,7,pidqa-sheet-101,7,8,sdl 105;sdl 140;sdl 263;sdl 533;sdl 700;sdl 726;sdl 729;sdl 796
2,seed31_strictly_disjoint,exact_set,1,1.0,0,0,0,pidqa-4190de8580a69a0e,paddleocr_geometry,0,1.0,op-72843;op-83430,1.0,2,pidqa-sheet-192,2,2,op-72843;op-83430
3,seed31_strictly_disjoint,complete_recovery_with_false_candidates,0,0.8,1,0,1,pidqa-41e0dacf598afef1,paddleocr_geometry,0,0.6666666666666666,st-27986;st-64717;sta,1.0,2,pidqa-sheet-211,2,2,st-27986;st-64717
0,seed31_strictly_disjoint,empty_prediction,0,0.0,0,3,0,pidqa-427070a5c68f8223,paddleocr_geometry,3,0.0,,0.0,0,pidqa-sheet-224,0,3,ins ( -29°c );ins ( -46°c );ins ( 17°c )
2,seed31_strictly_disjoint,partial_recovery_with_false_candidates,0,0.4,1,2,1,pidqa-4b36d1f6111e91a6,paddleocr_geometry,2,0.5,kl-12365;kl188,0.3333333333333333,1,pidqa-sheet-048,1,3,kl-12365;kl-57351;kl-83811
3,seed31_strictly_disjoint,exact_set,1,1.0,0,0,0,pidqa-4c07b9fb312d8419,paddleocr_geometry,0,1.0,ro-10 500;ro-10 663;ro-10 978,1.0,3,pidqa-sheet-339,3,3,ro-10 500;ro-10 663;ro-10 978
2,seed31_strictly_disjoint,partial_recovery_no_false_candidate,0,0.8,0,1,0,pidqa-4fe242dd32e4612e,paddleocr_geometry,1,1.0,cs-58;cs-82,0.6666666666666666,2,pidqa-sheet-104,2,3,cs-37;cs-58;cs-82
2,seed31_strictly_disjoint,false_candidates_without_recovery,0,0.0,2,2,2,pidqa-51f964f265ba168e,paddleocr_geometry,2,0.0,st889;sta,0.0,0,pidqa-sheet-021,0,2,st-01408;st-63851
2,seed31_strictly_disjoint,partial_recovery_no_false_candidate,0,0.6666666666666666,0,2,0,pidqa-53b110174bb59e95,paddleocr_geometry,2,1.0,rv-22101;rv-82410,0.5,2,pidqa-sheet-092,2,4,rv-22101;rv-52581;rv-82410;rv-87733
2,seed31_strictly_disjoint,exact_set,1,1.0,0,0,0,pidqa-5ea1c3e215f2ab9e,paddleocr_geometry,0,1.0,cs-54;cs-93,1.0,2,pidqa-sheet-186,2,2,cs-54;cs-93
1,seed31_strictly_disjoint,partial_recovery_no_false_candidate,0,0.4,0,3,0,pidqa-683c3747eb540e1e,paddleocr_geometry,3,1.0,cs-06,0.25,1,pidqa-sheet-379,1,4,cs-06;cs-44;cs-72;cs-98
4,seed31_strictly_disjoint,partial_recovery_with_false_candidates,0,0.6666666666666666,1,2,1,pidqa-6aba69315c8ae9bb,paddleocr_geometry,2,0.75,mn-17582;mn-39415;mn-41090;mn4,0.6,3,pidqa-sheet-240,3,5,mn-14171;mn-17582;mn-32362;mn-39415;mn-41090
1,seed31_strictly_disjoint,partial_recovery_no_false_candidate,0,0.5,0,2,0,pidqa-6f0b9f64c14e0f10,paddleocr_geometry,2,1.0,cs-00,0.3333333333333333,1,pidqa-sheet-414,1,3,cs-00;cs-48;cs-97
1,seed31_strictly_disjoint,partial_recovery_no_false_candidate,0,0.5,0,2,0,pidqa-70c31949363b7a7a,paddleocr_geometry,2,1.0,cv-51722,0.3333333333333333,1,pidqa-sheet-171,1,3,cv-11122;cv-39490;cv-51722
5,seed31_strictly_disjoint,partial_recovery_with_false_candidates,0,0.5454545454545454,2,3,2,pidqa-748d8890da8c17fc,paddleocr_geometry,3,0.6,st-02743;st-29302;st-80624;st11335;sta,0.5,3,pidqa-sheet-006,3,6,st-02743;st-29302;st-55094;st-60037;st-80624;st-93135
3,seed31_strictly_disjoint,partial_recovery_no_false_candidate,0,0.6666666666666666,0,3,0,pidqa-7d1a87016ed4fc08,paddleocr_geometry,3,1.0,uv-22494;uv-31166;uv-32848,0.5,3,pidqa-sheet-030,3,6,uv-22494;uv-31166;uv-32848;uv-55039;uv-68198;uv-87909
1,seed31_strictly_disjoint,false_candidates_without_recovery,0,0.0,1,1,1,pidqa-7d40a4f9e62e7a9f,paddleocr_geometry,1,0.0,sta 605,0.0,0,pidqa-sheet-075,0,1,sta
4,seed31_strictly_disjoint,exact_set,1,1.0,0,0,0,pidqa-804be6e7899a1331,paddleocr_geometry,0,1.0,wx-32295;wx-66047;wx-68933;wx-91679,1.0,4,pidqa-sheet-331,4,4,wx-32295;wx-66047;wx-68933;wx-91679
2,seed31_strictly_disjoint,exact_set,1,1.0,0,0,0,pidqa-81dd293911e5d597,paddleocr_geometry,0,1.0,rv-44442;rv-61365,1.0,2,pidqa-sheet-126,2,2,rv-44442;rv-61365
2,seed31_strictly_disjoint,partial_recovery_no_false_candidate,0,0.6666666666666666,0,2,0,pidqa-82f9d602ca3a4d39,paddleocr_geometry,2,1.0,ij-05352;ij-62834,0.5,2,pidqa-sheet-407,2,4,ij-05352;ij-39717;ij-62834;ij-66700
1,seed31_strictly_disjoint,false_candidates_without_recovery,0,0.0,1,9,1,pidqa-84651ecbb8e6392a,paddleocr_geometry,9,0.0,ins,0.0,0,pidqa-sheet-156,0,9,ins ( -11°c );ins ( -20°c );ins ( -33°c );ins ( -56°c );ins ( 12°c );ins ( 28°c );ins ( 41°c );ins ( 48°c );ins ( 51°c )
0,seed31_strictly_disjoint,exact_set,1,1.0,0,0,0,pidqa-847fe938077d9d35,paddleocr_geometry,0,1.0,,1.0,0,pidqa-sheet-202,0,0,
3,seed31_strictly_disjoint,complete_recovery_with_false_candidates,0,0.5,2,0,2,pidqa-8b84ccb83c7874d6,paddleocr_geometry,0,0.3333333333333333,ab-08912;abc;abcd,1.0,1,pidqa-sheet-429,1,1,ab-08912
4,seed31_strictly_disjoint,partial_recovery_with_false_candidates,0,0.5,2,2,2,pidqa-8d0e501085220afb,paddleocr_geometry,2,0.5,ab-36890;ab-74920;abc;abcd,0.5,2,pidqa-sheet-328,2,4,ab-36890;ab-62629;ab-70077;ab-74920
3,seed31_strictly_disjoint,partial_recovery_with_false_candidates,0,0.5714285714285714,1,2,1,pidqa-91e318df4bbdc07c,paddleocr_geometry,2,0.6666666666666666,ef-07696;ef-97151;efgh,0.5,2,pidqa-sheet-150,2,4,ef-07696;ef-91444;ef-97151;ef-99468
1,seed31_strictly_disjoint,partial_recovery_no_false_candidate,0,0.6666666666666666,0,1,0,pidqa-97c65ea32b8ecb84,paddleocr_geometry,1,1.0,uv-55739,0.5,1,pidqa-sheet-060,1,2,uv-55739;uv-99366
1,seed31_strictly_disjoint,exact_set,1,1.0,0,0,0,pidqa-a3e6b504ad49aab4,paddleocr_geometry,0,1.0,sta,1.0,1,pidqa-sheet-460,1,1,sta
0,seed31_strictly_disjoint,exact_set,1,1.0,0,0,0,pidqa-a6fd09a772a61b8c,paddleocr_geometry,0,1.0,,1.0,0,pidqa-sheet-069,0,0,
1,seed31_strictly_disjoint,false_candidates_without_recovery,0,0.0,1,4,1,pidqa-ab306bd9fe4fa765,paddleocr_geometry,4,0.0,ins,0.0,0,pidqa-sheet-134,0,4,ins ( -28°c );ins ( -35°c );ins ( -52°c );ins ( 55°c )
0,seed31_strictly_disjoint,exact_set,1,1.0,0,0,0,pidqa-ab39f5babcd71354,paddleocr_geometry,0,1.0,,1.0,0,pidqa-sheet-015,0,0,
3,seed31_strictly_disjoint,partial_recovery_no_false_candidate,0,0.75,0,2,0,pidqa-abec661fe2b805eb,paddleocr_geometry,2,1.0,ddl 180;ddl 806;ddl 974,0.6,3,pidqa-sheet-111,3,5,ddl 180;ddl 251;ddl 675;ddl 806;ddl 974
3,seed31_strictly_disjoint,partial_recovery_no_false_candidate,0,0.75,0,2,0,pidqa-ad75d60b93c22dfd,paddleocr_geometry,2,1.0,qr-56512;qr-59003;qr-68407,0.6,3,pidqa-sheet-376,3,5,qr-08924;qr-19274;qr-56512;qr-59003;qr-68407
1,seed31_strictly_disjoint,partial_recovery_no_false_candidate,0,0.5,0,2,0,pidqa-af0c562db6a90a77,paddleocr_geometry,2,1.0,wx-81547,0.3333333333333333,1,pidqa-sheet-118,1,3,wx-05284;wx-81547;wx-89561
3,seed31_strictly_disjoint,partial_recovery_no_false_candidate,0,0.8571428571428571,0,1,0,pidqa-b1c3d93abc115d5c,paddleocr_geometry,1,1.0,cv-44444;cv-60977;cv-96376,0.75,3,pidqa-sheet-213,3,4,cv-44444;cv-60977;cv-71672;cv-96376
2,seed31_strictly_disjoint,partial_recovery_no_false_candidate,0,0.5714285714285714,0,3,0,pidqa-b2cd2b4b7a3f7f7f,paddleocr_geometry,3,1.0,gh-15791;gh-17139,0.4,2,pidqa-sheet-161,2,5,gh-15791;gh-17139;gh-30587;gh-45145;gh-86887
2,seed31_strictly_disjoint,partial_recovery_no_false_candidate,0,0.4444444444444444,0,5,0,pidqa-b39524dff509bbb9,paddleocr_geometry,5,1.0,op-31207;op-96795,0.2857142857142857,2,pidqa-sheet-271,2,7,op-29079;op-31207;op-38373;op-39633;op-58502;op-96795;op-96902
2,seed31_strictly_disjoint,partial_recovery_with_false_candidates,0,0.3333333333333333,1,3,1,pidqa-b7250591bea8b5af,paddleocr_geometry,3,0.5,st-77678;sta,0.25,1,pidqa-sheet-010,1,4,st-43639;st-44029;st-77678;st-93493
2,seed31_strictly_disjoint,exact_set,1,1.0,0,0,0,pidqa-b7d6600f5299312b,paddleocr_geometry,0,1.0,ddl 667;ddl 717,1.0,2,pidqa-sheet-383,2,2,ddl 667;ddl 717
2,seed31_strictly_disjoint,partial_recovery_no_false_candidate,0,0.8,0,1,0,pidqa-c098994ef335ce80,paddleocr_geometry,1,1.0,gh-44871;gh-84691,0.6666666666666666,2,pidqa-sheet-099,2,3,gh-44871;gh-66779;gh-84691
2,seed31_strictly_disjoint,partial_recovery_no_false_candidate,0,0.6666666666666666,0,2,0,pidqa-cb94caae0d38f9c4,paddleocr_geometry,2,1.0,ij-85876;ij-95945,0.5,2,pidqa-sheet-453,2,4,ij-18270;ij-56132;ij-85876;ij-95945
4,seed31_strictly_disjoint,partial_recovery_no_false_candidate,0,0.8,0,2,0,pidqa-d63ece3a80b395de,paddleocr_geometry,2,1.0,cd-00863;cd-13900;cd-34905;cd-67015,0.6666666666666666,4,pidqa-sheet-106,4,6,cd-00718;cd-00863;cd-13900;cd-34905;cd-67015;cd-97514
3,seed31_strictly_disjoint,complete_recovery_with_false_candidates,0,0.8,1,0,1,pidqa-d83ba1f11b7d3c7b,paddleocr_geometry,0,0.6666666666666666,st-01836;st-21643;sta,1.0,2,pidqa-sheet-486,2,2,st-01836;st-21643
1,seed31_strictly_disjoint,exact_set,1,1.0,0,0,0,pidqa-e7064ea82ba4ab15,paddleocr_geometry,0,1.0,sta,1.0,1,pidqa-sheet-299,1,1,sta
1,seed31_strictly_disjoint,partial_recovery_no_false_candidate,0,0.6666666666666666,0,1,0,pidqa-eae72d77fda2cf58,paddleocr_geometry,1,1.0,rv-98771,0.5,1,pidqa-sheet-090,1,2,rv-13292;rv-98771
0,seed31_strictly_disjoint,empty_prediction,0,0.0,0,1,0,pidqa-eecf02beab6350d6,paddleocr_geometry,1,0.0,,0.0,0,pidqa-sheet-057,0,1,erv-1-78
0,seed31_strictly_disjoint,exact_set,1,1.0,0,0,0,pidqa-ef53b5307afc7e7b,paddleocr_geometry,0,1.0,,1.0,0,pidqa-sheet-394,0,0,
0,seed31_strictly_disjoint,exact_set,1,1.0,0,0,0,pidqa-efca9f772684426f,paddleocr_geometry,0,1.0,,1.0,0,pidqa-sheet-497,0,0,
0,seed31_strictly_disjoint,exact_set,1,1.0,0,0,0,pidqa-f292aa6d47dfa997,paddleocr_geometry,0,1.0,,1.0,0,pidqa-sheet-391,0,0,
2,seed31_strictly_disjoint,exact_set,1,1.0,0,0,0,pidqa-fe068ab1db4988b6,paddleocr_geometry,0,1.0,glr 374;glr 769,1.0,2,pidqa-sheet-395,2,2,glr 374;glr 769
1,seed31_strictly_disjoint,exact_set,1,1.0,0,0,0,pidqa-fff2894a1bc19e73,paddleocr_geometry,0,1.0,zlo 615,1.0,1,pidqa-sheet-047,1,1,zlo 615
1,seed31_strictly_disjoint,false_candidates_without_recovery,0,0.0,1,1,1,pidqa-fffe1e70fc16a8ee,paddleocr_geometry,1,0.0,ins,0.0,0,pidqa-sheet-200,0,1,ins ( -42°c )
3,seed31_strictly_disjoint,complete_recovery_with_false_candidates,0,0.5,2,0,2,pidqa-0172f7403fe5db7b,set_union,0,0.3333333333333333,sta;sta-8196;sta-91178,1.0,1,pidqa-sheet-274,1,1,sta
2,seed31_strictly_disjoint,complete_recovery_with_false_candidates,0,0.6666666666666666,1,0,1,pidqa-08695a656d267a17,set_union,0,0.5,kl-80414;klll7,1.0,1,pidqa-sheet-182,1,1,kl-80414
2,seed31_strictly_disjoint,partial_recovery_no_false_candidate,0,0.6666666666666666,0,2,0,pidqa-0a45c12953e22d18,set_union,2,1.0,erv-1-54;erv-5-40,0.5,2,pidqa-sheet-404,2,4,erv-1-54;erv-2-90;erv-5-40;erv-5-77
5,seed31_strictly_disjoint,partial_recovery_with_false_candidates,0,0.6153846153846154,1,4,1,pidqa-12c2a9941315f376,set_union,4,0.8,qr-03546;qr-34040;qr-36850;qr-39862;qr-76768,0.5,4,pidqa-sheet-303,4,8,qr-03546;qr-20623;qr-36850;qr-39862;qr-48964;qr-53460;qr-76768;qr-99527
4,seed31_strictly_disjoint,partial_recovery_with_false_candidates,0,0.5714285714285714,2,1,2,pidqa-14591e87c5a19cf4,set_union,1,0.5,st-06815;st-15745;st-44553;sta,0.6666666666666666,2,pidqa-sheet-206,2,3,st-06815;st-44553;st-71599
5,seed31_strictly_disjoint,exact_set,1,1.0,0,0,0,pidqa-15b79c9168dc295b,set_union,0,1.0,cd-23362;cd-31803;cd-39737;cd-87400;cd-90134,1.0,5,pidqa-sheet-364,5,5,cd-23362;cd-31803;cd-39737;cd-87400;cd-90134
3,seed31_strictly_disjoint,exact_set,1,1.0,0,0,0,pidqa-1c2153751e7ef720,set_union,0,1.0,op-18648;op-91968;op-95916,1.0,3,pidqa-sheet-421,3,3,op-18648;op-91968;op-95916
5,seed31_strictly_disjoint,complete_recovery_with_false_candidates,0,0.5714285714285714,3,0,3,pidqa-22a86090c0260fc7,set_union,0,0.4,ef-3-29;ef-57497;ef-93900;efforts;efgh,1.0,2,pidqa-sheet-480,2,2,ef-57497;ef-93900
10,seed31_strictly_disjoint,partial_recovery_with_false_candidates,0,0.7368421052631579,3,2,3,pidqa-315792501a503618,set_union,2,0.7,gh-02195;gh-07151;gh-08660;gh-09370;gh-20594;gh-2195;gh-3515;gh-77186;gh-83515;gh064,0.7777777777777778,7,pidqa-sheet-068,7,9,gh-02195;gh-07151;gh-08660;gh-09370;gh-16629;gh-20594;gh-29049;gh-77186;gh-83515
2,seed31_strictly_disjoint,complete_recovery_with_false_candidates,0,0.6666666666666666,1,0,1,pidqa-34a32703aa891c64,set_union,0,0.5,ef-78921;efgh,1.0,1,pidqa-sheet-022,1,1,ef-78921
4,seed31_strictly_disjoint,complete_recovery_with_false_candidates,0,0.8571428571428571,1,0,1,pidqa-34faa2f7dbdc849b,set_union,0,0.75,erv-3-47;erv-3-61;erv-5-61;erv-8-51,1.0,3,pidqa-sheet-246,3,3,erv-3-47;erv-3-61;erv-8-51
3,seed31_strictly_disjoint,partial_recovery_no_false_candidate,0,0.8571428571428571,0,1,0,pidqa-3517d07c0ec91e8f,set_union,1,1.0,gh-13139;gh-66650;gh-85214,0.75,3,pidqa-sheet-471,3,4,gh-13139;gh-44659;gh-66650;gh-85214
4,seed31_strictly_disjoint,complete_recovery_with_false_candidates,0,0.6666666666666666,2,0,2,pidqa-3bca44c6b00ed017,set_union,0,0.5,st;st-71159;st-93745;sta,1.0,2,pidqa-sheet-229,2,2,st-71159;st-93745
4,seed31_strictly_disjoint,partial_recovery_with_false_candidates,0,0.6666666666666666,1,2,1,pidqa-3f565de2cb332aac,set_union,2,0.75,uv-40363;uv-41563;uv-95544;uv-97274,0.6,3,pidqa-sheet-305,3,5,uv-41563;uv-49363;uv-73435;uv-95544;uv-97274
17,seed31_strictly_disjoint,partial_recovery_with_false_candidates,0,0.56,10,1,10,pidqa-401cf5ef8a0f8284,set_union,1,0.4117647058823529,sdl 105;sdl 140;sdl 263;sdl 533;sdl 700;sdl 729;sdl 796;sdl-105;sdl-140;sdl-263;sdl-281;sdl-283;sdl-533;sdl-700;sdl-726;sdl-729;sdl-796,0.875,7,pidqa-sheet-101,7,8,sdl 105;sdl 140;sdl 263;sdl 533;sdl 700;sdl 726;sdl 729;sdl 796
2,seed31_strictly_disjoint,exact_set,1,1.0,0,0,0,pidqa-4190de8580a69a0e,set_union,0,1.0,op-72843;op-83430,1.0,2,pidqa-sheet-192,2,2,op-72843;op-83430
4,seed31_strictly_disjoint,complete_recovery_with_false_candidates,0,0.6666666666666666,2,0,2,pidqa-41e0dacf598afef1,set_union,0,0.5,st-27986;st-64717;st-85752;sta,1.0,2,pidqa-sheet-211,2,2,st-27986;st-64717
3,seed31_strictly_disjoint,false_candidates_without_recovery,0,0.0,3,3,3,pidqa-427070a5c68f8223,set_union,3,0.0,ins (-29°c);ins (-46°c);ins (17°c),0.0,0,pidqa-sheet-224,0,3,ins ( -29°c );ins ( -46°c );ins ( 17°c )
4,seed31_strictly_disjoint,complete_recovery_with_false_candidates,0,0.8571428571428571,1,0,1,pidqa-4b36d1f6111e91a6,set_union,0,0.75,kl-12365;kl-57351;kl-83811;kl188,1.0,3,pidqa-sheet-048,3,3,kl-12365;kl-57351;kl-83811
3,seed31_strictly_disjoint,exact_set,1,1.0,0,0,0,pidqa-4c07b9fb312d8419,set_union,0,1.0,ro-10 500;ro-10 663;ro-10 978,1.0,3,pidqa-sheet-339,3,3,ro-10 500;ro-10 663;ro-10 978
21,seed31_strictly_disjoint,complete_recovery_with_false_candidates,0,0.25,18,0,18,pidqa-4fe242dd32e4612e,set_union,0,0.14285714285714285,cs-37;cs-58;cs-80;cs-81;cs-82;cs-83;cs-84;cs-85;cs-86;cs-87;cs-88;cs-89;cs-90;cs-91;cs-92;cs-93;cs-94;cs-95;cs-96;cs-97;cs-98,1.0,3,pidqa-sheet-104,3,3,cs-37;cs-58;cs-82
4,seed31_strictly_disjoint,complete_recovery_with_false_candidates,0,0.6666666666666666,2,0,2,pidqa-51f964f265ba168e,set_union,0,0.5,st-01408;st-63851;st889;sta,1.0,2,pidqa-sheet-021,2,2,st-01408;st-63851
4,seed31_strictly_disjoint,exact_set,1,1.0,0,0,0,pidqa-53b110174bb59e95,set_union,0,1.0,rv-22101;rv-52581;rv-82410;rv-87733,1.0,4,pidqa-sheet-092,4,4,rv-22101;rv-52581;rv-82410;rv-87733
2,seed31_strictly_disjoint,exact_set,1,1.0,0,0,0,pidqa-5ea1c3e215f2ab9e,set_union,0,1.0,cs-54;cs-93,1.0,2,pidqa-sheet-186,2,2,cs-54;cs-93
1,seed31_strictly_disjoint,partial_recovery_no_false_candidate,0,0.4,0,3,0,pidqa-683c3747eb540e1e,set_union,3,1.0,cs-06,0.25,1,pidqa-sheet-379,1,4,cs-06;cs-44;cs-72;cs-98
5,seed31_strictly_disjoint,partial_recovery_with_false_candidates,0,0.8,1,1,1,pidqa-6aba69315c8ae9bb,set_union,1,0.8,mn-14171;mn-17582;mn-39415;mn-41090;mn4,0.8,4,pidqa-sheet-240,4,5,mn-14171;mn-17582;mn-32362;mn-39415;mn-41090
1,seed31_strictly_disjoint,partial_recovery_no_false_candidate,0,0.5,0,2,0,pidqa-6f0b9f64c14e0f10,set_union,2,1.0,cs-00,0.3333333333333333,1,pidqa-sheet-414,1,3,cs-00;cs-48;cs-97
10,seed31_strictly_disjoint,complete_recovery_with_false_candidates,0,0.46153846153846156,7,0,7,pidqa-70c31949363b7a7a,set_union,0,0.3,cv-11122;cv-29963;cv-33706;cv-39490;cv-51722;cv-54793;cv-58759;cv-76161;cv-76350;cv-82212,1.0,3,pidqa-sheet-171,3,3,cv-11122;cv-39490;cv-51722
10,seed31_strictly_disjoint,partial_recovery_with_false_candidates,0,0.625,5,1,5,pidqa-748d8890da8c17fc,set_union,1,0.5,st-02743;st-18796;st-29302;st-55094;st-80624;st-89355;st-92596;st-93135;st11335;sta,0.8333333333333334,5,pidqa-sheet-006,5,6,st-02743;st-29302;st-55094;st-60037;st-80624;st-93135
5,seed31_strictly_disjoint,partial_recovery_no_false_candidate,0,0.9090909090909091,0,1,0,pidqa-7d1a87016ed4fc08,set_union,1,1.0,uv-22494;uv-31166;uv-32848;uv-55039;uv-68198,0.8333333333333334,5,pidqa-sheet-030,5,6,uv-22494;uv-31166;uv-32848;uv-55039;uv-68198;uv-87909
2,seed31_strictly_disjoint,complete_recovery_with_false_candidates,0,0.6666666666666666,1,0,1,pidqa-7d40a4f9e62e7a9f,set_union,0,0.5,sta;sta 605,1.0,1,pidqa-sheet-075,1,1,sta
4,seed31_strictly_disjoint,exact_set,1,1.0,0,0,0,pidqa-804be6e7899a1331,set_union,0,1.0,wx-32295;wx-66047;wx-68933;wx-91679,1.0,4,pidqa-sheet-331,4,4,wx-32295;wx-66047;wx-68933;wx-91679
2,seed31_strictly_disjoint,exact_set,1,1.0,0,0,0,pidqa-81dd293911e5d597,set_union,0,1.0,rv-44442;rv-61365,1.0,2,pidqa-sheet-126,2,2,rv-44442;rv-61365
4,seed31_strictly_disjoint,exact_set,1,1.0,0,0,0,pidqa-82f9d602ca3a4d39,set_union,0,1.0,ij-05352;ij-39717;ij-62834;ij-66700,1.0,4,pidqa-sheet-407,4,4,ij-05352;ij-39717;ij-62834;ij-66700
8,seed31_strictly_disjoint,false_candidates_without_recovery,0,0.0,8,9,8,pidqa-84651ecbb8e6392a,set_union,9,0.0,ins;ins (11°c);ins (28°c);ins (33°c);ins (41°c);ins (48°c);ins (51°c);ins (56°c),0.0,0,pidqa-sheet-156,0,9,ins ( -11°c );ins ( -20°c );ins ( -33°c );ins ( -56°c );ins ( 12°c );ins ( 28°c );ins ( 41°c );ins ( 48°c );ins ( 51°c )
1,seed31_strictly_disjoint,false_candidates_without_recovery,0,0.0,1,0,1,pidqa-847fe938077d9d35,set_union,0,0.0,none,0.0,0,pidqa-sheet-202,0,0,
3,seed31_strictly_disjoint,complete_recovery_with_false_candidates,0,0.5,2,0,2,pidqa-8b84ccb83c7874d6,set_union,0,0.3333333333333333,ab-08912;abc;abcd,1.0,1,pidqa-sheet-429,1,1,ab-08912
6,seed31_strictly_disjoint,partial_recovery_with_false_candidates,0,0.6,3,1,3,pidqa-8d0e501085220afb,set_union,1,0.5,ab-36890;ab-70077;ab-74920;ab-8229;abc;abcd,0.75,3,pidqa-sheet-328,3,4,ab-36890;ab-62629;ab-70077;ab-74920
4,seed31_strictly_disjoint,partial_recovery_with_false_candidates,0,0.75,1,1,1,pidqa-91e318df4bbdc07c,set_union,1,0.75,ef-07696;ef-97151;ef-99468;efgh,0.75,3,pidqa-sheet-150,3,4,ef-07696;ef-91444;ef-97151;ef-99468
2,seed31_strictly_disjoint,exact_set,1,1.0,0,0,0,pidqa-97c65ea32b8ecb84,set_union,0,1.0,uv-55739;uv-99366,1.0,2,pidqa-sheet-060,2,2,uv-55739;uv-99366
2,seed31_strictly_disjoint,complete_recovery_with_false_candidates,0,0.6666666666666666,1,0,1,pidqa-a3e6b504ad49aab4,set_union,0,0.5,"sta;sta
sta
sta
sta",1.0,1,pidqa-sheet-460,1,1,sta
3,seed31_strictly_disjoint,false_candidates_without_recovery,0,0.0,3,0,3,pidqa-a6fd09a772a61b8c,set_union,0,0.0,zlc-304;zlc-504;zlc-930,0.0,0,pidqa-sheet-069,0,0,
4,seed31_strictly_disjoint,false_candidates_without_recovery,0,0.0,4,4,4,pidqa-ab306bd9fe4fa765,set_union,4,0.0,ins;ins (-28°c);ins (-35°c);ins (-52°c),0.0,0,pidqa-sheet-134,0,4,ins ( -28°c );ins ( -35°c );ins ( -52°c );ins ( 55°c )
1,seed31_strictly_disjoint,false_candidates_without_recovery,0,0.0,1,0,1,pidqa-ab39f5babcd71354,set_union,0,0.0,none,0.0,0,pidqa-sheet-015,0,0,
6,seed31_strictly_disjoint,complete_recovery_with_false_candidates,0,0.9090909090909091,1,0,1,pidqa-abec661fe2b805eb,set_union,0,0.8333333333333334,ddl 180;ddl 251;ddl 303;ddl 675;ddl 806;ddl 974,1.0,5,pidqa-sheet-111,5,5,ddl 180;ddl 251;ddl 675;ddl 806;ddl 974
8,seed31_strictly_disjoint,complete_recovery_with_false_candidates,0,0.7692307692307693,3,0,3,pidqa-ad75d60b93c22dfd,set_union,0,0.625,qr-08924;qr-19274;qr-56512;qr-59003;qr-60607;qr-66942;qr-68407;qr-88851,1.0,5,pidqa-sheet-376,5,5,qr-08924;qr-19274;qr-56512;qr-59003;qr-68407
4,seed31_strictly_disjoint,partial_recovery_with_false_candidates,0,0.5714285714285714,2,1,2,pidqa-af0c562db6a90a77,set_union,1,0.5,wx-05284;wx-39351;wx-81547;wx-91740,0.6666666666666666,2,pidqa-sheet-118,2,3,wx-05284;wx-81547;wx-89561
3,seed31_strictly_disjoint,partial_recovery_no_false_candidate,0,0.8571428571428571,0,1,0,pidqa-b1c3d93abc115d5c,set_union,1,1.0,cv-44444;cv-60977;cv-96376,0.75,3,pidqa-sheet-213,3,4,cv-44444;cv-60977;cv-71672;cv-96376
7,seed31_strictly_disjoint,partial_recovery_with_false_candidates,0,0.6666666666666666,3,1,3,pidqa-b2cd2b4b7a3f7f7f,set_union,1,0.5714285714285714,gh-15791;gh-17139;gh-30387;gh-44519;gh-44790;gh-45145;gh-86887,0.8,4,pidqa-sheet-161,4,5,gh-15791;gh-17139;gh-30587;gh-45145;gh-86887
7,seed31_strictly_disjoint,exact_set,1,1.0,0,0,0,pidqa-b39524dff509bbb9,set_union,0,1.0,op-29079;op-31207;op-38373;op-39633;op-58502;op-96795;op-96902,1.0,7,pidqa-sheet-271,7,7,op-29079;op-31207;op-38373;op-39633;op-58502;op-96795;op-96902
4,seed31_strictly_disjoint,partial_recovery_with_false_candidates,0,0.75,1,1,1,pidqa-b7250591bea8b5af,set_union,1,0.75,st-43639;st-77678;st-93493;sta,0.75,3,pidqa-sheet-010,3,4,st-43639;st-44029;st-77678;st-93493
4,seed31_strictly_disjoint,complete_recovery_with_false_candidates,0,0.6666666666666666,2,0,2,pidqa-b7d6600f5299312b,set_union,0,0.5,ddl 667;ddl 717;ddl-667;ddl-717,1.0,2,pidqa-sheet-383,2,2,ddl 667;ddl 717
3,seed31_strictly_disjoint,partial_recovery_with_false_candidates,0,0.6666666666666666,1,1,1,pidqa-c098994ef335ce80,set_union,1,0.6666666666666666,gh-44871;gh-84691;gh-86779,0.6666666666666666,2,pidqa-sheet-099,2,3,gh-44871;gh-66779;gh-84691
4,seed31_strictly_disjoint,exact_set,1,1.0,0,0,0,pidqa-cb94caae0d38f9c4,set_union,0,1.0,ij-18270;ij-56132;ij-85876;ij-95945,1.0,4,pidqa-sheet-453,4,4,ij-18270;ij-56132;ij-85876;ij-95945
6,seed31_strictly_disjoint,partial_recovery_with_false_candidates,0,0.8333333333333334,1,1,1,pidqa-d63ece3a80b395de,set_union,1,0.8333333333333334,cd-00718;cd-00863;cd-13900;cd-34905;cd-67015;cd-97314,0.8333333333333334,5,pidqa-sheet-106,5,6,cd-00718;cd-00863;cd-13900;cd-34905;cd-67015;cd-97514
3,seed31_strictly_disjoint,complete_recovery_with_false_candidates,0,0.8,1,0,1,pidqa-d83ba1f11b7d3c7b,set_union,0,0.6666666666666666,st-01836;st-21643;sta,1.0,2,pidqa-sheet-486,2,2,st-01836;st-21643
1,seed31_strictly_disjoint,exact_set,1,1.0,0,0,0,pidqa-e7064ea82ba4ab15,set_union,0,1.0,sta,1.0,1,pidqa-sheet-299,1,1,sta
2,seed31_strictly_disjoint,exact_set,1,1.0,0,0,0,pidqa-eae72d77fda2cf58,set_union,0,1.0,rv-13292;rv-98771,1.0,2,pidqa-sheet-090,2,2,rv-13292;rv-98771
1,seed31_strictly_disjoint,exact_set,1,1.0,0,0,0,pidqa-eecf02beab6350d6,set_union,0,1.0,erv-1-78,1.0,1,pidqa-sheet-057,1,1,erv-1-78
1,seed31_strictly_disjoint,false_candidates_without_recovery,0,0.0,1,0,1,pidqa-ef53b5307afc7e7b,set_union,0,0.0,cd-82456,0.0,0,pidqa-sheet-394,0,0,
1,seed31_strictly_disjoint,false_candidates_without_recovery,0,0.0,1,0,1,pidqa-efca9f772684426f,set_union,0,0.0,none,0.0,0,pidqa-sheet-497,0,0,
1,seed31_strictly_disjoint,false_candidates_without_recovery,0,0.0,1,0,1,pidqa-f292aa6d47dfa997,set_union,0,0.0,none,0.0,0,pidqa-sheet-391,0,0,
2,seed31_strictly_disjoint,exact_set,1,1.0,0,0,0,pidqa-fe068ab1db4988b6,set_union,0,1.0,glr 374;glr 769,1.0,2,pidqa-sheet-395,2,2,glr 374;glr 769
2,seed31_strictly_disjoint,complete_recovery_with_false_candidates,0,0.6666666666666666,1,0,1,pidqa-fff2894a1bc19e73,set_union,0,0.5,zlo 615;zlo-615,1.0,1,pidqa-sheet-047,1,1,zlo 615
2,seed31_strictly_disjoint,false_candidates_without_recovery,0,0.0,2,1,2,pidqa-fffe1e70fc16a8ee,set_union,1,0.0,ins;ins (-42°c),0.0,0,pidqa-sheet-200,0,1,ins ( -42°c )
0,seed31_strictly_disjoint,empty_prediction,0,0.0,0,1,0,pidqa-0172f7403fe5db7b,set_intersection,1,0.0,,0.0,0,pidqa-sheet-274,0,1,sta
0,seed31_strictly_disjoint,empty_prediction,0,0.0,0,1,0,pidqa-08695a656d267a17,set_intersection,1,0.0,,0.0,0,pidqa-sheet-182,0,1,kl-80414
1,seed31_strictly_disjoint,partial_recovery_no_false_candidate,0,0.4,0,3,0,pidqa-0a45c12953e22d18,set_intersection,3,1.0,erv-5-40,0.25,1,pidqa-sheet-404,1,4,erv-1-54;erv-2-90;erv-5-40;erv-5-77
3,seed31_strictly_disjoint,partial_recovery_no_false_candidate,0,0.5454545454545454,0,5,0,pidqa-12c2a9941315f376,set_intersection,5,1.0,qr-03546;qr-36850;qr-76768,0.375,3,pidqa-sheet-303,3,8,qr-03546;qr-20623;qr-36850;qr-39862;qr-48964;qr-53460;qr-76768;qr-99527
1,seed31_strictly_disjoint,partial_recovery_no_false_candidate,0,0.5,0,2,0,pidqa-14591e87c5a19cf4,set_intersection,2,1.0,st-06815,0.3333333333333333,1,pidqa-sheet-206,1,3,st-06815;st-44553;st-71599
3,seed31_strictly_disjoint,partial_recovery_no_false_candidate,0,0.75,0,2,0,pidqa-15b79c9168dc295b,set_intersection,2,1.0,cd-23362;cd-39737;cd-87400,0.6,3,pidqa-sheet-364,3,5,cd-23362;cd-31803;cd-39737;cd-87400;cd-90134
2,seed31_strictly_disjoint,partial_recovery_no_false_candidate,0,0.8,0,1,0,pidqa-1c2153751e7ef720,set_intersection,1,1.0,op-18648;op-91968,0.6666666666666666,2,pidqa-sheet-421,2,3,op-18648;op-91968;op-95916
2,seed31_strictly_disjoint,exact_set,1,1.0,0,0,0,pidqa-22a86090c0260fc7,set_intersection,0,1.0,ef-57497;ef-93900,1.0,2,pidqa-sheet-480,2,2,ef-57497;ef-93900
4,seed31_strictly_disjoint,partial_recovery_no_false_candidate,0,0.6153846153846154,0,5,0,pidqa-315792501a503618,set_intersection,5,1.0,gh-08660;gh-09370;gh-20594;gh-77186,0.4444444444444444,4,pidqa-sheet-068,4,9,gh-02195;gh-07151;gh-08660;gh-09370;gh-16629;gh-20594;gh-29049;gh-77186;gh-83515
1,seed31_strictly_disjoint,exact_set,1,1.0,0,0,0,pidqa-34a32703aa891c64,set_intersection,0,1.0,ef-78921,1.0,1,pidqa-sheet-022,1,1,ef-78921
2,seed31_strictly_disjoint,partial_recovery_no_false_candidate,0,0.8,0,1,0,pidqa-34faa2f7dbdc849b,set_intersection,1,1.0,erv-3-47;erv-8-51,0.6666666666666666,2,pidqa-sheet-246,2,3,erv-3-47;erv-3-61;erv-8-51
3,seed31_strictly_disjoint,partial_recovery_no_false_candidate,0,0.8571428571428571,0,1,0,pidqa-3517d07c0ec91e8f,set_intersection,1,1.0,gh-13139;gh-66650;gh-85214,0.75,3,pidqa-sheet-471,3,4,gh-13139;gh-44659;gh-66650;gh-85214
1,seed31_strictly_disjoint,partial_recovery_no_false_candidate,0,0.6666666666666666,0,1,0,pidqa-3bca44c6b00ed017,set_intersection,1,1.0,st-71159,0.5,1,pidqa-sheet-229,1,2,st-71159;st-93745
2,seed31_strictly_disjoint,partial_recovery_no_false_candidate,0,0.5714285714285714,0,3,0,pidqa-3f565de2cb332aac,set_intersection,3,1.0,uv-95544;uv-97274,0.4,2,pidqa-sheet-305,2,5,uv-41563;uv-49363;uv-73435;uv-95544;uv-97274
0,seed31_strictly_disjoint,empty_prediction,0,0.0,0,8,0,pidqa-401cf5ef8a0f8284,set_intersection,8,0.0,,0.0,0,pidqa-sheet-101,0,8,sdl 105;sdl 140;sdl 263;sdl 533;sdl 700;sdl 726;sdl 729;sdl 796
2,seed31_strictly_disjoint,exact_set,1,1.0,0,0,0,pidqa-4190de8580a69a0e,set_intersection,0,1.0,op-72843;op-83430,1.0,2,pidqa-sheet-192,2,2,op-72843;op-83430
2,seed31_strictly_disjoint,exact_set,1,1.0,0,0,0,pidqa-41e0dacf598afef1,set_intersection,0,1.0,st-27986;st-64717,1.0,2,pidqa-sheet-211,2,2,st-27986;st-64717
0,seed31_strictly_disjoint,empty_prediction,0,0.0,0,3,0,pidqa-427070a5c68f8223,set_intersection,3,0.0,,0.0,0,pidqa-sheet-224,0,3,ins ( -29°c );ins ( -46°c );ins ( 17°c )
1,seed31_strictly_disjoint,partial_recovery_no_false_candidate,0,0.5,0,2,0,pidqa-4b36d1f6111e91a6,set_intersection,2,1.0,kl-12365,0.3333333333333333,1,pidqa-sheet-048,1,3,kl-12365;kl-57351;kl-83811
3,seed31_strictly_disjoint,exact_set,1,1.0,0,0,0,pidqa-4c07b9fb312d8419,set_intersection,0,1.0,ro-10 500;ro-10 663;ro-10 978,1.0,3,pidqa-sheet-339,3,3,ro-10 500;ro-10 663;ro-10 978
2,seed31_strictly_disjoint,partial_recovery_no_false_candidate,0,0.8,0,1,0,pidqa-4fe242dd32e4612e,set_intersection,1,1.0,cs-58;cs-82,0.6666666666666666,2,pidqa-sheet-104,2,3,cs-37;cs-58;cs-82
0,seed31_strictly_disjoint,empty_prediction,0,0.0,0,2,0,pidqa-51f964f265ba168e,set_intersection,2,0.0,,0.0,0,pidqa-sheet-021,0,2,st-01408;st-63851
2,seed31_strictly_disjoint,partial_recovery_no_false_candidate,0,0.6666666666666666,0,2,0,pidqa-53b110174bb59e95,set_intersection,2,1.0,rv-22101;rv-82410,0.5,2,pidqa-sheet-092,2,4,rv-22101;rv-52581;rv-82410;rv-87733
2,seed31_strictly_disjoint,exact_set,1,1.0,0,0,0,pidqa-5ea1c3e215f2ab9e,set_intersection,0,1.0,cs-54;cs-93,1.0,2,pidqa-sheet-186,2,2,cs-54;cs-93
1,seed31_strictly_disjoint,partial_recovery_no_false_candidate,0,0.4,0,3,0,pidqa-683c3747eb540e1e,set_intersection,3,1.0,cs-06,0.25,1,pidqa-sheet-379,1,4,cs-06;cs-44;cs-72;cs-98
2,seed31_strictly_disjoint,partial_recovery_no_false_candidate,0,0.5714285714285714,0,3,0,pidqa-6aba69315c8ae9bb,set_intersection,3,1.0,mn-39415;mn-41090,0.4,2,pidqa-sheet-240,2,5,mn-14171;mn-17582;mn-32362;mn-39415;mn-41090
1,seed31_strictly_disjoint,partial_recovery_no_false_candidate,0,0.5,0,2,0,pidqa-6f0b9f64c14e0f10,set_intersection,2,1.0,cs-00,0.3333333333333333,1,pidqa-sheet-414,1,3,cs-00;cs-48;cs-97
1,seed31_strictly_disjoint,partial_recovery_no_false_candidate,0,0.5,0,2,0,pidqa-70c31949363b7a7a,set_intersection,2,1.0,cv-51722,0.3333333333333333,1,pidqa-sheet-171,1,3,cv-11122;cv-39490;cv-51722
3,seed31_strictly_disjoint,partial_recovery_no_false_candidate,0,0.6666666666666666,0,3,0,pidqa-748d8890da8c17fc,set_intersection,3,1.0,st-02743;st-29302;st-80624,0.5,3,pidqa-sheet-006,3,6,st-02743;st-29302;st-55094;st-60037;st-80624;st-93135
2,seed31_strictly_disjoint,partial_recovery_no_false_candidate,0,0.5,0,4,0,pidqa-7d1a87016ed4fc08,set_intersection,4,1.0,uv-22494;uv-32848,0.3333333333333333,2,pidqa-sheet-030,2,6,uv-22494;uv-31166;uv-32848;uv-55039;uv-68198;uv-87909
0,seed31_strictly_disjoint,empty_prediction,0,0.0,0,1,0,pidqa-7d40a4f9e62e7a9f,set_intersection,1,0.0,,0.0,0,pidqa-sheet-075,0,1,sta
2,seed31_strictly_disjoint,partial_recovery_no_false_candidate,0,0.6666666666666666,0,2,0,pidqa-804be6e7899a1331,set_intersection,2,1.0,wx-66047;wx-68933,0.5,2,pidqa-sheet-331,2,4,wx-32295;wx-66047;wx-68933;wx-91679
2,seed31_strictly_disjoint,exact_set,1,1.0,0,0,0,pidqa-81dd293911e5d597,set_intersection,0,1.0,rv-44442;rv-61365,1.0,2,pidqa-sheet-126,2,2,rv-44442;rv-61365
2,seed31_strictly_disjoint,partial_recovery_no_false_candidate,0,0.6666666666666666,0,2,0,pidqa-82f9d602ca3a4d39,set_intersection,2,1.0,ij-05352;ij-62834,0.5,2,pidqa-sheet-407,2,4,ij-05352;ij-39717;ij-62834;ij-66700
0,seed31_strictly_disjoint,empty_prediction,0,0.0,0,9,0,pidqa-84651ecbb8e6392a,set_intersection,9,0.0,,0.0,0,pidqa-sheet-156,0,9,ins ( -11°c );ins ( -20°c );ins ( -33°c );ins ( -56°c );ins ( 12°c );ins ( 28°c );ins ( 41°c );ins ( 48°c );ins ( 51°c )
0,seed31_strictly_disjoint,exact_set,1,1.0,0,0,0,pidqa-847fe938077d9d35,set_intersection,0,1.0,,1.0,0,pidqa-sheet-202,0,0,
1,seed31_strictly_disjoint,exact_set,1,1.0,0,0,0,pidqa-8b84ccb83c7874d6,set_intersection,0,1.0,ab-08912,1.0,1,pidqa-sheet-429,1,1,ab-08912
2,seed31_strictly_disjoint,partial_recovery_no_false_candidate,0,0.6666666666666666,0,2,0,pidqa-8d0e501085220afb,set_intersection,2,1.0,ab-36890;ab-74920,0.5,2,pidqa-sheet-328,2,4,ab-36890;ab-62629;ab-70077;ab-74920
1,seed31_strictly_disjoint,partial_recovery_no_false_candidate,0,0.4,0,3,0,pidqa-91e318df4bbdc07c,set_intersection,3,1.0,ef-07696,0.25,1,pidqa-sheet-150,1,4,ef-07696;ef-91444;ef-97151;ef-99468
0,seed31_strictly_disjoint,empty_prediction,0,0.0,0,2,0,pidqa-97c65ea32b8ecb84,set_intersection,2,0.0,,0.0,0,pidqa-sheet-060,0,2,uv-55739;uv-99366
0,seed31_strictly_disjoint,empty_prediction,0,0.0,0,1,0,pidqa-a3e6b504ad49aab4,set_intersection,1,0.0,,0.0,0,pidqa-sheet-460,0,1,sta
0,seed31_strictly_disjoint,exact_set,1,1.0,0,0,0,pidqa-a6fd09a772a61b8c,set_intersection,0,1.0,,1.0,0,pidqa-sheet-069,0,0,
0,seed31_strictly_disjoint,empty_prediction,0,0.0,0,4,0,pidqa-ab306bd9fe4fa765,set_intersection,4,0.0,,0.0,0,pidqa-sheet-134,0,4,ins ( -28°c );ins ( -35°c );ins ( -52°c );ins ( 55°c )
0,seed31_strictly_disjoint,exact_set,1,1.0,0,0,0,pidqa-ab39f5babcd71354,set_intersection,0,1.0,,1.0,0,pidqa-sheet-015,0,0,
3,seed31_strictly_disjoint,partial_recovery_no_false_candidate,0,0.75,0,2,0,pidqa-abec661fe2b805eb,set_intersection,2,1.0,ddl 180;ddl 806;ddl 974,0.6,3,pidqa-sheet-111,3,5,ddl 180;ddl 251;ddl 675;ddl 806;ddl 974
3,seed31_strictly_disjoint,partial_recovery_no_false_candidate,0,0.75,0,2,0,pidqa-ad75d60b93c22dfd,set_intersection,2,1.0,qr-56512;qr-59003;qr-68407,0.6,3,pidqa-sheet-376,3,5,qr-08924;qr-19274;qr-56512;qr-59003;qr-68407
0,seed31_strictly_disjoint,empty_prediction,0,0.0,0,3,0,pidqa-af0c562db6a90a77,set_intersection,3,0.0,,0.0,0,pidqa-sheet-118,0,3,wx-05284;wx-81547;wx-89561
3,seed31_strictly_disjoint,partial_recovery_no_false_candidate,0,0.8571428571428571,0,1,0,pidqa-b1c3d93abc115d5c,set_intersection,1,1.0,cv-44444;cv-60977;cv-96376,0.75,3,pidqa-sheet-213,3,4,cv-44444;cv-60977;cv-71672;cv-96376
2,seed31_strictly_disjoint,partial_recovery_no_false_candidate,0,0.5714285714285714,0,3,0,pidqa-b2cd2b4b7a3f7f7f,set_intersection,3,1.0,gh-15791;gh-17139,0.4,2,pidqa-sheet-161,2,5,gh-15791;gh-17139;gh-30587;gh-45145;gh-86887
2,seed31_strictly_disjoint,partial_recovery_no_false_candidate,0,0.4444444444444444,0,5,0,pidqa-b39524dff509bbb9,set_intersection,5,1.0,op-31207;op-96795,0.2857142857142857,2,pidqa-sheet-271,2,7,op-29079;op-31207;op-38373;op-39633;op-58502;op-96795;op-96902
1,seed31_strictly_disjoint,partial_recovery_no_false_candidate,0,0.4,0,3,0,pidqa-b7250591bea8b5af,set_intersection,3,1.0,st-77678,0.25,1,pidqa-sheet-010,1,4,st-43639;st-44029;st-77678;st-93493
0,seed31_strictly_disjoint,empty_prediction,0,0.0,0,2,0,pidqa-b7d6600f5299312b,set_intersection,2,0.0,,0.0,0,pidqa-sheet-383,0,2,ddl 667;ddl 717
1,seed31_strictly_disjoint,partial_recovery_no_false_candidate,0,0.5,0,2,0,pidqa-c098994ef335ce80,set_intersection,2,1.0,gh-44871,0.3333333333333333,1,pidqa-sheet-099,1,3,gh-44871;gh-66779;gh-84691
2,seed31_strictly_disjoint,partial_recovery_no_false_candidate,0,0.6666666666666666,0,2,0,pidqa-cb94caae0d38f9c4,set_intersection,2,1.0,ij-85876;ij-95945,0.5,2,pidqa-sheet-453,2,4,ij-18270;ij-56132;ij-85876;ij-95945
3,seed31_strictly_disjoint,partial_recovery_no_false_candidate,0,0.6666666666666666,0,3,0,pidqa-d63ece3a80b395de,set_intersection,3,1.0,cd-13900;cd-34905;cd-67015,0.5,3,pidqa-sheet-106,3,6,cd-00718;cd-00863;cd-13900;cd-34905;cd-67015;cd-97514
1,seed31_strictly_disjoint,partial_recovery_no_false_candidate,0,0.6666666666666666,0,1,0,pidqa-d83ba1f11b7d3c7b,set_intersection,1,1.0,st-01836,0.5,1,pidqa-sheet-486,1,2,st-01836;st-21643
1,seed31_strictly_disjoint,exact_set,1,1.0,0,0,0,pidqa-e7064ea82ba4ab15,set_intersection,0,1.0,sta,1.0,1,pidqa-sheet-299,1,1,sta
0,seed31_strictly_disjoint,empty_prediction,0,0.0,0,2,0,pidqa-eae72d77fda2cf58,set_intersection,2,0.0,,0.0,0,pidqa-sheet-090,0,2,rv-13292;rv-98771
0,seed31_strictly_disjoint,empty_prediction,0,0.0,0,1,0,pidqa-eecf02beab6350d6,set_intersection,1,0.0,,0.0,0,pidqa-sheet-057,0,1,erv-1-78
0,seed31_strictly_disjoint,exact_set,1,1.0,0,0,0,pidqa-ef53b5307afc7e7b,set_intersection,0,1.0,,1.0,0,pidqa-sheet-394,0,0,
0,seed31_strictly_disjoint,exact_set,1,1.0,0,0,0,pidqa-efca9f772684426f,set_intersection,0,1.0,,1.0,0,pidqa-sheet-497,0,0,
0,seed31_strictly_disjoint,exact_set,1,1.0,0,0,0,pidqa-f292aa6d47dfa997,set_intersection,0,1.0,,1.0,0,pidqa-sheet-391,0,0,
2,seed31_strictly_disjoint,exact_set,1,1.0,0,0,0,pidqa-fe068ab1db4988b6,set_intersection,0,1.0,glr 374;glr 769,1.0,2,pidqa-sheet-395,2,2,glr 374;glr 769
0,seed31_strictly_disjoint,empty_prediction,0,0.0,0,1,0,pidqa-fff2894a1bc19e73,set_intersection,1,0.0,,0.0,0,pidqa-sheet-047,0,1,zlo 615
0,seed31_strictly_disjoint,empty_prediction,0,0.0,0,1,0,pidqa-fffe1e70fc16a8ee,set_intersection,1,0.0,,0.0,0,pidqa-sheet-200,0,1,ins ( -42°c )
1,seed31_strictly_disjoint,exact_set,1,1.0,0,0,0,pidqa-0172f7403fe5db7b,ocr_if_nonempty_else_qwen,0,1.0,sta,1.0,1,pidqa-sheet-274,1,1,sta
1,seed31_strictly_disjoint,false_candidates_without_recovery,0,0.0,1,1,1,pidqa-08695a656d267a17,ocr_if_nonempty_else_qwen,1,0.0,klll7,0.0,0,pidqa-sheet-182,0,1,kl-80414
2,seed31_strictly_disjoint,partial_recovery_no_false_candidate,0,0.6666666666666666,0,2,0,pidqa-0a45c12953e22d18,ocr_if_nonempty_else_qwen,2,1.0,erv-1-54;erv-5-40,0.5,2,pidqa-sheet-404,2,4,erv-1-54;erv-2-90;erv-5-40;erv-5-77
3,seed31_strictly_disjoint,partial_recovery_no_false_candidate,0,0.5454545454545454,0,5,0,pidqa-12c2a9941315f376,ocr_if_nonempty_else_qwen,5,1.0,qr-03546;qr-36850;qr-76768,0.375,3,pidqa-sheet-303,3,8,qr-03546;qr-20623;qr-36850;qr-39862;qr-48964;qr-53460;qr-76768;qr-99527
2,seed31_strictly_disjoint,partial_recovery_with_false_candidates,0,0.4,1,2,1,pidqa-14591e87c5a19cf4,ocr_if_nonempty_else_qwen,2,0.5,st-06815;sta,0.3333333333333333,1,pidqa-sheet-206,1,3,st-06815;st-44553;st-71599
3,seed31_strictly_disjoint,partial_recovery_no_false_candidate,0,0.75,0,2,0,pidqa-15b79c9168dc295b,ocr_if_nonempty_else_qwen,2,1.0,cd-23362;cd-39737;cd-87400,0.6,3,pidqa-sheet-364,3,5,cd-23362;cd-31803;cd-39737;cd-87400;cd-90134
2,seed31_strictly_disjoint,partial_recovery_no_false_candidate,0,0.8,0,1,0,pidqa-1c2153751e7ef720,ocr_if_nonempty_else_qwen,1,1.0,op-18648;op-91968,0.6666666666666666,2,pidqa-sheet-421,2,3,op-18648;op-91968;op-95916
4,seed31_strictly_disjoint,complete_recovery_with_false_candidates,0,0.6666666666666666,2,0,2,pidqa-22a86090c0260fc7,ocr_if_nonempty_else_qwen,0,0.5,ef-57497;ef-93900;efforts;efgh,1.0,2,pidqa-sheet-480,2,2,ef-57497;ef-93900
8,seed31_strictly_disjoint,partial_recovery_with_false_candidates,0,0.8235294117647058,1,2,1,pidqa-315792501a503618,ocr_if_nonempty_else_qwen,2,0.875,gh-02195;gh-07151;gh-08660;gh-09370;gh-20594;gh-77186;gh-83515;gh064,0.7777777777777778,7,pidqa-sheet-068,7,9,gh-02195;gh-07151;gh-08660;gh-09370;gh-16629;gh-20594;gh-29049;gh-77186;gh-83515
2,seed31_strictly_disjoint,complete_recovery_with_false_candidates,0,0.6666666666666666,1,0,1,pidqa-34a32703aa891c64,ocr_if_nonempty_else_qwen,0,0.5,ef-78921;efgh,1.0,1,pidqa-sheet-022,1,1,ef-78921
3,seed31_strictly_disjoint,exact_set,1,1.0,0,0,0,pidqa-34faa2f7dbdc849b,ocr_if_nonempty_else_qwen,0,1.0,erv-3-47;erv-3-61;erv-8-51,1.0,3,pidqa-sheet-246,3,3,erv-3-47;erv-3-61;erv-8-51
3,seed31_strictly_disjoint,partial_recovery_no_false_candidate,0,0.8571428571428571,0,1,0,pidqa-3517d07c0ec91e8f,ocr_if_nonempty_else_qwen,1,1.0,gh-13139;gh-66650;gh-85214,0.75,3,pidqa-sheet-471,3,4,gh-13139;gh-44659;gh-66650;gh-85214
3,seed31_strictly_disjoint,partial_recovery_with_false_candidates,0,0.4,2,1,2,pidqa-3bca44c6b00ed017,ocr_if_nonempty_else_qwen,1,0.3333333333333333,st;st-71159;sta,0.5,1,pidqa-sheet-229,1,2,st-71159;st-93745
3,seed31_strictly_disjoint,partial_recovery_no_false_candidate,0,0.75,0,2,0,pidqa-3f565de2cb332aac,ocr_if_nonempty_else_qwen,2,1.0,uv-41563;uv-95544;uv-97274,0.6,3,pidqa-sheet-305,3,5,uv-41563;uv-49363;uv-73435;uv-95544;uv-97274
7,seed31_strictly_disjoint,partial_recovery_no_false_candidate,0,0.9333333333333333,0,1,0,pidqa-401cf5ef8a0f8284,ocr_if_nonempty_else_qwen,1,1.0,sdl 105;sdl 140;sdl 263;sdl 533;sdl 700;sdl 729;sdl 796,0.875,7,pidqa-sheet-101,7,8,sdl 105;sdl 140;sdl 263;sdl 533;sdl 700;sdl 726;sdl 729;sdl 796
2,seed31_strictly_disjoint,exact_set,1,1.0,0,0,0,pidqa-4190de8580a69a0e,ocr_if_nonempty_else_qwen,0,1.0,op-72843;op-83430,1.0,2,pidqa-sheet-192,2,2,op-72843;op-83430
3,seed31_strictly_disjoint,complete_recovery_with_false_candidates,0,0.8,1,0,1,pidqa-41e0dacf598afef1,ocr_if_nonempty_else_qwen,0,0.6666666666666666,st-27986;st-64717;sta,1.0,2,pidqa-sheet-211,2,2,st-27986;st-64717
3,seed31_strictly_disjoint,false_candidates_without_recovery,0,0.0,3,3,3,pidqa-427070a5c68f8223,ocr_if_nonempty_else_qwen,3,0.0,ins (-29°c);ins (-46°c);ins (17°c),0.0,0,pidqa-sheet-224,0,3,ins ( -29°c );ins ( -46°c );ins ( 17°c )
2,seed31_strictly_disjoint,partial_recovery_with_false_candidates,0,0.4,1,2,1,pidqa-4b36d1f6111e91a6,ocr_if_nonempty_else_qwen,2,0.5,kl-12365;kl188,0.3333333333333333,1,pidqa-sheet-048,1,3,kl-12365;kl-57351;kl-83811
3,seed31_strictly_disjoint,exact_set,1,1.0,0,0,0,pidqa-4c07b9fb312d8419,ocr_if_nonempty_else_qwen,0,1.0,ro-10 500;ro-10 663;ro-10 978,1.0,3,pidqa-sheet-339,3,3,ro-10 500;ro-10 663;ro-10 978
2,seed31_strictly_disjoint,partial_recovery_no_false_candidate,0,0.8,0,1,0,pidqa-4fe242dd32e4612e,ocr_if_nonempty_else_qwen,1,1.0,cs-58;cs-82,0.6666666666666666,2,pidqa-sheet-104,2,3,cs-37;cs-58;cs-82
2,seed31_strictly_disjoint,false_candidates_without_recovery,0,0.0,2,2,2,pidqa-51f964f265ba168e,ocr_if_nonempty_else_qwen,2,0.0,st889;sta,0.0,0,pidqa-sheet-021,0,2,st-01408;st-63851
2,seed31_strictly_disjoint,partial_recovery_no_false_candidate,0,0.6666666666666666,0,2,0,pidqa-53b110174bb59e95,ocr_if_nonempty_else_qwen,2,1.0,rv-22101;rv-82410,0.5,2,pidqa-sheet-092,2,4,rv-22101;rv-52581;rv-82410;rv-87733
2,seed31_strictly_disjoint,exact_set,1,1.0,0,0,0,pidqa-5ea1c3e215f2ab9e,ocr_if_nonempty_else_qwen,0,1.0,cs-54;cs-93,1.0,2,pidqa-sheet-186,2,2,cs-54;cs-93
1,seed31_strictly_disjoint,partial_recovery_no_false_candidate,0,0.4,0,3,0,pidqa-683c3747eb540e1e,ocr_if_nonempty_else_qwen,3,1.0,cs-06,0.25,1,pidqa-sheet-379,1,4,cs-06;cs-44;cs-72;cs-98
4,seed31_strictly_disjoint,partial_recovery_with_false_candidates,0,0.6666666666666666,1,2,1,pidqa-6aba69315c8ae9bb,ocr_if_nonempty_else_qwen,2,0.75,mn-17582;mn-39415;mn-41090;mn4,0.6,3,pidqa-sheet-240,3,5,mn-14171;mn-17582;mn-32362;mn-39415;mn-41090
1,seed31_strictly_disjoint,partial_recovery_no_false_candidate,0,0.5,0,2,0,pidqa-6f0b9f64c14e0f10,ocr_if_nonempty_else_qwen,2,1.0,cs-00,0.3333333333333333,1,pidqa-sheet-414,1,3,cs-00;cs-48;cs-97
1,seed31_strictly_disjoint,partial_recovery_no_false_candidate,0,0.5,0,2,0,pidqa-70c31949363b7a7a,ocr_if_nonempty_else_qwen,2,1.0,cv-51722,0.3333333333333333,1,pidqa-sheet-171,1,3,cv-11122;cv-39490;cv-51722
5,seed31_strictly_disjoint,partial_recovery_with_false_candidates,0,0.5454545454545454,2,3,2,pidqa-748d8890da8c17fc,ocr_if_nonempty_else_qwen,3,0.6,st-02743;st-29302;st-80624;st11335;sta,0.5,3,pidqa-sheet-006,3,6,st-02743;st-29302;st-55094;st-60037;st-80624;st-93135
3,seed31_strictly_disjoint,partial_recovery_no_false_candidate,0,0.6666666666666666,0,3,0,pidqa-7d1a87016ed4fc08,ocr_if_nonempty_else_qwen,3,1.0,uv-22494;uv-31166;uv-32848,0.5,3,pidqa-sheet-030,3,6,uv-22494;uv-31166;uv-32848;uv-55039;uv-68198;uv-87909
1,seed31_strictly_disjoint,false_candidates_without_recovery,0,0.0,1,1,1,pidqa-7d40a4f9e62e7a9f,ocr_if_nonempty_else_qwen,1,0.0,sta 605,0.0,0,pidqa-sheet-075,0,1,sta
4,seed31_strictly_disjoint,exact_set,1,1.0,0,0,0,pidqa-804be6e7899a1331,ocr_if_nonempty_else_qwen,0,1.0,wx-32295;wx-66047;wx-68933;wx-91679,1.0,4,pidqa-sheet-331,4,4,wx-32295;wx-66047;wx-68933;wx-91679
2,seed31_strictly_disjoint,exact_set,1,1.0,0,0,0,pidqa-81dd293911e5d597,ocr_if_nonempty_else_qwen,0,1.0,rv-44442;rv-61365,1.0,2,pidqa-sheet-126,2,2,rv-44442;rv-61365
2,seed31_strictly_disjoint,partial_recovery_no_false_candidate,0,0.6666666666666666,0,2,0,pidqa-82f9d602ca3a4d39,ocr_if_nonempty_else_qwen,2,1.0,ij-05352;ij-62834,0.5,2,pidqa-sheet-407,2,4,ij-05352;ij-39717;ij-62834;ij-66700
1,seed31_strictly_disjoint,false_candidates_without_recovery,0,0.0,1,9,1,pidqa-84651ecbb8e6392a,ocr_if_nonempty_else_qwen,9,0.0,ins,0.0,0,pidqa-sheet-156,0,9,ins ( -11°c );ins ( -20°c );ins ( -33°c );ins ( -56°c );ins ( 12°c );ins ( 28°c );ins ( 41°c );ins ( 48°c );ins ( 51°c )
1,seed31_strictly_disjoint,false_candidates_without_recovery,0,0.0,1,0,1,pidqa-847fe938077d9d35,ocr_if_nonempty_else_qwen,0,0.0,none,0.0,0,pidqa-sheet-202,0,0,
3,seed31_strictly_disjoint,complete_recovery_with_false_candidates,0,0.5,2,0,2,pidqa-8b84ccb83c7874d6,ocr_if_nonempty_else_qwen,0,0.3333333333333333,ab-08912;abc;abcd,1.0,1,pidqa-sheet-429,1,1,ab-08912
4,seed31_strictly_disjoint,partial_recovery_with_false_candidates,0,0.5,2,2,2,pidqa-8d0e501085220afb,ocr_if_nonempty_else_qwen,2,0.5,ab-36890;ab-74920;abc;abcd,0.5,2,pidqa-sheet-328,2,4,ab-36890;ab-62629;ab-70077;ab-74920
3,seed31_strictly_disjoint,partial_recovery_with_false_candidates,0,0.5714285714285714,1,2,1,pidqa-91e318df4bbdc07c,ocr_if_nonempty_else_qwen,2,0.6666666666666666,ef-07696;ef-97151;efgh,0.5,2,pidqa-sheet-150,2,4,ef-07696;ef-91444;ef-97151;ef-99468
1,seed31_strictly_disjoint,partial_recovery_no_false_candidate,0,0.6666666666666666,0,1,0,pidqa-97c65ea32b8ecb84,ocr_if_nonempty_else_qwen,1,1.0,uv-55739,0.5,1,pidqa-sheet-060,1,2,uv-55739;uv-99366
1,seed31_strictly_disjoint,exact_set,1,1.0,0,0,0,pidqa-a3e6b504ad49aab4,ocr_if_nonempty_else_qwen,0,1.0,sta,1.0,1,pidqa-sheet-460,1,1,sta
3,seed31_strictly_disjoint,false_candidates_without_recovery,0,0.0,3,0,3,pidqa-a6fd09a772a61b8c,ocr_if_nonempty_else_qwen,0,0.0,zlc-304;zlc-504;zlc-930,0.0,0,pidqa-sheet-069,0,0,
1,seed31_strictly_disjoint,false_candidates_without_recovery,0,0.0,1,4,1,pidqa-ab306bd9fe4fa765,ocr_if_nonempty_else_qwen,4,0.0,ins,0.0,0,pidqa-sheet-134,0,4,ins ( -28°c );ins ( -35°c );ins ( -52°c );ins ( 55°c )
1,seed31_strictly_disjoint,false_candidates_without_recovery,0,0.0,1,0,1,pidqa-ab39f5babcd71354,ocr_if_nonempty_else_qwen,0,0.0,none,0.0,0,pidqa-sheet-015,0,0,
3,seed31_strictly_disjoint,partial_recovery_no_false_candidate,0,0.75,0,2,0,pidqa-abec661fe2b805eb,ocr_if_nonempty_else_qwen,2,1.0,ddl 180;ddl 806;ddl 974,0.6,3,pidqa-sheet-111,3,5,ddl 180;ddl 251;ddl 675;ddl 806;ddl 974
3,seed31_strictly_disjoint,partial_recovery_no_false_candidate,0,0.75,0,2,0,pidqa-ad75d60b93c22dfd,ocr_if_nonempty_else_qwen,2,1.0,qr-56512;qr-59003;qr-68407,0.6,3,pidqa-sheet-376,3,5,qr-08924;qr-19274;qr-56512;qr-59003;qr-68407
1,seed31_strictly_disjoint,partial_recovery_no_false_candidate,0,0.5,0,2,0,pidqa-af0c562db6a90a77,ocr_if_nonempty_else_qwen,2,1.0,wx-81547,0.3333333333333333,1,pidqa-sheet-118,1,3,wx-05284;wx-81547;wx-89561
3,seed31_strictly_disjoint,partial_recovery_no_false_candidate,0,0.8571428571428571,0,1,0,pidqa-b1c3d93abc115d5c,ocr_if_nonempty_else_qwen,1,1.0,cv-44444;cv-60977;cv-96376,0.75,3,pidqa-sheet-213,3,4,cv-44444;cv-60977;cv-71672;cv-96376
2,seed31_strictly_disjoint,partial_recovery_no_false_candidate,0,0.5714285714285714,0,3,0,pidqa-b2cd2b4b7a3f7f7f,ocr_if_nonempty_else_qwen,3,1.0,gh-15791;gh-17139,0.4,2,pidqa-sheet-161,2,5,gh-15791;gh-17139;gh-30587;gh-45145;gh-86887
2,seed31_strictly_disjoint,partial_recovery_no_false_candidate,0,0.4444444444444444,0,5,0,pidqa-b39524dff509bbb9,ocr_if_nonempty_else_qwen,5,1.0,op-31207;op-96795,0.2857142857142857,2,pidqa-sheet-271,2,7,op-29079;op-31207;op-38373;op-39633;op-58502;op-96795;op-96902
2,seed31_strictly_disjoint,partial_recovery_with_false_candidates,0,0.3333333333333333,1,3,1,pidqa-b7250591bea8b5af,ocr_if_nonempty_else_qwen,3,0.5,st-77678;sta,0.25,1,pidqa-sheet-010,1,4,st-43639;st-44029;st-77678;st-93493
2,seed31_strictly_disjoint,exact_set,1,1.0,0,0,0,pidqa-b7d6600f5299312b,ocr_if_nonempty_else_qwen,0,1.0,ddl 667;ddl 717,1.0,2,pidqa-sheet-383,2,2,ddl 667;ddl 717
2,seed31_strictly_disjoint,partial_recovery_no_false_candidate,0,0.8,0,1,0,pidqa-c098994ef335ce80,ocr_if_nonempty_else_qwen,1,1.0,gh-44871;gh-84691,0.6666666666666666,2,pidqa-sheet-099,2,3,gh-44871;gh-66779;gh-84691
2,seed31_strictly_disjoint,partial_recovery_no_false_candidate,0,0.6666666666666666,0,2,0,pidqa-cb94caae0d38f9c4,ocr_if_nonempty_else_qwen,2,1.0,ij-85876;ij-95945,0.5,2,pidqa-sheet-453,2,4,ij-18270;ij-56132;ij-85876;ij-95945
4,seed31_strictly_disjoint,partial_recovery_no_false_candidate,0,0.8,0,2,0,pidqa-d63ece3a80b395de,ocr_if_nonempty_else_qwen,2,1.0,cd-00863;cd-13900;cd-34905;cd-67015,0.6666666666666666,4,pidqa-sheet-106,4,6,cd-00718;cd-00863;cd-13900;cd-34905;cd-67015;cd-97514
3,seed31_strictly_disjoint,complete_recovery_with_false_candidates,0,0.8,1,0,1,pidqa-d83ba1f11b7d3c7b,ocr_if_nonempty_else_qwen,0,0.6666666666666666,st-01836;st-21643;sta,1.0,2,pidqa-sheet-486,2,2,st-01836;st-21643
1,seed31_strictly_disjoint,exact_set,1,1.0,0,0,0,pidqa-e7064ea82ba4ab15,ocr_if_nonempty_else_qwen,0,1.0,sta,1.0,1,pidqa-sheet-299,1,1,sta
1,seed31_strictly_disjoint,partial_recovery_no_false_candidate,0,0.6666666666666666,0,1,0,pidqa-eae72d77fda2cf58,ocr_if_nonempty_else_qwen,1,1.0,rv-98771,0.5,1,pidqa-sheet-090,1,2,rv-13292;rv-98771
1,seed31_strictly_disjoint,exact_set,1,1.0,0,0,0,pidqa-eecf02beab6350d6,ocr_if_nonempty_else_qwen,0,1.0,erv-1-78,1.0,1,pidqa-sheet-057,1,1,erv-1-78
1,seed31_strictly_disjoint,false_candidates_without_recovery,0,0.0,1,0,1,pidqa-ef53b5307afc7e7b,ocr_if_nonempty_else_qwen,0,0.0,cd-82456,0.0,0,pidqa-sheet-394,0,0,
1,seed31_strictly_disjoint,false_candidates_without_recovery,0,0.0,1,0,1,pidqa-efca9f772684426f,ocr_if_nonempty_else_qwen,0,0.0,none,0.0,0,pidqa-sheet-497,0,0,
1,seed31_strictly_disjoint,false_candidates_without_recovery,0,0.0,1,0,1,pidqa-f292aa6d47dfa997,ocr_if_nonempty_else_qwen,0,0.0,none,0.0,0,pidqa-sheet-391,0,0,
2,seed31_strictly_disjoint,exact_set,1,1.0,0,0,0,pidqa-fe068ab1db4988b6,ocr_if_nonempty_else_qwen,0,1.0,glr 374;glr 769,1.0,2,pidqa-sheet-395,2,2,glr 374;glr 769
1,seed31_strictly_disjoint,exact_set,1,1.0,0,0,0,pidqa-fff2894a1bc19e73,ocr_if_nonempty_else_qwen,0,1.0,zlo 615,1.0,1,pidqa-sheet-047,1,1,zlo 615
1,seed31_strictly_disjoint,false_candidates_without_recovery,0,0.0,1,1,1,pidqa-fffe1e70fc16a8ee,ocr_if_nonempty_else_qwen,1,0.0,ins,0.0,0,pidqa-sheet-200,0,1,ins ( -42°c )
2,seed31_strictly_disjoint,false_candidates_without_recovery,0,0.0,2,1,2,pidqa-0172f7403fe5db7b,qwen_if_nonempty_else_ocr,1,0.0,sta-8196;sta-91178,0.0,0,pidqa-sheet-274,0,1,sta
1,seed31_strictly_disjoint,exact_set,1,1.0,0,0,0,pidqa-08695a656d267a17,qwen_if_nonempty_else_ocr,0,1.0,kl-80414,1.0,1,pidqa-sheet-182,1,1,kl-80414
1,seed31_strictly_disjoint,partial_recovery_no_false_candidate,0,0.4,0,3,0,pidqa-0a45c12953e22d18,qwen_if_nonempty_else_ocr,3,1.0,erv-5-40,0.25,1,pidqa-sheet-404,1,4,erv-1-54;erv-2-90;erv-5-40;erv-5-77
5,seed31_strictly_disjoint,partial_recovery_with_false_candidates,0,0.6153846153846154,1,4,1,pidqa-12c2a9941315f376,qwen_if_nonempty_else_ocr,4,0.8,qr-03546;qr-34040;qr-36850;qr-39862;qr-76768,0.5,4,pidqa-sheet-303,4,8,qr-03546;qr-20623;qr-36850;qr-39862;qr-48964;qr-53460;qr-76768;qr-99527
3,seed31_strictly_disjoint,partial_recovery_with_false_candidates,0,0.6666666666666666,1,1,1,pidqa-14591e87c5a19cf4,qwen_if_nonempty_else_ocr,1,0.6666666666666666,st-06815;st-15745;st-44553,0.6666666666666666,2,pidqa-sheet-206,2,3,st-06815;st-44553;st-71599
5,seed31_strictly_disjoint,exact_set,1,1.0,0,0,0,pidqa-15b79c9168dc295b,qwen_if_nonempty_else_ocr,0,1.0,cd-23362;cd-31803;cd-39737;cd-87400;cd-90134,1.0,5,pidqa-sheet-364,5,5,cd-23362;cd-31803;cd-39737;cd-87400;cd-90134
3,seed31_strictly_disjoint,exact_set,1,1.0,0,0,0,pidqa-1c2153751e7ef720,qwen_if_nonempty_else_ocr,0,1.0,op-18648;op-91968;op-95916,1.0,3,pidqa-sheet-421,3,3,op-18648;op-91968;op-95916
3,seed31_strictly_disjoint,complete_recovery_with_false_candidates,0,0.8,1,0,1,pidqa-22a86090c0260fc7,qwen_if_nonempty_else_ocr,0,0.6666666666666666,ef-3-29;ef-57497;ef-93900,1.0,2,pidqa-sheet-480,2,2,ef-57497;ef-93900
6,seed31_strictly_disjoint,partial_recovery_with_false_candidates,0,0.5333333333333333,2,5,2,pidqa-315792501a503618,qwen_if_nonempty_else_ocr,5,0.6666666666666666,gh-08660;gh-09370;gh-20594;gh-2195;gh-3515;gh-77186,0.4444444444444444,4,pidqa-sheet-068,4,9,gh-02195;gh-07151;gh-08660;gh-09370;gh-16629;gh-20594;gh-29049;gh-77186;gh-83515
1,seed31_strictly_disjoint,exact_set,1,1.0,0,0,0,pidqa-34a32703aa891c64,qwen_if_nonempty_else_ocr,0,1.0,ef-78921,1.0,1,pidqa-sheet-022,1,1,ef-78921
3,seed31_strictly_disjoint,partial_recovery_with_false_candidates,0,0.6666666666666666,1,1,1,pidqa-34faa2f7dbdc849b,qwen_if_nonempty_else_ocr,1,0.6666666666666666,erv-3-47;erv-5-61;erv-8-51,0.6666666666666666,2,pidqa-sheet-246,2,3,erv-3-47;erv-3-61;erv-8-51
3,seed31_strictly_disjoint,partial_recovery_no_false_candidate,0,0.8571428571428571,0,1,0,pidqa-3517d07c0ec91e8f,qwen_if_nonempty_else_ocr,1,1.0,gh-13139;gh-66650;gh-85214,0.75,3,pidqa-sheet-471,3,4,gh-13139;gh-44659;gh-66650;gh-85214
2,seed31_strictly_disjoint,exact_set,1,1.0,0,0,0,pidqa-3bca44c6b00ed017,qwen_if_nonempty_else_ocr,0,1.0,st-71159;st-93745,1.0,2,pidqa-sheet-229,2,2,st-71159;st-93745
3,seed31_strictly_disjoint,partial_recovery_with_false_candidates,0,0.5,1,3,1,pidqa-3f565de2cb332aac,qwen_if_nonempty_else_ocr,3,0.6666666666666666,uv-40363;uv-95544;uv-97274,0.4,2,pidqa-sheet-305,2,5,uv-41563;uv-49363;uv-73435;uv-95544;uv-97274
10,seed31_strictly_disjoint,false_candidates_without_recovery,0,0.0,10,8,10,pidqa-401cf5ef8a0f8284,qwen_if_nonempty_else_ocr,8,0.0,sdl-105;sdl-140;sdl-263;sdl-281;sdl-283;sdl-533;sdl-700;sdl-726;sdl-729;sdl-796,0.0,0,pidqa-sheet-101,0,8,sdl 105;sdl 140;sdl 263;sdl 533;sdl 700;sdl 726;sdl 729;sdl 796
2,seed31_strictly_disjoint,exact_set,1,1.0,0,0,0,pidqa-4190de8580a69a0e,qwen_if_nonempty_else_ocr,0,1.0,op-72843;op-83430,1.0,2,pidqa-sheet-192,2,2,op-72843;op-83430
3,seed31_strictly_disjoint,complete_recovery_with_false_candidates,0,0.8,1,0,1,pidqa-41e0dacf598afef1,qwen_if_nonempty_else_ocr,0,0.6666666666666666,st-27986;st-64717;st-85752,1.0,2,pidqa-sheet-211,2,2,st-27986;st-64717
3,seed31_strictly_disjoint,false_candidates_without_recovery,0,0.0,3,3,3,pidqa-427070a5c68f8223,qwen_if_nonempty_else_ocr,3,0.0,ins (-29°c);ins (-46°c);ins (17°c),0.0,0,pidqa-sheet-224,0,3,ins ( -29°c );ins ( -46°c );ins ( 17°c )
3,seed31_strictly_disjoint,exact_set,1,1.0,0,0,0,pidqa-4b36d1f6111e91a6,qwen_if_nonempty_else_ocr,0,1.0,kl-12365;kl-57351;kl-83811,1.0,3,pidqa-sheet-048,3,3,kl-12365;kl-57351;kl-83811
3,seed31_strictly_disjoint,exact_set,1,1.0,0,0,0,pidqa-4c07b9fb312d8419,qwen_if_nonempty_else_ocr,0,1.0,ro-10 500;ro-10 663;ro-10 978,1.0,3,pidqa-sheet-339,3,3,ro-10 500;ro-10 663;ro-10 978
21,seed31_strictly_disjoint,complete_recovery_with_false_candidates,0,0.25,18,0,18,pidqa-4fe242dd32e4612e,qwen_if_nonempty_else_ocr,0,0.14285714285714285,cs-37;cs-58;cs-80;cs-81;cs-82;cs-83;cs-84;cs-85;cs-86;cs-87;cs-88;cs-89;cs-90;cs-91;cs-92;cs-93;cs-94;cs-95;cs-96;cs-97;cs-98,1.0,3,pidqa-sheet-104,3,3,cs-37;cs-58;cs-82
2,seed31_strictly_disjoint,exact_set,1,1.0,0,0,0,pidqa-51f964f265ba168e,qwen_if_nonempty_else_ocr,0,1.0,st-01408;st-63851,1.0,2,pidqa-sheet-021,2,2,st-01408;st-63851
4,seed31_strictly_disjoint,exact_set,1,1.0,0,0,0,pidqa-53b110174bb59e95,qwen_if_nonempty_else_ocr,0,1.0,rv-22101;rv-52581;rv-82410;rv-87733,1.0,4,pidqa-sheet-092,4,4,rv-22101;rv-52581;rv-82410;rv-87733
2,seed31_strictly_disjoint,exact_set,1,1.0,0,0,0,pidqa-5ea1c3e215f2ab9e,qwen_if_nonempty_else_ocr,0,1.0,cs-54;cs-93,1.0,2,pidqa-sheet-186,2,2,cs-54;cs-93
1,seed31_strictly_disjoint,partial_recovery_no_false_candidate,0,0.4,0,3,0,pidqa-683c3747eb540e1e,qwen_if_nonempty_else_ocr,3,1.0,cs-06,0.25,1,pidqa-sheet-379,1,4,cs-06;cs-44;cs-72;cs-98
3,seed31_strictly_disjoint,partial_recovery_no_false_candidate,0,0.75,0,2,0,pidqa-6aba69315c8ae9bb,qwen_if_nonempty_else_ocr,2,1.0,mn-14171;mn-39415;mn-41090,0.6,3,pidqa-sheet-240,3,5,mn-14171;mn-17582;mn-32362;mn-39415;mn-41090
1,seed31_strictly_disjoint,partial_recovery_no_false_candidate,0,0.5,0,2,0,pidqa-6f0b9f64c14e0f10,qwen_if_nonempty_else_ocr,2,1.0,cs-00,0.3333333333333333,1,pidqa-sheet-414,1,3,cs-00;cs-48;cs-97
10,seed31_strictly_disjoint,complete_recovery_with_false_candidates,0,0.46153846153846156,7,0,7,pidqa-70c31949363b7a7a,qwen_if_nonempty_else_ocr,0,0.3,cv-11122;cv-29963;cv-33706;cv-39490;cv-51722;cv-54793;cv-58759;cv-76161;cv-76350;cv-82212,1.0,3,pidqa-sheet-171,3,3,cv-11122;cv-39490;cv-51722
8,seed31_strictly_disjoint,partial_recovery_with_false_candidates,0,0.7142857142857143,3,1,3,pidqa-748d8890da8c17fc,qwen_if_nonempty_else_ocr,1,0.625,st-02743;st-18796;st-29302;st-55094;st-80624;st-89355;st-92596;st-93135,0.8333333333333334,5,pidqa-sheet-006,5,6,st-02743;st-29302;st-55094;st-60037;st-80624;st-93135
4,seed31_strictly_disjoint,partial_recovery_no_false_candidate,0,0.8,0,2,0,pidqa-7d1a87016ed4fc08,qwen_if_nonempty_else_ocr,2,1.0,uv-22494;uv-32848;uv-55039;uv-68198,0.6666666666666666,4,pidqa-sheet-030,4,6,uv-22494;uv-31166;uv-32848;uv-55039;uv-68198;uv-87909
1,seed31_strictly_disjoint,exact_set,1,1.0,0,0,0,pidqa-7d40a4f9e62e7a9f,qwen_if_nonempty_else_ocr,0,1.0,sta,1.0,1,pidqa-sheet-075,1,1,sta
2,seed31_strictly_disjoint,partial_recovery_no_false_candidate,0,0.6666666666666666,0,2,0,pidqa-804be6e7899a1331,qwen_if_nonempty_else_ocr,2,1.0,wx-66047;wx-68933,0.5,2,pidqa-sheet-331,2,4,wx-32295;wx-66047;wx-68933;wx-91679
2,seed31_strictly_disjoint,exact_set,1,1.0,0,0,0,pidqa-81dd293911e5d597,qwen_if_nonempty_else_ocr,0,1.0,rv-44442;rv-61365,1.0,2,pidqa-sheet-126,2,2,rv-44442;rv-61365
4,seed31_strictly_disjoint,exact_set,1,1.0,0,0,0,pidqa-82f9d602ca3a4d39,qwen_if_nonempty_else_ocr,0,1.0,ij-05352;ij-39717;ij-62834;ij-66700,1.0,4,pidqa-sheet-407,4,4,ij-05352;ij-39717;ij-62834;ij-66700
7,seed31_strictly_disjoint,false_candidates_without_recovery,0,0.0,7,9,7,pidqa-84651ecbb8e6392a,qwen_if_nonempty_else_ocr,9,0.0,ins (11°c);ins (28°c);ins (33°c);ins (41°c);ins (48°c);ins (51°c);ins (56°c),0.0,0,pidqa-sheet-156,0,9,ins ( -11°c );ins ( -20°c );ins ( -33°c );ins ( -56°c );ins ( 12°c );ins ( 28°c );ins ( 41°c );ins ( 48°c );ins ( 51°c )
1,seed31_strictly_disjoint,false_candidates_without_recovery,0,0.0,1,0,1,pidqa-847fe938077d9d35,qwen_if_nonempty_else_ocr,0,0.0,none,0.0,0,pidqa-sheet-202,0,0,
1,seed31_strictly_disjoint,exact_set,1,1.0,0,0,0,pidqa-8b84ccb83c7874d6,qwen_if_nonempty_else_ocr,0,1.0,ab-08912,1.0,1,pidqa-sheet-429,1,1,ab-08912
4,seed31_strictly_disjoint,partial_recovery_with_false_candidates,0,0.75,1,1,1,pidqa-8d0e501085220afb,qwen_if_nonempty_else_ocr,1,0.75,ab-36890;ab-70077;ab-74920;ab-8229,0.75,3,pidqa-sheet-328,3,4,ab-36890;ab-62629;ab-70077;ab-74920
2,seed31_strictly_disjoint,partial_recovery_no_false_candidate,0,0.6666666666666666,0,2,0,pidqa-91e318df4bbdc07c,qwen_if_nonempty_else_ocr,2,1.0,ef-07696;ef-99468,0.5,2,pidqa-sheet-150,2,4,ef-07696;ef-91444;ef-97151;ef-99468
1,seed31_strictly_disjoint,partial_recovery_no_false_candidate,0,0.6666666666666666,0,1,0,pidqa-97c65ea32b8ecb84,qwen_if_nonempty_else_ocr,1,1.0,uv-99366,0.5,1,pidqa-sheet-060,1,2,uv-55739;uv-99366
1,seed31_strictly_disjoint,false_candidates_without_recovery,0,0.0,1,1,1,pidqa-a3e6b504ad49aab4,qwen_if_nonempty_else_ocr,1,0.0,"sta
sta
sta
sta",0.0,0,pidqa-sheet-460,0,1,sta
3,seed31_strictly_disjoint,false_candidates_without_recovery,0,0.0,3,0,3,pidqa-a6fd09a772a61b8c,qwen_if_nonempty_else_ocr,0,0.0,zlc-304;zlc-504;zlc-930,0.0,0,pidqa-sheet-069,0,0,
3,seed31_strictly_disjoint,false_candidates_without_recovery,0,0.0,3,4,3,pidqa-ab306bd9fe4fa765,qwen_if_nonempty_else_ocr,4,0.0,ins (-28°c);ins (-35°c);ins (-52°c),0.0,0,pidqa-sheet-134,0,4,ins ( -28°c );ins ( -35°c );ins ( -52°c );ins ( 55°c )
1,seed31_strictly_disjoint,false_candidates_without_recovery,0,0.0,1,0,1,pidqa-ab39f5babcd71354,qwen_if_nonempty_else_ocr,0,0.0,none,0.0,0,pidqa-sheet-015,0,0,
6,seed31_strictly_disjoint,complete_recovery_with_false_candidates,0,0.9090909090909091,1,0,1,pidqa-abec661fe2b805eb,qwen_if_nonempty_else_ocr,0,0.8333333333333334,ddl 180;ddl 251;ddl 303;ddl 675;ddl 806;ddl 974,1.0,5,pidqa-sheet-111,5,5,ddl 180;ddl 251;ddl 675;ddl 806;ddl 974
8,seed31_strictly_disjoint,complete_recovery_with_false_candidates,0,0.7692307692307693,3,0,3,pidqa-ad75d60b93c22dfd,qwen_if_nonempty_else_ocr,0,0.625,qr-08924;qr-19274;qr-56512;qr-59003;qr-60607;qr-66942;qr-68407;qr-88851,1.0,5,pidqa-sheet-376,5,5,qr-08924;qr-19274;qr-56512;qr-59003;qr-68407
3,seed31_strictly_disjoint,partial_recovery_with_false_candidates,0,0.3333333333333333,2,2,2,pidqa-af0c562db6a90a77,qwen_if_nonempty_else_ocr,2,0.3333333333333333,wx-05284;wx-39351;wx-91740,0.3333333333333333,1,pidqa-sheet-118,1,3,wx-05284;wx-81547;wx-89561
3,seed31_strictly_disjoint,partial_recovery_no_false_candidate,0,0.8571428571428571,0,1,0,pidqa-b1c3d93abc115d5c,qwen_if_nonempty_else_ocr,1,1.0,cv-44444;cv-60977;cv-96376,0.75,3,pidqa-sheet-213,3,4,cv-44444;cv-60977;cv-71672;cv-96376
7,seed31_strictly_disjoint,partial_recovery_with_false_candidates,0,0.6666666666666666,3,1,3,pidqa-b2cd2b4b7a3f7f7f,qwen_if_nonempty_else_ocr,1,0.5714285714285714,gh-15791;gh-17139;gh-30387;gh-44519;gh-44790;gh-45145;gh-86887,0.8,4,pidqa-sheet-161,4,5,gh-15791;gh-17139;gh-30587;gh-45145;gh-86887
7,seed31_strictly_disjoint,exact_set,1,1.0,0,0,0,pidqa-b39524dff509bbb9,qwen_if_nonempty_else_ocr,0,1.0,op-29079;op-31207;op-38373;op-39633;op-58502;op-96795;op-96902,1.0,7,pidqa-sheet-271,7,7,op-29079;op-31207;op-38373;op-39633;op-58502;op-96795;op-96902
3,seed31_strictly_disjoint,partial_recovery_no_false_candidate,0,0.8571428571428571,0,1,0,pidqa-b7250591bea8b5af,qwen_if_nonempty_else_ocr,1,1.0,st-43639;st-77678;st-93493,0.75,3,pidqa-sheet-010,3,4,st-43639;st-44029;st-77678;st-93493
2,seed31_strictly_disjoint,false_candidates_without_recovery,0,0.0,2,2,2,pidqa-b7d6600f5299312b,qwen_if_nonempty_else_ocr,2,0.0,ddl-667;ddl-717,0.0,0,pidqa-sheet-383,0,2,ddl 667;ddl 717
2,seed31_strictly_disjoint,partial_recovery_with_false_candidates,0,0.4,1,2,1,pidqa-c098994ef335ce80,qwen_if_nonempty_else_ocr,2,0.5,gh-44871;gh-86779,0.3333333333333333,1,pidqa-sheet-099,1,3,gh-44871;gh-66779;gh-84691
4,seed31_strictly_disjoint,exact_set,1,1.0,0,0,0,pidqa-cb94caae0d38f9c4,qwen_if_nonempty_else_ocr,0,1.0,ij-18270;ij-56132;ij-85876;ij-95945,1.0,4,pidqa-sheet-453,4,4,ij-18270;ij-56132;ij-85876;ij-95945
5,seed31_strictly_disjoint,partial_recovery_with_false_candidates,0,0.7272727272727273,1,2,1,pidqa-d63ece3a80b395de,qwen_if_nonempty_else_ocr,2,0.8,cd-00718;cd-13900;cd-34905;cd-67015;cd-97314,0.6666666666666666,4,pidqa-sheet-106,4,6,cd-00718;cd-00863;cd-13900;cd-34905;cd-67015;cd-97514
1,seed31_strictly_disjoint,partial_recovery_no_false_candidate,0,0.6666666666666666,0,1,0,pidqa-d83ba1f11b7d3c7b,qwen_if_nonempty_else_ocr,1,1.0,st-01836,0.5,1,pidqa-sheet-486,1,2,st-01836;st-21643
1,seed31_strictly_disjoint,exact_set,1,1.0,0,0,0,pidqa-e7064ea82ba4ab15,qwen_if_nonempty_else_ocr,0,1.0,sta,1.0,1,pidqa-sheet-299,1,1,sta
1,seed31_strictly_disjoint,partial_recovery_no_false_candidate,0,0.6666666666666666,0,1,0,pidqa-eae72d77fda2cf58,qwen_if_nonempty_else_ocr,1,1.0,rv-13292,0.5,1,pidqa-sheet-090,1,2,rv-13292;rv-98771
1,seed31_strictly_disjoint,exact_set,1,1.0,0,0,0,pidqa-eecf02beab6350d6,qwen_if_nonempty_else_ocr,0,1.0,erv-1-78,1.0,1,pidqa-sheet-057,1,1,erv-1-78
1,seed31_strictly_disjoint,false_candidates_without_recovery,0,0.0,1,0,1,pidqa-ef53b5307afc7e7b,qwen_if_nonempty_else_ocr,0,0.0,cd-82456,0.0,0,pidqa-sheet-394,0,0,
1,seed31_strictly_disjoint,false_candidates_without_recovery,0,0.0,1,0,1,pidqa-efca9f772684426f,qwen_if_nonempty_else_ocr,0,0.0,none,0.0,0,pidqa-sheet-497,0,0,
1,seed31_strictly_disjoint,false_candidates_without_recovery,0,0.0,1,0,1,pidqa-f292aa6d47dfa997,qwen_if_nonempty_else_ocr,0,0.0,none,0.0,0,pidqa-sheet-391,0,0,
2,seed31_strictly_disjoint,exact_set,1,1.0,0,0,0,pidqa-fe068ab1db4988b6,qwen_if_nonempty_else_ocr,0,1.0,glr 374;glr 769,1.0,2,pidqa-sheet-395,2,2,glr 374;glr 769
1,seed31_strictly_disjoint,false_candidates_without_recovery,0,0.0,1,1,1,pidqa-fff2894a1bc19e73,qwen_if_nonempty_else_ocr,1,0.0,zlo-615,0.0,0,pidqa-sheet-047,0,1,zlo 615
1,seed31_strictly_disjoint,false_candidates_without_recovery,0,0.0,1,1,1,pidqa-fffe1e70fc16a8ee,qwen_if_nonempty_else_ocr,1,0.0,ins (-42°c),0.0,0,pidqa-sheet-200,0,1,ins ( -42°c )
