cost_ratio_fn_over_fp,method_id,label,loss_total,loss_per_source,deterministic_optimal,bootstrap_probability_optimal
0.049999999999999996,set_intersection,Intersection,13.1,0.131,1,1.0
0.049999999999999996,paddleocr_geometry,OCR joined,38.45,0.3845,0,0.0
0.049999999999999996,ocr_if_nonempty_else_qwen,OCR-first,47.65,0.4765,0,0.0
0.049999999999999996,set_union,Union,185.15,1.8515000000000001,0,0.0
0.05094498536409505,set_intersection,Intersection,13.328686458111003,0.13328686458111003,1,1.0
0.05094498536409505,paddleocr_geometry,OCR joined,38.628602233813965,0.38628602233813963,0,0.0
0.05094498536409505,ocr_if_nonempty_else_qwen,OCR-first,47.81348246798844,0.47813482467988444,0,0.0
0.05094498536409505,set_union,Union,185.24733349250178,1.8524733349250178,0,0.0
0.05190783067495721,set_intersection,Intersection,13.561695023339645,0.13561695023339645,1,1.0
0.05190783067495721,paddleocr_geometry,OCR joined,38.81057999756691,0.38810579997566913,0,0.0
0.05190783067495721,ocr_if_nonempty_else_qwen,OCR-first,47.980054706767596,0.47980054706767594,0,0.0
0.05190783067495721,set_union,Union,185.3465065595206,1.853465065595206,0,0.0
0.052888873480352386,set_intersection,Intersection,13.799107382245277,0.13799107382245276,1,1.0
0.052888873480352386,paddleocr_geometry,OCR joined,38.9959970877866,0.389959970877866,0,0.0
0.052888873480352386,ocr_if_nonempty_else_qwen,OCR-first,48.14977511210096,0.4814977511210096,0,0.0
0.052888873480352386,set_union,Union,185.44755396847629,1.8544755396847628,0,0.0
0.053888457707600576,set_intersection,Intersection,14.04100676523934,0.1404100676523934,1,1.0
0.053888457707600576,paddleocr_geometry,OCR joined,39.18491850673651,0.3918491850673651,0,0.0
0.053888457707600576,ocr_if_nonempty_else_qwen,OCR-first,48.3227031834149,0.483227031834149,0,0.0
0.053888457707600576,set_union,Union,185.55051114388286,1.8555051114388286,0,0.0
0.054906933784147335,set_intersection,Intersection,14.287477975763656,0.14287477975763654,1,1.0
0.054906933784147335,paddleocr_geometry,OCR joined,39.377410485203846,0.39377410485203845,0,0.0
0.054906933784147335,ocr_if_nonempty_else_qwen,OCR-first,48.49889954465749,0.4849889954465749,0,0.0
0.054906933784147335,set_union,Union,185.65541417976718,1.8565541417976719,0,0.0
0.05594465876041445,set_intersection,Intersection,14.538607420020297,0.14538607420020297,1,1.0
0.05594465876041445,paddleocr_geometry,OCR joined,39.57354050571833,0.3957354050571833,0,0.0
0.05594465876041445,ocr_if_nonempty_else_qwen,OCR-first,48.678425965551696,0.48678425965551697,0,0.0
0.05594465876041445,set_union,Union,185.76229985232268,1.8576229985232269,0,0.0
0.057001996434972155,set_intersection,Intersection,14.794483137263262,0.14794483137263262,1,1.0
0.057001996434972155,paddleocr_geometry,OCR joined,39.77337732620974,0.3977337732620974,0,0.0
0.057001996434972155,ocr_if_nonempty_else_qwen,OCR-first,48.86134538325018,0.4886134538325018,0,0.0
0.057001996434972155,set_union,Union,185.87120563280214,1.8587120563280215,0,0.0
0.0580793174820771,set_intersection,Intersection,15.055194830662657,0.15055194830662658,1,1.0
0.0580793174820771,paddleocr_geometry,OCR joined,39.97699100411257,0.3997699100411257,0,0.0
0.0580793174820771,ocr_if_nonempty_else_qwen,OCR-first,49.04772192439934,0.4904772192439934,0,0.0
0.0580793174820771,set_union,Union,185.98216970065394,1.8598216970065393,0,0.0
0.05917699958162099,set_intersection,Intersection,15.32083389875228,0.1532083389875228,1,1.0
0.05917699958162099,paddleocr_geometry,OCR joined,40.18445292092637,0.40184452920926367,0,0.0
0.05917699958162099,ocr_if_nonempty_else_qwen,OCR-first,49.23762092762043,0.49237620927620435,0,0.0
0.05917699958162099,set_union,Union,186.09523095690696,1.8609523095690697,0,0.0
0.06029542755153481,set_intersection,Intersection,15.591493467471423,0.15591493467471423,1,1.0
0.06029542755153481,paddleocr_geometry,OCR joined,40.395835807240076,0.40395835807240077,0,0.0
0.06029542755153481,ocr_if_nonempty_else_qwen,OCR-first,49.43110896641552,0.4943110896641552,0,0.0
0.06029542755153481,set_union,Union,186.2104290378081,1.862104290378081,0,0.0
0.0614349934826959,set_intersection,Intersection,15.867268422812407,0.15867268422812406,1,1.0
0.0614349934826959,paddleocr_geometry,OCR joined,40.611213768229526,0.40611213768229526,0,0.0
0.0614349934826959,ocr_if_nonempty_else_qwen,OCR-first,49.62825387250639,0.4962825387250639,0,0.0
0.0614349934826959,set_union,Union,186.3278043287177,1.863278043287177,0,0.0
0.06259609687638439,set_intersection,Intersection,16.148255444085024,0.16148255444085025,1,1.0
0.06259609687638439,paddleocr_geometry,OCR joined,40.83066230963665,0.4083066230963665,0,0.0
0.06259609687638439,ocr_if_nonempty_else_qwen,OCR-first,49.8291247596145,0.498291247596145,0,0.0
0.06259609687638439,set_union,Union,186.4473979782676,1.864473979782676,0,0.0
0.06377914478433758,set_intersection,Intersection,16.434553037809692,0.16434553037809693,1,1.0
0.06377914478433758,paddleocr_geometry,OCR joined,41.0542583642398,0.410542583642398,0,0.0
0.06377914478433758,ocr_if_nonempty_else_qwen,OCR-first,50.0337920476904,0.500337920476904,0,0.0
0.06377914478433758,set_union,Union,186.56925191278677,1.8656925191278677,0,0.0
0.06498455195145157,set_intersection,Intersection,16.726261572251282,0.16726261572251283,1,1.0
0.06498455195145157,paddleocr_geometry,OCR joined,41.28208031882435,0.4128208031882435,0,0.0
0.06498455195145157,ocr_if_nonempty_else_qwen,OCR-first,50.24232748760112,0.5024232748760112,0,0.0
0.06498455195145157,set_union,Union,186.6934088509995,1.866934088509995,0,0.0
0.0662127409611795,set_intersection,Intersection,17.02348331260544,0.1702348331260544,1,1.0
0.0662127409611795,paddleocr_geometry,OCR joined,41.514208041662926,0.41514208041662926,0,0.0
0.0662127409611795,ocr_if_nonempty_else_qwen,OCR-first,50.45480418628405,0.5045480418628405,0,0.0
0.0662127409611795,set_union,Union,186.8199123190015,1.868199123190015,0,0.0
0.06746414238367815,set_intersection,Intersection,17.32632245685011,0.1732632245685011,1,1.0
0.06746414238367815,paddleocr_geometry,OCR joined,41.75072291051517,0.4175072291051517,0,0.0
0.06746414238367815,ocr_if_nonempty_else_qwen,OCR-first,50.67129663237632,0.5067129663237632,0,0.0
0.06746414238367815,set_union,Union,186.94880666551884,1.8694880666551885,0,0.0
0.06873919492675419,set_intersection,Intersection,17.634885172274515,0.17634885172274514,1,1.0
0.06873919492675419,paddleocr_geometry,OCR joined,41.99170784115654,0.4199170784115654,0,0.0
0.06873919492675419,ocr_if_nonempty_else_qwen,OCR-first,50.89188072232847,0.5089188072232848,0,0.0
0.06873919492675419,set_union,Union,187.08013707745567,1.8708013707745568,0,0.0
0.07003834558966339,set_intersection,Intersection,17.94927963269854,0.17949279632698542,1,1.0
0.07003834558966339,paddleocr_geometry,OCR joined,42.23724731644638,0.4223724731644638,0,0.0
0.07003834558966339,ocr_if_nonempty_else_qwen,OCR-first,51.116633787011764,0.5111663378701177,0,0.0
0.07003834558966339,set_union,Union,187.21394959573533,1.8721394959573532,0,0.0
0.0713620498198167,set_intersection,Intersection,18.26961605639564,0.1826961605639564,1,1.0
0.0713620498198167,paddleocr_geometry,OCR joined,42.487427415945355,0.42487427415945356,0,0.0
0.0713620498198167,ocr_if_nonempty_else_qwen,OCR-first,51.345634618828285,0.5134563461882828,0,0.0
0.0713620498198167,set_union,Union,187.3502911314411,1.873502911314411,0,0.0
0.07271077167244767,set_intersection,Intersection,18.59600674473234,0.18596006744732338,1,1.0
0.07271077167244767,paddleocr_geometry,OCR joined,42.74233584609261,0.4274233584609261,0,0.0
0.07271077167244767,ocr_if_nonempty_else_qwen,OCR-first,51.57896349933345,0.5157896349933345,0,0.0
0.07271077167244767,set_union,Union,187.4892094822621,1.874892094822621,0,0.0
0.07408498397329809,set_intersection,Intersection,18.928566121538136,0.18928566121538137,1,1.0
0.07408498397329809,paddleocr_geometry,OCR joined,43.002061970953335,0.43002061970953337,0,0.0
0.07408498397329809,ocr_if_nonempty_else_qwen,OCR-first,51.81670222738057,0.5181670222738056,0,0.0
0.07408498397329809,set_union,Union,187.63075334924972,1.8763075334924972,0,0.0
0.0754851684843778,set_intersection,Intersection,19.267410773219424,0.19267410773219423,1,1.0
0.0754851684843778,paddleocr_geometry,OCR joined,43.2666968435474,0.43266696843547403,0,0.0
0.0754851684843778,ocr_if_nonempty_else_qwen,OCR-first,52.05893414779736,0.5205893414779736,0,0.0
0.0754851684843778,set_union,Union,187.77497235389092,1.8777497235389091,0,0.0
0.07691181607285752,set_intersection,Intersection,19.61265948963152,0.19612659489631518,1,1.0
0.07691181607285752,paddleocr_geometry,OCR joined,43.53633323777007,0.43536333237770075,0,0.0
0.07691181607285752,ocr_if_nonempty_else_qwen,OCR-first,52.30574418060435,0.5230574418060435,0,0.0
0.07691181607285752,set_union,Union,187.92191705550434,1.8792191705550434,0,0.0
0.07836542688315398,set_intersection,Intersection,19.964433305723265,0.19964433305723264,1,1.0
0.07836542688315398,paddleocr_geometry,OCR joined,43.8110656809161,0.438110656809161,0,0.0
0.07836542688315398,ocr_if_nonempty_else_qwen,OCR-first,52.55721885078564,0.5255721885078564,0,0.0
0.07836542688315398,set_union,Union,188.07163896896486,1.8807163896896486,0,0.0
0.07984651051226682,set_intersection,Intersection,20.322855543968572,0.2032285554396857,1,1.0
0.07984651051226682,paddleocr_geometry,OCR joined,44.09099048681843,0.44090990486818427,0,0.0
0.07984651051226682,ocr_if_nonempty_else_qwen,OCR-first,52.81344631862216,0.5281344631862216,0,0.0
0.07984651051226682,set_union,Union,188.22419058276347,1.8822419058276347,0,0.0
0.0813555861884299,set_intersection,Intersection,20.688051857600037,0.20688051857600037,1,1.0
0.0813555861884299,paddleocr_geometry,OCR joined,44.37620578961325,0.44376205789613254,0,0.0
0.0813555861884299,ocr_if_nonempty_else_qwen,OCR-first,53.07451641059838,0.5307451641059838,0,0.0
0.0813555861884299,set_union,Union,188.37962537740827,1.8837962537740827,0,0.0
0.08289318295313874,set_intersection,Intersection,21.060150274659577,0.21060150274659578,1,1.0
0.08289318295313874,paddleocr_geometry,OCR joined,44.666811578143225,0.44666811578143223,0,0.0
0.08289318295313874,ocr_if_nonempty_else_qwen,OCR-first,53.340520650893005,0.5334052065089301,0,0.0
0.08289318295313874,set_union,Union,188.53799784417328,1.8853799784417327,0,0.0
0.08445983984661815,set_intersection,Intersection,21.43928124288159,0.21439281242881592,1,1.0
0.08445983984661815,paddleocr_geometry,OCR joined,44.96290973101083,0.4496290973101083,0,0.0
0.08445983984661815,ocr_if_nonempty_else_qwen,OCR-first,53.61155229346494,0.5361155229346494,0,0.0
0.08445983984661815,set_union,Union,188.69936350420167,1.8869936350420167,0,0.0
0.08605610609679552,set_intersection,Intersection,21.825577675424515,0.21825577675424515,1,1.0
0.08605610609679552,paddleocr_geometry,OCR joined,45.26460405229435,0.45264604052294355,0,0.0
0.08605610609679552,ocr_if_nonempty_else_qwen,OCR-first,53.887706354745625,0.5388770635474562,0,0.0
0.08605610609679552,set_union,Union,188.86377892796995,1.8886377892796995,0,0.0
0.08768254131184518,set_intersection,Intersection,22.21917499746653,0.22219174997466531,1,1.0
0.08768254131184518,paddleocr_geometry,OCR joined,45.57200030793874,0.45572000307938737,0,0.0
0.08768254131184518,ocr_if_nonempty_else_qwen,OCR-first,54.169079646949214,0.5416907964694921,0,0.0
0.08768254131184518,set_union,Union,189.03130175512004,1.8903130175512004,0,0.0
0.08933971567637226,set_intersection,Intersection,22.62021119368209,0.22620211193682088,1,1.0
0.08933971567637226,paddleocr_geometry,OCR joined,45.88520626283436,0.4588520626283436,0,0.0
0.08933971567637226,ocr_if_nonempty_else_qwen,OCR-first,54.4557708120124,0.544557708120124,0,0.0
0.08933971567637226,set_union,Union,189.20199071466635,1.8920199071466635,0,0.0
0.09102821015130401,set_intersection,Intersection,23.02882685661557,0.2302882685661557,1,1.0
0.09102821015130401,paddleocr_geometry,OCR joined,46.20433171859646,0.4620433171859646,0,0.0
0.09102821015130401,ocr_if_nonempty_else_qwen,OCR-first,54.74788035617559,0.5474788035617559,0,0.0
0.09102821015130401,set_union,Union,189.3759056455843,1.893759056455843,0,0.0
0.09274861667755904,set_intersection,Intersection,23.445165235969288,0.23445165235969287,1,1.0
0.09274861667755904,paddleocr_geometry,OCR joined,46.52948855205866,0.46529488552058657,0,0.0
0.09274861667755904,ocr_if_nonempty_else_qwen,OCR-first,55.045510685217714,0.5504551068521771,0,0.0
0.09274861667755904,set_union,Union,189.5531075177886,1.895531075177886,0,0.0
0.0945015383835662,set_intersection,Intersection,23.869372288823023,0.23869372288823024,1,1.0
0.0945015383835662,paddleocr_geometry,OCR joined,46.86079075449401,0.46860790754494014,0,0.0
0.0945015383835662,ocr_if_nonempty_else_qwen,OCR-first,55.34876614035696,0.5534876614035695,0,0.0
0.0945015383835662,set_union,Union,189.73365845350733,1.8973365845350734,0,0.0
0.09628758979670494,set_intersection,Intersection,24.301596730802597,0.24301596730802597,1,1.0
0.09628758979670494,paddleocr_geometry,OCR joined,47.19835447157723,0.4719835447157723,0,0.0
0.09628758979670494,ocr_if_nonempty_else_qwen,OCR-first,55.65775303482995,0.5565775303482995,0,0.0
0.09628758979670494,set_union,Union,189.9176217490606,1.899176217490606,0,0.0
0.09810739705874244,set_intersection,Intersection,24.74199008821567,0.24741990088215668,1,1.0
0.09810739705874244,paddleocr_geometry,OCR joined,47.542298044102324,0.47542298044102327,0,0.0
0.09810739705874244,ocr_if_nonempty_else_qwen,OCR-first,55.97257969116244,0.5597257969116244,0,0.0
0.09810739705874244,set_union,Union,190.10506189705046,1.9010506189705045,0,0.0
0.09996159814534197,set_intersection,Intersection,25.19070675117276,0.2519070675117276,1,1.0
0.09996159814534197,paddleocr_geometry,OCR joined,47.89274204946963,0.47892742049469633,0,0.0
0.09996159814534197,ocr_if_nonempty_else_qwen,OCR-first,56.293356479144165,0.5629335647914416,0,0.0
0.09996159814534197,set_union,Union,190.29604460897022,1.9029604460897023,0,0.0
0.10185084308971996,set_intersection,Intersection,25.647904027712233,0.2564790402771223,1,1.0
0.10185084308971996,paddleocr_geometry,OCR joined,48.24980934395707,0.4824980934395707,0,0.0
0.10185084308971996,ocr_if_nonempty_else_qwen,OCR-first,56.620195854521555,0.5662019585452156,0,0.0
0.10185084308971996,set_union,Union,190.49063683824116,1.9049063683824117,0,0.0
0.10377579421053054,set_intersection,Intersection,26.11374219894839,0.2611374219894839,1,1.0
0.10377579421053054,paddleocr_geometry,OCR joined,48.61362510579028,0.48613625105790276,0,0.0
0.10377579421053054,ocr_if_nonempty_else_qwen,OCR-first,56.95321239842178,0.5695321239842178,0,0.0
0.10377579421053054,set_union,Union,190.68890680368463,1.9068890680368462,0,0.0
0.1057371263440564,set_intersection,Intersection,26.588384575261646,0.2658838457526165,1,1.0
0.1057371263440564,paddleocr_geometry,OCR joined,48.98431687902666,0.48984316879026657,0,0.0
0.1057371263440564,ocr_if_nonempty_else_qwen,OCR-first,57.29252285752176,0.5729252285752175,0,0.0
0.1057371263440564,set_union,Union,190.8909240134378,1.908909240134378,0,0.0
0.10773552708078846,set_intersection,Intersection,27.071997553550805,0.27071997553550803,1,1.0
0.10773552708078846,paddleocr_geometry,OCR joined,49.362014618269015,0.4936201461826901,0,0.0
0.10773552708078846,ocr_if_nonempty_else_qwen,OCR-first,57.6382461849764,0.576382461849764,0,0.0
0.10773552708078846,set_union,Union,191.0967592893212,1.910967592893212,0,0.0
0.10977169700647675,set_intersection,Intersection,27.564750675567375,0.27564750675567373,1,1.0
0.10977169700647675,paddleocr_geometry,OCR joined,49.74685073422411,0.49746850734224113,0,0.0
0.10977169700647675,ocr_if_nonempty_else_qwen,OCR-first,57.99050358212048,0.5799050358212048,0,0.0
0.10977169700647675,set_union,Union,191.30648479166712,1.9130648479166712,0,0.0
0.1118463499477367,set_intersection,Intersection,28.066816687352283,0.2806681668735228,1,1.0
0.1118463499477367,paddleocr_geometry,OCR joined,50.13896014012224,0.5013896014012224,0,0.0
0.1118463499477367,ocr_if_nonempty_else_qwen,OCR-first,58.34941854095845,0.5834941854095845,0,0.0
0.1118463499477367,set_union,Union,191.52017404461688,1.9152017404461688,0,0.0
0.11396021322229803,set_intersection,Intersection,28.578371599796125,0.28578371599796126,1,1.0
0.11396021322229803,paddleocr_geometry,OCR joined,50.538480299014324,0.5053848029901432,0,0.0
0.11396021322229803,ocr_if_nonempty_else_qwen,OCR-first,58.715116887457555,0.5871511688745755,0,0.0
0.11396021322229803,set_union,Union,191.73790196189668,1.9173790196189668,0,0.0
0.11611402789398254,set_intersection,Intersection,29.099594750343773,0.2909959475034377,1,1.0
0.11611402789398254,paddleocr_geometry,OCR joined,50.9455512719627,0.509455512719627,0,0.0
0.11611402789398254,ocr_if_nonempty_else_qwen,OCR-first,59.087726825658976,0.5908772682565897,0,0.0
0.11611402789398254,set_union,Union,191.9597448730802,1.919597448730802,0,0.0
0.1183085490325013,set_intersection,Intersection,29.630668865865317,0.2963066886586532,1,1.0
0.1183085490325013,paddleocr_geometry,OCR joined,51.36031576714275,0.5136031576714275,0,0.0
0.1183085490325013,ocr_if_nonempty_else_qwen,OCR-first,59.467378982622726,0.5946737898262273,0,0.0
0.1183085490325013,set_union,Union,192.18578055034763,1.9218578055034763,0,0.0
0.12054454597816208,set_intersection,Intersection,30.171780126715223,0.30171780126715225,1,1.0
0.12054454597816208,paddleocr_geometry,OCR joined,51.78291918987263,0.5178291918987263,0,0.0
0.12054454597816208,ocr_if_nonempty_else_qwen,OCR-first,59.85420645422204,0.5985420645422204,0,0.0
0.12054454597816208,set_union,Union,192.4160882357507,1.924160882357507,0,0.0
0.12282280261157902,set_intersection,Intersection,30.723118232002122,0.3072311823200212,1,1.0
0.12282280261157902,paddleocr_geometry,OCR joined,52.213509693588435,0.5221350969358843,0,0.0
0.12282280261157902,ocr_if_nonempty_else_qwen,OCR-first,60.24834485180317,0.6024834485180317,0,0.0
0.12282280261157902,set_union,Union,192.65074866899263,1.9265074866899263,0,0.0
0.12514411762848063,set_intersection,Intersection,31.28487646609231,0.3128487646609231,1,1.0
0.12514411762848063,paddleocr_geometry,OCR joined,52.65223823178284,0.5265223823178284,0,0.0
0.12514411762848063,ocr_if_nonempty_else_qwen,OCR-first,60.64993234972715,0.6064993234972715,0,0.0
0.12514411762848063,set_union,Union,192.8898441157335,1.9288984411573349,0,0.0
0.12750930481971073,set_intersection,Intersection,31.85725176637,0.3185725176637,1,1.0
0.12750930481971073,paddleocr_geometry,OCR joined,53.09925861092533,0.5309925861092534,0,0.0
0.12750930481971073,ocr_if_nonempty_else_qwen,OCR-first,61.05910973380996,0.6105910973380996,0,0.0
0.12750930481971073,set_union,Union,193.1334583964302,1.931334583964302,0,0.0
0.12991919335652197,set_intersection,Intersection,32.44044479227831,0.3244044479227831,1,1.0
0.12991919335652197,paddleocr_geometry,OCR joined,53.55472754438265,0.5355472754438265,0,0.0
0.12991919335652197,ocr_if_nonempty_else_qwen,OCR-first,61.476020450678305,0.614760204506783,0,0.0
0.12991919335652197,set_union,Union,193.38167691572175,1.9338167691572175,0,0.0
0.13237462808126102,set_intersection,Intersection,33.034659995665166,0.33034659995665167,1,1.0
0.13237462808126102,paddleocr_geometry,OCR joined,54.01880470735833,0.5401880470735833,0,0.0
0.13237462808126102,ocr_if_nonempty_else_qwen,OCR-first,61.900810658058155,0.6190081065805816,0,0.0
0.13237462808126102,set_union,Union,193.63458669236988,1.9363458669236988,0,0.0
0.13487646980354737,set_intersection,Intersection,33.64010569245846,0.3364010569245846,1,1.0
0.13487646980354737,paddleocr_geometry,OCR joined,54.491652792870454,0.5449165279287045,0,0.0
0.13487646980354737,ocr_if_nonempty_else_qwen,OCR-first,62.333629276013696,0.6233362927601369,0,0.0
0.13487646980354737,set_union,Union,193.89227638976539,1.9389227638976538,0,0.0
0.13742559560205064,set_intersection,Intersection,34.25699413569625,0.3425699413569625,1,1.0
0.13742559560205064,paddleocr_geometry,OCR joined,54.973437568787574,0.5497343756878758,0,0.0
0.13742559560205064,ocr_if_nonempty_else_qwen,OCR-first,62.77462803915476,0.6277462803915477,0,0.0
0.13742559560205064,set_union,Union,194.1548363470112,1.941548363470112,0,0.0
0.14002289913197033,set_intersection,Intersection,34.88554158993682,0.3488554158993682,1,1.0
0.14002289913197033,paddleocr_geometry,OCR joined,55.46432793594239,0.5546432793594239,0,0.0
0.14002289913197033,ocr_if_nonempty_else_qwen,OCR-first,63.22396154983087,0.6322396154983086,0,0.0
0.14002289913197033,set_union,Union,194.42235861059294,1.9442235861059294,0,0.0
0.14266929093832775,set_intersection,Intersection,35.52596840707532,0.3552596840707532,1,1.0
0.14266929093832775,paddleocr_geometry,OCR joined,55.964495987343945,0.5596449598734394,0,0.0
0.14266929093832775,ocr_if_nonempty_else_qwen,OCR-first,63.6817873323307,0.636817873323307,0,0.0
0.14266929093832775,set_union,Union,194.69493696664776,1.9469493696664777,0,0.0
0.1453656987751786,set_intersection,Intersection,36.178499103593225,0.36178499103593226,1,1.0
0.1453656987751786,paddleocr_geometry,OCR joined,56.47411706850876,0.5647411706850876,0,0.0
0.1453656987751786,ocr_if_nonempty_else_qwen,OCR-first,64.1482658881059,0.6414826588810589,0,0.0
0.1453656987751786,set_union,Union,194.9726669738434,1.949726669738434,0,0.0
0.1481130679308585,set_intersection,Intersection,36.84336243926776,0.3684336243926776,1,1.0
0.1481130679308585,paddleocr_geometry,OCR joined,56.99336983893225,0.5699336983893225,0,0.0
0.1481130679308585,ocr_if_nonempty_else_qwen,OCR-first,64.62356075203851,0.6462356075203851,0,0.0
0.1481130679308585,set_union,Union,195.25564599687843,1.9525564599687844,0,0.0
0.1509123615593761,set_intersection,Intersection,37.52079149736902,0.37520791497369016,1,1.0
0.1509123615593761,paddleocr_geometry,OCR joined,57.52243633472209,0.5752243633472208,0,0.0
0.1509123615593761,ocr_if_nonempty_else_qwen,OCR-first,65.10783854977207,0.6510783854977207,0,0.0
0.1509123615593761,set_union,Union,195.54397324061574,1.9554397324061574,0,0.0
0.15376456101806876,set_intersection,Intersection,38.21102376637264,0.3821102376637264,1,1.0
0.15376456101806876,paddleocr_geometry,OCR joined,58.06150203241499,0.5806150203241499,0,0.0
0.15376456101806876,ocr_if_nonempty_else_qwen,OCR-first,65.6012690561259,0.656012690561259,0,0.0
0.15376456101806876,set_union,Union,195.83774978486107,1.9583774978486108,0,0.0
0.15667066621164027,set_intersection,Intersection,38.914301223216945,0.38914301223216946,1,1.0
0.15667066621164027,paddleocr_geometry,OCR joined,58.61075591400001,0.5861075591400001,0,0.0
0.15667066621164027,ocr_if_nonempty_else_qwen,OCR-first,66.10402525461376,0.6610402525461376,0,0.0
0.15667066621164027,set_union,Union,196.13707861979896,1.9613707861979897,0,0.0
0.15963169594270077,set_intersection,Intersection,39.63087041813358,0.39630870418133585,1,1.0
0.15963169594270077,paddleocr_geometry,OCR joined,59.17039053317045,0.5917039053317045,0,0.0
0.15963169594270077,ocr_if_nonempty_else_qwen,OCR-first,66.61628339808723,0.6661628339808723,0,0.0
0.15963169594270077,set_union,Union,196.4420646820982,1.964420646820982,0,0.0
0.16264868826893128,set_intersection,Intersection,40.36098256108137,0.4036098256108137,1,1.0
0.16264868826893128,paddleocr_geometry,OCR joined,59.74060208282801,0.5974060208282801,0,0.0
0.16264868826893128,ocr_if_nonempty_else_qwen,OCR-first,67.13822307052511,0.6713822307052512,0,0.0
0.16264868826893128,set_union,Union,196.75281489169993,1.9675281489169993,0,0.0
0.1657227008669993,set_intersection,Intersection,41.104893609813836,0.41104893609813836,1,0.9999
0.1657227008669993,paddleocr_geometry,OCR joined,60.32159046386287,0.6032159046386287,0,0.0
0.1657227008669993,ocr_if_nonempty_else_qwen,OCR-first,67.67002724999088,0.6767002724999088,0,0.0001
0.1657227008669993,set_union,Union,197.06943818930094,1.9706943818930094,0,0.0
0.1688548114033517,set_intersection,Intersection,41.862864359611116,0.4186286435961112,1,0.9999
0.1688548114033517,paddleocr_geometry,OCR joined,60.913559355233474,0.6091355935523347,0,0.0
0.1688548114033517,ocr_if_nonempty_else_qwen,OCR-first,68.21188237277984,0.6821188237277984,0,0.0001
0.1688548114033517,set_union,Union,197.39204557454522,1.9739204557454522,0,0.0
0.1720461179120157,set_intersection,Intersection,42.6351605347078,0.426351605347078,1,0.9997
0.1720461179120157,paddleocr_geometry,OCR joined,61.51671628537097,0.6151671628537096,0,0.0002
0.1720461179120157,ocr_if_nonempty_else_qwen,OCR-first,68.76397839877872,0.6876397839877871,0,0.0001
0.1720461179120157,set_union,Union,197.72075014493763,1.9772075014493762,0,0.0
0.17529773917954025,set_intersection,Intersection,43.42205288144874,0.4342205288144874,1,0.9996
0.17529773917954025,paddleocr_geometry,OCR joined,62.13127270493311,0.621312727049331,0,0.0003
0.17529773917954025,ocr_if_nonempty_else_qwen,OCR-first,69.32650887806047,0.6932650887806047,0,0.0001
0.17529773917954025,set_union,Union,198.05566713549266,1.9805566713549265,0,0.0
0.17861081513721266,set_intersection,Intersection,44.22381726320546,0.4422381726320546,1,0.9996
0.17861081513721266,paddleocr_geometry,OCR joined,62.757444060933196,0.627574440609332,0,0.0003
0.17861081513721266,ocr_if_nonempty_else_qwen,OCR-first,69.89967101873779,0.698996710187378,0,0.0001
0.17861081513721266,set_union,Union,198.39691395913292,1.9839691395913293,0,0.0
0.1819865072606878,set_intersection,Intersection,45.04073475708645,0.4504073475708645,1,0.9996
0.1819865072606878,paddleocr_geometry,OCR joined,63.39544987226999,0.6339544987226999,0,0.0003
0.1819865072606878,ocr_if_nonempty_else_qwen,OCR-first,70.48366575609899,0.7048366575609899,0,0.0001
0.1819865072606878,set_union,Union,198.74461024785086,1.9874461024785086,0,0.0
0.1854259989771704,set_intersection,Intersection,45.87309175247524,0.4587309175247524,1,0.9996
0.1854259989771704,paddleocr_geometry,OCR joined,64.04551380668521,0.6404551380668521,0,0.0003
0.1854259989771704,ocr_if_nonempty_else_qwen,OCR-first,71.07869782305048,0.7107869782305047,0,0.0001
0.1854259989771704,set_union,Union,199.09887789464855,1.9909887789464855,0,0.0
0.18893049608029308,set_intersection,Intersection,46.72118005143093,0.4672118005143093,1,0.9994
0.18893049608029308,paddleocr_geometry,OCR joined,64.70786375917538,0.6470786375917538,0,0.0005
0.18893049608029308,ocr_if_nonempty_else_qwen,OCR-first,71.6849758218907,0.7168497582189071,0,0.0001
0.18893049608029308,set_union,Union,199.4598410962702,1.994598410962702,0,0.0
0.19250122715283496,set_intersection,Intersection,47.585296970986064,0.47585296970986063,1,0.9993
0.19250122715283496,paddleocr_geometry,OCR joined,65.38273193188581,0.6538273193188582,0,0.0006
0.19250122715283496,ocr_if_nonempty_else_qwen,OCR-first,72.30271229744045,0.7230271229744045,0,0.0001
0.19250122715283496,set_union,Union,199.827626396742,1.99827626396742,0,0.0
0.19613944399743036,set_intersection,Intersection,48.46574544737815,0.48465745447378145,1,0.9991
0.19613944399743036,paddleocr_geometry,OCR joined,66.07035491551434,0.6607035491551434,0,0.0008
0.19613944399743036,ocr_if_nonempty_else_qwen,OCR-first,72.93212381155544,0.7293212381155544,0,0.0001
0.19613944399743036,set_union,Union,200.20236273173532,2.002023627317353,0,0.0
0.19984642207541667,set_intersection,Intersection,49.36283414225083,0.49362834142250833,1,0.9991
0.19984642207541667,paddleocr_geometry,OCR joined,66.77097377225374,0.6677097377225374,0,0.0008
0.19984642207541667,ocr_if_nonempty_else_qwen,OCR-first,73.57343101904709,0.735734310190471,0,0.0001
0.19984642207541667,set_union,Union,200.58418147376793,2.0058418147376793,0,0.0
0.20362346095397738,set_intersection,Intersection,50.27687755086252,0.5027687755086252,1,0.9989
0.20362346095397738,paddleocr_geometry,OCR joined,67.48483412030173,0.6748483412030173,0,0.001
0.20362346095397738,ocr_if_nonempty_else_qwen,OCR-first,74.22685874503809,0.7422685874503808,0,0.0001
0.20362346095397738,set_union,Union,200.97321647825967,2.0097321647825965,0,0.0
0.20747188476173523,set_intersection,Intersection,51.20819611233993,0.5120819611233993,1,0.9986
0.20747188476173523,paddleocr_geometry,OCR joined,68.21218621996796,0.6821218621996796,0,0.0013
0.20747188476173523,ocr_if_nonempty_else_qwen,OCR-first,74.8926360637802,0.748926360637802,0,0.0001
0.20747188476173523,set_union,Union,201.36960413045873,2.0136960413045872,0,0.0
0.21139304265295633,set_intersection,Intersection,52.15711632201543,0.5215711632201543,1,0.9984
0.21139304265295633,paddleocr_geometry,OCR joined,68.95328506140875,0.6895328506140875,0,0.0015
0.21139304265295633,ocr_if_nonempty_else_qwen,OCR-first,75.57099637896144,0.7557099637896144,0,0.0001
0.21139304265295633,set_union,Union,201.7734833932545,2.017734833932545,0,0.0
0.2153883092805277,set_intersection,Intersection,53.123970845887705,0.531239708458877,1,0.9981
0.2153883092805277,paddleocr_geometry,OCR joined,69.70839045401974,0.6970839045401973,0,0.0018
0.2153883092805277,ocr_if_nonempty_else_qwen,OCR-first,76.2621775055313,0.762621775055313,0,0.0001
0.2153883092805277,set_union,Union,202.18499585589436,2.021849958558944,0,0.0
0.2194590852778733,set_intersection,Intersection,54.10909863724534,0.5410909863724533,1,0.9978
0.2194590852778733,paddleocr_geometry,OCR joined,70.47776711751806,0.7047776711751805,0,0.002
0.2194590852778733,ocr_if_nonempty_else_qwen,OCR-first,76.96642175307208,0.7696642175307208,0,0.0002
0.2194590852778733,set_union,Union,202.60428578362095,2.0260428578362095,0,0.0
0.22360679774997896,set_intersection,Intersection,55.11284505549491,0.5511284505549491,1,0.9976
0.22360679774997896,paddleocr_geometry,OCR joined,71.26168477474602,0.7126168477474601,0,0.0022
0.22360679774997896,ocr_if_nonempty_else_qwen,OCR-first,77.68397601074636,0.7768397601074636,0,0.0002
0.22360679774997896,set_union,Union,203.03150016824785,2.0303150016824785,0,0.0
0.2278329007736969,set_intersection,Intersection,56.135561987234645,0.5613556198723465,1,0.9974
0.2278329007736969,paddleocr_geometry,OCR joined,72.06041824622872,0.7206041824622872,0,0.0024
0.2278329007736969,ocr_if_nonempty_else_qwen,OCR-first,78.41509183384956,0.7841509183384956,0,0.0002
0.2278329007736969,set_union,Union,203.46678877969077,2.0346678877969078,0,0.0
0.23213887590750618,set_intersection,Intersection,57.177607969616496,0.571776079696165,1,0.9966
0.23213887590750618,paddleocr_geometry,OCR joined,72.87424754651866,0.7287424754651866,0,0.0031
0.23213887590750618,ocr_if_nonempty_else_qwen,OCR-first,79.16002553199857,0.7916002553199857,0,0.0003
0.23213887590750618,set_union,Union,203.91030421847313,2.039103042184731,0,0.0
0.23652623271090767,set_intersection,Intersection,58.23934831603965,0.5823934831603965,1,0.9955
0.23652623271090767,paddleocr_geometry,OCR joined,73.70345798236156,0.7370345798236155,0,0.004
0.23652623271090767,ocr_if_nonempty_else_qwen,OCR-first,79.91903825898703,0.7991903825898703,0,0.0005
0.23652623271090767,set_union,Union,204.3622019692235,2.043622019692235,0,0.0
0.24099650927363472,set_intersection,Intersection,59.321155244219604,0.593211552442196,1,0.9952
0.24099650927363472,paddleocr_geometry,OCR joined,74.54834025271697,0.7454834025271697,0,0.0041
0.24099650927363472,ocr_if_nonempty_else_qwen,OCR-first,80.6923961043388,0.8069239610433879,0,0.0007
0.24099650927363472,set_union,Union,204.82264045518437,2.0482264045518437,0,0.0
0.24555127275486643,set_intersection,Intersection,60.423408006677676,0.6042340800667767,1,0.9945
0.24555127275486643,paddleocr_geometry,OCR joined,75.40919055066976,0.7540919055066976,0,0.0047
0.24555127275486643,ocr_if_nonempty_else_qwen,OCR-first,81.4803701865919,0.814803701865919,0,0.0008
0.24555127275486643,set_union,Union,205.29178109375124,2.0529178109375126,0,0.0
0.25019211993263174,set_intersection,Intersection,61.54649302369688,0.6154649302369688,1,0.9928
0.25019211993263174,paddleocr_geometry,OCR joined,76.2863106672674,0.762863106672674,0,0.006
0.25019211993263174,ocr_if_nonempty_else_qwen,OCR-first,82.28323674834529,0.8228323674834529,0,0.0012
0.25019211993263174,set_union,Union,205.76978835306107,2.0576978835306106,0,0.0
0.2549206777635968,set_intersection,Intersection,62.69080401879042,0.6269080401879042,1,0.9918
0.2549206777635968,paddleocr_geometry,OCR joined,77.18000809731979,0.7718000809731979,0,0.0068
0.2549206777635968,ocr_if_nonempty_else_qwen,OCR-first,83.10127725310224,0.8310127725310223,0,0.0014
0.2549206777635968,set_union,Union,206.25682980965047,2.0625682980965045,0,0.0
0.2597386039534327,set_intersection,Intersection,63.85674215673071,0.6385674215673071,1,0.9902
0.2597386039534327,paddleocr_geometry,OCR joined,78.09059614719877,0.7809059614719877,0,0.0079
0.2597386039534327,ocr_if_nonempty_else_qwen,OCR-first,83.93477848394386,0.8393477848394386,0,0.0019
0.2597386039534327,set_union,Union,206.75307620720358,2.067530762072036,0,0.0
0.26464758753796225,set_intersection,Intersection,65.04471618418687,0.6504471618418687,1,0.9883
0.26464758753796225,paddleocr_geometry,OCR joined,79.01839404467486,0.7901839404467487,0,0.0096
0.26464758753796225,ocr_if_nonempty_else_qwen,OCR-first,84.78403264406747,0.8478403264406746,0,0.0021
0.26464758753796225,set_union,Union,207.2587015164101,2.072587015164101,0,0.0
0.2696493494752911,set_intersection,Intersection,66.25514257302045,0.6625514257302045,1,0.9869
0.2696493494752911,paddleocr_geometry,OCR joined,79.96372705083002,0.7996372705083001,0,0.0108
0.2696493494752911,ocr_if_nonempty_else_qwen,OCR-first,85.64933745922536,0.8564933745922536,0,0.0023
0.2696493494752911,set_union,Union,207.77388299595498,2.0777388299595496,0,0.0
0.27474564324912926,set_intersection,Intersection,67.48844566628928,0.6748844566628928,1,0.9843
0.27474564324912926,paddleocr_geometry,OCR joined,80.92692657408543,0.8092692657408542,0,0.0127
0.27474564324912926,ocr_if_nonempty_else_qwen,OCR-first,86.53099628209935,0.8653099628209935,0,0.003
0.27474564324912926,set_union,Union,208.2988012546603,2.082988012546603,0,0.0
0.2799382554835154,set_intersection,Intersection,68.74505782701073,0.6874505782701072,1,0.9814
0.2799382554835154,paddleocr_geometry,OCR joined,81.90833028638441,0.8190833028638441,0,0.0151
0.2799382554835154,ocr_if_nonempty_else_qwen,OCR-first,87.42931819864816,0.8742931819864816,0,0.0035
0.2799382554835154,set_union,Union,208.8336403148021,2.088336403148021,0,0.0
0.28522900656915995,set_intersection,Intersection,70.02541958973671,0.7002541958973671,1,0.979
0.28522900656915995,paddleocr_geometry,OCR joined,82.90828224157123,0.8290828224157123,0,0.0171
0.28522900656915995,ocr_if_nonempty_else_qwen,OCR-first,88.34461813646467,0.8834461813646467,0,0.0039
0.28522900656915995,set_union,Union,209.37858767662348,2.0937858767662347,0,0.0
0.2906197513016246,set_intersection,Intersection,71.32997981499315,0.7132997981499315,1,0.9749
0.2906197513016246,paddleocr_geometry,OCR joined,83.92713299600705,0.8392713299600705,0,0.0206
0.2906197513016246,ocr_if_nonempty_else_qwen,OCR-first,89.27721697518106,0.8927721697518106,0,0.0045
0.2906197513016246,set_union,Union,209.93383438406732,2.099338343840673,0,0.0
0.29611237953156433,set_intersection,Intersection,72.65919584663857,0.7265919584663857,1,0.972
0.29611237953156433,paddleocr_geometry,OCR joined,84.96523973146566,0.8496523973146566,0,0.0223
0.29611237953156433,ocr_if_nonempty_else_qwen,OCR-first,90.22744165896063,0.9022744165896063,0,0.0057
0.29611237953156433,set_union,Union,210.49957509175113,2.1049957509175115,0,0.0
0.3017088168272581,set_intersection,Intersection,74.01353367219646,0.7401353367219646,1,0.9684
0.3017088168272581,paddleocr_geometry,OCR joined,86.02296638035178,0.8602296638035177,0,0.0252
0.3017088168272581,ocr_if_nonempty_else_qwen,OCR-first,91.19562531111565,0.9119562531111565,0,0.0064
0.3017088168272581,set_union,Union,211.07600813320758,2.1107600813320757,0,0.0
0.30741102514966206,set_intersection,Intersection,75.39346808621822,0.7539346808621822,1,0.9643
0.30741102514966206,paddleocr_geometry,OCR joined,87.10068375328612,0.8710068375328612,0,0.0288
0.30741102514966206,ocr_if_nonempty_else_qwen,OCR-first,92.18210735089153,0.9218210735089153,0,0.0069
0.30741102514966206,set_union,Union,211.6633355904152,2.1166333559041517,0,0.0
0.31322100354021987,set_intersection,Intersection,76.7994828567332,0.767994828567332,1,0.9593
0.31322100354021987,paddleocr_geometry,OCR joined,88.19876966910155,0.8819876966910155,0,0.0327
0.31322100354021987,ocr_if_nonempty_else_qwen,OCR-first,93.18723361245804,0.9318723361245804,0,0.008
0.31322100354021987,set_union,Union,212.26176336464266,2.1226176336464264,0,0.0
0.31914078882167346,set_intersection,Intersection,78.23207089484498,0.7823207089484498,1,0.9525
0.31914078882167346,paddleocr_geometry,OCR joined,89.31760908729629,0.8931760908729629,0,0.038
0.31914078882167346,ocr_if_nonempty_else_qwen,OCR-first,94.21135646614951,0.9421135646614951,0,0.0095
0.31914078882167346,set_union,Union,212.87150124863237,2.1287150124863237,0,0.0
0.32517245631211816,set_intersection,Intersection,79.6917344275326,0.7969173442753259,1,0.9449
0.32517245631211816,paddleocr_geometry,OCR joined,90.45759424299033,0.9045759424299032,0,0.0437
0.32517245631211816,ocr_if_nonempty_else_qwen,OCR-first,95.25483494199645,0.9525483494199645,0,0.0114
0.32517245631211816,set_union,Union,213.49276300014816,2.1349276300014814,0,0.0
0.331318120552554,set_intersection,Intersection,81.17898517371806,0.8117898517371807,1,0.9397
0.331318120552554,paddleocr_geometry,OCR joined,91.6191247844327,0.916191247844327,0,0.0479
0.331318120552554,ocr_if_nonempty_else_qwen,OCR-first,96.31803485559183,0.9631803485559183,0,0.0124
0.331318120552554,set_union,Union,214.12576641691305,2.1412576641691303,0,0.0
0.337579936048187,set_intersection,Intersection,82.69434452366124,0.8269434452366125,1,0.9326
0.337579936048187,paddleocr_geometry,OCR joined,92.80260791310734,0.9280260791310734,0,0.0524
0.337579936048187,ocr_if_nonempty_else_qwen,OCR-first,97.40132893633634,0.9740132893633634,0,0.015
0.337579936048187,set_union,Union,214.77073341296327,2.147707334129633,0,0.0
0.34396009802374067,set_intersection,Intersection,84.23834372174524,0.8423834372174523,1,0.9231
0.34396009802374067,paddleocr_geometry,OCR joined,94.00845852648699,0.9400845852648699,0,0.0598
0.34396009802374067,ocr_if_nonempty_else_qwen,OCR-first,98.50509695810715,0.9850509695810714,0,0.0171
0.34396009802374067,set_union,Union,215.42789009644528,2.154278900964453,0,0.0
0.3504608431930435,set_intersection,Intersection,85.81152405271652,0.8581152405271653,1,0.913
0.3504608431930435,paddleocr_geometry,OCR joined,95.23709936348521,0.9523709936348521,0,0.0671
0.3504608431930435,ocr_if_nonempty_else_qwen,OCR-first,99.62972587239653,0.9962972587239654,0,0.0199
0.3504608431930435,set_union,Union,216.09746684888347,2.160974668488835,0,0.0
0.35708445054316035,set_intersection,Intersection,87.4144370314448,0.874144370314448,1,0.904
0.35708445054316035,paddleocr_geometry,OCR joined,96.48896115265731,0.9648896115265732,0,0.0729
0.35708445054316035,ocr_if_nonempty_else_qwen,OCR-first,100.77560994396674,1.0077560994396675,0,0.0231
0.35708445054316035,set_union,Union,216.7796984059455,2.1677969840594553,0,0.0
0.36383324213334456,set_intersection,Intersection,89.04764459626938,0.8904764459626938,1,0.8887
0.36383324213334456,paddleocr_geometry,OCR joined,97.76448276320212,0.9776448276320212,0,0.0845
0.36383324213334456,ocr_if_nonempty_else_qwen,OCR-first,101.94315088906862,1.0194315088906862,0,0.0268
0.36383324213334456,set_union,Union,217.4748239397345,2.174748239397345,0,0.0
0.3707095839090899,set_intersection,Intersection,90.71171930599976,0.9071171930599976,1,0.8775
0.3707095839090899,paddleocr_geometry,OCR joined,99.064111358818,0.99064111358818,0,0.0914
0.3707095839090899,ocr_if_nonempty_else_qwen,OCR-first,103.13275801627256,1.0313275801627255,0,0.0311
0.3707095839090899,set_union,Union,218.18308714263625,2.1818308714263623,0,0.0
0.3777158865315672,set_intersection,Intersection,92.40724454063925,0.9240724454063926,1,0.864
0.3777158865315672,paddleocr_geometry,OCR joined,100.3883025544662,1.003883025544662,0,0.1005
0.3777158865315672,ocr_if_nonempty_else_qwen,OCR-first,104.34484836996113,1.0434484836996112,0,0.0355
0.3777158865315672,set_union,Union,218.90473631275142,2.1890473631275142,0,0.0
0.3848546062227377,set_intersection,Intersection,94.13481470590253,0.9413481470590253,1,0.8466
0.3848546062227377,paddleocr_geometry,OCR joined,101.73752057609742,1.0173752057609742,0,0.111
0.3848546062227377,ocr_if_nonempty_else_qwen,OCR-first,105.57984687653362,1.0557984687653361,0,0.0424
0.3848546062227377,set_union,Union,219.640024440942,2.19640024440942,0,0.0
0.39212824562643883,set_intersection,Intersection,95.8950354415982,0.958950354415982,1,0.8316
0.39212824562643883,paddleocr_geometry,OCR joined,103.11223842339695,1.0311223842339694,0,0.1195
0.39212824562643883,ocr_if_nonempty_else_qwen,OCR-first,106.83818649337391,1.068381864933739,0,0.0489
0.39212824562643883,set_union,Union,220.3892092995232,2.203892092995232,0,0.0
0.399539354685744,set_intersection,Intersection,97.68852383395004,0.9768852383395005,1,0.816
0.399539354685744,paddleocr_geometry,OCR joined,104.51293803560561,1.0451293803560562,0,0.1312
0.399539354685744,ocr_if_nonempty_else_qwen,OCR-first,108.12030836063371,1.081203083606337,0,0.0528
0.399539354685744,set_union,Union,221.15255353263163,2.211525535326316,0,0.0
0.4070905315369043,set_intersection,Intersection,99.51590863193084,0.9951590863193084,1,0.7946
0.4070905315369043,paddleocr_geometry,OCR joined,105.94011046047491,1.0594011046047491,0,0.143
0.4070905315369043,ocr_if_nonempty_else_qwen,OCR-first,109.42666195588444,1.0942666195588444,0,0.0624
0.4070905315369043,set_union,Union,221.93032474830113,2.2193032474830114,0,0.0
0.41478442342018546,set_intersection,Intersection,101.37783046768487,1.0137783046768487,1,0.7734
0.41478442342018546,paddleocr_geometry,OCR joined,107.39425602641505,1.0739425602641506,0,0.1551
0.41478442342018546,ocr_if_nonempty_else_qwen,OCR-first,110.75770525169209,1.1075770525169208,0,0.0715
0.41478442342018546,set_union,Union,222.7227956122791,2.227227956122791,0,0.0
0.42262372760791916,set_intersection,Intersection,103.27494208111644,1.0327494208111643,1,0.752
0.42262372760791916,paddleocr_geometry,OCR joined,108.87588451789672,1.0887588451789671,0,0.1679
0.42262372760791916,ocr_if_nonempty_else_qwen,OCR-first,112.11390487617001,1.1211390487617001,0,0.0801
0.42262372760791916,set_union,Union,223.5302439436157,2.2353024394361567,0,0.0
0.4306111923500949,set_intersection,Intersection,105.20790854872295,1.0520790854872295,1,0.7317
0.4306111923500949,paddleocr_geometry,OCR joined,110.38551535416794,1.1038551535416794,0,0.1769
0.4306111923500949,ocr_if_nonempty_else_qwen,OCR-first,113.49573627656642,1.1349573627656642,0,0.0914
0.4306111923500949,set_union,Union,224.35295281205975,2.2435295281205976,0,0.0
0.43874961783782207,set_intersection,Intersection,107.17740751675294,1.0717740751675293,1,0.7076
0.43874961783782207,paddleocr_geometry,OCR joined,111.92367777134837,1.1192367777134837,0,0.1919
0.43874961783782207,ocr_if_nonempty_else_qwen,OCR-first,114.90368388594322,1.1490368388594323,0,0.1005
0.43874961783782207,set_union,Union,225.19121063729568,2.251912106372957,0,0.0
0.447041857185003,set_intersection,Intersection,109.18412943877073,1.0918412943877072,1,0.6844
0.447041857185003,paddleocr_geometry,OCR joined,113.49091100796556,1.1349091100796556,0,0.2055
0.447041857185003,ocr_if_nonempty_else_qwen,OCR-first,116.33824129300552,1.1633824129300552,0,0.1101
0.447041857185003,set_union,Union,226.0453112900553,2.260453112900553,0,0.0
0.4554908174285571,set_intersection,Intersection,111.22877781771082,1.112287778177108,1,0.6626
0.4554908174285571,paddleocr_geometry,OCR joined,115.0877644939973,1.150877644939973,0,0.2149
0.4554908174285571,ocr_if_nonempty_else_qwen,OCR-first,117.79991141514039,1.177999114151404,0,0.1225
0.4554908174285571,set_union,Union,226.9155541951414,2.269155541951414,0,0.0
0.46409946054755086,set_intersection,Intersection,113.3120694525073,1.133120694525073,1,0.6388
0.46409946054755086,paddleocr_geometry,OCR joined,116.71479804348711,1.167147980434871,0,0.2271
0.46409946054755086,ocr_if_nonempty_else_qwen,OCR-first,119.2892066747263,1.1928920667472631,0,0.1341
0.46409946054755086,set_union,Union,227.80224443639773,2.278022444363977,0,0.0
0.4728708045015879,set_intersection,Intersection,115.43473468938427,1.1543473468938428,1,0.6161
0.4728708045015879,paddleocr_geometry,OCR joined,118.37258205080012,1.1837258205080012,0,0.2363
0.4728708045015879,ocr_if_nonempty_else_qwen,OCR-first,120.8066491787747,1.208066491787747,0,0.1476
0.4728708045015879,set_union,Union,228.70569286366356,2.287056928636636,0,0.0
0.481807924288825,set_intersection,Intersection,117.59751767789565,1.1759751767789566,1,0.5888
0.481807924288825,paddleocr_geometry,OCR joined,120.06169769058793,1.2006169769058794,0,0.2461
0.481807924288825,ocr_if_nonempty_else_qwen,OCR-first,122.35277090196672,1.2235277090196672,0,0.1651
0.481807924288825,set_union,Union,229.62621620174897,2.2962621620174897,0,0.0
0.4909139530239843,set_intersection,Intersection,119.8011766318042,1.198011766318042,1,0.5626
0.4909139530239843,paddleocr_geometry,OCR joined,121.78273712153303,1.2178273712153302,0,0.2636
0.4909139530239843,ocr_if_nonempty_else_qwen,OCR-first,123.92811387314929,1.2392811387314928,0,0.1738
0.4909139530239843,set_union,Union,230.56413716147037,2.3056413716147035,0,0.0
0.5001920830367387,set_intersection,Intersection,122.04648409489076,1.2204648409489076,1,0.519
0.5001920830367387,paddleocr_geometry,OCR joined,123.53630369394361,1.2353630369394362,0,0.2733
0.5001920830367387,ocr_if_nonempty_else_qwen,OCR-first,125.53323036535579,1.255332303653558,0,0.2077
0.5001920830367387,set_union,Union,231.51978455278407,2.3151978455278406,0,0.0
0.5096455669908574,set_intersection,Intersection,124.33422721178749,1.2433422721178748,1,0.501
0.5096455669908574,paddleocr_geometry,OCR joined,125.32301216127205,1.2532301216127204,0,0.2831
0.5096455669908574,ocr_if_nonempty_else_qwen,OCR-first,127.16868308941832,1.2716868308941833,0,0.2159
0.5096455669908574,set_union,Union,232.4934934000583,2.324934934000583,0,0.0
0.5192777190245034,set_intersection,Intersection,126.66520800392982,1.2666520800392982,1,0.4748
0.5192777190245034,paddleocr_geometry,OCR joined,127.14348889563114,1.2714348889563114,0,0.2971
0.5192777190245034,ocr_if_nonempty_else_qwen,OCR-first,128.83504539123908,1.2883504539123907,0,0.2281
0.5192777190245034,set_union,Union,233.48560505952383,2.3348560505952385,0,0.0
0.5290919159120798,set_intersection,Intersection,129.0402436507233,1.290402436507233,0,0.451
0.5290919159120798,paddleocr_geometry,OCR joined,128.9983721073831,1.289983721073831,1,0.3054
0.5290919159120798,ocr_if_nonempty_else_qwen,OCR-first,130.53290145278982,1.3053290145278982,0,0.2436
0.5290919159120798,set_union,Union,234.49646733894423,2.3449646733894425,0,0.0
0.5390915982480387,set_intersection,Intersection,131.46016677602535,1.3146016677602534,0,0.4224
0.5390915982480387,paddleocr_geometry,OCR joined,130.88831206887932,1.3088831206887932,1,0.3115
0.5390915982480387,ocr_if_nonempty_else_qwen,OCR-first,132.2628464969107,1.322628464969107,0,0.2661
0.5390915982480387,set_union,Union,235.52643461954798,2.35526434619548,0,0.0
0.5492802716530588,set_intersection,Intersection,133.92582574004024,1.3392582574004024,0,0.3962
0.5492802716530588,paddleocr_geometry,OCR joined,132.81397134242812,1.3281397134242812,1,0.3205
0.5492802716530588,ocr_if_nonempty_else_qwen,OCR-first,134.02548699597918,1.3402548699597918,0,0.2833
0.5492802716530588,set_union,Union,236.57586798026506,2.3657586798026506,0,0.0
0.5596615080030247,set_intersection,Intersection,136.43808493673197,1.3643808493673197,0,0.372
0.5596615080030247,paddleocr_geometry,OCR joined,134.77602501257167,1.3477602501257167,1,0.3245
0.5596615080030247,ocr_if_nonempty_else_qwen,OCR-first,135.82144088452327,1.3582144088452326,0,0.3035
0.5596615080030247,set_union,Union,237.64513532431155,2.3764513532431155,0,0.0
0.5702389466812295,set_intersection,Intersection,138.99782509685755,1.3899782509685756,0,0.3428
0.5702389466812295,paddleocr_geometry,OCR joined,136.77516092275238,1.3677516092275237,1,0.3348
0.5702389466812295,ocr_if_nonempty_else_qwen,OCR-first,137.6513377758527,1.376513377758527,0,0.3224
0.5702389466812295,set_union,Union,238.73461150816664,2.3873461150816664,0,0.0
0.5810162958542444,set_intersection,Intersection,141.60594359672714,1.4160594359672714,0,0.3173
0.5810162958542444,paddleocr_geometry,OCR joined,138.8120799164522,1.3881207991645221,1,0.3377
0.5810162958542444,ocr_if_nonempty_else_qwen,OCR-first,139.5158191827843,1.395158191827843,0,0.345
0.5810162958542444,set_union,Union,239.84467847298717,2.3984467847298716,0,0.0
0.5919973337719044,set_intersection,Intersection,144.26335477280088,1.4426335477280088,0,0.2915
0.5919973337719044,paddleocr_geometry,OCR joined,140.88749608288992,1.4088749608288993,1,0.3383
0.5919973337719044,ocr_if_nonempty_else_qwen,OCR-first,141.41553874253947,1.4141553874253947,0,0.3702
0.5919973337719044,set_union,Union,240.97572537850616,2.4097572537850613,0,0.0
0.6031859100918593,set_intersection,Intersection,146.97099024222996,1.4697099024222995,0,0.2665
0.6031859100918593,paddleocr_geometry,OCR joined,143.0021370073614,1.430021370073614,1,0.34
0.6031859100918593,ocr_if_nonempty_else_qwen,OCR-first,143.35116244589165,1.4335116244589166,0,0.3935
0.6031859100918593,set_union,Union,242.1281487394615,2.421281487394615,0,0.0
0.6145859472291626,set_intersection,Intersection,149.72979922945734,1.4972979922945735,0,0.2444
0.6145859472291626,paddleocr_geometry,OCR joined,145.15674402631174,1.4515674402631173,1,0.3466
0.6145859472291626,ocr_if_nonempty_else_qwen,OCR-first,145.32336887064514,1.4532336887064514,0,0.409
0.6145859472291626,set_union,Union,243.30235256460375,2.4330235256460373,0,0.0
0.6262014417313639,set_intersection,Intersection,152.54074889899007,1.5254074889899008,0,0.221
0.6262014417313639,paddleocr_geometry,OCR joined,147.3520724872278,1.473520724872278,0,0.3445
0.6262014417313639,ocr_if_nonempty_else_qwen,OCR-first,147.33284941952596,1.4733284941952596,1,0.4345
0.6262014417313639,set_union,Union,244.49874849833049,2.444987484983305,0,0.0
0.6380364656795913,set_intersection,Intersection,155.4048246944611,1.554048246944611,0,0.2004
0.6380364656795913,paddleocr_geometry,OCR joined,149.58889201344275,1.4958889201344274,0,0.3449
0.6380364656795913,ocr_if_nonempty_else_qwen,OCR-first,149.38030856256927,1.4938030856256928,1,0.4547
0.6380364656795913,set_union,Union,245.7177559649979,2.457177559649979,0,0.0
0.6500951681161146,set_intersection,Intersection,158.32303068409973,1.5832303068409974,0,0.1806
0.6500951681161146,paddleocr_geometry,OCR joined,151.86798677394563,1.5186798677394564,0,0.339
0.6500951681161146,ocr_if_nonempty_else_qwen,OCR-first,151.46646408408782,1.5146646408408782,1,0.4804
0.6500951681161146,set_union,Union,246.9598023159598,2.4695980231595978,0,0.0
0.6623817764988874,set_intersection,Intersection,161.29638991273075,1.6129638991273074,0,0.1624
0.6623817764988874,paddleocr_geometry,OCR joined,154.19015575828973,1.5419015575828974,0,0.3464
0.6623817764988874,ocr_if_nonempty_else_qwen,OCR-first,153.59204733430752,1.5359204733430751,1,0.4912
0.6623817764988874,set_union,Union,248.2253229793854,2.4822532297938538,0,0.0
0.6749005981835821,set_intersection,Intersection,164.32594476042686,1.6432594476042686,0,0.1477
0.6749005981835821,paddleocr_geometry,OCR joined,156.556213056697,1.56556213056697,0,0.3333
0.6749005981835821,ocr_if_nonempty_else_qwen,OCR-first,155.7578034857597,1.557578034857597,1,0.519
0.6749005981835821,set_union,Union,249.51476161290896,2.4951476161290898,0,0.0
0.6876560219336321,set_intersection,Intersection,167.41275730793896,1.6741275730793896,0,0.1325
0.6876560219336321,paddleocr_geometry,OCR joined,158.96698814545647,1.5896698814545647,0,0.3285
0.6876560219336321,ocr_if_nonempty_else_qwen,OCR-first,157.96449179451835,1.5796449179451835,1,0.539
0.6876560219336321,set_union,Union,250.8285702591641,2.508285702591641,0,0.0
0.7006525194588143,set_intersection,Intersection,170.55790970903308,1.7055790970903308,0,0.1169
0.7006525194588143,paddleocr_geometry,OCR joined,161.42332617771592,1.6142332617771593,0,0.3208
0.7006525194588143,ocr_if_nonempty_else_qwen,OCR-first,160.21288586637488,1.6021288586637488,1,0.5622
0.7006525194588143,set_union,Union,252.16720950425787,2.521672095042579,0,0.0001
0.7138946469829128,set_intersection,Intersection,173.76250456986492,1.737625045698649,0,0.1067
0.7138946469829128,paddleocr_geometry,OCR joined,163.9260882797705,1.639260882797705,0,0.3193
0.7138946469829128,ocr_if_nonempty_else_qwen,OCR-first,162.50377392804393,1.6250377392804394,1,0.5739
0.7138946469829128,set_union,Union,253.53114863924003,2.5353114863924002,0,0.0001
0.727387046841006,set_intersection,Intersection,177.02766533552344,1.7702766533552343,0,0.0919
0.727387046841006,paddleocr_geometry,OCR joined,166.47615185295012,1.6647615185295013,0,0.3088
0.727387046841006,ocr_if_nonempty_else_qwen,OCR-first,164.83795910349403,1.6483795910349404,1,0.5992
0.727387046841006,set_union,Union,254.9208658246236,2.549208658246236,0,0.0001
0.7411344491069475,set_intersection,Intersection,180.3545366838813,1.8035453668388128,0,0.0824
0.7411344491069475,paddleocr_geometry,OCR joined,169.07441088121308,1.6907441088121309,0,0.3021
0.7411344491069475,ocr_if_nonempty_else_qwen,OCR-first,167.21625969550192,1.6721625969550191,1,0.6154
0.7411344491069475,set_union,Union,256.3368482580156,2.563368482580156,0,0.0001
0.7551416732516022,set_intersection,Intersection,183.74428492688773,1.8374428492688772,0,0.0741
0.7551416732516022,paddleocr_geometry,OCR joined,171.7217762445528,1.717217762445528,0,0.2895
0.7551416732516022,ocr_if_nonempty_else_qwen,OCR-first,169.63950947252718,1.6963950947252717,1,0.6363
0.7551416732516022,set_union,Union,257.77959234491505,2.5777959234491505,0,0.0001
0.7694136298324226,set_intersection,Intersection,187.19809841944627,1.8719809841944626,0,0.0656
0.7694136298324226,paddleocr_geometry,OCR joined,174.41917603832786,1.7441917603832786,0,0.2799
0.7694136298324226,ocr_if_nonempty_else_qwen,OCR-first,172.1085579610091,1.721085579610091,1,0.6544
0.7694136298324226,set_union,Union,259.2496038727395,2.592496038727395,0,0.0001
0.7839553222149607,set_intersection,Intersection,190.71718797602048,1.9071718797602049,0,0.0574
0.7839553222149607,paddleocr_geometry,OCR joined,177.16755589862757,1.7716755589862756,0,0.2771
0.7839553222149607,ocr_if_nonempty_else_qwen,OCR-first,174.6242707431882,1.7462427074318818,1,0.6654
0.7839553222149607,set_union,Union,260.74739818814095,2.6074739818814097,0,0.0001
0.798771848326912,set_intersection,Intersection,194.3027872951127,1.943027872951127,0,0.0517
0.798771848326912,paddleocr_geometry,OCR joined,179.96787933378636,1.7996787933378635,0,0.2697
0.798771848326912,ocr_if_nonempty_else_qwen,OCR-first,177.18752976055578,1.7718752976055578,1,0.6785
0.798771848326912,set_union,Union,262.27350037767195,2.6227350037767194,0,0.0001
0.8138684024453137,set_intersection,Intersection,197.9561533917659,1.9795615339176589,0,0.0437
0.8138684024453137,paddleocr_geometry,OCR joined,182.8211280621643,1.8282112806216428,0,0.2569
0.8138684024453137,ocr_if_nonempty_else_qwen,OCR-first,179.79923362303927,1.7979923362303927,1,0.6992
0.8138684024453137,set_union,Union,263.8284454518673,2.638284454518673,0,0.0002
0.8292502770175191,set_intersection,Intersection,201.6785670382396,2.016785670382396,0,0.0394
0.8292502770175191,paddleocr_geometry,OCR joined,185.7283023563111,1.857283023563111,0,0.251
0.8292502770175191,ocr_if_nonempty_else_qwen,OCR-first,182.4602979240308,1.824602979240308,1,0.7091
0.8292502770175191,set_union,Union,265.41277853280445,2.6541277853280447,0,0.0005
0.8449228645165856,set_intersection,Intersection,205.4713332130137,2.054713332130137,0,0.0348
0.8449228645165856,paddleocr_geometry,OCR joined,188.69042139363467,1.8869042139363466,0,0.2417
0.8449228645165856,ocr_if_nonempty_else_qwen,OCR-first,185.1716555613693,1.851716555613693,1,0.723
0.8449228645165856,set_union,Union,267.02705504520833,2.6702705504520834,0,0.0005
0.8608916593317348,set_intersection,Intersection,209.33578155827982,2.0933578155827983,0,0.0311
0.8608916593317348,paddleocr_geometry,OCR joined,191.70852361369788,1.9170852361369788,0,0.2279
0.8608916593317348,ocr_if_nonempty_else_qwen,OCR-first,187.93425706439012,1.8793425706439013,1,0.7405
0.8608916593317348,set_union,Union,268.6718409111687,2.686718409111687,0,0.0005
0.8771622596945348,set_intersection,Intersection,213.2732668460774,2.132732668460774,0,0.0274
0.8771622596945348,paddleocr_geometry,OCR joined,194.78366708226707,1.9478366708226706,0,0.2193
0.8771622596945348,ocr_if_nonempty_else_qwen,OCR-first,190.74907092715452,1.9074907092715452,1,0.7527
0.8771622596945348,set_union,Union,270.3477127485371,2.703477127485371,0,0.0006
0.8937403696414924,set_intersection,Intersection,217.28516945324117,2.1728516945324117,0,0.0237
0.8937403696414924,paddleocr_geometry,OCR joined,197.91692986224206,1.9791692986224205,0,0.2146
0.8937403696414924,ocr_if_nonempty_else_qwen,OCR-first,193.6170839479782,1.9361708394797819,1,0.761
0.8937403696414924,set_union,Union,272.05525807307373,2.7205525807307374,0,0.0007
0.9106318010137352,set_intersection,Intersection,221.3728958453239,2.213728958453239,0,0.0206
0.9106318010137352,paddleocr_geometry,OCR joined,201.10941039159596,2.0110941039159598,0,0.2047
0.9106318010137352,ocr_if_nonempty_else_qwen,OCR-first,196.5393015753762,1.9653930157537618,1,0.7734
0.9106318010137352,set_union,Union,273.79507550441474,2.7379507550441473,0,0.0013
0.9278424754944853,set_intersection,Intersection,225.53787906966545,2.2553787906966547,0,0.0164
0.9278424754944853,paddleocr_geometry,OCR joined,204.36222786845772,2.0436222786845772,0,0.1952
0.9278424754944853,ocr_if_nonempty_else_qwen,OCR-first,199.51674826054597,1.9951674826054597,1,0.7869
0.9278424754944853,set_union,Union,275.56777497593197,2.75567774975932,0,0.0015
0.945378426685046,set_intersection,Intersection,229.78157925778115,2.2978157925778113,0,0.0143
0.945378426685046,paddleocr_geometry,OCR joined,207.6765226434737,2.076765226434737,0,0.1797
0.945378426685046,ocr_if_nonempty_else_qwen,OCR-first,202.55046781651296,2.0255046781651296,1,0.8043
0.945378426685046,set_union,Union,277.37397794855974,2.7737397794855974,0,0.0017
0.9632458022200175,set_intersection,Intersection,234.10548413724425,2.3410548413724426,0,0.012
0.9632458022200175,paddleocr_geometry,OCR joined,211.05345661958333,2.1105345661958332,0,0.1776
0.9632458022200175,ocr_if_nonempty_else_qwen,OCR-first,205.64152378406303,2.05641523784063,1,0.8082
0.9632458022200175,set_union,Union,279.2143176286618,2.7921431762866176,0,0.0022
0.981450865922496,set_intersection,Intersection,238.511109553244,2.38511109553244,0,0.0093
0.981450865922496,paddleocr_geometry,OCR joined,214.49421365935174,2.1449421365935173,0,0.1781
0.981450865922496,ocr_if_nonempty_else_qwen,OCR-first,208.7909998045918,2.0879099980459177,1,0.8095
0.981450865922496,set_union,Union,281.08943919001706,2.8108943919001708,0,0.0031
1.0,set_intersection,Intersection,243.0,2.43,0,0.007733333333333334
1.0,paddleocr_geometry,OCR joined,218.0,2.18,0,0.15973333333333334
1.0,ocr_if_nonempty_else_qwen,OCR-first,212.0,2.12,1,0.8287833333333332
1.0,set_union,Union,283.0,2.83,0,0.00375
1.018899707281901,set_intersection,Intersection,247.57372916222005,2.4757372916222007,0,0.0065
1.018899707281901,paddleocr_geometry,OCR joined,221.5720446762793,2.215720446762793,0,0.1413
1.018899707281901,ocr_if_nonempty_else_qwen,OCR-first,215.2696493597689,2.152696493597689,1,0.8474
1.018899707281901,set_union,Union,284.9466698500358,2.849466698500358,0,0.0048
1.0381566134991442,set_intersection,Intersection,252.2339004667929,2.522339004667929,0,0.0055
1.0381566134991442,paddleocr_geometry,OCR joined,225.21159995133826,2.2521159995133826,0,0.1411
1.0381566134991442,ocr_if_nonempty_else_qwen,OCR-first,218.60109413535196,2.1860109413535196,1,0.847
1.0381566134991442,set_union,Union,286.9301311904119,2.8693013119041186,0,0.0064
1.0577774696070479,set_intersection,Intersection,256.9821476449056,2.569821476449056,0,0.0047
1.0577774696070479,paddleocr_geometry,OCR joined,228.91994175573205,2.2891994175573207,0,0.1394
1.0577774696070479,ocr_if_nonempty_else_qwen,OCR-first,221.99550224201928,2.219955022420193,1,0.8484
1.0577774696070479,set_union,Union,288.9510793695259,2.8895107936952593,0,0.0075
1.0777691541520111,set_intersection,Intersection,261.8201353047867,2.618201353047867,0,0.0041
1.0777691541520111,paddleocr_geometry,OCR joined,232.6983701347301,2.326983701347301,0,0.1297
1.0777691541520111,ocr_if_nonempty_else_qwen,OCR-first,225.45406366829792,2.254540636682979,1,0.8563
1.0777691541520111,set_union,Union,291.01022287765716,2.9101022287765717,0,0.0099
1.098138675682947,set_intersection,Intersection,266.7495595152732,2.6674955951527317,0,0.0032
1.098138675682947,paddleocr_geometry,OCR joined,236.54820970407698,2.3654820970407697,0,0.1222
1.098138675682947,ocr_if_nonempty_else_qwen,OCR-first,228.97799089314984,2.2897799089314983,1,0.8629
1.098138675682947,set_union,Union,293.10828359534355,2.9310828359534353,0,0.0117
1.1188931752082891,set_intersection,Intersection,271.77214840040597,2.7177214840040596,0,0.0024
1.1188931752082891,paddleocr_geometry,OCR joined,240.47081011436666,2.4047081011436666,0,0.1143
1.1188931752082891,ocr_if_nonempty_else_qwen,OCR-first,232.568519311034,2.32568519311034,1,0.8691
1.1188931752082891,set_union,Union,295.2459970464538,2.952459970464538,0,0.0142
1.1400399286994434,set_intersection,Intersection,276.8896627452653,2.768896627452653,0,0.0015
1.1400399286994434,paddleocr_geometry,OCR joined,244.4675465241948,2.4446754652419482,0,0.109
1.1400399286994434,ocr_if_nonempty_else_qwen,OCR-first,236.2269076650037,2.362269076650037,1,0.8732
1.1400399286994434,set_union,Union,297.42411265604267,2.9742411265604267,0,0.0163
1.1615863496415422,set_intersection,Intersection,282.1038966132532,2.821038966132532,0,0.001
1.1615863496415422,paddleocr_geometry,OCR joined,248.53982008225148,2.4853982008225146,0,0.1031
1.1615863496415422,ocr_if_nonempty_else_qwen,OCR-first,239.9544384879868,2.399544384879868,1,0.8765
1.1615863496415422,set_union,Union,299.6433940130788,2.996433940130788,0,0.0194
1.1835399916324194,set_intersection,Intersection,287.4166779750455,2.874166779750455,0,0.001
1.1835399916324194,paddleocr_geometry,OCR joined,252.68905841852728,2.526890584185273,0,0.0944
1.1835399916324194,ocr_if_nonempty_else_qwen,OCR-first,243.75241855240856,2.4375241855240857,1,0.8816
1.1835399916324194,set_union,Union,301.9046191381392,3.019046191381392,0,0.023
1.2059085510306964,set_intersection,Intersection,292.8298693494285,2.9282986934942854,0,0.0009
1.2059085510306964,paddleocr_geometry,OCR joined,256.9167161448016,2.569167161448016,0,0.0886
1.2059085510306964,ocr_if_nonempty_else_qwen,OCR-first,247.62217932831047,2.4762217932831048,1,0.8837
1.2059085510306964,set_union,Union,304.2085807561617,3.0420858075616173,0,0.0268
1.228699869653918,set_intersection,Intersection,298.34536845624814,2.9834536845624813,0,0.0007
1.228699869653918,paddleocr_geometry,OCR joined,261.22427536459054,2.6122427536459054,0,0.0841
1.228699869653918,ocr_if_nonempty_else_qwen,OCR-first,251.5650774501278,2.515650774501278,1,0.8845
1.228699869653918,set_union,Union,306.55608657435357,3.0655608657435356,0,0.0307
1.2519219375276878,set_intersection,Intersection,303.9651088817004,3.039651088817004,0,0.0005
1.2519219375276878,paddleocr_geometry,OCR joined,265.61324619273296,2.6561324619273297,0,0.076
1.2519219375276878,ocr_if_nonempty_else_qwen,OCR-first,255.58249519229,2.5558249519229,1,0.8887
1.2519219375276878,set_union,Union,308.9479595653519,3.089479595653519,0,0.0348
1.2755828956867516,set_intersection,Intersection,309.6910607561939,3.0969106075619393,0,0.0005
1.2755828956867516,paddleocr_geometry,OCR joined,270.08516728479606,2.7008516728479606,0,0.0716
1.2755828956867516,ocr_if_nonempty_else_qwen,OCR-first,259.675840953808,2.5967584095380802,1,0.8866
1.2755828956867516,set_union,Union,311.3850382557354,3.113850382557354,0,0.0413
1.299691039029031,set_intersection,Intersection,315.5252314450255,3.155252314450255,0,0.0004
1.299691039029031,paddleocr_geometry,OCR joined,274.64160637648683,2.7464160637648685,0,0.0694
1.299691039029031,ocr_if_nonempty_else_qwen,OCR-first,263.8465497520224,2.6384654975202237,1,0.8826
1.299691039029031,set_union,Union,313.8681770199902,3.1386817701999017,0,0.0476
1.3242548192235903,set_intersection,Intersection,321.4696662521089,3.2146966625210887,0,0.0003
1.3242548192235903,paddleocr_geometry,OCR joined,279.28416083325857,2.7928416083325858,0,0.0657
1.3242548192235903,ocr_if_nonempty_else_qwen,OCR-first,268.0960837256811,2.6809608372568112,1,0.8782
1.3242548192235903,set_union,Union,316.39824638002983,3.1639824638002985,0,0.0558
1.349282847673563,set_intersection,Intersection,327.52644913700226,3.2752644913700224,0,0.0002
1.349282847673563,paddleocr_geometry,OCR joined,284.0144582103034,2.840144582103034,0,0.0588
1.349282847673563,ocr_if_nonempty_else_qwen,OCR-first,272.4259326475264,2.724259326475264,1,0.8766
1.349282847673563,set_union,Union,318.976133310377,3.18976133310377,0,0.0644
1.374783898535084,set_intersection,Intersection,333.69770344549033,3.3369770344549035,0,0.0002
1.374783898535084,paddleocr_geometry,OCR joined,288.83415682313085,2.8883415682313087,0,0.0561
1.374783898535084,ocr_if_nonempty_else_qwen,OCR-first,276.83761444656955,2.7683761444656954,1,0.869
1.374783898535084,set_union,Union,321.60274154911366,3.2160274154911366,0,0.0747
1.400766911793268,set_intersection,Intersection,339.98559265397085,3.3998559265397086,0,0.0002
1.400766911793268,paddleocr_geometry,OCR joined,293.74494632892765,2.9374494632892767,0,0.0497
1.400766911793268,ocr_if_nonempty_else_qwen,OCR-first,281.33267574023535,2.8133267574023533,1,0.8655
1.400766911793268,set_union,Union,324.2789919147066,3.2427899191470657,0,0.0846
1.4272409963963333,set_intersection,Intersection,346.3923211279127,3.463923211279127,0,0.0002
1.4272409963963333,paddleocr_geometry,OCR joined,298.748548318907,2.98748548318907,0,0.0479
1.4272409963963333,ocr_if_nonempty_else_qwen,OCR-first,285.91269237656564,2.8591269237656562,1,0.8559
1.4272409963963333,set_union,Union,327.00582262882233,3.2700582262882234,0,0.096
1.4542154334489537,set_intersection,Intersection,352.92013489464676,3.5292013489464678,0,0.0001
1.4542154334489537,paddleocr_geometry,OCR joined,303.84671692185225,3.0384671692185226,0,0.0441
1.4542154334489537,ocr_if_nonempty_else_qwen,OCR-first,290.579269986669,2.90579269986669,1,0.8474
1.4542154334489537,set_union,Union,329.78418964524224,3.2978418964524225,0,0.1084
1.4816996794659618,set_intersection,Intersection,359.57132243076273,3.5957132243076275,0,0.0001
1.4816996794659618,paddleocr_geometry,OCR joined,309.04123941906676,3.0904123941906674,0,0.0413
1.4816996794659618,ocr_if_nonempty_else_qwen,OCR-first,295.33404454761137,2.9533404454761136,1,0.8354
1.4816996794659618,set_union,Union,332.6150669849941,3.326150669849941,0,0.1232
1.5097033696875561,set_intersection,Intersection,366.3482154643886,3.663482154643886,0,0.0001
1.5097033696875561,paddleocr_geometry,OCR joined,314.3339368709481,3.143339368709481,0,0.0355
1.5097033696875561,ocr_if_nonempty_else_qwen,OCR-first,300.17868295594724,3.0017868295594723,1,0.8263
1.5097033696875561,set_union,Union,335.4994470778183,3.3549944707781827,0,0.1381
1.5382363214571506,set_intersection,Intersection,373.25318979263045,3.7325318979263047,0,0.0001
1.5382363214571506,paddleocr_geometry,OCR joined,319.7266647554015,3.197266647554015,0,0.0345
1.5382363214571506,ocr_if_nonempty_else_qwen,OCR-first,305.11488361208706,3.0511488361208707,1,0.8111
1.5382363214571506,set_union,Union,338.4383411100865,3.384383411100865,0,0.1543
1.567308537663079,set_intersection,Intersection,380.2886661144651,3.802886661144651,0,0.0001
1.567308537663079,paddleocr_geometry,OCR joined,325.221313618322,3.2522131361832196,0,0.0299
1.567308537663079,ocr_if_nonempty_else_qwen,OCR-first,310.1443770157127,3.1014437701571267,1,0.7981
1.567308537663079,set_union,Union,341.43277937929713,3.4143277937929715,0,0.1719
1.5969302102453367,set_intersection,Intersection,387.4571108793715,3.874571108793715,0,0.0001
1.5969302102453367,paddleocr_geometry,OCR joined,330.81980973636865,3.3081980973636864,0,0.0275
1.5969302102453367,ocr_if_nonempty_else_qwen,OCR-first,315.2689263724432,3.152689263724432,1,0.7828
1.5969302102453367,set_union,Union,344.4838116552697,3.4448381165526967,0,0.1896
1.6271117237685984,set_intersection,Intersection,394.7610371520008,3.947610371520008,0,0.0001
1.6271117237685984,paddleocr_geometry,OCR joined,336.5241157922651,3.365241157922651,0,0.0247
1.6271117237685984,ocr_if_nonempty_else_qwen,OCR-first,320.4903282119675,3.204903282119675,1,0.7651
1.6271117237685984,set_union,Union,347.5925075481656,3.475925075481656,0,0.2101
1.657863659062775,set_intersection,Intersection,402.2030054931916,4.022030054931916,0,0.0001
1.657863659062775,paddleocr_geometry,OCR joined,342.3362315628645,3.423362315628645,0,0.0233
1.657863659062775,ocr_if_nonempty_else_qwen,OCR-first,325.81041301786007,3.2581041301786007,1,0.746
1.657863659062775,set_union,Union,350.75995688346586,3.5075995688346584,0,0.2306
1.6891967969323631,set_intersection,Intersection,409.7856248576319,4.097856248576319,0,0.0001
1.6891967969323631,paddleocr_geometry,OCR joined,348.2581946202166,3.482581946202166,0,0.0201
1.6891967969323631,ocr_if_nonempty_else_qwen,OCR-first,331.23104586929884,3.3123104586929886,1,0.7234
1.6891967969323631,set_union,Union,353.9872700840334,3.539872700840334,0,0.2564
1.7211221219359099,set_intersection,Intersection,417.5115535084902,4.175115535084902,0,0.0001
1.7211221219359099,paddleocr_geometry,OCR joined,354.29208104588696,3.5429208104588694,0,0.0174
1.7211221219359099,ocr_if_nonempty_else_qwen,OCR-first,336.7541270949124,3.367541270949124,1,0.7016
1.7211221219359099,set_union,Union,357.2755785593987,3.572755785593987,0,0.2809
1.753650826236904,set_intersection,Intersection,425.38349994933077,4.253834999493308,0,0.0001
1.753650826236904,paddleocr_geometry,OCR joined,360.44000615877485,3.6044000615877483,0,0.015
1.753650826236904,ocr_if_nonempty_else_qwen,OCR-first,342.3815929389844,3.423815929389844,1,0.6789
1.753650826236904,set_union,Union,360.62603510240115,3.6062603510240114,0,0.306
1.7867943135274453,set_intersection,Intersection,433.4042238736418,4.334042238736418,0,0.0001
1.7867943135274453,paddleocr_geometry,OCR joined,366.7041252566872,3.6670412525668716,0,0.0139
1.7867943135274453,ocr_if_nonempty_else_qwen,OCR-first,348.11541624024807,3.481154162402481,1,0.6542
1.7867943135274453,set_union,Union,364.03981429332686,3.6403981429332686,0,0.3318
1.8205642030260796,set_intersection,Intersection,441.5765371323113,4.415765371323113,0,0.0001
1.8205642030260796,paddleocr_geometry,OCR joined,373.08663437192905,3.7308663437192906,0,0.012
1.8205642030260796,ocr_if_nonempty_else_qwen,OCR-first,353.95760712351176,3.5395760712351176,1,0.6303
1.8205642030260796,set_union,Union,367.5181129116862,3.6751811291168623,0,0.3576
1.854972333551181,set_intersection,Intersection,449.9033047193858,4.499033047193858,0,0.0001
1.854972333551181,paddleocr_geometry,OCR joined,379.5897710411732,3.795897710411732,0,0.0109
1.854972333551181,ocr_if_nonempty_else_qwen,OCR-first,359.9102137043543,3.599102137043543,1,0.5976
1.854972333551181,set_union,Union,371.0621503557717,3.7106215035577166,0,0.3914
1.8900307676713233,set_intersection,Intersection,458.38744577646025,4.583874457764603,0,0.0001
1.8900307676713233,paddleocr_geometry,OCR joined,386.2158150898801,3.862158150898801,0,0.0091
1.8900307676713233,ocr_if_nonempty_else_qwen,OCR-first,365.9753228071389,3.659753228071389,1,0.5717
1.8900307676713233,set_union,Union,374.6731690701463,3.7467316907014627,0,0.4191
1.9257517959340993,set_intersection,Intersection,467.031934616052,4.67031934616052,0,0.0001
1.9257517959340993,paddleocr_geometry,OCR joined,392.96708943154476,3.9296708943154477,0,0.0076
1.9257517959340993,ocr_if_nonempty_else_qwen,OCR-first,372.15506069659915,3.7215506069659914,1,0.5428
1.9257517959340993,set_union,Union,378.35243498121224,3.7835243498121223,0,0.4495
1.962147941174849,set_intersection,Intersection,475.83980176431345,4.758398017643135,0,0.0
1.962147941174849,paddleocr_geometry,OCR joined,399.8459608820465,3.9984596088204647,0,0.0074
1.962147941174849,ocr_if_nonempty_else_qwen,OCR-first,378.45159382324886,3.7845159382324884,1,0.5125
1.962147941174849,set_union,Union,382.10123794100946,3.8210123794100945,0,0.4801
1.9992319629068387,set_intersection,Intersection,484.814135023455,4.84814135023455,0,0.0
1.9992319629068387,paddleocr_geometry,OCR joined,406.8548409893925,4.068548409893925,0,0.0072
1.9992319629068387,ocr_if_nonempty_else_qwen,OCR-first,384.8671295828831,3.8486712958288307,1,0.4897
1.9992319629068387,set_union,Union,385.9208921794044,3.859208921794044,0,0.5031
2.0370168617943993,set_intersection,Intersection,493.95808055424465,4.939580805542446,0,0.0
2.0370168617943993,paddleocr_geometry,OCR joined,413.9961868791415,4.139961868791414,0,0.0056
2.0370168617943993,ocr_if_nonempty_else_qwen,OCR-first,391.4039170904311,3.914039170904311,0,0.457
2.0370168617943993,set_union,Union,389.81273676482317,3.8981273676482315,1,0.5374
2.0755158842106107,set_intersection,Intersection,503.2748439789678,5.032748439789678,0,0.0
2.0755158842106107,paddleocr_geometry,OCR joined,421.2725021158054,4.212725021158054,0,0.0053
2.0755158842106107,ocr_if_nonempty_else_qwen,OCR-first,398.06424796843567,3.9806424796843567,0,0.4291
2.0755158842106107,set_union,Union,393.7781360736929,3.937781360736929,1,0.5656
2.114742526881128,set_intersection,Intersection,512.767691505233,5.12767691505233,0,0.0
2.114742526881128,paddleocr_geometry,OCR joined,428.68633758053323,4.286863375805332,0,0.0045
2.114742526881128,ocr_if_nonempty_else_qwen,OCR-first,404.85045715043515,4.048504571504352,0,0.4029
2.114742526881128,set_union,Union,397.81848026875616,3.9781848026875615,1,0.5926
2.1547105416157697,set_intersection,Intersection,522.4399510710163,5.224399510710162,0,0.0
2.1547105416157697,paddleocr_geometry,OCR joined,436.24029236538047,4.362402923653804,0,0.0041
2.1547105416157697,ocr_if_nonempty_else_qwen,OCR-first,411.76492369952814,4.117649236995281,0,0.3752
2.1547105416157697,set_union,Union,401.9351857864243,4.019351857864243,1,0.6207
2.195433940129534,set_intersection,Intersection,532.2950135113473,5.322950135113473,0,0.0
2.195433940129534,paddleocr_geometry,OCR joined,443.93701468448194,4.439370146844819,0,0.0036
2.195433940129534,ocr_if_nonempty_else_qwen,OCR-first,418.8100716424094,4.188100716424094,0,0.3507
2.195433940129534,set_union,Union,406.129695833342,4.06129695833342,1,0.6457
2.2369269989547345,set_intersection,Intersection,542.3363337470457,5.423363337470457,0,0.0
2.2369269989547345,paddleocr_geometry,OCR joined,451.7792028024448,4.517792028024448,0,0.0029
2.2369269989547345,ocr_if_nonempty_else_qwen,OCR-first,425.98837081916906,4.2598837081916905,0,0.3226
2.2369269989547345,set_union,Union,410.40348089233765,4.104034808923377,1,0.6745
2.2792042644459602,set_intersection,Intersection,552.5674319959223,5.525674319959223,0,0.0
2.2792042644459602,paddleocr_geometry,OCR joined,459.7696059802865,4.597696059802865,0,0.0027
2.2792042644459602,ocr_if_nonempty_else_qwen,OCR-first,433.30233774915115,4.333023377491512,0,0.294
2.2792042644459602,set_union,Union,414.7580392379339,4.147580392379338,1,0.7033
2.322280557879651,set_intersection,Intersection,562.9918950068756,5.629918950068755,0,0.0
2.322280557879651,paddleocr_geometry,OCR joined,467.91102543925405,4.6791102543925405,0,0.0019
2.322280557879651,ocr_if_nonempty_else_qwen,OCR-first,440.75453651317963,4.407545365131797,0,0.2715
2.322280557879651,set_union,Union,419.19489746160406,4.19194897461604,1,0.7266
2.3661709806500264,set_intersection,Intersection,573.6133773173063,5.736133773173063,0,0.0
2.3661709806500264,paddleocr_geometry,OCR joined,476.20631534285496,4.762063153428549,0,0.0015
2.3661709806500264,ocr_if_nonempty_else_qwen,OCR-first,448.34757965245456,4.483475796524545,0,0.2489
2.3661709806500264,set_union,Union,423.7156110069527,4.237156110069527,1,0.7496
2.410890919563241,set_intersection,Intersection,584.4356025343043,5.844356025343043,0,0.0
2.410890919563241,paddleocr_geometry,OCR joined,484.65838379745253,4.846583837974525,0,0.0014
2.410890919563241,ocr_if_nonempty_else_qwen,OCR-first,456.0841290844407,4.560841290844407,0,0.2258
2.410890919563241,set_union,Union,428.32176471501384,4.283217647150138,1,0.7728
2.4564560522315806,set_intersection,Intersection,595.4623646400426,5.954623646400425,0,0.0
2.4564560522315806,paddleocr_geometry,OCR joined,493.27019387176875,4.932701938717687,0,0.0014
2.4564560522315806,ocr_if_nonempty_else_qwen,OCR-first,463.9668970360634,4.639668970360634,0,0.202
2.4564560522315806,set_union,Union,433.0149733798528,4.330149733798528,1,0.7966
2.502882352569612,set_intersection,Intersection,606.6975293218461,6.066975293218461,0,0.0
2.502882352569612,paddleocr_geometry,OCR joined,502.04476463565663,5.020447646356566,0,0.0009
2.502882352569612,ocr_if_nonempty_else_qwen,OCR-first,471.9986469945428,4.719986469945428,0,0.1831
2.502882352569612,set_union,Union,437.79688231467003,4.3779688231467,1,0.816
2.550186096394215,set_intersection,Intersection,618.1450353274,6.181450353274,0,0.0
2.550186096394215,paddleocr_geometry,OCR joined,510.9851722185066,5.109851722185066,0,0.0009
2.550186096394215,ocr_if_nonempty_else_qwen,OCR-first,480.1821946761992,4.801821946761992,0,0.1633
2.550186096394215,set_union,Union,442.6691679286041,4.426691679286041,1,0.8358
2.5983838671304396,set_intersection,Intersection,629.8088958455663,6.298088958455663,0,0.0
2.5983838671304396,paddleocr_geometry,OCR joined,520.0945508876531,5.200945508876531,0,0.0007
2.5983838671304396,ocr_if_nonempty_else_qwen,OCR-first,488.52040901356605,4.885204090135661,0,0.1461
2.5983838671304396,set_union,Union,447.63353831443527,4.476335383144352,1,0.8532
2.6474925616252194,set_intersection,Intersection,641.6931999133031,6.416931999133031,0,0.0
2.6474925616252194,paddleocr_geometry,OCR joined,529.3760941471664,5.293760941471664,0,0.0006
2.6474925616252194,ocr_if_nonempty_else_qwen,OCR-first,497.01621316116297,4.970162131611629,0,0.1318
2.6474925616252194,set_union,Union,452.6917338473976,4.526917338473976,1,0.8676
2.697529396070948,set_intersection,Intersection,653.8021138491694,6.538021138491693,0,0.0
2.697529396070948,paddleocr_geometry,OCR joined,538.8330558574091,5.388330558574092,0,0.0004
2.697529396070948,ocr_if_nonempty_else_qwen,OCR-first,505.67258552027397,5.05672585520274,0,0.1173
2.697529396070948,set_union,Union,457.84552779530765,4.5784552779530765,1,0.8823
2.748511912041012,set_intersection,Intersection,666.139882713925,6.66139882713925,0,0.0
2.748511912041012,paddleocr_geometry,OCR joined,548.4687513757513,5.484687513757512,0,0.0004
2.748511912041012,ocr_if_nonempty_else_qwen,OCR-first,514.4925607830951,5.144925607830951,0,0.1028
2.748511912041012,set_union,Union,463.09672694022424,4.630967269402243,1,0.8968
2.8004579826394074,set_intersection,Intersection,678.7108317987365,6.787108317987365,0,0.0
2.8004579826394074,paddleocr_geometry,OCR joined,558.286558718848,5.58286558718848,0,0.0004
2.8004579826394074,ocr_if_nonempty_else_qwen,OCR-first,523.4792309966175,5.234792309966175,0,0.09
2.8004579826394074,set_union,Union,468.44717221185897,4.68447172211859,1,0.9096
2.8533858187665553,set_intersection,Intersection,691.5193681415063,6.915193681415063,0,0.0
2.8533858187665553,paddleocr_geometry,OCR joined,568.2899197468789,5.682899197468789,0,0.0004
2.8533858187665553,ocr_if_nonempty_else_qwen,OCR-first,532.635746646614,5.32635746646614,0,0.0775
2.8533858187665553,set_union,Union,473.8987393329552,4.738987393329552,1,0.9221
2.907313975503571,set_intersection,Intersection,704.5699820718642,7.045699820718641,0,0.0
2.907313975503571,paddleocr_geometry,OCR joined,578.4823413701749,5.78482341370175,0,0.0003
2.907313975503571,ocr_if_nonempty_else_qwen,OCR-first,541.9653177621178,5.4196531776211785,0,0.0673
2.907313975503571,set_union,Union,479.4533394768678,4.794533394768679,1,0.9324
2.96226135861717,set_intersection,Intersection,717.8672487853552,7.178672487853552,0,0.0
2.96226135861717,paddleocr_geometry,OCR joined,588.8673967786451,5.888673967786451,0,0.0002
2.96226135861717,ocr_if_nonempty_else_qwen,OCR-first,551.4712150407704,5.514712150407704,0,0.06
2.96226135861717,set_union,Union,485.1129199375685,4.851129199375685,1,0.9398
3.0182472311875213,set_intersection,Intersection,731.4158299473802,7.314158299473802,0,0.0
3.0182472311875213,paddleocr_geometry,OCR joined,599.4487266944415,5.9944872669444145,0,0.0
3.0182472311875213,ocr_if_nonempty_else_qwen,OCR-first,561.1567709954412,5.611567709954412,0,0.0517
3.0182472311875213,set_union,Union,490.87946481231467,4.908794648123147,1,0.9483
3.075291220361376,set_intersection,Intersection,745.220475327453,7.45220475327453,0,0.0
3.075291220361376,paddleocr_geometry,OCR joined,610.2300406483,6.102300406483,0,0.0
3.075291220361376,ocr_if_nonempty_else_qwen,OCR-first,571.0253811225181,5.710253811225181,0,0.0448
3.075291220361376,set_union,Union,496.7549956972217,4.967549956972217,1,0.9552
3.133413324232806,set_intersection,Intersection,759.286024464339,7.59286024464339,0,0.0
3.133413324232806,paddleocr_geometry,OCR joined,621.2151182800003,6.212151182800003,0,0.0
3.133413324232806,ocr_if_nonempty_else_qwen,OCR-first,581.0805050922754,5.810805050922754,0,0.0378
3.133413324232806,set_union,Union,502.741572395979,5.02741572395979,1,0.9622
3.192633918854015,set_intersection,Intersection,773.6174083626717,7.736174083626716,0,0.0
3.192633918854015,paddleocr_geometry,OCR joined,632.4078106634088,6.324078106634087,0,0.0
3.192633918854015,ocr_if_nonempty_else_qwen,OCR-first,591.3256679617446,5.9132566796174455,0,0.0312
3.192633918854015,set_union,Union,508.84129364196355,5.088412936419635,1,0.9688
3.252973765378626,set_intersection,Intersection,788.2196512216275,7.882196512216275,0,0.0
3.252973765378626,paddleocr_geometry,OCR joined,643.8120416565604,6.438120416565604,0,0.0
3.252973765378626,ocr_if_nonempty_else_qwen,OCR-first,601.7644614105023,6.0176446141050235,0,0.0266
3.252973765378626,set_union,Union,515.0562978339985,5.150562978339986,1,0.9734
3.314454017339986,set_intersection,Intersection,803.0978721962766,8.030978721962766,0,0.0
3.314454017339986,paddleocr_geometry,OCR joined,655.4318092772573,6.554318092772573,0,0.0
3.314454017339986,ocr_if_nonempty_else_qwen,OCR-first,612.4005449998176,6.124005449998176,0,0.0215
3.314454017339986,set_union,Union,521.3887637860186,5.213887637860186,1,0.9785
3.3770962280670345,set_intersection,Intersection,818.2572871922223,8.182572871922224,0,0.0
3.3770962280670345,paddleocr_geometry,OCR joined,667.2711871046695,6.672711871046695,0,0.0
3.3770962280670345,ocr_if_nonempty_else_qwen,OCR-first,623.237647455597,6.23237647455597,0,0.0181
3.3770962280670345,set_union,Union,527.8409114909045,5.278409114909046,1,0.9819
3.440922358240314,set_intersection,Intersection,833.7032106941559,8.337032106941558,0,0.0
3.440922358240314,paddleocr_geometry,OCR joined,679.3343257074193,6.793343257074193,0,0.0
3.440922358240314,ocr_if_nonempty_else_qwen,OCR-first,634.2795679755743,6.342795679755743,0,0.015
3.440922358240314,set_union,Union,534.4150028987524,5.344150028987524,1,0.985
3.5059547835908047,set_intersection,Intersection,849.4410576289747,8.494410576289747,0,0.0
3.5059547835908047,paddleocr_geometry,OCR joined,691.6254540986621,6.916254540986621,0,0.0
3.5059547835908047,ocr_if_nonempty_else_qwen,OCR-first,645.5301775612093,6.455301775612092,0,0.0125
3.5059547835908047,set_union,Union,541.1133427098529,5.4111334270985285,1,0.9875
3.5722163027442537,set_intersection,Intersection,865.4763452641095,8.654763452641095,0,0.0
3.5722163027442537,paddleocr_geometry,OCR joined,704.148881218664,7.04148881218664,0,0.0
3.5722163027442537,ocr_if_nonempty_else_qwen,OCR-first,656.9934203747559,6.569934203747559,0,0.0098
3.5722163027442537,set_union,Union,547.9382791826581,5.479382791826581,1,0.9902
3.6397301452137554,set_intersection,Intersection,881.8146951417287,8.818146951417287,0,0.0
3.6397301452137554,paddleocr_geometry,OCR joined,716.9089974453998,7.169089974453998,0,0.0
3.6397301452137554,ocr_if_nonempty_else_qwen,OCR-first,668.6733151219797,6.686733151219797,0,0.0082
3.6397301452137554,set_union,Union,554.8922049570168,5.5489220495701685,1,0.9918
3.7085199795434085,set_intersection,Intersection,898.4618350495049,8.98461835049505,0,0.0
3.7085199795434085,paddleocr_geometry,OCR joined,729.9102761337042,7.299102761337042,0,0.0
3.7085199795434085,ocr_if_nonempty_else_qwen,OCR-first,680.5739564610096,6.805739564610096,0,0.0065
3.7085199795434085,set_union,Union,561.977557892971,5.61977557892971,1,0.9935
3.778609921605861,set_intersection,Intersection,915.4236010286184,9.154236010286184,0,0.0
3.778609921605861,paddleocr_geometry,OCR joined,743.1572751835077,7.431572751835078,0,0.0
3.778609921605861,ocr_if_nonempty_else_qwen,OCR-first,692.6995164378139,6.926995164378139,0,0.0055
3.778609921605861,set_union,Union,569.1968219254036,5.6919682192540355,1,0.9945
3.850024543056699,set_intersection,Intersection,932.7059394197212,9.327059394197212,0,0.0
3.850024543056699,paddleocr_geometry,OCR joined,756.6546386377162,7.566546386377162,0,0.0
3.850024543056699,ocr_if_nonempty_else_qwen,OCR-first,705.0542459488089,7.0505424594880886,0,0.004
3.850024543056699,set_union,Union,576.55252793484,5.7655252793484,1,0.996
3.922788879948608,set_intersection,Intersection,950.3149089475631,9.503149089475631,0,0.0
3.922788879948608,paddleocr_geometry,OCR joined,770.4070983102869,7.704070983102869,0,0.0
3.922788879948608,ocr_if_nonempty_else_qwen,OCR-first,717.6424762311092,7.1764247623110915,0,0.0034
3.922788879948608,set_union,Union,584.0472546347066,5.840472546347066,1,0.9966
3.996928441508333,set_intersection,Intersection,968.2566828450166,9.682566828450167,0,0.0
3.996928441508333,paddleocr_geometry,OCR joined,784.4194754450749,7.844194754450749,0,0.0
3.996928441508333,ocr_if_nonempty_else_qwen,OCR-first,730.4686203809416,7.304686203809416,0,0.0029
3.996928441508333,set_union,Union,591.6836294753583,5.916836294753583,1,0.9971
4.072469219079548,set_intersection,Intersection,986.5375510172506,9.865375510172505,0,0.0
4.072469219079548,paddleocr_geometry,OCR joined,798.6966824060346,7.986966824060346,0,0.0
4.072469219079548,ocr_if_nonempty_else_qwen,OCR-first,743.5371749007618,7.435371749007618,0,0.0021
4.072469219079548,set_union,Union,599.4643295651935,5.994643295651935,1,0.9979
4.149437695234704,set_intersection,Intersection,1005.1639222467984,10.051639222467983,0,0.0
4.149437695234704,paddleocr_geometry,OCR joined,813.2437243993592,8.132437243993591,0,0.0
4.149437695234704,ocr_if_nonempty_else_qwen,OCR-first,756.8527212756038,7.568527212756038,0,0.0016
4.149437695234704,set_union,Union,607.3920826091746,6.073920826091746,1,0.9984
4.227860853059126,set_intersection,Intersection,1024.1423264403086,10.241423264403085,0,0.0
4.227860853059126,paddleocr_geometry,OCR joined,828.0657012281748,8.280657012281749,0,0.0
4.227860853059126,ocr_if_nonempty_else_qwen,OCR-first,770.4199275792288,7.704199275792288,0,0.0012
4.227860853059126,set_union,Union,615.4696678650901,6.1546966786509,1,0.9988
4.3077661856105545,set_intersection,Intersection,1043.4794169177542,10.434794169177541,0,0.0
4.3077661856105545,paddleocr_geometry,OCR joined,843.1678090803948,8.431678090803949,0,0.0
4.3077661856105545,ocr_if_nonempty_else_qwen,OCR-first,784.243550110626,7.84243550110626,0,0.0009
4.3077661856105545,set_union,Union,623.699917117887,6.23699917117887,1,0.9991
4.389181705557466,set_intersection,Intersection,1063.1819727449067,10.631819727449066,0,0.0
4.389181705557466,paddleocr_geometry,OCR joined,858.555342350361,8.58555342350361,0,0.0
4.389181705557466,ocr_if_nonempty_else_qwen,OCR-first,798.3284350614415,7.983284350614415,0,0.0008
4.389181705557466,set_union,Union,632.0857156724189,6.320857156724189,1,0.9992
4.47213595499958,set_intersection,Intersection,1083.2569011098983,10.832569011098983,0,0.0
4.47213595499958,paddleocr_geometry,OCR joined,874.2336954949205,8.742336954949206,0,0.0
4.47213595499958,ocr_if_nonempty_else_qwen,OCR-first,812.6795202149273,8.126795202149273,0,0.0006
4.47213595499958,set_union,Union,640.6300033649567,6.406300033649567,1,0.9994
4.556658015473937,set_intersection,Intersection,1103.7112397446929,11.03711239744693,0,0.0
4.556658015473937,paddleocr_geometry,OCR joined,890.2083649245742,8.902083649245743,0,0.0
4.556658015473937,ocr_if_nonempty_else_qwen,OCR-first,827.3018366769911,8.27301836676991,0,0.0003
4.556658015473937,set_union,Union,649.3357755938155,6.493357755938154,1,0.9997
4.6427775181501225,set_intersection,Intersection,1124.5521593923297,11.245521593923296,0,0.0
4.6427775181501225,paddleocr_geometry,OCR joined,906.4849509303732,9.064849509303732,0,0.0
4.6427775181501225,ocr_if_nonempty_else_qwen,OCR-first,842.2005106399712,8.422005106399713,0,0.0003
4.6427775181501225,set_union,Union,658.2060843694626,6.5820608436946255,1,0.9997
4.730524654218154,set_intersection,Intersection,1145.7869663207932,11.457869663207932,0,0.0
4.730524654218154,paddleocr_geometry,OCR joined,923.0691596472311,9.230691596472312,0,0.0
4.730524654218154,ocr_if_nonempty_else_qwen,OCR-first,857.3807651797407,8.573807651797408,0,0.0003
4.730524654218154,set_union,Union,667.2440393844699,6.672440393844699,1,0.9997
4.8199301854726935,set_intersection,Intersection,1167.423104884392,11.67423104884392,0,0.0
4.8199301854726935,paddleocr_geometry,OCR joined,939.966805054339,9.39966805054339,0,0.0
4.8199301854726935,ocr_if_nonempty_else_qwen,OCR-first,872.847922086776,8.72847922086776,0,0.0001
4.8199301854726935,set_union,Union,676.4528091036874,6.764528091036874,1,0.9999
4.911025455097329,set_intersection,Intersection,1189.4681601335537,11.894681601335538,0,0.0
4.911025455097329,paddleocr_geometry,OCR joined,957.1838110133953,9.571838110133953,0,0.0
4.911025455097329,ocr_if_nonempty_else_qwen,OCR-first,888.607403731838,8.88607403731838,0,0.0001
4.911025455097329,set_union,Union,685.8356218750249,6.858356218750249,1,0.9999
5.003842398652634,set_intersection,Intersection,1211.9298604739374,12.119298604739374,0,0.0
5.003842398652634,paddleocr_geometry,OCR joined,974.7262133453479,9.747262133453479,0,0.0
5.003842398652634,ocr_if_nonempty_else_qwen,OCR-first,904.6647349669057,9.046647349669056,0,0.0001
5.003842398652634,set_union,Union,695.3957670612214,6.953957670612214,1,0.9999
5.098413555271935,set_intersection,Intersection,1234.8160803758083,12.348160803758082,0,0.0
5.098413555271935,paddleocr_geometry,OCR joined,992.6001619463957,9.926001619463957,0,0.0
5.098413555271935,ocr_if_nonempty_else_qwen,OCR-first,921.0255450620448,9.210255450620448,0,0.0001
5.098413555271935,set_union,Union,705.1365961930093,7.051365961930093,1,0.9999
5.194772079068652,set_intersection,Intersection,1258.1348431346137,12.581348431346136,0,0.0
5.194772079068652,paddleocr_geometry,OCR joined,1010.8119229439751,10.108119229439751,0,0.0
5.194772079068652,ocr_if_nonempty_else_qwen,OCR-first,937.6955696788767,9.376955696788768,0,0.0001
5.194772079068652,set_union,Union,715.0615241440711,7.150615241440711,1,0.9999
5.292951750759247,set_intersection,Intersection,1281.8943236837379,12.818943236837379,0,0.0
5.292951750759247,paddleocr_geometry,OCR joined,1029.3678808934978,10.293678808934978,0,0.0
5.292951750759247,ocr_if_nonempty_else_qwen,OCR-first,954.6806528813497,9.546806528813498,0,0.0001
5.292951750759247,set_union,Union,725.1740303282024,7.251740303282024,1,0.9999
5.392986989505823,set_intersection,Intersection,1306.102851460409,13.061028514604091,0,0.0
5.392986989505823,paddleocr_geometry,OCR joined,1048.2745410166003,10.482745410166004,0,0.0
5.392986989505823,ocr_if_nonempty_else_qwen,OCR-first,971.9867491845073,9.719867491845072,0,0.0
5.392986989505823,set_union,Union,735.4776599190998,7.3547765991909975,1,1.0
5.494912864982584,set_intersection,Intersection,1330.7689133257852,13.307689133257853,0,0.0
5.494912864982584,paddleocr_geometry,OCR joined,1067.5385314817083,10.675385314817083,0,0.0
5.494912864982584,ocr_if_nonempty_else_qwen,OCR-first,989.6199256419869,9.89619925641987,0,0.0
5.494912864982584,set_union,Union,745.9760250932061,7.459760250932061,1,1.0
5.598765109670308,set_intersection,Intersection,1355.9011565402145,13.559011565402145,0,0.0
5.598765109670308,paddleocr_geometry,OCR joined,1087.1666057276882,10.871666057276881,0,0.0
5.598765109670308,ocr_if_nonempty_else_qwen,OCR-first,1007.5863639729632,10.075863639729633,0,0.0
5.598765109670308,set_union,Union,756.6728062960417,7.566728062960417,1,1.0
5.704580131383198,set_intersection,Intersection,1381.5083917947338,13.815083917947339,0,0.0
5.704580131383198,paddleocr_geometry,OCR joined,1107.1656448314243,11.071656448314243,0,0.0
5.704580131383198,ocr_if_nonempty_else_qwen,OCR-first,1025.8923627292932,10.258923627292932,0,0.0
5.704580131383198,set_union,Union,767.5717535324693,7.675717535324693,1,1.0
5.812395026032495,set_intersection,Intersection,1407.5995962998638,14.075995962998638,0,0.0
5.812395026032495,paddleocr_geometry,OCR joined,1127.5426599201414,11.275426599201415,0,0.0
5.812395026032495,ocr_if_nonempty_else_qwen,OCR-first,1044.5443395036216,10.445443395036216,0,0.0
5.812395026032495,set_union,Union,778.676687681347,7.78676687681347,1,1.0
5.922247590631287,set_intersection,Intersection,1434.1839169327714,14.341839169327713,0,0.0
5.922247590631287,paddleocr_geometry,OCR joined,1148.3047946293132,11.483047946293132,0,0.0
5.922247590631287,ocr_if_nonempty_else_qwen,OCR-first,1063.5488331792126,10.635488331792125,0,0.0
5.922247590631287,set_union,Union,789.9915018350225,7.899915018350225,1,1.0
6.034176336545162,set_intersection,Intersection,1461.2706734439291,14.612706734439291,0,0.0
6.034176336545162,paddleocr_geometry,OCR joined,1169.4593276070357,11.694593276070357,0,0.0
6.034176336545162,ocr_if_nonempty_else_qwen,OCR-first,1082.912506222313,10.82912506222313,0,0.0
6.034176336545162,set_union,Union,801.5201626641517,8.015201626641517,1,1.0
6.14822050299324,set_intersection,Intersection,1488.8693617243641,14.888693617243641,0,0.0
6.14822050299324,paddleocr_geometry,OCR joined,1191.0136750657225,11.910136750657225,0,0.0
6.14822050299324,ocr_if_nonempty_else_qwen,OCR-first,1102.6421470178307,11.026421470178306,0,0.0
6.14822050299324,set_union,Union,813.2667118083037,8.132667118083038,1,1.0
6.264420070804396,set_intersection,Intersection,1516.9896571346637,15.169896571346637,0,0.0
6.264420070804396,paddleocr_geometry,OCR joined,1212.9753933820307,12.129753933820307,0,0.0
6.264420070804396,ocr_if_nonempty_else_qwen,OCR-first,1122.7446722491604,11.227446722491605,0,0.0
6.264420070804396,set_union,Union,825.2352672928528,8.252352672928527,1,1.0
6.382815776433471,set_intersection,Intersection,1545.6414178969,15.456414178969,0,0.0
6.382815776433471,paddleocr_geometry,OCR joined,1235.3521817459261,12.353521817459262,0,0.0
6.382815776433471,ocr_if_nonempty_else_qwen,OCR-first,1143.2271293229905,11.432271293229906,0,0.0
6.382815776433471,set_union,Union,837.4300249726475,8.374300249726476,1,1.0
6.503449126242364,set_intersection,Intersection,1574.8346885506521,15.748346885506521,0,0.0
6.503449126242364,paddleocr_geometry,OCR joined,1258.1518848598068,12.58151884859807,0,0.0
6.503449126242364,ocr_if_nonempty_else_qwen,OCR-first,1164.0966988399289,11.640966988399288,0,0.0
6.503449126242364,set_union,Union,849.8552600029635,8.498552600029635,1,1.0
6.626362411051081,set_intersection,Intersection,1604.5797034743614,16.045797034743615,0,0.0
6.626362411051081,paddleocr_geometry,OCR joined,1281.3824956886542,12.813824956886542,0,0.0
6.626362411051081,ocr_if_nonempty_else_qwen,OCR-first,1185.360697111837,11.85360697111837,0,0.0
6.626362411051081,set_union,Union,862.5153283382613,8.625153283382613,1,1.0
6.751598720963739,set_intersection,Intersection,1634.8868904732249,16.34886890473225,0,0.0
6.751598720963739,paddleocr_geometry,OCR joined,1305.0521582621466,13.050521582621466,0,0.0
6.751598720963739,ocr_if_nonempty_else_qwen,OCR-first,1207.026578726727,12.07026578726727,0,0.0
6.751598720963739,set_union,Union,875.4146682592651,8.754146682592651,1,1.0
6.879201960474811,set_intersection,Intersection,1665.7668744349041,16.657668744349042,0,0.0
6.879201960474811,paddleocr_geometry,OCR joined,1329.1691705297392,13.291691705297392,0,0.0
6.879201960474811,ocr_if_nonempty_else_qwen,OCR-first,1229.1019391621423,12.291019391621424,0,0.0
6.879201960474811,set_union,Union,888.5578019289055,8.885578019289055,1,1.0
7.009216863860873,set_intersection,Intersection,1697.2304810543312,16.972304810543314,0,0.0
7.009216863860873,paddleocr_geometry,OCR joined,1353.741987269705,13.53741987269705,0,0.0
7.009216863860873,ocr_if_nonempty_else_qwen,OCR-first,1251.594517447931,12.51594517447931,0,0.0
7.009216863860873,set_union,Union,901.9493369776699,9.019493369776699,1,1.0
7.141689010863208,set_intersection,Intersection,1729.2887406288962,17.292887406288962,0,0.0
7.141689010863208,paddleocr_geometry,OCR joined,1378.7792230531463,13.787792230531464,0,0.0
7.141689010863208,ocr_if_nonempty_else_qwen,OCR-first,1274.5121988793348,12.745121988793349,0,0.0
7.141689010863208,set_union,Union,915.5939681189104,9.155939681189103,1,1.0
7.276664842666893,set_intersection,Intersection,1761.952891925388,17.61952891925388,0,0.0
7.276664842666893,paddleocr_geometry,OCR joined,1404.2896552640427,14.042896552640427,0,0.0
7.276664842666893,ocr_if_nonempty_else_qwen,OCR-first,1297.8630177813725,12.978630177813725,0,0.0
7.276664842666893,set_union,Union,929.49647879469,9.2949647879469,1,1.0
7.414191678181798,set_intersection,Intersection,1795.234386119995,17.95234386119995,0,0.0
7.414191678181798,paddleocr_geometry,OCR joined,1430.2822271763598,14.302822271763597,0,0.0
7.414191678181798,ocr_if_nonempty_else_qwen,OCR-first,1321.6551603254509,13.216551603254509,0,0.0
7.414191678181798,set_union,Union,943.6617428527252,9.436617428527251,1,1.0
7.554317730631341,set_intersection,Intersection,1829.1448908127845,18.291448908127844,0,0.0
7.554317730631341,paddleocr_geometry,OCR joined,1456.7660510893236,14.567660510893235,0,0.0
7.554317730631341,ocr_if_nonempty_else_qwen,OCR-first,1345.8969673992221,13.458969673992222,0,0.0
7.554317730631341,set_union,Union,958.0947262550281,9.580947262550282,1,1.0
7.697092124454757,set_intersection,Intersection,1863.6962941180514,18.636962941180514,0,0.0
7.697092124454757,paddleocr_geometry,OCR joined,1483.7504115219492,14.837504115219492,0,0.0
7.697092124454757,ocr_if_nonempty_else_qwen,OCR-first,1370.596937530673,13.70596937530673,0,0.0
7.697092124454757,set_union,Union,972.80048881884,9.7280048881884,1,1.0
7.842564912528778,set_intersection,Intersection,1898.9007088319643,18.989007088319642,0,0.0
7.842564912528778,paddleocr_geometry,OCR joined,1511.2447684679391,15.112447684679392,0,0.0
7.842564912528778,ocr_if_nonempty_else_qwen,OCR-first,1395.7637298674786,13.957637298674786,0,0.0
7.842564912528778,set_union,Union,987.7841859904642,9.877841859904642,1,1.0
7.99078709371488,set_intersection,Intersection,1934.7704766790011,19.347704766790013,0,0.0
7.99078709371488,paddleocr_geometry,OCR joined,1539.2587607121125,15.392587607121124,0,0.0
7.99078709371488,ocr_if_nonempty_else_qwen,OCR-first,1421.4061672126743,14.214061672126743,0,0.0
7.99078709371488,set_union,Union,1003.0510706526327,10.030510706526327,1,1.0
8.141810630738085,set_intersection,Intersection,1971.3181726386167,19.713181726386168,0,0.0
8.141810630738085,paddleocr_geometry,OCR joined,1567.8022092094982,15.678022092094983,0,0.0
8.141810630738085,ocr_if_nonempty_else_qwen,OCR-first,1447.5332391176887,14.475332391176886,0,0.0
8.141810630738085,set_union,Union,1018.6064949660228,10.186064949660228,1,1.0
8.295688468403705,set_intersection,Intersection,2008.5566093536968,20.08556609353697,0,0.0
8.295688468403705,paddleocr_geometry,OCR joined,1596.8851205283004,15.968851205283004,0,0.0
8.295688468403705,ocr_if_nonempty_else_qwen,OCR-first,1474.154105033841,14.74154105033841,0,0.0
8.295688468403705,set_union,Union,1034.4559122455817,10.344559122455816,1,1.0
8.452474552158387,set_intersection,Intersection,2046.4988416223296,20.464988416223296,0,0.0
8.452474552158387,paddleocr_geometry,OCR joined,1626.5176903579352,16.265176903579352,0,0.0
8.452474552158387,ocr_if_nonempty_else_qwen,OCR-first,1501.278097523401,15.012780975234008,0,0.0
8.452474552158387,set_union,Union,1050.6048788723137,10.506048788723138,1,1.0
8.612223847001898,set_intersection,Intersection,2085.158170974459,20.851581709744593,0,0.0
8.612223847001898,paddleocr_geometry,OCR joined,1656.7103070833587,16.567103070833586,0,0.0
8.612223847001898,ocr_if_nonempty_else_qwen,OCR-first,1528.9147255313285,15.289147255313285,0,0.0
8.612223847001898,set_union,Union,1067.0590562411955,10.670590562411956,1,1.0
8.774992356756442,set_intersection,Intersection,2124.548150335059,21.24548150335059,0,0.0
8.774992356756442,paddleocr_geometry,OCR joined,1687.4735554269676,16.874735554269677,0,0.0
8.774992356756442,ocr_if_nonempty_else_qwen,OCR-first,1557.0736777188645,15.570736777188644,0,0.0
8.774992356756442,set_union,Union,1083.8242127459134,10.838242127459134,1,1.0
8.94083714370006,set_intersection,Intersection,2164.6825887754144,21.646825887754144,0,0.0
8.94083714370006,paddleocr_geometry,OCR joined,1718.8182201593113,17.18818220159311,0,0.0
8.94083714370006,ocr_if_nonempty_else_qwen,OCR-first,1585.7648258601105,15.857648258601104,0,0.0
8.94083714370006,set_union,Union,1100.9062258011063,11.009062258011063,1,1.0
9.109816348571139,set_intersection,Intersection,2205.5755563542157,22.055755563542156,0,0.0
9.109816348571139,paddleocr_geometry,OCR joined,1750.7552898799452,17.507552898799453,0,0.0
9.109816348571139,ocr_if_nonempty_else_qwen,OCR-first,1614.9982283028069,16.14998228302807,0,0.0
9.109816348571139,set_union,Union,1118.3110839028272,11.183110839028272,1,1.0
9.281989210951021,set_intersection,Intersection,2247.241389050147,22.47241389050147,0,0.0
9.281989210951021,paddleocr_geometry,OCR joined,1783.295960869743,17.832959608697433,0,0.0
9.281989210951021,ocr_if_nonempty_else_qwen,OCR-first,1644.7841334945267,16.447841334945267,0,0.0
9.281989210951021,set_union,Union,1136.0448887279554,11.360448887279553,1,1.0
9.457416090031758,set_intersection,Intersection,2289.6946937876855,22.896946937876855,0,0.0
9.457416090031758,paddleocr_geometry,OCR joined,1816.4516410160022,18.164516410160022,0,0.0
9.457416090031758,ocr_if_nonempty_else_qwen,OCR-first,1675.132983575494,16.75132983575494,0,0.0
9.457416090031758,set_union,Union,1154.1138572732712,11.541138572732711,1,1.0
9.636158485776502,set_intersection,Intersection,2332.9503535579133,23.329503535579132,0,0.0
9.636158485776502,paddleocr_geometry,OCR joined,1850.2339538117587,18.50233953811759,0,0.0
9.636158485776502,ocr_if_nonempty_else_qwen,OCR-first,1706.0554180393349,17.06055418039335,0,0.0
9.636158485776502,set_union,Union,1172.5243240349796,11.725243240349796,1,1.0
9.818279060479684,set_intersection,Intersection,2377.0235326360835,23.770235326360833,0,0.0
9.818279060479684,paddleocr_geometry,OCR joined,1884.6547424306602,18.846547424306603,0,0.0
9.818279060479684,ocr_if_nonempty_else_qwen,OCR-first,1737.5622774629853,17.375622774629853,0,0.0
9.818279060479684,set_union,Union,1191.2827432294075,11.912827432294074,1,1.0
10.00384166073477,set_intersection,Intersection,2421.929681897814,24.21929681897814,0,0.0
10.00384166073477,paddleocr_geometry,OCR joined,1919.7260738788714,19.197260738788714,0,0.0
10.00384166073477,ocr_if_nonempty_else_qwen,OCR-first,1769.6646073071151,17.69664607307115,0,0.0
10.00384166073477,set_union,Union,1210.3956910556813,12.103956910556812,1,1.0
10.192911339817154,set_intersection,Intersection,2467.684544235751,24.67684544235751,0,0.0
10.192911339817154,paddleocr_geometry,OCR joined,1955.4602432254421,19.55460243225442,0,0.0
10.192911339817154,ocr_if_nonempty_else_qwen,OCR-first,1802.3736617883678,18.023736617883678,0,0.0
10.192911339817154,set_union,Union,1229.8698680011669,12.298698680011668,1,1.0
10.385554380490069,set_intersection,Intersection,2514.304160078597,25.143041600785967,0,0.0
10.385554380490069,paddleocr_geometry,OCR joined,1991.869777912623,19.91869777912623,0,0.0
10.385554380490069,ocr_if_nonempty_else_qwen,OCR-first,1835.7009078247818,18.357009078247817,0,0.0
10.385554380490069,set_union,Union,1249.7121011904771,12.497121011904772,1,1.0
10.581838318241598,set_intersection,Intersection,2561.8048730144665,25.618048730144665,0,0.0
10.581838318241598,paddleocr_geometry,OCR joined,2028.967442147662,20.28967442147662,0,0.0
10.581838318241598,ocr_if_nonempty_else_qwen,OCR-first,1869.6580290557965,18.696580290557964,0,0.0
10.581838318241598,set_union,Union,1269.9293467788846,12.699293467788845,1,1.0
10.78183196496077,set_intersection,Intersection,2610.2033355205062,26.102033355205062,0,0.0
10.78183196496077,paddleocr_geometry,OCR joined,2066.766241377585,20.66766241377585,0,0.0
10.78183196496077,ocr_if_nonempty_else_qwen,OCR-first,1904.256929938213,19.04256929938213,0,0.0
10.78183196496077,set_union,Union,1290.5286923909593,12.905286923909593,1,1.0
10.985605433061172,set_intersection,Intersection,2659.5165148008036,26.595165148008036,0,0.0
10.985605433061172,paddleocr_geometry,OCR joined,2105.2794268485613,21.052794268485613,0,0.0
10.985605433061172,ocr_if_nonempty_else_qwen,OCR-first,1939.509739919583,19.39509739919583,0,0.0
10.985605433061172,set_union,Union,1311.5173596053007,13.115173596053006,1,1.0
11.193230160060502,set_intersection,Intersection,2709.7616987346414,27.097616987346413,0,0.0
11.193230160060502,paddleocr_geometry,OCR joined,2144.520500251435,21.44520500251435,0,0.0
11.193230160060502,ocr_if_nonempty_else_qwen,OCR-first,1975.4288176904668,19.754288176904666,0,0.0
11.193230160060502,set_union,Union,1332.9027064862316,13.329027064862316,1,1.0
11.404778933624593,set_intersection,Intersection,2760.9565019371516,27.609565019371516,0,0.0
11.404778933624593,paddleocr_geometry,OCR joined,2184.503218455048,21.845032184550483,0,0.0
11.404778933624593,ocr_if_nonempty_else_qwen,OCR-first,2012.0267555170547,20.120267555170546,0,0.0
11.404778933624593,set_union,Union,1354.692230163333,13.54692230163333,1,1.0
11.62032591708489,set_intersection,Intersection,2813.118871934543,28.13118871934543,0,0.0
11.62032591708489,paddleocr_geometry,OCR joined,2225.241598329044,22.25241598329044,0,0.0
11.62032591708489,ocr_if_nonempty_else_qwen,OCR-first,2049.316383655686,20.49316383655686,0,0.0
11.62032591708489,set_union,Union,1376.8935694597435,13.768935694597435,1,1.0
11.839946675438084,set_intersection,Intersection,2866.2670954560162,28.662670954560163,0,0.0
11.839946675438084,paddleocr_geometry,OCR joined,2266.7499216577976,22.667499216577976,0,0.0
11.839946675438084,ocr_if_nonempty_else_qwen,OCR-first,2087.3107748507887,20.873107748507888,0,0.0
11.839946675438084,set_union,Union,1399.5145075701225,13.995145075701226,1,1.0
12.063718201837181,set_intersection,Intersection,2920.419804844598,29.204198048445978,0,0.0
12.063718201837181,paddleocr_geometry,OCR joined,2309.042740147227,23.09042740147227,0,0.0
12.063718201837181,ocr_if_nonempty_else_qwen,OCR-first,2126.0232489178325,21.260232489178325,0,0.0
12.063718201837181,set_union,Union,1422.5629747892297,14.225629747892297,1,1.0
12.291718944583259,set_intersection,Intersection,2975.595984589149,29.75595984589149,0,0.0
12.291718944583259,paddleocr_geometry,OCR joined,2352.134880526236,23.52134880526236,0,0.0
12.291718944583259,ocr_if_nonempty_else_qwen,OCR-first,2165.4673774129037,21.654673774129037,0,0.0
12.291718944583259,set_union,Union,1446.0470512920756,14.460470512920756,1,1.0
12.524028834627282,set_intersection,Intersection,3031.8149779798023,30.318149779798024,0,0.0
12.524028834627282,paddleocr_geometry,OCR joined,2396.0414497445563,23.960414497445562,0,0.0
12.524028834627282,ocr_if_nonempty_else_qwen,OCR-first,2205.65698839052,22.056569883905198,0,0.0
12.524028834627282,set_union,Union,1469.9749699666102,14.699749699666102,1,1.0
12.760729313591826,set_intersection,Intersection,3089.096493889222,30.89096493889222,0,0.0
12.760729313591826,paddleocr_geometry,OCR joined,2440.777840268855,24.40777840268855,0,0.0
12.760729313591826,ocr_if_nonempty_else_qwen,OCR-first,2246.606171251386,22.46606171251386,0,0.0
12.760729313591826,set_union,Union,1494.355119299958,14.94355119299958,1,1.0
13.001903362322286,set_intersection,Intersection,3147.4606136819934,31.474606136819933,0,0.0
13.001903362322286,paddleocr_geometry,OCR joined,2486.359735478912,24.86359735478912,0,0.0
13.001903362322286,ocr_if_nonempty_else_qwen,OCR-first,2288.3292816817557,22.88329281681756,0,0.0
13.001903362322286,set_union,Union,1519.1960463191956,15.191960463191956,1,1.0
13.247635529977744,set_intersection,Intersection,3206.927798254614,32.06927798254614,0,0.0
13.247635529977744,paddleocr_geometry,OCR joined,2532.8031151657938,25.32803115165794,0,0.0
13.247635529977744,ocr_if_nonempty_else_qwen,OCR-first,2330.84094668615,23.308409466861498,0,0.0
13.247635529977744,set_union,Union,1544.5064595877077,15.445064595877078,1,1.0
13.498011963671651,set_intersection,Intersection,3267.5188952085396,32.67518895208539,0,0.0
13.498011963671651,paddleocr_geometry,OCR joined,2580.124261133942,25.801242611339422,0,0.0
13.498011963671651,ocr_if_nonempty_else_qwen,OCR-first,2374.156069715196,23.741560697151957,0,0.0
13.498011963671651,set_union,Union,1570.29523225818,15.702952322581801,1,1.0
13.753120438672644,set_intersection,Intersection,3329.25514615878,33.2925514615878,0,0.0
13.753120438672644,paddleocr_geometry,OCR joined,2628.3397629091296,26.283397629091297,0,0.0
13.753120438672644,ocr_if_nonempty_else_qwen,OCR-first,2418.2898358903676,24.182898358903675,0,0.0
13.753120438672644,set_union,Union,1596.5714051832824,15.965714051832824,1,1.0
14.013050389176287,set_intersection,Intersection,3392.1581941806617,33.921581941806615,0,0.0
14.013050389176287,paddleocr_geometry,OCR joined,2677.4665235543184,26.774665235543186,0,0.0
14.013050389176287,ocr_if_nonempty_else_qwen,OCR-first,2463.2577173274976,24.632577173274978,0,0.0
14.013050389176287,set_union,Union,1623.3441900851576,16.233441900851577,1,1.0
14.277892939658251,set_intersection,Intersection,3456.2500913972967,34.56250091397297,0,0.0
14.277892939658251,paddleocr_geometry,OCR joined,2727.5217655954093,27.275217655954094,0,0.0
14.277892939658251,ocr_if_nonempty_else_qwen,OCR-first,2509.0754785608774,25.090754785608773,0,0.0
14.277892939658251,set_union,Union,1650.6229727848,16.506229727847998,1,1.0
14.547740936820114,set_intersection,Intersection,3521.5533067104675,35.21553306710467,0,0.0
14.547740936820114,paddleocr_geometry,OCR joined,2778.5230370590016,27.785230370590014,0,0.0
14.547740936820114,ocr_if_nonempty_else_qwen,OCR-first,2555.75918206988,25.5575918206988,0,0.0
14.547740936820114,set_union,Union,1678.4173164924719,16.78417316492472,1,1.0
14.82268898213896,set_intersection,Intersection,3588.090733677628,35.88090733677628,0,0.0
14.82268898213896,paddleocr_geometry,OCR joined,2830.4882176242636,28.304882176242636,0,0.0
14.82268898213896,ocr_if_nonempty_else_qwen,OCR-first,2603.32519391004,26.0332519391004,0,0.0
14.82268898213896,set_union,Union,1706.7369651603128,17.06736965160313,1,1.0
15.102833465032047,set_intersection,Intersection,3655.885698537755,36.55885698537755,0,0.0
15.102833465032047,paddleocr_geometry,OCR joined,2883.435524891057,28.83435524891057,0,0.0
15.102833465032047,ocr_if_nonempty_else_qwen,OCR-first,2651.790189450544,26.51790189450544,0,0.0
15.102833465032047,set_union,Union,1735.591846898301,17.35591846898301,1,1.0
15.388272596648452,set_intersection,Intersection,3724.9619683889255,37.24961968388926,0,0.0
15.388272596648452,paddleocr_geometry,OCR joined,2937.3835207665575,29.373835207665575,0,0.0
15.388272596648452,ocr_if_nonempty_else_qwen,OCR-first,2701.1711592201823,27.011711592201824,0,0.0
15.388272596648452,set_union,Union,1764.9920774547907,17.64992077454791,1,1.0
15.679106444299208,set_intersection,Intersection,3795.343759520408,37.95343759520408,0,0.0
15.679106444299208,paddleocr_geometry,OCR joined,2992.35111797255,29.9235111797255,0,0.0
15.679106444299208,ocr_if_nonempty_else_qwen,OCR-first,2751.485414863763,27.514854148637628,0,0.0
15.679106444299208,set_union,Union,1794.9479637628185,17.949479637628187,1,1.0
15.975436966538233,set_intersection,Intersection,3867.0557459022525,38.670557459022525,0,0.0
15.975436966538233,paddleocr_geometry,OCR joined,3048.357586675726,30.48357586675726,0,0.0
15.975436966538233,ocr_if_nonempty_else_qwen,OCR-first,2802.750595211114,28.02750595211114,0,0.0
15.975436966538233,set_union,Union,1825.4700075534379,18.25470007553438,1,1.0
16.277368048906286,set_intersection,Intersection,3940.1230678353213,39.401230678353215,0,0.0
16.277368048906286,paddleocr_geometry,OCR joined,3105.422561243288,31.05422561243288,0,0.0
16.277368048906286,ocr_if_nonempty_else_qwen,OCR-first,2854.9846724607874,28.549846724607875,0,0.0
16.277368048906286,set_union,Union,1856.5689090373476,18.565689090373475,1,1.0
16.585005540350384,set_intersection,Intersection,4014.5713407647927,40.145713407647925,0,0.0
16.585005540350384,paddleocr_geometry,OCR joined,3163.5660471262227,31.635660471262227,0,0.0
16.585005540350384,ocr_if_nonempty_else_qwen,OCR-first,2908.2059584806166,29.082059584806167,0,0.0
16.585005540350384,set_union,Union,1888.2555706560895,18.882555706560893,1,1.0
16.898457290331713,set_intersection,Intersection,4090.4266642602747,40.90426664260275,0,0.0
16.898457290331713,paddleocr_geometry,OCR joined,3222.8084278726938,32.22808427872694,0,0.0
16.898457290331713,ocr_if_nonempty_else_qwen,OCR-first,2962.4331112273862,29.62433111227386,0,0.0
16.898457290331713,set_union,Union,1920.5411009041663,19.205411009041665,1,1.0
17.217833186634692,set_intersection,Intersection,4167.715631165595,41.677156311655956,0,0.0
17.217833186634692,paddleocr_geometry,OCR joined,3283.170472273957,32.831704722739566,0,0.0
17.217833186634692,ocr_if_nonempty_else_qwen,OCR-first,3017.685141287802,30.17685141287802,0,0.0
17.217833186634692,set_union,Union,1953.4368182233734,19.534368182233735,1,1.0
17.54324519389069,set_intersection,Intersection,4246.4653369215475,42.464653369215476,0,0.0
17.54324519389069,paddleocr_geometry,OCR joined,3344.6733416453408,33.446733416453405,0,0.0
17.54324519389069,ocr_if_nonempty_else_qwen,OCR-first,3073.9814185430896,30.739814185430895,0,0.0
17.54324519389069,set_union,Union,1986.9542549707412,19.86954254970741,1,1.0
17.87480739282986,set_intersection,Intersection,4326.703389064826,43.267033890648264,0,0.0
17.87480739282986,paddleocr_geometry,OCR joined,3407.3385972448436,34.073385972448435,0,0.0
17.87480739282986,ocr_if_nonempty_else_qwen,OCR-first,3131.3416789595663,31.313416789595664,0,0.0
17.87480739282986,set_union,Union,2021.1051614614757,20.211051614614757,1,1.0
18.212636020274708,set_intersection,Intersection,4408.457916906479,44.08457916906479,0,0.0
18.212636020274708,paddleocr_geometry,OCR joined,3471.18820783192,34.7118820783192,0,0.0
18.212636020274708,ocr_if_nonempty_else_qwen,OCR-first,3189.7860315075245,31.897860315075246,0,0.0
18.212636020274708,set_union,Union,2055.9015100882953,20.559015100882952,1,1.0
18.55684950988971,set_intersection,Intersection,4491.75758139331,44.9175758139331,0,0.0
18.55684950988971,paddleocr_geometry,OCR joined,3536.244557369155,35.362445573691545,0,0.0
18.55684950988971,ocr_if_nonempty_else_qwen,OCR-first,3249.3349652109196,32.493349652109195,0,0.0
18.55684950988971,set_union,Union,2091.35549951864,20.913554995186402,1,1.0
18.907568533700914,set_intersection,Intersection,4576.631585155621,45.76631585155621,0,0.0
18.907568533700914,paddleocr_geometry,OCR joined,3602.530452869473,36.025304528694726,0,0.0
18.907568533700914,ocr_if_nonempty_else_qwen,OCR-first,3310.009356330258,33.10009356330258,0,0.0
18.907568533700914,set_union,Union,2127.479558971194,21.27479558971194,1,1.0
19.264916044400344,set_intersection,Intersection,4663.109682744884,46.631096827448836,0,0.0
19.264916044400344,paddleocr_geometry,OCR joined,3670.069132391665,36.70069132391665,0,0.0
19.264916044400344,ocr_if_nonempty_else_qwen,OCR-first,3371.8304756812595,33.71830475681259,0,0.0
19.264916044400344,set_union,Union,2164.2863525732355,21.642863525732356,1,1.0
19.629017318449932,set_intersection,Intersection,4751.222191064883,47.51222191064883,0,0.0
19.629017318449932,paddleocr_geometry,OCR joined,3738.8842731870373,37.38884273187037,0,0.0
19.629017318449932,ocr_if_nonempty_else_qwen,OCR-first,3434.819996091838,34.34819996091838,0,0.0
19.629017318449932,set_union,Union,2201.788783800343,22.017887838003432,1,1.0
20.000000000000004,set_intersection,Intersection,4841.000000000001,48.41000000000001,0,0.0
20.000000000000004,paddleocr_geometry,OCR joined,3809.0000000000005,38.09,0,0.0
20.000000000000004,ocr_if_nonempty_else_qwen,OCR-first,3499.0000000000005,34.99,0,0.0
20.000000000000004,set_union,Union,2240.0000000000005,22.400000000000006,1,1.0
